Species	Vernacular name	Number	Time	Municipality	Biogeographical Province	Country	WGS84 N	WGS84 E	The stated certainty of the observation	Observation Reliability	Collection
herkkutatti (fi) — Boletus edulis	herkkutatti (fi)		2026-09-14	Hanko	Uusimaa (U)	Suomi	59.82677	22.93563		NEUTRAL	iNaturalist Suomi Finland
herkkutatti (fi) — Boletus edulis	herkkutatti (fi)		2026-09-14	Hanko	Uusimaa (U)	Suomi	59.82834	22.94341		NEUTRAL	iNaturalist Suomi Finland
herkkutatti (fi) — Boletus edulis	herkkutatti (fi)		2026-09-14	Lahti	Etelä-Häme (EH)	Suomi	61.01091	25.71536		NEUTRAL	iNaturalist Suomi Finland
herkkutatti (fi) — Boletus edulis	herkkutatti (fi)		2026-09-13	Espoo	Uusimaa (U)	Suomi	60.16166	24.76749		COMMUNITY_VERIFIED	iNaturalist Suomi Finland
herkkutatti (fi) — Boletus edulis	herkkutatti (fi)		2026-09-13	Espoo	Uusimaa (U)	Suomi	60.18187	24.65952		COMMUNITY_VERIFIED	iNaturalist Suomi Finland
herkkutatti (fi) — Boletus edulis	herkkutatti (fi)		2026-09-13	Helsinki	Uusimaa (U)	Suomi	60.1799	24.99716		COMMUNITY_VERIFIED	iNaturalist Suomi Finland
herkkutatti (fi) — Boletus edulis	herkkutatti (fi)		2026-09-13	Helsinki	Uusimaa (U)	Suomi	60.18035	24.99678		COMMUNITY_VERIFIED	iNaturalist Suomi Finland
herkkutatti (fi) — Boletus edulis	herkkutatti (fi)		2026-09-13	Espoo	Uusimaa (U)	Suomi	60.16076	24.76926		COMMUNITY_VERIFIED	iNaturalist Suomi Finland
herkkutatti (fi) — Boletus edulis	herkkutatti (fi)		2026-09-13	Joensuu	Pohjois-Karjala (PK)	Suomi	62.58601	29.81234		COMMUNITY_VERIFIED	iNaturalist Suomi Finland
herkkutatti (fi) — Boletus edulis	herkkutatti (fi)		2026-09-12	Espoo	Uusimaa (U)	Suomi	60.1865	24.79979		COMMUNITY_VERIFIED	iNaturalist Suomi Finland
herkkutatti (fi) — Boletus edulis	herkkutatti (fi)		2026-09-12	Helsinki, Kerava, Sipoo, Tuusula, Vantaa	Uusimaa (U)	Suomi	60.3	25.1		COMMUNITY_VERIFIED	iNaturalist Suomi Finland
herkkutatti (fi) — Boletus edulis	herkkutatti (fi)		2026-09-12	Helsinki	Uusimaa (U)	Suomi	60.21812	24.95053		COMMUNITY_VERIFIED	iNaturalist Suomi Finland
herkkutatti (fi) — Boletus edulis	herkkutatti (fi)		2026-09-12	Helsinki	Uusimaa (U)	Suomi	60.20636	24.86436		COMMUNITY_VERIFIED	iNaturalist Suomi Finland
herkkutatti (fi) — Boletus edulis	herkkutatti (fi)		2026-09-12	Espoo	Uusimaa (U)	Suomi	60.23956	24.66706		COMMUNITY_VERIFIED	iNaturalist Suomi Finland
herkkutatti (fi) — Boletus edulis	herkkutatti (fi)		2026-09-12	Porvoo	Uusimaa (U)	Suomi	60.297	25.89122		NEUTRAL	iNaturalist Suomi Finland
herkkutatti (fi) — Boletus edulis	herkkutatti (fi)		2026-09-12	Porvoo	Uusimaa (U)	Suomi	60.29702	25.89125		NEUTRAL	iNaturalist Suomi Finland
herkkutatti (fi) — Boletus edulis	herkkutatti (fi)		2026-09-12	Salo	Varsinais-Suomi (V)	Suomi	60.17769	23.27606		COMMUNITY_VERIFIED	iNaturalist Suomi Finland
herkkutatti (fi) — Boletus edulis	herkkutatti (fi)		2026-09-12 [9:42-11:15]	Helsinki	Uusimaa (U)	Suomi	60.247028	25.168106	Sure	NEUTRAL	The Atlas of Finnish Fungi
herkkutatti (fi) — Boletus edulis	herkkutatti (fi)		2026-09-11	Kaarina	Varsinais-Suomi (V)	Suomi	60.41145	22.38594		COMMUNITY_VERIFIED	iNaturalist Suomi Finland
herkkutatti (fi) — Boletus edulis	herkkutatti (fi)		2026-09-11	Espoo	Uusimaa (U)	Suomi	60.189997	24.66323	Sure	NEUTRAL	The Atlas of Finnish Fungi
herkkutatti (fi) — Boletus edulis	herkkutatti (fi)		2026-09-11	Hirvensalmi, Mikkeli, Mäntyharju	Etelä-Savo (ES)	Suomi	61.5	27.1		COMMUNITY_VERIFIED	iNaturalist Suomi Finland
herkkutatti (fi) — Boletus edulis	herkkutatti (fi)		2026-09-11	Helsinki	Uusimaa (U)	Suomi	60.22824	25.04795		COMMUNITY_VERIFIED	iNaturalist Suomi Finland
herkkutatti (fi) — Boletus edulis	herkkutatti (fi)		2026-09-11	Helsinki	Uusimaa (U)	Suomi	60.20337	25.0675		COMMUNITY_VERIFIED	iNaturalist Suomi Finland
herkkutatti (fi) — Boletus edulis	herkkutatti (fi)		2026-09-10	Helsinki	Uusimaa (U)	Suomi	60.22992	25.14758		COMMUNITY_VERIFIED	iNaturalist Suomi Finland
herkkutatti (fi) — Boletus edulis	herkkutatti (fi)	1	2026-09-10	Heinävesi	Pohjois-Savo (PS)	Suomi	62.388045	28.789016	Sure	NEUTRAL	The Atlas of Finnish Fungi
herkkutatti (fi) — Boletus edulis	herkkutatti (fi)		2026-09-07	Raasepori	Varsinais-Suomi (V)	Suomi	60.12979	23.49964	Sure	NEUTRAL	The Atlas of Finnish Fungi
herkkutatti (fi) — Boletus edulis	herkkutatti (fi)		2026-09-07	Nurmijärvi	Uusimaa (U)	Suomi	60.38763	24.75059		COMMUNITY_VERIFIED	iNaturalist Suomi Finland
herkkutatti (fi) — Boletus edulis	herkkutatti (fi)		2026-09-07	Tohmajärvi	Pohjois-Karjala (PK)	Suomi	62.38981	30.08921		COMMUNITY_VERIFIED	iNaturalist Suomi Finland
herkkutatti (fi) — Boletus edulis	herkkutatti (fi)		2026-09-06	Espoo	Uusimaa (U)	Suomi	60.18239	24.72322		COMMUNITY_VERIFIED	iNaturalist Suomi Finland
herkkutatti (fi) — Boletus edulis	herkkutatti (fi)		2026-09-06	Helsinki	Uusimaa (U)	Suomi	60.17792	25.02612		COMMUNITY_VERIFIED	iNaturalist Suomi Finland
herkkutatti (fi) — Boletus edulis	herkkutatti (fi)		2026-09-05	Espoo	Uusimaa (U)	Suomi	60.31381	24.659		COMMUNITY_VERIFIED	iNaturalist Suomi Finland
herkkutatti (fi) — Boletus edulis	herkkutatti (fi)		2026-09-05	Kempele	Oulun Pohjanmaa (OP)	Suomi	64.90217	25.56941		COMMUNITY_VERIFIED	iNaturalist Suomi Finland
herkkutatti (fi) — Boletus edulis	herkkutatti (fi)		2026-09-05	Asikkala	Etelä-Häme (EH)	Suomi	61.231112	25.63621	Sure	NEUTRAL	The Atlas of Finnish Fungi
herkkutatti (fi) — Boletus edulis	herkkutatti (fi)		2026-09-04	Kouvola	Etelä-Savo (ES)	Suomi	60.87781	26.75267		COMMUNITY_VERIFIED	iNaturalist Suomi Finland
herkkutatti (fi) — Boletus edulis	herkkutatti (fi)		2026-09-02	Oulu	Oulun Pohjanmaa (OP)	Suomi	65.06151	25.52971		COMMUNITY_VERIFIED	iNaturalist Suomi Finland
herkkutatti (fi) — Boletus edulis	herkkutatti (fi)		2026-09-02	Sodankylä	Sompion Lappi (SoL)	Suomi	67.43176	26.59753		NEUTRAL	iNaturalist Suomi Finland
herkkutatti (fi) — Boletus edulis	herkkutatti (fi)		2026-09-01	Lieksa	Pohjois-Karjala (PK)	Suomi	63.07896	29.82531		COMMUNITY_VERIFIED	iNaturalist Suomi Finland
herkkutatti (fi) — Boletus edulis	herkkutatti (fi)		2026-09-01	Kouvola	Etelä-Savo (ES)	Suomi	60.89446	26.78485		COMMUNITY_VERIFIED	iNaturalist Suomi Finland
herkkutatti (fi) — Boletus edulis	herkkutatti (fi)		2026-09-01	Kouvola	Etelä-Savo (ES)	Suomi	60.89463	26.78471		COMMUNITY_VERIFIED	iNaturalist Suomi Finland
herkkutatti (fi) — Boletus edulis	herkkutatti (fi)		2026-09-01	Lahti	Etelä-Häme (EH)	Suomi	61.00122	25.648966	Sure	NEUTRAL	The Atlas of Finnish Fungi
herkkutatti (fi) — Boletus edulis	herkkutatti (fi)		2026-09-01	Lapinlahti	Pohjois-Savo (PS)	Suomi	63.34904	27.39251		NEUTRAL	iNaturalist Suomi Finland
herkkutatti (fi) — Boletus edulis	herkkutatti (fi)		2026-09-01	Lieksa	Pohjois-Karjala (PK)	Suomi	63.07896	29.82535		NEUTRAL	iNaturalist Suomi Finland
herkkutatti (fi) — Boletus edulis	herkkutatti (fi)		2026-08-30	Helsinki	Uusimaa (U)	Suomi	60.19842	25.10474		COMMUNITY_VERIFIED	iNaturalist Suomi Finland
herkkutatti (fi) — Boletus edulis	herkkutatti (fi)		2026-08-30	Helsinki, Sipoo	Uusimaa (U)	Suomi	60.1	25.1		COMMUNITY_VERIFIED	iNaturalist Suomi Finland
herkkutatti (fi) — Boletus edulis	herkkutatti (fi)		2026-08-30	Helsinki, Sipoo	Uusimaa (U)	Suomi	60.1	25.1		COMMUNITY_VERIFIED	iNaturalist Suomi Finland
herkkutatti (fi) — Boletus edulis	herkkutatti (fi)		2026-08-29	Helsinki	Uusimaa (U)	Suomi	60.16862	24.95207		COMMUNITY_VERIFIED	iNaturalist Suomi Finland
herkkutatti (fi) — Boletus edulis	herkkutatti (fi)		2026-08-29	Hartola	Etelä-Häme (EH)	Suomi	61.65121	26.0719		COMMUNITY_VERIFIED	iNaturalist Suomi Finland
herkkutatti (fi) — Boletus edulis	herkkutatti (fi)		2026-08-29	Isokyrö	Etelä-Pohjanmaa (EP)	Suomi	62.99006	22.1659		COMMUNITY_VERIFIED	iNaturalist Suomi Finland
herkkutatti (fi) — Boletus edulis	herkkutatti (fi)		2026-08-29	Tampere	Etelä-Häme (EH)	Suomi	61.54581	23.8058		COMMUNITY_VERIFIED	iNaturalist Suomi Finland
herkkutatti (fi) — Boletus edulis	herkkutatti (fi)		2026-08-29	Tampere	Etelä-Häme (EH)	Suomi	61.49566	23.82796		COMMUNITY_VERIFIED	iNaturalist Suomi Finland
herkkutatti (fi) — Boletus edulis	herkkutatti (fi)		2026-08-29	Pudasjärvi	Oulun Pohjanmaa (OP)	Suomi	65.3	26.9		COMMUNITY_VERIFIED	iNaturalist Suomi Finland
herkkutatti (fi) — Boletus edulis	herkkutatti (fi)		2026-08-27	Nurmes	Pohjois-Karjala (PK)	Suomi	63.77461	28.58859		COMMUNITY_VERIFIED	iNaturalist Suomi Finland
herkkutatti (fi) — Boletus edulis	herkkutatti (fi)		2026-08-27	Viitasaari	Pohjois-Häme (PH)	Suomi	63.09018	25.83131		COMMUNITY_VERIFIED	iNaturalist Suomi Finland
herkkutatti (fi) — Boletus edulis	herkkutatti (fi)		2026-08-27	Kouvola	Etelä-Savo (ES)	Suomi	60.87787	26.74001		COMMUNITY_VERIFIED	iNaturalist Suomi Finland
herkkutatti (fi) — Boletus edulis	herkkutatti (fi)		2026-08-27	Nurmes	Pohjois-Karjala (PK)	Suomi	63.46801	29.18777		COMMUNITY_VERIFIED	iNaturalist Suomi Finland
herkkutatti (fi) — Boletus edulis	herkkutatti (fi)		2026-08-26	Vantaa	Uusimaa (U)	Suomi	60.30806	24.83269		COMMUNITY_VERIFIED	iNaturalist Suomi Finland
herkkutatti (fi) — Boletus edulis	herkkutatti (fi)		2026-08-26	Hirvensalmi	Etelä-Savo (ES)	Suomi	61.77684	26.75984		COMMUNITY_VERIFIED	iNaturalist Suomi Finland
herkkutatti (fi) — Boletus edulis	herkkutatti (fi)		2026-08-26	Lapinlahti	Pohjois-Savo (PS)	Suomi	63.33786	27.34598		NEUTRAL	iNaturalist Suomi Finland
herkkutatti (fi) — Boletus edulis	herkkutatti (fi)		2026-08-26	Lapinlahti	Pohjois-Savo (PS)	Suomi	63.33783	27.34354		NEUTRAL	iNaturalist Suomi Finland
herkkutatti (fi) — Boletus edulis	herkkutatti (fi)		2026-08-26	Lieksa	Pohjois-Karjala (PK)	Suomi	63.07429	29.8336		COMMUNITY_VERIFIED	iNaturalist Suomi Finland
herkkutatti (fi) — Boletus edulis	herkkutatti (fi)		2026-08-26	Kitee	Pohjois-Karjala (PK)	Suomi	62.19585	29.5267		COMMUNITY_VERIFIED	iNaturalist Suomi Finland
herkkutatti (fi) — Boletus edulis	herkkutatti (fi)		2026-08-25	Ylivieska	Keski-Pohjanmaa (KP)	Suomi	64.06579	24.50257		COMMUNITY_VERIFIED	iNaturalist Suomi Finland
herkkutatti (fi) — Boletus edulis	herkkutatti (fi)		2026-08-25	Kouvola	Etelä-Savo (ES)	Suomi	61.19605	26.87958		COMMUNITY_VERIFIED	iNaturalist Suomi Finland
herkkutatti (fi) — Boletus edulis	herkkutatti (fi)		2026-08-24	Lapinlahti	Pohjois-Savo (PS)	Suomi	63.3596	27.3963		NEUTRAL	iNaturalist Suomi Finland
herkkutatti (fi) — Boletus edulis	herkkutatti (fi)		2026-08-24	Kuopio, Lapinlahti	Pohjois-Savo (PS)	Suomi	63.3	27.3		COMMUNITY_VERIFIED	iNaturalist Suomi Finland
herkkutatti (fi) — Boletus edulis	herkkutatti (fi)		2026-08-24	Lapinlahti	Pohjois-Savo (PS)	Suomi	63.35959	27.40053		COMMUNITY_VERIFIED	iNaturalist Suomi Finland
herkkutatti (fi) — Boletus edulis	herkkutatti (fi)		2026-08-24	Kuopio, Lapinlahti	Pohjois-Savo (PS)	Suomi	63.3	27.3		COMMUNITY_VERIFIED	iNaturalist Suomi Finland
herkkutatti (fi) — Boletus edulis	herkkutatti (fi)		2026-08-24	Kuopio, Lapinlahti	Pohjois-Savo (PS)	Suomi	63.3	27.3		COMMUNITY_VERIFIED	iNaturalist Suomi Finland
herkkutatti (fi) — Boletus edulis	herkkutatti (fi)		2026-08-24	Lapinlahti	Pohjois-Savo (PS)	Suomi	63.35965	27.39582		COMMUNITY_VERIFIED	iNaturalist Suomi Finland
herkkutatti (fi) — Boletus edulis	herkkutatti (fi)		2026-08-24	Kuopio, Lapinlahti	Pohjois-Savo (PS)	Suomi	63.3	27.3		COMMUNITY_VERIFIED	iNaturalist Suomi Finland
herkkutatti (fi) — Boletus edulis	herkkutatti (fi)		2026-08-24	Jyväskylä	Etelä-Häme (EH)	Suomi	62.12117	25.76901		COMMUNITY_VERIFIED	iNaturalist Suomi Finland
herkkutatti (fi) — Boletus edulis	herkkutatti (fi)		2026-08-24	Polvijärvi	Pohjois-Karjala (PK)	Suomi	62.80823	29.531		COMMUNITY_VERIFIED	iNaturalist Suomi Finland
herkkutatti (fi) — Boletus edulis	herkkutatti (fi)		2026-08-24	Kouvola	Etelä-Savo (ES)	Suomi	61.17579	26.86962		COMMUNITY_VERIFIED	iNaturalist Suomi Finland
herkkutatti (fi) — Boletus edulis	herkkutatti (fi)		2026-08-24	Kuopio	Pohjois-Savo (PS)	Suomi	62.78803	27.28837		COMMUNITY_VERIFIED	iNaturalist Suomi Finland
herkkutatti (fi) — Boletus edulis	herkkutatti (fi)		2026-08-24	Vaasa	Etelä-Pohjanmaa (EP)	Suomi	63.08199	21.62251		COMMUNITY_VERIFIED	iNaturalist Suomi Finland
herkkutatti (fi) — Boletus edulis	herkkutatti (fi)		2026-08-24 [9:50-10:42]	Sysmä	Etelä-Häme (EH)	Suomi	61.495947	25.684131	Sure	NEUTRAL	The Atlas of Finnish Fungi
herkkutatti (fi) — Boletus edulis	herkkutatti (fi)		2026-08-23	Helsinki	Uusimaa (U)	Suomi	60.15888	24.91298		NEUTRAL	iNaturalist Suomi Finland
herkkutatti (fi) — Boletus edulis	herkkutatti (fi)		2026-08-23	Vaasa	Etelä-Pohjanmaa (EP)	Suomi	63.01332	22.10213		COMMUNITY_VERIFIED	iNaturalist Suomi Finland
herkkutatti (fi) — Boletus edulis	herkkutatti (fi)		2026-08-23	Pori	Satakunta (St)	Suomi	61.68843	21.53807		NEUTRAL	iNaturalist Suomi Finland
herkkutatti (fi) — Boletus edulis	herkkutatti (fi)		2026-08-22	Puumala, Ruokolahti	Etelä-Savo (ES)	Suomi	61.5	28.3		COMMUNITY_VERIFIED	iNaturalist Suomi Finland
herkkutatti (fi) — Boletus edulis	herkkutatti (fi)		2026-08-22	Liminka	Oulun Pohjanmaa (OP)	Suomi	64.77186	25.4007		NEUTRAL	iNaturalist Suomi Finland
herkkutatti (fi) — Boletus edulis	herkkutatti (fi)		2026-08-22	Kitee	Pohjois-Karjala (PK)	Suomi	61.88564	29.69038		COMMUNITY_VERIFIED	iNaturalist Suomi Finland
herkkutatti (fi) — Boletus edulis	herkkutatti (fi)		2026-08-21	Kangasniemi	Etelä-Savo (ES)	Suomi	61.84345	26.45377		COMMUNITY_VERIFIED	iNaturalist Suomi Finland
herkkutatti (fi) — Boletus edulis	herkkutatti (fi)		2026-08-21	Kangasniemi	Etelä-Savo (ES)	Suomi	61.84469	26.4553		COMMUNITY_VERIFIED	iNaturalist Suomi Finland
herkkutatti (fi) — Boletus edulis	herkkutatti (fi)		2026-08-21	Rovaniemi	Perä-Pohjanmaa (PeP)	Suomi	66.49157	25.69718		COMMUNITY_VERIFIED	iNaturalist Suomi Finland
herkkutatti (fi) — Boletus edulis	herkkutatti (fi)		2026-08-20	Oulu	Oulun Pohjanmaa (OP)	Suomi	65.02078	25.48278		COMMUNITY_VERIFIED	iNaturalist Suomi Finland
herkkutatti (fi) — Boletus edulis	herkkutatti (fi)		2026-08-20	Laihia	Etelä-Pohjanmaa (EP)	Suomi	62.79377	22.28167		COMMUNITY_VERIFIED	iNaturalist Suomi Finland
herkkutatti (fi) — Boletus edulis	herkkutatti (fi)		2026-08-20	Viitasaari	Pohjois-Häme (PH)	Suomi	63.08823	26.04663		NEUTRAL	iNaturalist Suomi Finland
herkkutatti (fi) — Boletus edulis	herkkutatti (fi)		2026-08-20	Rovaniemi	Perä-Pohjanmaa (PeP)	Suomi	66.51002	25.68322		COMMUNITY_VERIFIED	iNaturalist Suomi Finland
herkkutatti (fi) — Boletus edulis	herkkutatti (fi)		2026-08-19	Laihia	Etelä-Pohjanmaa (EP)	Suomi	62.90743	22.07124		COMMUNITY_VERIFIED	iNaturalist Suomi Finland
herkkutatti (fi) — Boletus edulis	herkkutatti (fi)		2026-08-19	Rovaniemi	Perä-Pohjanmaa (PeP)	Suomi	66.51373	25.6906		NEUTRAL	iNaturalist Suomi Finland
herkkutatti (fi) — Boletus edulis	herkkutatti (fi)		2026-08-19	Rovaniemi	Perä-Pohjanmaa (PeP)	Suomi	66.50653	25.69452		COMMUNITY_VERIFIED	iNaturalist Suomi Finland
herkkutatti (fi) — Boletus edulis	herkkutatti (fi)		2026-08-18	Ylitornio	Perä-Pohjanmaa (PeP)	Suomi	66.30565	23.67012		COMMUNITY_VERIFIED	iNaturalist Suomi Finland
herkkutatti (fi) — Boletus edulis	herkkutatti (fi)		2026-08-18	Seinäjoki	Etelä-Pohjanmaa (EP)	Suomi	62.76515	22.85514		COMMUNITY_VERIFIED	iNaturalist Suomi Finland
herkkutatti (fi) — Boletus edulis	herkkutatti (fi)		2026-08-18	Nokia	Etelä-Häme (EH)	Suomi	61.48031	23.5012		COMMUNITY_VERIFIED	iNaturalist Suomi Finland
herkkutatti (fi) — Boletus edulis	herkkutatti (fi)		2026-08-17	Oulu	Oulun Pohjanmaa (OP)	Suomi	65.07841	25.74136		COMMUNITY_VERIFIED	iNaturalist Suomi Finland
herkkutatti (fi) — Boletus edulis	herkkutatti (fi)		2026-08-17	Alajärvi	Keski-Pohjanmaa (KP)	Suomi	62.85093	23.84318		COMMUNITY_VERIFIED	iNaturalist Suomi Finland
herkkutatti (fi) — Boletus edulis	herkkutatti (fi)		2026-08-16	Kuhmoinen	Etelä-Häme (EH)	Suomi	61.64698	25.00304		COMMUNITY_VERIFIED	iNaturalist Suomi Finland
herkkutatti (fi) — Boletus edulis	herkkutatti (fi)		2026-08-16	Sotkamo	Kainuu (Kn)	Suomi	64.14118	28.25565		COMMUNITY_VERIFIED	iNaturalist Suomi Finland
herkkutatti (fi) — Boletus edulis	herkkutatti (fi)	4	2026-08-16	Rovaniemi	Perä-Pohjanmaa (PeP)	Suomi	66.500089	25.746352	Sure	NEUTRAL	The Atlas of Finnish Fungi
herkkutatti (fi) — Boletus edulis	herkkutatti (fi)		2026-08-14	Porvoo	Uusimaa (U)	Suomi	60.402903	25.747026	Sure	NEUTRAL	The Atlas of Finnish Fungi
herkkutatti (fi) — Boletus edulis	herkkutatti (fi)		2026-08-14	Oulu	Oulun Pohjanmaa (OP)	Suomi	65.02067	25.4595		COMMUNITY_VERIFIED	iNaturalist Suomi Finland
herkkutatti (fi) — Boletus edulis	herkkutatti (fi)		2026-08-14	Liminka	Oulun Pohjanmaa (OP)	Suomi	64.77202	25.40084		COMMUNITY_VERIFIED	iNaturalist Suomi Finland
herkkutatti (fi) — Boletus edulis	herkkutatti (fi)	1	2026-08-14	Nokia	Etelä-Häme (EH)	Suomi	61.480158	23.363846	Sure	NEUTRAL	Notebook, general observations
herkkutatti (fi) — Boletus edulis	herkkutatti (fi)		2026-08-13	Iisalmi	Pohjois-Savo (PS)	Suomi	63.64638	27.16687		COMMUNITY_VERIFIED	iNaturalist Suomi Finland
herkkutatti (fi) — Boletus edulis	herkkutatti (fi)		2026-08-13	Ylöjärvi	Etelä-Häme (EH)	Suomi	61.54675	23.56933		COMMUNITY_VERIFIED	iNaturalist Suomi Finland
herkkutatti (fi) — Boletus edulis	herkkutatti (fi)		2026-08-13	Iisalmi	Pohjois-Savo (PS)	Suomi	63.5386	27.467		COMMUNITY_VERIFIED	iNaturalist Suomi Finland
herkkutatti (fi) — Boletus edulis	herkkutatti (fi)		2026-08-13	Kaarina	Varsinais-Suomi (V)	Suomi	60.44979	22.45133		COMMUNITY_VERIFIED	iNaturalist Suomi Finland
herkkutatti (fi) — Boletus edulis	herkkutatti (fi)		2026-08-13	Tampere	Etelä-Häme (EH)	Suomi	61.49227	23.79665		COMMUNITY_VERIFIED	iNaturalist Suomi Finland
herkkutatti (fi) — Boletus edulis	herkkutatti (fi)		2026-08-12	Sonkajärvi	Pohjois-Savo (PS)	Suomi	63.55959	27.57506		COMMUNITY_VERIFIED	iNaturalist Suomi Finland
herkkutatti (fi) — Boletus edulis	herkkutatti (fi)		2026-08-12	Kuopio	Pohjois-Savo (PS)	Suomi	62.90794	27.56245		COMMUNITY_VERIFIED	iNaturalist Suomi Finland
herkkutatti (fi) — Boletus edulis	herkkutatti (fi)		2026-08-11	Oulu	Oulun Pohjanmaa (OP)	Suomi	65.05656	25.48036		COMMUNITY_VERIFIED	iNaturalist Suomi Finland
herkkutatti (fi) — Boletus edulis	herkkutatti (fi)		2026-08-11	Ypäjä	Etelä-Häme (EH)	Suomi	60.77386	23.34086		NEUTRAL	iNaturalist Suomi Finland
herkkutatti (fi) — Boletus edulis	herkkutatti (fi)		2026-08-10	Oulainen	Keski-Pohjanmaa (KP)	Suomi	64.27791	24.9564		COMMUNITY_VERIFIED	iNaturalist Suomi Finland
herkkutatti (fi) — Boletus edulis	herkkutatti (fi)	1	2026-08-10	Urjala	Etelä-Häme (EH)	Suomi	61.022979	23.516204	Sure	NEUTRAL	Notebook, general observations
herkkutatti (fi) — Boletus edulis	herkkutatti (fi)		2026-08-09	Kangasala, Orivesi, Pälkäne	Etelä-Häme (EH)	Suomi	61.5	24.5		COMMUNITY_VERIFIED	iNaturalist Suomi Finland
herkkutatti (fi) — Boletus edulis	herkkutatti (fi)	Runsaasti	2026-08-09	Tyrnävä	Oulun Pohjanmaa (OP)	Suomi	64.756258	25.886907	Sure	NEUTRAL	Notebook, general observations
herkkutatti (fi) — Boletus edulis	herkkutatti (fi)		2026-08-09	Jyväskylä	Pohjois-Häme (PH)	Suomi	62.26707	25.8647		COMMUNITY_VERIFIED	iNaturalist Suomi Finland
herkkutatti (fi) — Boletus edulis	herkkutatti (fi)		2026-08-09	Masku, Mynämäki, Nousiainen, Pöytyä, Rusko, Turku	Satakunta (St), Varsinais-Suomi (V)	Suomi	60.7	22.3		COMMUNITY_VERIFIED	iNaturalist Suomi Finland
herkkutatti (fi) — Boletus edulis	herkkutatti (fi)		2026-08-09	Oulu	Oulun Pohjanmaa (OP)	Suomi	65.06511	25.46256		COMMUNITY_VERIFIED	iNaturalist Suomi Finland
herkkutatti (fi) — Boletus edulis	herkkutatti (fi)		2026-08-09	Jyväskylä	Pohjois-Häme (PH)	Suomi	62.2666	25.8651		COMMUNITY_VERIFIED	iNaturalist Suomi Finland
herkkutatti (fi) — Boletus edulis	herkkutatti (fi)		2026-08-09	Jyväskylä	Pohjois-Häme (PH)	Suomi	62.2615	25.86529		COMMUNITY_VERIFIED	iNaturalist Suomi Finland
herkkutatti (fi) — Boletus edulis	herkkutatti (fi)		2026-08-09	Juupajoki, Mänttä-Vilppula, Orivesi, Ruovesi	Etelä-Häme (EH)	Suomi	61.9	24.3		COMMUNITY_VERIFIED	iNaturalist Suomi Finland
herkkutatti (fi) — Boletus edulis	herkkutatti (fi)		2026-08-09	Oulu	Oulun Pohjanmaa (OP)	Suomi	65.05835	25.60105		NEUTRAL	iNaturalist Suomi Finland
herkkutatti (fi) — Boletus edulis	herkkutatti (fi)		2026-08-09	Jyväskylä	Pohjois-Häme (PH)	Suomi	62.26633	25.86524		NEUTRAL	iNaturalist Suomi Finland
herkkutatti (fi) — Boletus edulis	herkkutatti (fi)		2026-08-09	Vihti	Varsinais-Suomi (V)	Suomi	60.31322	24.45124		NEUTRAL	iNaturalist Suomi Finland
herkkutatti (fi) — Boletus edulis	herkkutatti (fi)		2026-08-08	Nokia	Etelä-Häme (EH)	Suomi	61.4951	23.46947		COMMUNITY_VERIFIED	iNaturalist Suomi Finland
herkkutatti (fi) — Boletus edulis	herkkutatti (fi)		2026-08-08	Kuopio	Pohjois-Savo (PS)	Suomi	62.92214	27.31097		COMMUNITY_VERIFIED	iNaturalist Suomi Finland
herkkutatti (fi) — Boletus edulis	herkkutatti (fi)		2026-08-08	Jyväskylä	Pohjois-Häme (PH)	Suomi	62.256	25.7575		COMMUNITY_VERIFIED	iNaturalist Suomi Finland
herkkutatti (fi) — Boletus edulis	herkkutatti (fi)		2026-08-08	Vantaa	Uusimaa (U)	Suomi	60.26022	24.84295		COMMUNITY_VERIFIED	iNaturalist Suomi Finland
herkkutatti (fi) — Boletus edulis	herkkutatti (fi)		2026-08-07	Vehmaa	Varsinais-Suomi (V)	Suomi	60.74542	21.75615		COMMUNITY_VERIFIED	iNaturalist Suomi Finland
herkkutatti (fi) — Boletus edulis	herkkutatti (fi)	runsaasti	2026-08-07	Muhos	Oulun Pohjanmaa (OP)	Suomi	64.804981	25.966833	Sure	NEUTRAL	Notebook, general observations
herkkutatti (fi) — Boletus edulis	herkkutatti (fi)		2026-08-07	Turku	Varsinais-Suomi (V)	Suomi	60.46964	22.33048		COMMUNITY_VERIFIED	iNaturalist Suomi Finland
herkkutatti (fi) — Boletus edulis	herkkutatti (fi)		2026-08-07	Liminka	Oulun Pohjanmaa (OP)	Suomi	64.77252	25.40438		COMMUNITY_VERIFIED	iNaturalist Suomi Finland
herkkutatti (fi) — Boletus edulis	herkkutatti (fi)		2026-08-07	Aura, Kaarina, Lieto, Paimio, Turku	Varsinais-Suomi (V)	Suomi	60.5	22.5		COMMUNITY_VERIFIED	iNaturalist Suomi Finland
herkkutatti (fi) — Boletus edulis	herkkutatti (fi)		2026-08-07 [15:32-18:19]	Kemiönsaari, Salo, Sauvo	Varsinais-Suomi (V)	Suomi	60.214163	22.936706	Sure	NEUTRAL	The Atlas of Finnish Fungi
herkkutatti (fi) — Boletus edulis	herkkutatti (fi)		2026-08-06	Jyväskylä	Pohjois-Häme (PH)	Suomi	62.24804	25.65536		COMMUNITY_VERIFIED	iNaturalist Suomi Finland
herkkutatti (fi) — Boletus edulis	herkkutatti (fi)		2026-08-06	Juupajoki, Mänttä-Vilppula, Orivesi, Ruovesi	Etelä-Häme (EH)	Suomi	61.9	24.3		COMMUNITY_VERIFIED	iNaturalist Suomi Finland
herkkutatti (fi) — Boletus edulis	herkkutatti (fi)		2026-08-06	Liminka	Oulun Pohjanmaa (OP)	Suomi	64.77187	25.40069		COMMUNITY_VERIFIED	iNaturalist Suomi Finland
herkkutatti (fi) — Boletus edulis	herkkutatti (fi)		2026-08-06	Oulu	Oulun Pohjanmaa (OP)	Suomi	65.06471	25.46819		NEUTRAL	iNaturalist Suomi Finland
herkkutatti (fi) — Boletus edulis	herkkutatti (fi)		2026-08-05	Kaarina	Varsinais-Suomi (V)	Suomi	60.43179	22.37128		NEUTRAL	iNaturalist Suomi Finland
herkkutatti (fi) — Boletus edulis	herkkutatti (fi)		2026-08-04	Kaarina, Kemiönsaari, Paimio, Parainen, Sauvo	Varsinais-Suomi (V)	Suomi	60.3	22.5		COMMUNITY_VERIFIED	iNaturalist Suomi Finland
herkkutatti (fi) — Boletus edulis	herkkutatti (fi)		2026-08-04	Iisalmi	Pohjois-Savo (PS)	Suomi	63.5634	27.1911		COMMUNITY_VERIFIED	iNaturalist Suomi Finland
herkkutatti (fi) — Boletus edulis	herkkutatti (fi)		2026-08-04	Hämeenlinna	Etelä-Häme (EH)	Suomi	61.2564	24.64429		COMMUNITY_VERIFIED	iNaturalist Suomi Finland
herkkutatti (fi) — Boletus edulis	herkkutatti (fi)	2	2026-08-04	Joensuu	Pohjois-Karjala (PK)	Suomi	62.581705	29.820889	Sure	NEUTRAL	Notebook, general observations
herkkutatti (fi) — Boletus edulis	herkkutatti (fi)		2026-08-04	Hämeenlinna, Pälkäne	Etelä-Häme (EH)	Suomi	61.3	24.7		NEUTRAL	iNaturalist Suomi Finland
herkkutatti (fi) — Boletus edulis	herkkutatti (fi)		2026-08-03	Kirkkonummi	Uusimaa (U)	Suomi	60.1562	24.55727		COMMUNITY_VERIFIED	iNaturalist Suomi Finland
herkkutatti (fi) — Boletus edulis	herkkutatti (fi)		2026-08-02	Toivakka	Pohjois-Häme (PH)	Suomi	62.16255	26.14281		COMMUNITY_VERIFIED	iNaturalist Suomi Finland
herkkutatti (fi) — Boletus edulis	herkkutatti (fi)		2026-08-02	Jyväskylä	Pohjois-Häme (PH)	Suomi	62.22357	25.76838		COMMUNITY_VERIFIED	iNaturalist Suomi Finland
herkkutatti (fi) — Boletus edulis	herkkutatti (fi)		2026-08-01	Jyväskylä	Pohjois-Häme (PH)	Suomi	62.35924	25.49195		COMMUNITY_VERIFIED	iNaturalist Suomi Finland
herkkutatti (fi) — Boletus edulis	herkkutatti (fi)		2026-08-01	Aura, Lieto, Loimaa, Pöytyä	Satakunta (St), Varsinais-Suomi (V)	Suomi	60.7	22.7		COMMUNITY_VERIFIED	iNaturalist Suomi Finland
herkkutatti (fi) — Boletus edulis	herkkutatti (fi)		2026-08-01	Raasepori	Varsinais-Suomi (V)	Suomi	60.1451	23.54006		COMMUNITY_VERIFIED	iNaturalist Suomi Finland
herkkutatti (fi) — Boletus edulis	herkkutatti (fi)		2026-08-01 [17:05-17:19]	Salo	Varsinais-Suomi (V)	Suomi	60.45783	23.063638	Sure	NEUTRAL	The Atlas of Finnish Fungi
herkkutatti (fi) — Boletus edulis	herkkutatti (fi)		2026-07-31	Tampere	Etelä-Häme (EH)	Suomi	61.526	23.94648		COMMUNITY_VERIFIED	iNaturalist Suomi Finland
herkkutatti (fi) — Boletus edulis	herkkutatti (fi)		2026-07-31	Tampere	Etelä-Häme (EH)	Suomi	61.52842	23.93972		COMMUNITY_VERIFIED	iNaturalist Suomi Finland
herkkutatti (fi) — Boletus edulis	herkkutatti (fi)		2026-07-31	Oulu	Oulun Pohjanmaa (OP)	Suomi	65.05646	25.48032		COMMUNITY_VERIFIED	iNaturalist Suomi Finland
herkkutatti (fi) — Boletus edulis	herkkutatti (fi)		2026-07-30	Alajärvi	Keski-Pohjanmaa (KP)	Suomi	62.85067	23.84474		COMMUNITY_VERIFIED	iNaturalist Suomi Finland
herkkutatti (fi) — Boletus edulis	herkkutatti (fi)		2026-07-29	Tampere	Etelä-Häme (EH)	Suomi	61.44279	23.83214		COMMUNITY_VERIFIED	iNaturalist Suomi Finland
herkkutatti (fi) — Boletus edulis	herkkutatti (fi)		2026-07-29	Tampere	Etelä-Häme (EH)	Suomi	61.51775	23.95332		COMMUNITY_VERIFIED	iNaturalist Suomi Finland
herkkutatti (fi) — Boletus edulis	herkkutatti (fi)		2026-07-29	Tampere	Etelä-Häme (EH)	Suomi	61.52152	23.94368		COMMUNITY_VERIFIED	iNaturalist Suomi Finland
herkkutatti (fi) — Boletus edulis	herkkutatti (fi)		2026-07-29	Tampere	Etelä-Häme (EH)	Suomi	61.5265	23.95238		COMMUNITY_VERIFIED	iNaturalist Suomi Finland
herkkutatti (fi) — Boletus edulis	herkkutatti (fi)		2026-07-28	Kaarina	Varsinais-Suomi (V)	Suomi	60.43528	22.36977		COMMUNITY_VERIFIED	iNaturalist Suomi Finland
herkkutatti (fi) — Boletus edulis	herkkutatti (fi)		2026-07-28	Lempäälä	Etelä-Häme (EH)	Suomi	61.34584	23.62338		COMMUNITY_VERIFIED	iNaturalist Suomi Finland
herkkutatti (fi) — Boletus edulis	herkkutatti (fi)		2026-07-28	Lapinjärvi, Loviisa	Uusimaa (U)	Suomi	60.5	26.1		COMMUNITY_VERIFIED	iNaturalist Suomi Finland
herkkutatti (fi) — Boletus edulis	herkkutatti (fi)		2026-07-27	Mikkeli	Etelä-Savo (ES)	Suomi	61.65852	27.25706		COMMUNITY_VERIFIED	iNaturalist Suomi Finland
herkkutatti (fi) — Boletus edulis	herkkutatti (fi)		2026-07-25	Kaarina	Varsinais-Suomi (V)	Suomi	60.4501	22.54606		COMMUNITY_VERIFIED	iNaturalist Suomi Finland
herkkutatti (fi) — Boletus edulis	herkkutatti (fi)		2026-07-25	Kouvola	Etelä-Savo (ES)	Suomi	60.87801	26.74237		COMMUNITY_VERIFIED	iNaturalist Suomi Finland
herkkutatti (fi) — Boletus edulis	herkkutatti (fi)	7	2026-07-25	Raisio	Varsinais-Suomi (V)	Suomi	60.509	22.118	Sure	NEUTRAL	The Atlas of Finnish Fungi
herkkutatti (fi) — Boletus edulis	herkkutatti (fi)		2026-07-24	Porvoo	Uusimaa (U)	Suomi	60.35374	25.48891		COMMUNITY_VERIFIED	iNaturalist Suomi Finland
herkkutatti (fi) — Boletus edulis	herkkutatti (fi)		2026-07-23	Porvoo	Uusimaa (U)	Suomi	60.35456	25.48838		COMMUNITY_VERIFIED	iNaturalist Suomi Finland
herkkutatti (fi) — Boletus edulis	herkkutatti (fi)		2026-07-22	Kouvola	Etelä-Savo (ES)	Suomi	60.87806	26.74229		COMMUNITY_VERIFIED	iNaturalist Suomi Finland
herkkutatti (fi) — Boletus edulis	herkkutatti (fi)		2026-07-22	Kaarina	Varsinais-Suomi (V)	Suomi	60.44737	22.42364		COMMUNITY_VERIFIED	iNaturalist Suomi Finland
herkkutatti (fi) — Boletus edulis	herkkutatti (fi)		2026-07-21	Kuhmoinen	Etelä-Häme (EH)	Suomi	61.71211	24.96389		COMMUNITY_VERIFIED	iNaturalist Suomi Finland
herkkutatti (fi) — Boletus edulis	herkkutatti (fi)		2026-07-21	Jyväskylä	Etelä-Häme (EH)	Suomi	62.1465	25.77517		COMMUNITY_VERIFIED	iNaturalist Suomi Finland
herkkutatti (fi) — Boletus edulis	herkkutatti (fi)		2026-07-20 - 2026-07-27	Kauniainen	Uusimaa (U)	Suomi	60.210959	24.6801	Sure	NEUTRAL	The Atlas of Finnish Fungi
herkkutatti (fi) — Boletus edulis	herkkutatti (fi)		2026-07-20	Masku, Mynämäki, Nousiainen	Varsinais-Suomi (V)	Suomi	60.7	22.1		COMMUNITY_VERIFIED	iNaturalist Suomi Finland
herkkutatti (fi) — Boletus edulis	herkkutatti (fi)		2026-07-19	Jyväskylä, Laukaa, Muurame	Etelä-Häme (EH), Pohjois-Häme (PH)	Suomi	62.3	25.7		COMMUNITY_VERIFIED	iNaturalist Suomi Finland
herkkutatti (fi) — Boletus edulis	herkkutatti (fi)		2026-07-19	Espoo	Uusimaa (U)	Suomi	60.24084	24.76567		COMMUNITY_VERIFIED	iNaturalist Suomi Finland
herkkutatti (fi) — Boletus edulis	herkkutatti (fi)		2026-07-19	Espoo, Kauniainen	Uusimaa (U)	Suomi	60.21516	24.70215		COMMUNITY_VERIFIED	iNaturalist Suomi Finland
herkkutatti (fi) — Boletus edulis	herkkutatti (fi)		2026-07-19	Parkano	Satakunta (St)	Suomi	62.06565	23.3535		COMMUNITY_VERIFIED	iNaturalist Suomi Finland
herkkutatti (fi) — Boletus edulis	herkkutatti (fi)		2026-07-19	Vehmaa	Varsinais-Suomi (V)	Suomi	60.74542	21.75615		NEUTRAL	iNaturalist Suomi Finland
herkkutatti (fi) — Boletus edulis	herkkutatti (fi)		2026-07-19	Parkano	Satakunta (St)	Suomi	62.06575	23.35075		NEUTRAL	iNaturalist Suomi Finland
herkkutatti (fi) — Boletus edulis	herkkutatti (fi)		2026-07-18	Kotka	Etelä-Karjala (EK)	Suomi	60.4592	26.93454		COMMUNITY_VERIFIED	iNaturalist Suomi Finland
herkkutatti (fi) — Boletus edulis	herkkutatti (fi)		2026-07-18	Outokumpu	Pohjois-Karjala (PK)	Suomi	62.74039	28.73527		COMMUNITY_VERIFIED	iNaturalist Suomi Finland
herkkutatti (fi) — Boletus edulis	herkkutatti (fi)		2026-07-16	Äänekoski	Pohjois-Häme (PH)	Suomi	62.60594	25.79382		COMMUNITY_VERIFIED	iNaturalist Suomi Finland
herkkutatti (fi) — Boletus edulis	herkkutatti (fi)		2026-07-15	Kouvola	Etelä-Savo (ES)	Suomi	61.17752	26.86099		COMMUNITY_VERIFIED	iNaturalist Suomi Finland
herkkutatti (fi) — Boletus edulis	herkkutatti (fi)		2026-07-14	Ruovesi	Etelä-Häme (EH)	Suomi	61.99539	24.32424		COMMUNITY_VERIFIED	iNaturalist Suomi Finland
herkkutatti (fi) — Boletus edulis	herkkutatti (fi)		2026-07-12	Masku, Mynämäki, Nousiainen	Varsinais-Suomi (V)	Suomi	60.7	22.1		COMMUNITY_VERIFIED	iNaturalist Suomi Finland
herkkutatti (fi) — Boletus edulis	herkkutatti (fi)		2026-07-12	Vantaa	Uusimaa (U)	Suomi	60.3202	25.01185		COMMUNITY_VERIFIED	iNaturalist Suomi Finland
herkkutatti (fi) — Boletus edulis	herkkutatti (fi)		2026-07-04	Liperi	Pohjois-Karjala (PK)	Suomi	62.61535	29.50599		COMMUNITY_VERIFIED	iNaturalist Suomi Finland
herkkutatti (fi) — Boletus edulis	herkkutatti (fi)		2025-11-05	Oulu	Oulun Pohjanmaa (OP)	Suomi	65.02666	25.47171		COMMUNITY_VERIFIED	iNaturalist Suomi Finland
herkkutatti (fi) — Boletus edulis	herkkutatti (fi)	2	2025-11-01	Turku	Varsinais-Suomi (V)	Suomi	60.423398	22.336205	Sure	NEUTRAL	The Atlas of Finnish Fungi
herkkutatti (fi) — Boletus edulis	herkkutatti (fi)	6	2025-10-30	Oulu	Oulun Pohjanmaa (OP)	Suomi	65.118249	26.038195	Sure	NEUTRAL	Notebook, general observations
herkkutatti (fi) — Boletus edulis	herkkutatti (fi)	3	2025-10-26	Oulu	Oulun Pohjanmaa (OP)	Suomi	65.112791	25.399672	Sure	NEUTRAL	Notebook, general observations
herkkutatti (fi) — Boletus edulis	herkkutatti (fi)		2025-10-18	Kirkkonummi	Uusimaa (U)	Suomi	59.95392	24.37677		NEUTRAL	iNaturalist Suomi Finland
herkkutatti (fi) — Boletus edulis	herkkutatti (fi)		2025-10-16	Oulu	Oulun Pohjanmaa (OP)	Suomi	65.01202	25.5024		COMMUNITY_VERIFIED	iNaturalist Suomi Finland
herkkutatti (fi) — Boletus edulis	herkkutatti (fi)		2025-10-13	Hanko	Uusimaa (U)	Suomi	59.85519	23.071058	Sure	NEUTRAL	The Atlas of Finnish Fungi
herkkutatti (fi) — Boletus edulis	herkkutatti (fi)		2025-10-12	Pyhäjärvi	Keski-Pohjanmaa (KP)	Suomi	63.772452	26.064434	Sure	NEUTRAL	The Atlas of Finnish Fungi
herkkutatti (fi) — Boletus edulis	herkkutatti (fi)		2025-10-11	Kaarina	Varsinais-Suomi (V)	Suomi	60.43752	22.51631		COMMUNITY_VERIFIED	iNaturalist Suomi Finland
herkkutatti (fi) — Boletus edulis	herkkutatti (fi)		2025-10-10	Kuopio	Pohjois-Savo (PS)	Suomi	62.90047	27.59717		COMMUNITY_VERIFIED	iNaturalist Suomi Finland
herkkutatti (fi) — Boletus edulis	herkkutatti (fi)		2025-10-10	Helsinki	Uusimaa (U)	Suomi	60.2261	25.01408		COMMUNITY_VERIFIED	iNaturalist Suomi Finland
herkkutatti (fi) — Boletus edulis	herkkutatti (fi)		2025-10-09	Kangasala	Etelä-Häme (EH)	Suomi	61.49839	24.49092		COMMUNITY_VERIFIED	iNaturalist Suomi Finland
herkkutatti (fi) — Boletus edulis	herkkutatti (fi)		2025-10-07	Helsinki	Uusimaa (U)	Suomi	60.14673	24.87763		COMMUNITY_VERIFIED	iNaturalist Suomi Finland
herkkutatti (fi) — Boletus edulis	herkkutatti (fi)		2025-10-05	Jämsä	Etelä-Häme (EH)	Suomi	61.739548	25.303171	Sure	NEUTRAL	The Atlas of Finnish Fungi
herkkutatti (fi) — Boletus edulis	herkkutatti (fi)		2025-10-05	Joroinen	Pohjois-Savo (PS)	Suomi	62.16454	27.80188		COMMUNITY_VERIFIED	iNaturalist Suomi Finland
herkkutatti (fi) — Boletus edulis	herkkutatti (fi)		2025-10-04	Föglö	Ahvenanmaa (A)	Suomi	60.09466	20.46448		COMMUNITY_VERIFIED	iNaturalist Suomi Finland
herkkutatti (fi) — Boletus edulis	herkkutatti (fi)		2025-10-04	Rautalampi	Pohjois-Häme (PH)	Suomi	62.59132	26.70768		COMMUNITY_VERIFIED	iNaturalist Suomi Finland
herkkutatti (fi) — Boletus edulis	herkkutatti (fi)		2025-10-03	Orimattila	Uusimaa (U)	Suomi	60.8591	25.59357		COMMUNITY_VERIFIED	iNaturalist Suomi Finland
herkkutatti (fi) — Boletus edulis	herkkutatti (fi)		2025-10-02	Kirkkonummi	Uusimaa (U)	Suomi	60.0233	24.46962		COMMUNITY_VERIFIED	iNaturalist Suomi Finland
herkkutatti (fi) — Boletus edulis	herkkutatti (fi)		2025-09-30	Kuopio	Pohjois-Savo (PS)	Suomi	62.89508	27.60434		COMMUNITY_VERIFIED	iNaturalist Suomi Finland
herkkutatti (fi) — Boletus edulis	herkkutatti (fi)		2025-09-30	Raasepori	Uusimaa (U)	Suomi	59.906439	23.498849	Sure	NEUTRAL	The Atlas of Finnish Fungi
herkkutatti (fi) — Boletus edulis	herkkutatti (fi)		2025-09-30	Hanko	Uusimaa (U)	Suomi	59.892484	23.220066	Sure	NEUTRAL	The Atlas of Finnish Fungi
herkkutatti (fi) — Boletus edulis	herkkutatti (fi)		2025-09-29 [9:51-13:55]	Turku	Varsinais-Suomi (V)	Suomi	60.518933	22.358965	Sure	NEUTRAL	Notebook, general observations
herkkutatti (fi) — Boletus edulis	herkkutatti (fi)		2025-09-29	Kaavi	Pohjois-Karjala (PK)	Suomi	63.01427	28.57053		COMMUNITY_VERIFIED	iNaturalist Suomi Finland
herkkutatti (fi) — Boletus edulis	herkkutatti (fi)		2025-09-28	Espoo	Uusimaa (U)	Suomi	60.29003	24.5719		COMMUNITY_VERIFIED	iNaturalist Suomi Finland
herkkutatti (fi) — Boletus edulis	herkkutatti (fi)		2025-09-28	Perho	Keski-Pohjanmaa (KP)	Suomi	63.25136	24.15718		COMMUNITY_VERIFIED	iNaturalist Suomi Finland
herkkutatti (fi) — Boletus edulis	herkkutatti (fi)		2025-09-28	Vihti	Varsinais-Suomi (V)	Suomi	60.28681	24.49826		COMMUNITY_VERIFIED	iNaturalist Suomi Finland
herkkutatti (fi) — Boletus edulis	herkkutatti (fi)		2025-09-27	Hanko	Uusimaa (U)	Suomi	59.84475	23.24429		COMMUNITY_VERIFIED	iNaturalist Suomi Finland
herkkutatti (fi) — Boletus edulis	herkkutatti (fi)		2025-09-27	Hanko	Uusimaa (U)	Suomi	59.84482	23.24423		COMMUNITY_VERIFIED	iNaturalist Suomi Finland
herkkutatti (fi) — Boletus edulis	herkkutatti (fi)		2025-09-27	Vehmaa	Varsinais-Suomi (V)	Suomi	60.62528	21.70071		COMMUNITY_VERIFIED	iNaturalist Suomi Finland
herkkutatti (fi) — Boletus edulis	herkkutatti (fi)		2025-09-27	Nurmijärvi	Uusimaa (U)	Suomi	60.4991	24.694557	Sure	NEUTRAL	The Atlas of Finnish Fungi
herkkutatti (fi) — Boletus edulis	herkkutatti (fi)		2025-09-26	Vihti	Varsinais-Suomi (V)	Suomi	60.544134	24.482722	Sure	NEUTRAL	The Atlas of Finnish Fungi
herkkutatti (fi) — Boletus edulis	herkkutatti (fi)		2025-09-26	Mikkeli	Etelä-Savo (ES)	Suomi	61.45324	27.40432		COMMUNITY_VERIFIED	iNaturalist Suomi Finland
herkkutatti (fi) — Boletus edulis	herkkutatti (fi)		2025-09-26	Vihti	Varsinais-Suomi (V)	Suomi	60.544104	24.555926	Sure	NEUTRAL	The Atlas of Finnish Fungi
herkkutatti (fi) — Boletus edulis	herkkutatti (fi)		2025-09-26	Vihti	Varsinais-Suomi (V)	Suomi	60.542938	24.554379	Sure	NEUTRAL	The Atlas of Finnish Fungi
herkkutatti (fi) — Boletus edulis	herkkutatti (fi)		2025-09-24	Siilinjärvi	Pohjois-Savo (PS)	Suomi	63.01507	27.44487		COMMUNITY_VERIFIED	iNaturalist Suomi Finland
herkkutatti (fi) — Boletus edulis	herkkutatti (fi)		2025-09-23	Lieto	Varsinais-Suomi (V)	Suomi	60.52851	22.55065		COMMUNITY_VERIFIED	iNaturalist Suomi Finland
herkkutatti (fi) — Boletus edulis	herkkutatti (fi)		2025-09-22	Iisalmi	Pohjois-Savo (PS)	Suomi	63.64628	27.17151		COMMUNITY_VERIFIED	iNaturalist Suomi Finland
herkkutatti (fi) — Boletus edulis	herkkutatti (fi)		2025-09-22 [11:48] - 2025-10-11 [13:27]	Tampere	Etelä-Häme (EH)	Suomi	61.468664	23.814591	Sure	NEUTRAL	Notebook, general observations
herkkutatti (fi) — Boletus edulis	herkkutatti (fi)	5	2025-09-22 [14:50]	Hamina	Etelä-Karjala (EK)	Suomi	60.652562	27.223862	Sure	NEUTRAL	Notebook, general observations
herkkutatti (fi) — Boletus edulis	herkkutatti (fi)		2025-09-21	Laukaa	Pohjois-Häme (PH)	Suomi	62.39673	25.93223		COMMUNITY_VERIFIED	iNaturalist Suomi Finland
herkkutatti (fi) — Boletus edulis	herkkutatti (fi)		2025-09-21	Helsinki	Uusimaa (U)	Suomi	60.13829	25.00058		COMMUNITY_VERIFIED	iNaturalist Suomi Finland
herkkutatti (fi) — Boletus edulis	herkkutatti (fi)		2025-09-21	Sotkamo	Kainuu (Kn)	Suomi	64.156387	28.218342	Sure	NEUTRAL	Notebook, general observations
herkkutatti (fi) — Boletus edulis	herkkutatti (fi)		2025-09-21	Porvoo	Uusimaa (U)	Suomi	60.26791	25.82421		COMMUNITY_VERIFIED	iNaturalist Suomi Finland
herkkutatti (fi) — Boletus edulis	herkkutatti (fi)		2025-09-21	Laukaa	Pohjois-Häme (PH)	Suomi	62.39622	25.93318		COMMUNITY_VERIFIED	iNaturalist Suomi Finland
herkkutatti (fi) — Boletus edulis	herkkutatti (fi)		2025-09-21	Turku	Varsinais-Suomi (V)	Suomi	60.42791	22.34932		COMMUNITY_VERIFIED	iNaturalist Suomi Finland
herkkutatti (fi) — Boletus edulis	herkkutatti (fi)		2025-09-21	Siilinjärvi	Pohjois-Savo (PS)	Suomi	63.01645	27.42926		NEUTRAL	iNaturalist Suomi Finland
herkkutatti (fi) — Boletus edulis	herkkutatti (fi)		2025-09-21	Siilinjärvi	Pohjois-Savo (PS)	Suomi	63.01644	27.42927		COMMUNITY_VERIFIED	iNaturalist Suomi Finland
herkkutatti (fi) — Boletus edulis	herkkutatti (fi)		2025-09-20	Salo	Varsinais-Suomi (V)	Suomi	60.45685	23.62837		COMMUNITY_VERIFIED	iNaturalist Suomi Finland
herkkutatti (fi) — Boletus edulis	herkkutatti (fi)		2025-09-20	Kuopio	Pohjois-Savo (PS)	Suomi	62.88288	27.88514		COMMUNITY_VERIFIED	iNaturalist Suomi Finland
herkkutatti (fi) — Boletus edulis	herkkutatti (fi)		2025-09-20	Salo	Varsinais-Suomi (V)	Suomi	60.45688	23.62825		COMMUNITY_VERIFIED	iNaturalist Suomi Finland
herkkutatti (fi) — Boletus edulis	herkkutatti (fi)		2025-09-19	Espoo	Uusimaa (U)	Suomi	60.18007	24.73191		COMMUNITY_VERIFIED	iNaturalist Suomi Finland
herkkutatti (fi) — Boletus edulis	herkkutatti (fi)		2025-09-19	Suonenjoki	Pohjois-Savo (PS)	Suomi	62.63733	27.04726		COMMUNITY_VERIFIED	iNaturalist Suomi Finland
herkkutatti (fi) — Boletus edulis	herkkutatti (fi)		2025-09-19	Kuopio	Pohjois-Savo (PS)	Suomi	62.89842	27.819		COMMUNITY_VERIFIED	iNaturalist Suomi Finland
herkkutatti (fi) — Boletus edulis	herkkutatti (fi)		2025-09-18	Kitee	Pohjois-Karjala (PK)	Suomi	62.122141	30.267838	Sure	NEUTRAL	The Atlas of Finnish Fungi
herkkutatti (fi) — Boletus edulis	herkkutatti (fi)		2025-09-18	Siilinjärvi	Pohjois-Savo (PS)	Suomi	62.98405	27.72361		COMMUNITY_VERIFIED	iNaturalist Suomi Finland
herkkutatti (fi) — Boletus edulis	herkkutatti (fi)		2025-09-18	Siilinjärvi	Pohjois-Savo (PS)	Suomi	62.98746	27.73196		NEUTRAL	iNaturalist Suomi Finland
herkkutatti (fi) — Boletus edulis	herkkutatti (fi)		2025-09-18	Siilinjärvi	Pohjois-Savo (PS)	Suomi	62.98771	27.73094		NEUTRAL	iNaturalist Suomi Finland
herkkutatti (fi) — Boletus edulis	herkkutatti (fi)		2025-09-17	Oulu	Oulun Pohjanmaa (OP)	Suomi	65.06263	25.46786		COMMUNITY_VERIFIED	iNaturalist Suomi Finland
herkkutatti (fi) — Boletus edulis	herkkutatti (fi)	X	2025-09-17 [10:23-10:57]	Helsinki	Uusimaa (U)	Suomi	60.191666	25.140209	Sure	NEUTRAL	Noteworthy macrofungi - complete lists
herkkutatti (fi) — Boletus edulis	herkkutatti (fi)		2025-09-16	Kuopio	Pohjois-Savo (PS)	Suomi	62.8748	27.59865		COMMUNITY_VERIFIED	iNaturalist Suomi Finland
herkkutatti (fi) — Boletus edulis	herkkutatti (fi)		2025-09-16	Hailuoto	Oulun Pohjanmaa (OP)	Suomi	65.02287	24.62853		COMMUNITY_VERIFIED	iNaturalist Suomi Finland
herkkutatti (fi) — Boletus edulis	herkkutatti (fi)		2025-09-16	Hailuoto	Oulun Pohjanmaa (OP)	Suomi	65.02015	24.63924		COMMUNITY_VERIFIED	iNaturalist Suomi Finland
herkkutatti (fi) — Boletus edulis	herkkutatti (fi)		2025-09-16	Hailuoto	Oulun Pohjanmaa (OP)	Suomi	65.02034	24.6395		COMMUNITY_VERIFIED	iNaturalist Suomi Finland
herkkutatti (fi) — Boletus edulis	herkkutatti (fi)		2025-09-16	Oulu	Oulun Pohjanmaa (OP)	Suomi	65.06771	25.45989		NEUTRAL	iNaturalist Suomi Finland
herkkutatti (fi) — Boletus edulis	herkkutatti (fi)		2025-09-15	Kaarina, Lieto, Masku, Nousiainen, Raisio, Rusko, Turku	Varsinais-Suomi (V)	Suomi	60.5	22.3		COMMUNITY_VERIFIED	iNaturalist Suomi Finland
herkkutatti (fi) — Boletus edulis	herkkutatti (fi)		2025-09-14	Vantaa	Uusimaa (U)	Suomi	60.31453	25.1441		COMMUNITY_VERIFIED	iNaturalist Suomi Finland
herkkutatti (fi) — Boletus edulis	herkkutatti (fi)		2025-09-14	Vantaa	Uusimaa (U)	Suomi	60.31521	25.14433		COMMUNITY_VERIFIED	iNaturalist Suomi Finland
herkkutatti (fi) — Boletus edulis	herkkutatti (fi)		2025-09-13	Inkoo	Uusimaa (U)	Suomi	59.9758	23.92492		COMMUNITY_VERIFIED	iNaturalist Suomi Finland
herkkutatti (fi) — Boletus edulis	herkkutatti (fi)		2025-09-13 [9:34-10:29]	Helsinki	Uusimaa (U)	Suomi	60.243116	25.20407	Sure	NEUTRAL	The Atlas of Finnish Fungi
herkkutatti (fi) — Boletus edulis	herkkutatti (fi)		2025-09-13	Helsinki	Uusimaa (U)	Suomi	60.21103	24.90669		COMMUNITY_VERIFIED	iNaturalist Suomi Finland
herkkutatti (fi) — Boletus edulis	herkkutatti (fi)		2025-09-13	Hämeenlinna	Etelä-Häme (EH)	Suomi	60.86718	24.3702		COMMUNITY_VERIFIED	iNaturalist Suomi Finland
herkkutatti (fi) — Boletus edulis	herkkutatti (fi)		2025-09-13	Helsinki	Uusimaa (U)	Suomi	60.21561	24.99282		COMMUNITY_VERIFIED	iNaturalist Suomi Finland
herkkutatti (fi) — Boletus edulis	herkkutatti (fi)		2025-09-13	Jyväskylä	Pohjois-Häme (PH)	Suomi	62.25279	25.82853		NEUTRAL	iNaturalist Suomi Finland
herkkutatti (fi) — Boletus edulis	herkkutatti (fi)		2025-09-13	Kuopio	Pohjois-Savo (PS)	Suomi	62.92716	27.42451		COMMUNITY_VERIFIED	iNaturalist Suomi Finland
herkkutatti (fi) — Boletus edulis	herkkutatti (fi)		2025-09-13 [9:34-10:29]	Helsinki	Uusimaa (U)	Suomi	60.243116	25.20407	Sure	NEUTRAL	The Atlas of Finnish Fungi
herkkutatti (fi) — Boletus edulis	herkkutatti (fi)		2025-09-13 [11:38]	Tampere	Etelä-Häme (EH)	Suomi	61.46813	23.815958	Sure	NEUTRAL	Notebook, general observations
herkkutatti (fi) — Boletus edulis	herkkutatti (fi)		2025-09-12	Hartola, Joutsa, Mäntyharju	Etelä-Häme (EH), Etelä-Savo (ES)	Suomi	61.7	26.3		COMMUNITY_VERIFIED	iNaturalist Suomi Finland
herkkutatti (fi) — Boletus edulis	herkkutatti (fi)	1	2025-09-12 [10:07-15:03]	Hämeenlinna	Etelä-Häme (EH)	Suomi	61.108013	24.956539	Sure	NEUTRAL	The Atlas of Finnish Fungi
herkkutatti (fi) — Boletus edulis	herkkutatti (fi)		2025-09-12	Lahti	Etelä-Häme (EH)	Suomi	60.98594	25.68068		NEUTRAL	iNaturalist Suomi Finland
herkkutatti (fi) — Boletus edulis	herkkutatti (fi)		2025-09-12	Savonlinna	Etelä-Savo (ES)	Suomi	61.87065	28.86343		NEUTRAL	iNaturalist Suomi Finland
herkkutatti (fi) — Boletus edulis	herkkutatti (fi)		2025-09-12	Savonlinna	Etelä-Savo (ES)	Suomi	61.8728	28.86389		NEUTRAL	iNaturalist Suomi Finland
herkkutatti (fi) — Boletus edulis	herkkutatti (fi)		2025-09-11	Espoo	Uusimaa (U)	Suomi	60.18939	24.81033		COMMUNITY_VERIFIED	iNaturalist Suomi Finland
herkkutatti (fi) — Boletus edulis	herkkutatti (fi)		2025-09-11	Hämeenlinna	Etelä-Häme (EH)	Suomi	61.220636	25.149249	Sure	NEUTRAL	The Atlas of Finnish Fungi
herkkutatti (fi) — Boletus edulis	herkkutatti (fi)		2025-09-10	Espoo	Uusimaa (U)	Suomi	60.25919	24.61869		COMMUNITY_VERIFIED	iNaturalist Suomi Finland
herkkutatti (fi) — Boletus edulis	herkkutatti (fi)		2025-09-10 [16:15-16:39]	Hämeenlinna	Etelä-Häme (EH)	Suomi	61.201554	25.098702	Sure	NEUTRAL	The Atlas of Finnish Fungi
herkkutatti (fi) — Boletus edulis	herkkutatti (fi)		2025-09-10	Rautavaara	Pohjois-Karjala (PK)	Suomi	63.5304	28.11677		NEUTRAL	iNaturalist Suomi Finland
herkkutatti (fi) — Boletus edulis	herkkutatti (fi)	1	2025-09-09	Hämeenlinna	Etelä-Häme (EH)	Suomi	61.090339	25.004514	Sure	NEUTRAL	The Atlas of Finnish Fungi
herkkutatti (fi) — Boletus edulis	herkkutatti (fi)	muutamia	2025-09-09	Vaasa	Etelä-Pohjanmaa (EP)	Suomi	63.05838	21.696365	Sure	NEUTRAL	Notebook, general observations
herkkutatti (fi) — Boletus edulis	herkkutatti (fi)	Muutama	2025-09-09	Raahe	Keski-Pohjanmaa (KP)	Suomi	64.715615	24.534424	Sure	NEUTRAL	The Atlas of Finnish Fungi
herkkutatti (fi) — Boletus edulis	herkkutatti (fi)		2025-09-07	Rautjärvi	Etelä-Savo (ES)	Suomi	61.416109	29.156238	Sure	NEUTRAL	Notebook, general observations
herkkutatti (fi) — Boletus edulis	herkkutatti (fi)		2025-09-07	Parikkala	Laatokan Karjala (LK)	Suomi	61.575952	29.596886	Sure	NEUTRAL	Notebook, general observations
herkkutatti (fi) — Boletus edulis	herkkutatti (fi)		2025-09-07	Parainen	Varsinais-Suomi (V)	Suomi	60.3	21.3		COMMUNITY_VERIFIED	iNaturalist Suomi Finland
herkkutatti (fi) — Boletus edulis	herkkutatti (fi)		2025-09-07	Tampere	Etelä-Häme (EH)	Suomi	61.46609	23.73924		COMMUNITY_VERIFIED	iNaturalist Suomi Finland
herkkutatti (fi) — Boletus edulis	herkkutatti (fi)		2025-09-07	Oulu	Oulun Pohjanmaa (OP)	Suomi	65.02072	25.45004		NEUTRAL	iNaturalist Suomi Finland
herkkutatti (fi) — Boletus edulis	herkkutatti (fi)		2025-09-07	Taipalsaari	Etelä-Savo (ES)	Suomi	61.18349	28.36936		NEUTRAL	iNaturalist Suomi Finland
herkkutatti (fi) — Boletus edulis	herkkutatti (fi)		2025-09-07	Joensuu	Pohjois-Karjala (PK)	Suomi	62.58493	29.8172		COMMUNITY_VERIFIED	iNaturalist Suomi Finland
herkkutatti (fi) — Boletus edulis	herkkutatti (fi)		2025-09-06	Lieto	Varsinais-Suomi (V)	Suomi	60.48555	22.38505		NEUTRAL	iNaturalist Suomi Finland
herkkutatti (fi) — Boletus edulis	herkkutatti (fi)		2025-09-06	Raasepori	Uusimaa (U)	Suomi	59.89835	23.67695		COMMUNITY_VERIFIED	iNaturalist Suomi Finland
herkkutatti (fi) — Boletus edulis	herkkutatti (fi)		2025-09-06	Joensuu	Pohjois-Karjala (PK)	Suomi	62.58499	29.82242		COMMUNITY_VERIFIED	iNaturalist Suomi Finland
herkkutatti (fi) — Boletus edulis	herkkutatti (fi)		2025-09-06	Joensuu	Pohjois-Karjala (PK)	Suomi	62.61001	29.81357		COMMUNITY_VERIFIED	iNaturalist Suomi Finland
herkkutatti (fi) — Boletus edulis	herkkutatti (fi)		2025-09-06	Kaarina	Varsinais-Suomi (V)	Suomi	60.47782	22.35505		COMMUNITY_VERIFIED	iNaturalist Suomi Finland
herkkutatti (fi) — Boletus edulis	herkkutatti (fi)		2025-09-06	Joensuu	Pohjois-Karjala (PK)	Suomi	62.58113	29.8128		COMMUNITY_VERIFIED	iNaturalist Suomi Finland
herkkutatti (fi) — Boletus edulis	herkkutatti (fi)		2025-09-06	Kristiinankaupunki	Etelä-Pohjanmaa (EP)	Suomi	62.28181	21.379		COMMUNITY_VERIFIED	iNaturalist Suomi Finland
herkkutatti (fi) — Boletus edulis	herkkutatti (fi)		2025-09-06	Eurajoki	Satakunta (St)	Suomi	61.47699	21.35987		COMMUNITY_VERIFIED	iNaturalist Suomi Finland
herkkutatti (fi) — Boletus edulis	herkkutatti (fi)		2025-09-06	Helsinki	Uusimaa (U)	Suomi	60.21582	24.85607		COMMUNITY_VERIFIED	iNaturalist Suomi Finland
herkkutatti (fi) — Boletus edulis	herkkutatti (fi)		2025-09-06	Helsinki	Uusimaa (U)	Suomi	60.22005	24.88233		COMMUNITY_VERIFIED	iNaturalist Suomi Finland
herkkutatti (fi) — Boletus edulis	herkkutatti (fi)		2025-09-06	Maarianhamina	Ahvenanmaa (A)	Suomi	60.09406	19.93807		NEUTRAL	iNaturalist Suomi Finland
herkkutatti (fi) — Boletus edulis	herkkutatti (fi)		2025-09-06	Mikkeli	Etelä-Savo (ES)	Suomi	61.42689	27.1121		COMMUNITY_VERIFIED	iNaturalist Suomi Finland
herkkutatti (fi) — Boletus edulis	herkkutatti (fi)		2025-09-06 [10:48]	Tampere	Etelä-Häme (EH)	Suomi	61.46789	23.816201	Sure	NEUTRAL	Notebook, general observations
herkkutatti (fi) — Boletus edulis	herkkutatti (fi)		2025-09-05	Hausjärvi, Hyvinkää, Riihimäki	Etelä-Häme (EH), Uusimaa (U)	Suomi	60.7	24.9		COMMUNITY_VERIFIED	iNaturalist Suomi Finland
herkkutatti (fi) — Boletus edulis	herkkutatti (fi)		2025-09-05	Kolari	Kittilän Lappi (KiL)	Suomi	67.61983	24.17239		COMMUNITY_VERIFIED	iNaturalist Suomi Finland
herkkutatti (fi) — Boletus edulis	herkkutatti (fi)		2025-09-05	Hattula	Etelä-Häme (EH)	Suomi	60.93521	24.13922		COMMUNITY_VERIFIED	iNaturalist Suomi Finland
herkkutatti (fi) — Boletus edulis	herkkutatti (fi)		2025-09-05	Helsinki	Uusimaa (U)	Suomi	60.22384	25.02895		NEUTRAL	iNaturalist Suomi Finland
herkkutatti (fi) — Boletus edulis	herkkutatti (fi)		2025-09-05	Helsinki	Uusimaa (U)	Suomi	60.17582	25.02969		COMMUNITY_VERIFIED	iNaturalist Suomi Finland
herkkutatti (fi) — Boletus edulis	herkkutatti (fi)		2025-09-04	Espoo	Uusimaa (U)	Suomi	60.251047	24.605245	Sure	NEUTRAL	The Atlas of Finnish Fungi
herkkutatti (fi) — Boletus edulis	herkkutatti (fi)		2025-09-03	Oulu	Oulun Pohjanmaa (OP)	Suomi	65.06342	25.46891		COMMUNITY_VERIFIED	iNaturalist Suomi Finland
herkkutatti (fi) — Boletus edulis	herkkutatti (fi)		2025-09-03	Espoo	Uusimaa (U)	Suomi	60.19988	24.73868		COMMUNITY_VERIFIED	iNaturalist Suomi Finland
herkkutatti (fi) — Boletus edulis	herkkutatti (fi)		2025-09-03	Oulu	Oulun Pohjanmaa (OP)	Suomi	65.06354	25.46882		COMMUNITY_VERIFIED	iNaturalist Suomi Finland
herkkutatti (fi) — Boletus edulis	herkkutatti (fi)		2025-09-03	Oulu	Oulun Pohjanmaa (OP)	Suomi	65.06361	25.46813		COMMUNITY_VERIFIED	iNaturalist Suomi Finland
herkkutatti (fi) — Boletus edulis	herkkutatti (fi)		2025-09-03	Espoo, Helsinki, Nurmijärvi, Tuusula, Vantaa	Uusimaa (U)	Suomi	60.3	24.9		COMMUNITY_VERIFIED	iNaturalist Suomi Finland
herkkutatti (fi) — Boletus edulis	herkkutatti (fi)		2025-09-03	Jyväskylä	Pohjois-Häme (PH)	Suomi	62.25375	25.75547		COMMUNITY_VERIFIED	iNaturalist Suomi Finland
herkkutatti (fi) — Boletus edulis	herkkutatti (fi)		2025-09-03	Kuopio	Pohjois-Savo (PS)	Suomi	62.76407	27.02737		NEUTRAL	iNaturalist Suomi Finland
herkkutatti (fi) — Boletus edulis	herkkutatti (fi)		2025-09-03	Kaarina	Varsinais-Suomi (V)	Suomi	60.47067	22.33534		COMMUNITY_VERIFIED	iNaturalist Suomi Finland
herkkutatti (fi) — Boletus edulis	herkkutatti (fi)		2025-09-03	Oulu	Oulun Pohjanmaa (OP)	Suomi	65.06625	25.46075		COMMUNITY_VERIFIED	iNaturalist Suomi Finland
herkkutatti (fi) — Boletus edulis	herkkutatti (fi)		2025-09-03	Mikkeli	Etelä-Savo (ES)	Suomi	61.64251	27.3358		NEUTRAL	iNaturalist Suomi Finland
herkkutatti (fi) — Boletus edulis	herkkutatti (fi)		2025-09-02	Rauma	Satakunta (St)	Suomi	61.11363	21.58653		COMMUNITY_VERIFIED	iNaturalist Suomi Finland
herkkutatti (fi) — Boletus edulis	herkkutatti (fi)		2025-09-02	Turku	Varsinais-Suomi (V)	Suomi	60.46846	22.33016		COMMUNITY_VERIFIED	iNaturalist Suomi Finland
herkkutatti (fi) — Boletus edulis	herkkutatti (fi)		2025-09-01	Salo	Varsinais-Suomi (V)	Suomi	60.448709	23.120882	Sure	NEUTRAL	The Atlas of Finnish Fungi
herkkutatti (fi) — Boletus edulis	herkkutatti (fi)		2025-09-01	Parainen	Varsinais-Suomi (V)	Suomi	59.95598	21.77714		COMMUNITY_VERIFIED	iNaturalist Suomi Finland
herkkutatti (fi) — Boletus edulis	herkkutatti (fi)		2025-09-01	Espoo	Uusimaa (U)	Suomi	60.2905	24.76212		COMMUNITY_VERIFIED	iNaturalist Suomi Finland
herkkutatti (fi) — Boletus edulis	herkkutatti (fi)		2025-09-01	Jokioinen, Koski Tl, Somero, Ypäjä	Etelä-Häme (EH), Varsinais-Suomi (V)	Suomi	60.7	23.3		COMMUNITY_VERIFIED	iNaturalist Suomi Finland
herkkutatti (fi) — Boletus edulis	herkkutatti (fi)		2025-09-01	Savukoski	Sompion Lappi (SoL)	Suomi	67.97248	28.95962		COMMUNITY_VERIFIED	iNaturalist Suomi Finland
herkkutatti (fi) — Boletus edulis	herkkutatti (fi)		2025-09-01	Kontiolahti	Pohjois-Karjala (PK)	Suomi	62.72775	29.62344		COMMUNITY_VERIFIED	iNaturalist Suomi Finland
herkkutatti (fi) — Boletus edulis	herkkutatti (fi)		2025-09-01	Jyväskylä	Pohjois-Häme (PH)	Suomi	62.35749	25.49843		NEUTRAL	iNaturalist Suomi Finland
herkkutatti (fi) — Boletus edulis	herkkutatti (fi)		2025-09-01	Savonlinna	Etelä-Savo (ES)	Suomi	62.04221	29.10372		COMMUNITY_VERIFIED	iNaturalist Suomi Finland
herkkutatti (fi) — Boletus edulis	herkkutatti (fi)		2025-08-31	Vihti	Varsinais-Suomi (V)	Suomi	60.36752	24.46288		COMMUNITY_VERIFIED	iNaturalist Suomi Finland
herkkutatti (fi) — Boletus edulis	herkkutatti (fi)		2025-08-31	Savonlinna	Etelä-Savo (ES)	Suomi	61.87777	28.86162		NEUTRAL	iNaturalist Suomi Finland
herkkutatti (fi) — Boletus edulis	herkkutatti (fi)		2025-08-31	Turku	Varsinais-Suomi (V)	Suomi	60.53249	22.35696		COMMUNITY_VERIFIED	iNaturalist Suomi Finland
herkkutatti (fi) — Boletus edulis	herkkutatti (fi)		2025-08-31	Kotka	Etelä-Karjala (EK)	Suomi	60.45692	26.94209		COMMUNITY_VERIFIED	iNaturalist Suomi Finland
herkkutatti (fi) — Boletus edulis	herkkutatti (fi)		2025-08-31	Lieksa	Pohjois-Karjala (PK)	Suomi	63.12022	30.73138		COMMUNITY_VERIFIED	iNaturalist Suomi Finland
herkkutatti (fi) — Boletus edulis	herkkutatti (fi)		2025-08-31	Hattula	Etelä-Häme (EH)	Suomi	60.93317	24.14428		COMMUNITY_VERIFIED	iNaturalist Suomi Finland
herkkutatti (fi) — Boletus edulis	herkkutatti (fi)		2025-08-31	Lahti	Etelä-Häme (EH)	Suomi	60.98589	25.6848		COMMUNITY_VERIFIED	iNaturalist Suomi Finland
herkkutatti (fi) — Boletus edulis	herkkutatti (fi)		2025-08-31	Tammela	Etelä-Häme (EH)	Suomi	60.87537	23.75256		COMMUNITY_VERIFIED	iNaturalist Suomi Finland
herkkutatti (fi) — Boletus edulis	herkkutatti (fi)		2025-08-31	Turku	Varsinais-Suomi (V)	Suomi	60.42294	22.26898		COMMUNITY_VERIFIED	iNaturalist Suomi Finland
herkkutatti (fi) — Boletus edulis	herkkutatti (fi)		2025-08-31	Savonlinna	Etelä-Savo (ES)	Suomi	61.87704	28.86788		COMMUNITY_VERIFIED	iNaturalist Suomi Finland
herkkutatti (fi) — Boletus edulis	herkkutatti (fi)		2025-08-31	Savonlinna	Etelä-Savo (ES)	Suomi	61.87781	28.86236		COMMUNITY_VERIFIED	iNaturalist Suomi Finland
herkkutatti (fi) — Boletus edulis	herkkutatti (fi)		2025-08-31	Hanko	Uusimaa (U)	Suomi	59.89136	23.213064	Sure	NEUTRAL	The Atlas of Finnish Fungi
herkkutatti (fi) — Boletus edulis	herkkutatti (fi)		2025-08-30	Espoo, Kauniainen	Uusimaa (U)	Suomi	60.2136	24.69164		COMMUNITY_VERIFIED	iNaturalist Suomi Finland
herkkutatti (fi) — Boletus edulis	herkkutatti (fi)		2025-08-30	Liminka	Oulun Pohjanmaa (OP)	Suomi	64.77197	25.40081		COMMUNITY_VERIFIED	iNaturalist Suomi Finland
herkkutatti (fi) — Boletus edulis	herkkutatti (fi)		2025-08-30	Espoo, Kauniainen	Uusimaa (U)	Suomi	60.21224	24.69178		COMMUNITY_VERIFIED	iNaturalist Suomi Finland
herkkutatti (fi) — Boletus edulis	herkkutatti (fi)		2025-08-30	Espoo, Kauniainen	Uusimaa (U)	Suomi	60.21232	24.69134		COMMUNITY_VERIFIED	iNaturalist Suomi Finland
herkkutatti (fi) — Boletus edulis	herkkutatti (fi)		2025-08-30	Parainen	Varsinais-Suomi (V)	Suomi	60.15683	21.30004		NEUTRAL	iNaturalist Suomi Finland
herkkutatti (fi) — Boletus edulis	herkkutatti (fi)		2025-08-30	Helsinki	Uusimaa (U)	Suomi	60.27579	25.20881		COMMUNITY_VERIFIED	iNaturalist Suomi Finland
herkkutatti (fi) — Boletus edulis	herkkutatti (fi)		2025-08-30	Espoo, Kauniainen	Uusimaa (U)	Suomi	60.21472	24.69891		COMMUNITY_VERIFIED	iNaturalist Suomi Finland
herkkutatti (fi) — Boletus edulis	herkkutatti (fi)		2025-08-30	Alajärvi	Keski-Pohjanmaa (KP)	Suomi	62.85087	23.84341		COMMUNITY_VERIFIED	iNaturalist Suomi Finland
herkkutatti (fi) — Boletus edulis	herkkutatti (fi)		2025-08-30	Kuhmoinen	Etelä-Häme (EH)	Suomi	61.46799	25.06362		COMMUNITY_VERIFIED	iNaturalist Suomi Finland
herkkutatti (fi) — Boletus edulis	herkkutatti (fi)	3	2025-08-29 [12:12]	Rautalampi	Pohjois-Häme (PH)	Suomi	62.585377	26.640304	Sure	NEUTRAL	The Atlas of Finnish Fungi
herkkutatti (fi) — Boletus edulis	herkkutatti (fi)		2025-08-28	Imatra	Etelä-Savo (ES)	Suomi	61.20556	28.72528		COMMUNITY_VERIFIED	iNaturalist Suomi Finland
herkkutatti (fi) — Boletus edulis	herkkutatti (fi)		2025-08-28	Imatra	Etelä-Savo (ES)	Suomi	61.20895	28.7466		COMMUNITY_VERIFIED	iNaturalist Suomi Finland
herkkutatti (fi) — Boletus edulis	herkkutatti (fi)		2025-08-28	Mustasaari	Etelä-Pohjanmaa (EP)	Suomi	63.28846	21.77168		COMMUNITY_VERIFIED	iNaturalist Suomi Finland
herkkutatti (fi) — Boletus edulis	herkkutatti (fi)		2025-08-28	Kirkkonummi	Uusimaa (U)	Suomi	60.28713	24.44967		NEUTRAL	iNaturalist Suomi Finland
herkkutatti (fi) — Boletus edulis	herkkutatti (fi)		2025-08-28	Lahti	Etelä-Häme (EH)	Suomi	60.97969	25.57516		NEUTRAL	iNaturalist Suomi Finland
herkkutatti (fi) — Boletus edulis	herkkutatti (fi)	1	2025-08-27	Raasepori	Varsinais-Suomi (V)	Suomi	59.988744	23.202667	Sure	NEUTRAL	Notebook, general observations
herkkutatti (fi) — Boletus edulis	herkkutatti (fi)		2025-08-26	Sipoo	Uusimaa (U)	Suomi	60.33133	25.15393		COMMUNITY_VERIFIED	iNaturalist Suomi Finland
herkkutatti (fi) — Boletus edulis	herkkutatti (fi)		2025-08-26	Savukoski	Sompion Lappi (SoL)	Suomi	67.60787	28.60736		COMMUNITY_VERIFIED	iNaturalist Suomi Finland
herkkutatti (fi) — Boletus edulis	herkkutatti (fi)		2025-08-26	Hollola	Etelä-Häme (EH)	Suomi	60.99079	25.48023		COMMUNITY_VERIFIED	iNaturalist Suomi Finland
herkkutatti (fi) — Boletus edulis	herkkutatti (fi)		2025-08-26	Hollola	Etelä-Häme (EH)	Suomi	61.042554	25.473924	Sure	NEUTRAL	The Atlas of Finnish Fungi
herkkutatti (fi) — Boletus edulis	herkkutatti (fi)	2	2025-08-26	Raasepori	Varsinais-Suomi (V)	Suomi	60.111293	23.547046	Sure	NEUTRAL	Notebook, general observations
herkkutatti (fi) — Boletus edulis	herkkutatti (fi)	X	2025-08-26 [12:22-15:13]	Espoo	Uusimaa (U)	Suomi	60.102784	24.670313	Sure	NEUTRAL	Noteworthy macrofungi - complete lists
herkkutatti (fi) — Boletus edulis	herkkutatti (fi)	1	2025-08-25	Ylöjärvi	Satakunta (St)	Suomi	61.683376	23.436657	Sure	NEUTRAL	The Atlas of Finnish Fungi
herkkutatti (fi) — Boletus edulis	herkkutatti (fi)	Muutamia	2025-08-24	Tuusula	Uusimaa (U)	Suomi	60.499085	24.997319	Sure	NEUTRAL	Notebook, general observations
herkkutatti (fi) — Boletus edulis	herkkutatti (fi)		2025-08-24	Helsinki	Uusimaa (U)	Suomi	60.23394	24.8787		COMMUNITY_VERIFIED	iNaturalist Suomi Finland
herkkutatti (fi) — Boletus edulis	herkkutatti (fi)		2025-08-24 [7:28-18:13]	Kaarina	Varsinais-Suomi (V)	Suomi	60.404097	22.284527	Sure	NEUTRAL	The Atlas of Finnish Fungi
herkkutatti (fi) — Boletus edulis	herkkutatti (fi)		2025-08-24	Kustavi	Varsinais-Suomi (V)	Suomi	60.549723	21.30792		NEUTRAL	Löydös Open Finnish Observation Database
herkkutatti (fi) — Boletus edulis	herkkutatti (fi)		2025-08-24	Saltvik	Ahvenanmaa (A)	Suomi	60.31188	19.93944		NEUTRAL	iNaturalist Suomi Finland
herkkutatti (fi) — Boletus edulis	herkkutatti (fi)		2025-08-23	Hyvinkää	Uusimaa (U)	Suomi	60.66853	25.04812		COMMUNITY_VERIFIED	iNaturalist Suomi Finland
herkkutatti (fi) — Boletus edulis	herkkutatti (fi)		2025-08-23	Helsinki	Uusimaa (U)	Suomi	60.22491	24.97298		COMMUNITY_VERIFIED	iNaturalist Suomi Finland
herkkutatti (fi) — Boletus edulis	herkkutatti (fi)		2025-08-23	Helsinki	Uusimaa (U)	Suomi	60.21325	25.03421		COMMUNITY_VERIFIED	iNaturalist Suomi Finland
herkkutatti (fi) — Boletus edulis	herkkutatti (fi)		2025-08-23	Helsinki	Uusimaa (U)	Suomi	60.21032	25.03494		COMMUNITY_VERIFIED	iNaturalist Suomi Finland
herkkutatti (fi) — Boletus edulis	herkkutatti (fi)		2025-08-23	Hämeenlinna	Etelä-Häme (EH)	Suomi	61.03893	23.98198		COMMUNITY_VERIFIED	iNaturalist Suomi Finland
herkkutatti (fi) — Boletus edulis	herkkutatti (fi)		2025-08-23	Hyvinkää	Uusimaa (U)	Suomi	60.66853	25.04812		COMMUNITY_VERIFIED	iNaturalist Suomi Finland
herkkutatti (fi) — Boletus edulis	herkkutatti (fi)		2025-08-23	Hyvinkää	Uusimaa (U)	Suomi	60.66853	25.04812		COMMUNITY_VERIFIED	iNaturalist Suomi Finland
herkkutatti (fi) — Boletus edulis	herkkutatti (fi)	12	2025-08-23	Ruovesi	Etelä-Häme (EH)	Suomi	61.999727	23.960812	Sure	NEUTRAL	The Atlas of Finnish Fungi
herkkutatti (fi) — Boletus edulis	herkkutatti (fi)		2025-08-23 [9:01-11:08]	Tampere	Etelä-Häme (EH)	Suomi	61.468587	23.814413	Sure	NEUTRAL	Notebook, general observations
herkkutatti (fi) — Boletus edulis	herkkutatti (fi)		2025-08-22	Raisio	Varsinais-Suomi (V)	Suomi	60.49793	22.20263		COMMUNITY_VERIFIED	iNaturalist Suomi Finland
herkkutatti (fi) — Boletus edulis	herkkutatti (fi)	1	2025-08-20	Ylöjärvi	Etelä-Häme (EH)	Suomi	61.54517	23.540952	Sure	NEUTRAL	The Atlas of Finnish Fungi
herkkutatti (fi) — Boletus edulis	herkkutatti (fi)		2025-08-20	Rautalampi	Pohjois-Häme (PH)	Suomi	62.64575	26.82963		COMMUNITY_VERIFIED	iNaturalist Suomi Finland
herkkutatti (fi) — Boletus edulis	herkkutatti (fi)		2025-08-20	Heinola	Etelä-Häme (EH)	Suomi	61.22678	26.02114		NEUTRAL	iNaturalist Suomi Finland
herkkutatti (fi) — Boletus edulis	herkkutatti (fi)		2025-08-19	Espoo	Uusimaa (U)	Suomi	60.31443	24.53146		COMMUNITY_VERIFIED	iNaturalist Suomi Finland
herkkutatti (fi) — Boletus edulis	herkkutatti (fi)		2025-08-19	Ruovesi	Etelä-Häme (EH)	Suomi	61.99632	24.32527		COMMUNITY_VERIFIED	iNaturalist Suomi Finland
herkkutatti (fi) — Boletus edulis	herkkutatti (fi)		2025-08-19	Porvoo	Uusimaa (U)	Suomi	60.37302	25.71519		COMMUNITY_VERIFIED	iNaturalist Suomi Finland
herkkutatti (fi) — Boletus edulis	herkkutatti (fi)	few	2025-08-18	Enontekiö	Enontekiön Lappi (EnL)	Suomi	69.046707	20.810464	Sure	NEUTRAL	The Atlas of Finnish Fungi
herkkutatti (fi) — Boletus edulis	herkkutatti (fi)		2025-08-18	Helsinki	Uusimaa (U)	Suomi	60.23931	24.95925		NEUTRAL	iNaturalist Suomi Finland
herkkutatti (fi) — Boletus edulis	herkkutatti (fi)		2025-08-18	Hämeenlinna	Etelä-Häme (EH)	Suomi	60.99216	24.53467		COMMUNITY_VERIFIED	iNaturalist Suomi Finland
herkkutatti (fi) — Boletus edulis	herkkutatti (fi)		2025-08-18	Alajärvi	Keski-Pohjanmaa (KP)	Suomi	63.05852	23.70345		NEUTRAL	iNaturalist Suomi Finland
herkkutatti (fi) — Boletus edulis	herkkutatti (fi)	1	2025-08-17	Ylöjärvi	Satakunta (St)	Suomi	61.70007	23.251145	Sure	NEUTRAL	The Atlas of Finnish Fungi
herkkutatti (fi) — Boletus edulis	herkkutatti (fi)		2025-08-17	Helsinki, Kerava, Sipoo, Tuusula, Vantaa	Uusimaa (U)	Suomi	60.3	25.1		COMMUNITY_VERIFIED	iNaturalist Suomi Finland
herkkutatti (fi) — Boletus edulis	herkkutatti (fi)		2025-08-17	Hollola	Etelä-Häme (EH)	Suomi	61.020208	25.518365	Sure	NEUTRAL	The Atlas of Finnish Fungi
herkkutatti (fi) — Boletus edulis	herkkutatti (fi)	2	2025-08-16 - 2025-08-18	Enontekiö	Enontekiön Lappi (EnL)	Suomi	69.050837	20.801188	Sure	NEUTRAL	The Atlas of Finnish Fungi
herkkutatti (fi) — Boletus edulis	herkkutatti (fi)	1	2025-08-16 [6:43-8:59]	Turku	Varsinais-Suomi (V)	Suomi	60.504206	22.278098	Sure	NEUTRAL	The Atlas of Finnish Fungi
herkkutatti (fi) — Boletus edulis	herkkutatti (fi)	1	2025-08-16	Hämeenkyrö	Satakunta (St)	Suomi	61.660967	23.469181	Sure	NEUTRAL	The Atlas of Finnish Fungi
herkkutatti (fi) — Boletus edulis	herkkutatti (fi)		2025-08-16	Inari	Inarin Lappi (InL)	Suomi	69.13045	27.23954		COMMUNITY_VERIFIED	iNaturalist Suomi Finland
herkkutatti (fi) — Boletus edulis	herkkutatti (fi)	3	2025-08-16	Inari, Sodankylä	Inarin Lappi (InL), Sompion Lappi (SoL)	Suomi	68.363828	27.640636	Sure	NEUTRAL	The Atlas of Finnish Fungi
herkkutatti (fi) — Boletus edulis	herkkutatti (fi)		2025-08-16 [10:53]	Tampere	Etelä-Häme (EH)	Suomi	61.464384	23.812087	Sure	NEUTRAL	Notebook, general observations
herkkutatti (fi) — Boletus edulis	herkkutatti (fi)		2025-08-15	Kirkkonummi	Uusimaa (U)	Suomi	60.15571	24.56404		COMMUNITY_VERIFIED	iNaturalist Suomi Finland
herkkutatti (fi) — Boletus edulis	herkkutatti (fi)		2025-08-15	Espoo	Uusimaa (U)	Suomi	60.24793	24.60632		COMMUNITY_VERIFIED	iNaturalist Suomi Finland
herkkutatti (fi) — Boletus edulis	herkkutatti (fi)		2025-08-14 [15:13-17:45]	Salo	Varsinais-Suomi (V)	Suomi	60.431799	23.019753	Sure	NEUTRAL	The Atlas of Finnish Fungi
herkkutatti (fi) — Boletus edulis	herkkutatti (fi)		2025-08-14	Helsinki	Uusimaa (U)	Suomi	60.2175	24.9181		COMMUNITY_VERIFIED	iNaturalist Suomi Finland
herkkutatti (fi) — Boletus edulis	herkkutatti (fi)		2025-08-14	Porvoo	Uusimaa (U)	Suomi	60.37795	25.65677		COMMUNITY_VERIFIED	iNaturalist Suomi Finland
herkkutatti (fi) — Boletus edulis	herkkutatti (fi)		2025-08-11 - 2025-08-17	Vantaa	Uusimaa (U)	Suomi	60.298374	24.831743	Sure	NEUTRAL	The Atlas of Finnish Fungi
herkkutatti (fi) — Boletus edulis	herkkutatti (fi)		2025-08-11 [12:01]	Utsjoki	Inarin Lappi (InL)	Suomi	69.649159	27.098189	Sure	NEUTRAL	Notebook, general observations
herkkutatti (fi) — Boletus edulis	herkkutatti (fi)		2025-08-05	Porvoo	Uusimaa (U)	Suomi	60.16976	25.43118		COMMUNITY_VERIFIED	iNaturalist Suomi Finland
herkkutatti (fi) — Boletus edulis	herkkutatti (fi)		2025-07-20	Lapinjärvi	Uusimaa (U)	Suomi	60.67666	26.01941		NEUTRAL	iNaturalist Suomi Finland
herkkutatti (fi) — Boletus edulis	herkkutatti (fi)		2025-07-14 [12:57-13:34]	Salo	Varsinais-Suomi (V)	Suomi	60.325176	23.53335	Sure	NEUTRAL	The Atlas of Finnish Fungi
herkkutatti (fi) — Boletus edulis	herkkutatti (fi)	yksitellen	2025-07-13	Porvoo	Uusimaa (U)	Suomi	60.393085	25.646909	Sure	NEUTRAL	The Atlas of Finnish Fungi
herkkutatti (fi) — Boletus edulis	herkkutatti (fi)	2	2025-07-12	Hämeenkyrö	Satakunta (St)	Suomi	61.661237	23.463932	Sure	NEUTRAL	The Atlas of Finnish Fungi
herkkutatti (fi) — Boletus edulis	herkkutatti (fi)		2025-07-12	Enontekiö	Enontekiön Lappi (EnL)	Suomi	68.33453	22.93476		COMMUNITY_VERIFIED	iNaturalist Suomi Finland
herkkutatti (fi) — Boletus edulis	herkkutatti (fi)		2025-07-12	Helsinki	Uusimaa (U)	Suomi	60.20551	25.1607		COMMUNITY_VERIFIED	iNaturalist Suomi Finland
herkkutatti (fi) — Boletus edulis	herkkutatti (fi)		2025-07-11	Kuopio	Pohjois-Savo (PS)	Suomi	62.82247	28.19516		NEUTRAL	iNaturalist Suomi Finland
herkkutatti (fi) — Boletus edulis	herkkutatti (fi)	1	2025-07-08	Hämeenkyrö	Satakunta (St)	Suomi	61.660967	23.469181	Sure	NEUTRAL	The Atlas of Finnish Fungi
herkkutatti (fi) — Boletus edulis	herkkutatti (fi)	yksi	2025-07-08 - 2025-07-10	Suomussalmi	Kainuu (Kn)	Suomi	65.467654	29.535367	Sure	NEUTRAL	The Atlas of Finnish Fungi
herkkutatti (fi) — Boletus edulis	herkkutatti (fi)		2025-07-04 - 2025-07-12	Vantaa	Uusimaa (U)	Suomi	60.253384	24.787594	Sure	NEUTRAL	The Atlas of Finnish Fungi
herkkutatti (fi) — Boletus edulis	herkkutatti (fi)		2025-07-03	Espoo	Uusimaa (U)	Suomi	60.254647	24.60232	Sure	NEUTRAL	The Atlas of Finnish Fungi
herkkutatti (fi) — Boletus edulis	herkkutatti (fi)	useita	2025-06-28 - 2025-08-03	Loviisa	Uusimaa (U)	Suomi	60.547722	26.136942	Sure	NEUTRAL	The Atlas of Finnish Fungi
herkkutatti (fi) — Boletus edulis	herkkutatti (fi)	1	2025-06-27	Akaa	Etelä-Häme (EH)	Suomi	61.175548	23.895031	Sure	NEUTRAL	Notebook, general observations
herkkutatti (fi) — Boletus edulis	herkkutatti (fi)		2025-06-21	Hanko	Uusimaa (U)	Suomi	59.82445	22.98276		NEUTRAL	iNaturalist Suomi Finland
herkkutatti (fi) — Boletus edulis	herkkutatti (fi)		2024-10-27	Sipoo	Uusimaa (U)	Suomi	60.460447	25.188062	Sure	NEUTRAL	The Atlas of Finnish Fungi
herkkutatti (fi) — Boletus edulis	herkkutatti (fi)		2024-10-26	Lahti	Etelä-Häme (EH)	Suomi	60.98826	25.653564	Sure	NEUTRAL	The Atlas of Finnish Fungi
herkkutatti (fi) — Boletus edulis	herkkutatti (fi)		2024-10-25	Kirkkonummi	Uusimaa (U)	Suomi	60.10733	24.487		COMMUNITY_VERIFIED	iNaturalist Suomi Finland
herkkutatti (fi) — Boletus edulis	herkkutatti (fi)		2024-10-15	Helsinki	Uusimaa (U)	Suomi	60.17948	25.06611		COMMUNITY_VERIFIED	iNaturalist Suomi Finland
herkkutatti (fi) — Boletus edulis	herkkutatti (fi)		2024-10-13	Sipoo	Uusimaa (U)	Suomi	60.30269	25.20209		COMMUNITY_VERIFIED	iNaturalist Suomi Finland
herkkutatti (fi) — Boletus edulis	herkkutatti (fi)		2024-10-13	Porvoo	Uusimaa (U)	Suomi	60.37131	25.55407		COMMUNITY_VERIFIED	iNaturalist Suomi Finland
herkkutatti (fi) — Boletus edulis	herkkutatti (fi)		2024-10-13 [15:09-17:23]	Tampere	Etelä-Häme (EH)	Suomi	61.472342	23.806064	Sure	NEUTRAL	The Atlas of Finnish Fungi
herkkutatti (fi) — Boletus edulis	herkkutatti (fi)		2024-10-12 - 2024-10-16	Porvoo	Uusimaa (U)	Suomi	60.277159	25.807582	Sure	NEUTRAL	The Atlas of Finnish Fungi
herkkutatti (fi) — Boletus edulis	herkkutatti (fi)		2024-10-12	Hanko	Uusimaa (U)	Suomi	59.81355	22.8978		NEUTRAL	iNaturalist Suomi Finland
herkkutatti (fi) — Boletus edulis	herkkutatti (fi)		2024-10-06	Helsinki	Uusimaa (U)	Suomi	60.27755	25.19198		COMMUNITY_VERIFIED	iNaturalist Suomi Finland
herkkutatti (fi) — Boletus edulis	herkkutatti (fi)		2024-10-05	Espoo	Uusimaa (U)	Suomi	60.13111	24.68833		COMMUNITY_VERIFIED	iNaturalist Suomi Finland
herkkutatti (fi) — Boletus edulis	herkkutatti (fi)		2024-10-05	Hollola	Etelä-Häme (EH)	Suomi	60.996107	25.510523	Sure	NEUTRAL	The Atlas of Finnish Fungi
herkkutatti (fi) — Boletus edulis	herkkutatti (fi)		2024-10-02	Vihti	Varsinais-Suomi (V)	Suomi	60.48404	24.42562		COMMUNITY_VERIFIED	iNaturalist Suomi Finland
herkkutatti (fi) — Boletus edulis	herkkutatti (fi)		2024-10-01	Lohja	Varsinais-Suomi (V)	Suomi	60.25496	23.75093		COMMUNITY_VERIFIED	iNaturalist Suomi Finland
herkkutatti (fi) — Boletus edulis	herkkutatti (fi)		2024-10-01	Helsinki	Uusimaa (U)	Suomi	60.14612	24.88441		COMMUNITY_VERIFIED	iNaturalist Suomi Finland
herkkutatti (fi) — Boletus edulis	herkkutatti (fi)		2024-10-01	Järvenpää	Uusimaa (U)	Suomi	60.48014	25.1164		COMMUNITY_VERIFIED	iNaturalist Suomi Finland
herkkutatti (fi) — Boletus edulis	herkkutatti (fi)		2024-09-30	Hanko	Uusimaa (U)	Suomi	59.859371	23.017273	Sure	NEUTRAL	The Atlas of Finnish Fungi
herkkutatti (fi) — Boletus edulis	herkkutatti (fi)		2024-09-30	Hailuoto	Oulun Pohjanmaa (OP)	Suomi	64.99217	24.66346		COMMUNITY_VERIFIED	iNaturalist Suomi Finland
herkkutatti (fi) — Boletus edulis	herkkutatti (fi)		2024-09-30	Hailuoto	Oulun Pohjanmaa (OP)	Suomi	64.9732	24.63525		COMMUNITY_VERIFIED	iNaturalist Suomi Finland
herkkutatti (fi) — Boletus edulis	herkkutatti (fi)		2024-09-30	Järvenpää	Uusimaa (U)	Suomi	60.4855	25.12584		COMMUNITY_VERIFIED	iNaturalist Suomi Finland
herkkutatti (fi) — Boletus edulis	herkkutatti (fi)	X	2024-09-30 [15:53-17:54]	Espoo	Uusimaa (U)	Suomi	60.286175	24.587261	Sure	NEUTRAL	Noteworthy macrofungi - complete lists
herkkutatti (fi) — Boletus edulis	herkkutatti (fi)		2024-09-29	Kaarina, Kemiönsaari, Paimio, Parainen, Sauvo	Varsinais-Suomi (V)	Suomi	60.3	22.5		COMMUNITY_VERIFIED	iNaturalist Suomi Finland
herkkutatti (fi) — Boletus edulis	herkkutatti (fi)		2024-09-29	Turku	Varsinais-Suomi (V)	Suomi	60.46432	22.31596		COMMUNITY_VERIFIED	iNaturalist Suomi Finland
herkkutatti (fi) — Boletus edulis	herkkutatti (fi)		2024-09-29	Espoo	Uusimaa (U)	Suomi	60.14965	24.74959		COMMUNITY_VERIFIED	iNaturalist Suomi Finland
herkkutatti (fi) — Boletus edulis	herkkutatti (fi)		2024-09-29	Espoo, Helsinki, Nurmijärvi, Tuusula, Vantaa	Uusimaa (U)	Suomi	60.3	24.9		COMMUNITY_VERIFIED	iNaturalist Suomi Finland
herkkutatti (fi) — Boletus edulis	herkkutatti (fi)		2024-09-29	Kaarina	Varsinais-Suomi (V)	Suomi	60.43176	22.51399		COMMUNITY_VERIFIED	iNaturalist Suomi Finland
herkkutatti (fi) — Boletus edulis	herkkutatti (fi)		2024-09-27	Helsinki	Uusimaa (U)	Suomi	60.18736	25.14509		COMMUNITY_VERIFIED	iNaturalist Suomi Finland
herkkutatti (fi) — Boletus edulis	herkkutatti (fi)		2024-09-27	Raisio	Varsinais-Suomi (V)	Suomi	60.47289	22.1726		COMMUNITY_VERIFIED	iNaturalist Suomi Finland
herkkutatti (fi) — Boletus edulis	herkkutatti (fi)		2024-09-26	Porvoo	Uusimaa (U)	Suomi	60.275707	25.795135	Sure	NEUTRAL	The Atlas of Finnish Fungi
herkkutatti (fi) — Boletus edulis	herkkutatti (fi)		2024-09-26	Laitila	Varsinais-Suomi (V)	Suomi	60.8607	21.73787		COMMUNITY_VERIFIED	iNaturalist Suomi Finland
herkkutatti (fi) — Boletus edulis	herkkutatti (fi)		2024-09-26	Kouvola	Etelä-Savo (ES)	Suomi	60.94646	26.81359		COMMUNITY_VERIFIED	iNaturalist Suomi Finland
herkkutatti (fi) — Boletus edulis	herkkutatti (fi)		2024-09-24	Kaarina, Parainen, Turku	Varsinais-Suomi (V)	Suomi	60.3	22.3		COMMUNITY_VERIFIED	iNaturalist Suomi Finland
herkkutatti (fi) — Boletus edulis	herkkutatti (fi)		2024-09-24	Espoo	Uusimaa (U)	Suomi	60.269847	24.64515	Sure	NEUTRAL	The Atlas of Finnish Fungi
herkkutatti (fi) — Boletus edulis	herkkutatti (fi)		2024-09-22	Parainen	Varsinais-Suomi (V)	Suomi	60.3	21.3		COMMUNITY_VERIFIED	iNaturalist Suomi Finland
herkkutatti (fi) — Boletus edulis	herkkutatti (fi)		2024-09-22	Naantali, Parainen	Varsinais-Suomi (V)	Suomi	60.3	21.5		COMMUNITY_VERIFIED	iNaturalist Suomi Finland
herkkutatti (fi) — Boletus edulis	herkkutatti (fi)		2024-09-22	Tampere	Etelä-Häme (EH)	Suomi	61.45482	23.84993		NEUTRAL	iNaturalist Suomi Finland
herkkutatti (fi) — Boletus edulis	herkkutatti (fi)		2024-09-21	Kustavi, Parainen	Varsinais-Suomi (V)	Suomi	60.5	21.3		COMMUNITY_VERIFIED	iNaturalist Suomi Finland
herkkutatti (fi) — Boletus edulis	herkkutatti (fi)		2024-09-21	Helsinki	Uusimaa (U)	Suomi	60.23615	25.14756		COMMUNITY_VERIFIED	iNaturalist Suomi Finland
herkkutatti (fi) — Boletus edulis	herkkutatti (fi)		2024-09-21	Vihti	Varsinais-Suomi (V)	Suomi	60.30152	24.49415		COMMUNITY_VERIFIED	iNaturalist Suomi Finland
herkkutatti (fi) — Boletus edulis	herkkutatti (fi)		2024-09-21	Rauma	Satakunta (St)	Suomi	61.12883	21.49369		COMMUNITY_VERIFIED	iNaturalist Suomi Finland
herkkutatti (fi) — Boletus edulis	herkkutatti (fi)		2024-09-21	Vihti	Varsinais-Suomi (V)	Suomi	60.31051	24.22761		COMMUNITY_VERIFIED	iNaturalist Suomi Finland
herkkutatti (fi) — Boletus edulis	herkkutatti (fi)		2024-09-21	Vihti	Varsinais-Suomi (V)	Suomi	60.31042	24.2278		COMMUNITY_VERIFIED	iNaturalist Suomi Finland
herkkutatti (fi) — Boletus edulis	herkkutatti (fi)		2024-09-21	Vihti	Varsinais-Suomi (V)	Suomi	60.31038	24.22792		COMMUNITY_VERIFIED	iNaturalist Suomi Finland
herkkutatti (fi) — Boletus edulis	herkkutatti (fi)		2024-09-21	Vihti	Varsinais-Suomi (V)	Suomi	60.31047	24.22796		NEUTRAL	iNaturalist Suomi Finland
herkkutatti (fi) — Boletus edulis	herkkutatti (fi)		2024-09-20	Lapinlahti	Pohjois-Savo (PS)	Suomi	63.3	27.5		NEUTRAL	iNaturalist Suomi Finland
herkkutatti (fi) — Boletus edulis	herkkutatti (fi)		2024-09-20	Kuhmoinen	Etelä-Häme (EH)	Suomi	61.64573	24.99617		COMMUNITY_VERIFIED	iNaturalist Suomi Finland
herkkutatti (fi) — Boletus edulis	herkkutatti (fi)		2024-09-20	Espoo, Helsinki, Kirkkonummi	Uusimaa (U)	Suomi	60.1	24.7		COMMUNITY_VERIFIED	iNaturalist Suomi Finland
herkkutatti (fi) — Boletus edulis	herkkutatti (fi)		2024-09-20	Kaarina	Varsinais-Suomi (V)	Suomi	60.44437	22.38741		COMMUNITY_VERIFIED	iNaturalist Suomi Finland
herkkutatti (fi) — Boletus edulis	herkkutatti (fi)		2024-09-20	Lieto	Varsinais-Suomi (V)	Suomi	60.58333	22.42616		COMMUNITY_VERIFIED	iNaturalist Suomi Finland
herkkutatti (fi) — Boletus edulis	herkkutatti (fi)		2024-09-20	Kirkkonummi	Uusimaa (U)	Suomi	60.15303	24.36648		COMMUNITY_VERIFIED	iNaturalist Suomi Finland
herkkutatti (fi) — Boletus edulis	herkkutatti (fi)		2024-09-19	Mäntsälä	Uusimaa (U)	Suomi	60.54222	25.11114		COMMUNITY_VERIFIED	iNaturalist Suomi Finland
herkkutatti (fi) — Boletus edulis	herkkutatti (fi)		2024-09-19	Helsinki	Uusimaa (U)	Suomi	60.2337	25.13901		COMMUNITY_VERIFIED	iNaturalist Suomi Finland
herkkutatti (fi) — Boletus edulis	herkkutatti (fi)		2024-09-19	Helsinki	Uusimaa (U)	Suomi	60.23781	25.14281		NEUTRAL	iNaturalist Suomi Finland
herkkutatti (fi) — Boletus edulis	herkkutatti (fi)		2024-09-19	Turku	Varsinais-Suomi (V)	Suomi	60.42108	22.33307		COMMUNITY_VERIFIED	iNaturalist Suomi Finland
herkkutatti (fi) — Boletus edulis	herkkutatti (fi)		2024-09-19	Kirkkonummi	Uusimaa (U)	Suomi	60.15825	24.52522		COMMUNITY_VERIFIED	iNaturalist Suomi Finland
herkkutatti (fi) — Boletus edulis	herkkutatti (fi)		2024-09-18	Mynämäki	Varsinais-Suomi (V)	Suomi	60.69425	22.00876		COMMUNITY_VERIFIED	iNaturalist Suomi Finland
herkkutatti (fi) — Boletus edulis	herkkutatti (fi)		2024-09-18	Mynämäki	Varsinais-Suomi (V)	Suomi	60.69422	22.00682		COMMUNITY_VERIFIED	iNaturalist Suomi Finland
herkkutatti (fi) — Boletus edulis	herkkutatti (fi)		2024-09-18	Mynämäki	Varsinais-Suomi (V)	Suomi	60.69396	22.00874		COMMUNITY_VERIFIED	iNaturalist Suomi Finland
herkkutatti (fi) — Boletus edulis	herkkutatti (fi)		2024-09-18	Muurame	Etelä-Häme (EH)	Suomi	62.20213	25.53712		COMMUNITY_VERIFIED	iNaturalist Suomi Finland
herkkutatti (fi) — Boletus edulis	herkkutatti (fi)		2024-09-18	Turku	Varsinais-Suomi (V)	Suomi	60.3525	22.22156		COMMUNITY_VERIFIED	iNaturalist Suomi Finland
herkkutatti (fi) — Boletus edulis	herkkutatti (fi)		2024-09-18	Sipoo	Uusimaa (U)	Suomi	60.26116	25.31392		COMMUNITY_VERIFIED	iNaturalist Suomi Finland
herkkutatti (fi) — Boletus edulis	herkkutatti (fi)		2024-09-18	Tammela	Etelä-Häme (EH)	Suomi	60.7639	23.87756		COMMUNITY_VERIFIED	iNaturalist Suomi Finland
herkkutatti (fi) — Boletus edulis	herkkutatti (fi)		2024-09-17	Lapinlahti	Pohjois-Savo (PS)	Suomi	63.3	27.5		NEUTRAL	iNaturalist Suomi Finland
herkkutatti (fi) — Boletus edulis	herkkutatti (fi)		2024-09-17	Lapinlahti	Pohjois-Savo (PS)	Suomi	63.36101	27.40273		NEUTRAL	iNaturalist Suomi Finland
herkkutatti (fi) — Boletus edulis	herkkutatti (fi)		2024-09-17	Lapinlahti	Pohjois-Savo (PS)	Suomi	63.3	27.5		NEUTRAL	iNaturalist Suomi Finland
herkkutatti (fi) — Boletus edulis	herkkutatti (fi)		2024-09-17	Lapinlahti	Pohjois-Savo (PS)	Suomi	63.36064	27.3991		NEUTRAL	iNaturalist Suomi Finland
herkkutatti (fi) — Boletus edulis	herkkutatti (fi)		2024-09-17	Lapinlahti	Pohjois-Savo (PS)	Suomi	63.3	27.5		NEUTRAL	iNaturalist Suomi Finland
herkkutatti (fi) — Boletus edulis	herkkutatti (fi)		2024-09-17	Lapinlahti	Pohjois-Savo (PS)	Suomi	63.3	27.5		NEUTRAL	iNaturalist Suomi Finland
herkkutatti (fi) — Boletus edulis	herkkutatti (fi)		2024-09-17	Sastamala	Satakunta (St)	Suomi	61.37791	22.93749		COMMUNITY_VERIFIED	iNaturalist Suomi Finland
herkkutatti (fi) — Boletus edulis	herkkutatti (fi)		2024-09-17	Espoo	Uusimaa (U)	Suomi	60.22846	24.57646		NEUTRAL	iNaturalist Suomi Finland
herkkutatti (fi) — Boletus edulis	herkkutatti (fi)		2024-09-17	Kaarina, Kemiönsaari, Paimio, Parainen, Sauvo	Varsinais-Suomi (V)	Suomi	60.3	22.5		COMMUNITY_VERIFIED	iNaturalist Suomi Finland
herkkutatti (fi) — Boletus edulis	herkkutatti (fi)		2024-09-17	Kaarina, Kemiönsaari, Paimio, Parainen, Sauvo	Varsinais-Suomi (V)	Suomi	60.3	22.5		COMMUNITY_VERIFIED	iNaturalist Suomi Finland
herkkutatti (fi) — Boletus edulis	herkkutatti (fi)		2024-09-16 [16:27-19:09]	Salo	Varsinais-Suomi (V)	Suomi	60.094944	22.870806	Sure	NEUTRAL	The Atlas of Finnish Fungi
herkkutatti (fi) — Boletus edulis	herkkutatti (fi)		2024-09-16	Helsinki	Uusimaa (U)	Suomi	60.26288	24.89027		COMMUNITY_VERIFIED	iNaturalist Suomi Finland
herkkutatti (fi) — Boletus edulis	herkkutatti (fi)		2024-09-15	Vantaa	Uusimaa (U)	Suomi	60.29252	25.14627		COMMUNITY_VERIFIED	iNaturalist Suomi Finland
herkkutatti (fi) — Boletus edulis	herkkutatti (fi)		2024-09-15	Oulu	Oulun Pohjanmaa (OP)	Suomi	65.01924	25.65194		COMMUNITY_VERIFIED	iNaturalist Suomi Finland
herkkutatti (fi) — Boletus edulis	herkkutatti (fi)		2024-09-15	Oulu	Oulun Pohjanmaa (OP)	Suomi	65.02467	25.64343		COMMUNITY_VERIFIED	iNaturalist Suomi Finland
herkkutatti (fi) — Boletus edulis	herkkutatti (fi)		2024-09-15	Oulu	Oulun Pohjanmaa (OP)	Suomi	65.0225	25.63005		COMMUNITY_VERIFIED	iNaturalist Suomi Finland
herkkutatti (fi) — Boletus edulis	herkkutatti (fi)		2024-09-15	Kirkkonummi	Uusimaa (U)	Suomi	60.06692	24.38533		COMMUNITY_VERIFIED	iNaturalist Suomi Finland
herkkutatti (fi) — Boletus edulis	herkkutatti (fi)		2024-09-15 [13:51-15:53]	Tampere	Etelä-Häme (EH)	Suomi	61.465922	23.811964	Sure	NEUTRAL	The Atlas of Finnish Fungi
herkkutatti (fi) — Boletus edulis	herkkutatti (fi)		2024-09-14	Lapinlahti	Pohjois-Savo (PS)	Suomi	63.36645	27.40968		NEUTRAL	iNaturalist Suomi Finland
herkkutatti (fi) — Boletus edulis	herkkutatti (fi)		2024-09-14	Vehmaa	Varsinais-Suomi (V)	Suomi	60.74542	21.75615		COMMUNITY_VERIFIED	iNaturalist Suomi Finland
herkkutatti (fi) — Boletus edulis	herkkutatti (fi)		2024-09-14	Kemiönsaari, Paimio, Salo, Sauvo	Varsinais-Suomi (V)	Suomi	60.3	22.9		COMMUNITY_VERIFIED	iNaturalist Suomi Finland
herkkutatti (fi) — Boletus edulis	herkkutatti (fi)		2024-09-14	Iisalmi	Pohjois-Savo (PS)	Suomi	63.5649	27.19747		COMMUNITY_VERIFIED	iNaturalist Suomi Finland
herkkutatti (fi) — Boletus edulis	herkkutatti (fi)		2024-09-14	Toivakka	Pohjois-Häme (PH)	Suomi	62.13739	26.1642		COMMUNITY_VERIFIED	iNaturalist Suomi Finland
herkkutatti (fi) — Boletus edulis	herkkutatti (fi)		2024-09-14	Tuusula	Uusimaa (U)	Suomi	60.393553	25.057653	Sure	NEUTRAL	The Atlas of Finnish Fungi
herkkutatti (fi) — Boletus edulis	herkkutatti (fi)	X	2024-09-14 [8:04-9:22]	Raasepori	Varsinais-Suomi (V)	Suomi	60.041719	23.708709	Sure	NEUTRAL	Noteworthy macrofungi - complete lists
herkkutatti (fi) — Boletus edulis	herkkutatti (fi)		2024-09-13	Imatra	Etelä-Savo (ES)	Suomi	61.20214	28.73641		COMMUNITY_VERIFIED	iNaturalist Suomi Finland
herkkutatti (fi) — Boletus edulis	herkkutatti (fi)	X	2024-09-13 [9:52-13:34]	Helsinki, Sipoo, Vantaa	Uusimaa (U)	Suomi	60.288705	25.191159	Sure	NEUTRAL	Noteworthy macrofungi - complete lists
herkkutatti (fi) — Boletus edulis	herkkutatti (fi)		2024-09-12	Oulu	Oulun Pohjanmaa (OP)	Suomi	65.00354	25.46002		COMMUNITY_VERIFIED	iNaturalist Suomi Finland
herkkutatti (fi) — Boletus edulis	herkkutatti (fi)		2024-09-12	Espoo	Uusimaa (U)	Suomi	60.29285	24.56193		NEUTRAL	iNaturalist Suomi Finland
herkkutatti (fi) — Boletus edulis	herkkutatti (fi)	2	2024-09-11	Pyhäjärvi	Keski-Pohjanmaa (KP)	Suomi	63.77217	26.064937	Sure	NEUTRAL	The Atlas of Finnish Fungi
herkkutatti (fi) — Boletus edulis	herkkutatti (fi)	1	2024-09-09	Rovaniemi	Perä-Pohjanmaa (PeP)	Suomi	66.461538	25.805602	Sure	NEUTRAL	The Atlas of Finnish Fungi
herkkutatti (fi) — Boletus edulis	herkkutatti (fi)		2024-09-09	Mikkeli	Etelä-Savo (ES)	Suomi	61.7	27.3		COMMUNITY_VERIFIED	iNaturalist Suomi Finland
herkkutatti (fi) — Boletus edulis	herkkutatti (fi)	Yksittäin siellä täällä	2024-09-09	Joensuu	Pohjois-Karjala (PK)	Suomi	62.622092	29.658309	Sure	NEUTRAL	The Atlas of Finnish Fungi
herkkutatti (fi) — Boletus edulis	herkkutatti (fi)		2024-09-09	Helsinki	Uusimaa (U)	Suomi	60.26906	25.19133		COMMUNITY_VERIFIED	iNaturalist Suomi Finland
herkkutatti (fi) — Boletus edulis	herkkutatti (fi)		2024-09-08	Rovaniemi	Perä-Pohjanmaa (PeP)	Suomi	66.49899	25.72099		COMMUNITY_VERIFIED	iNaturalist Suomi Finland
herkkutatti (fi) — Boletus edulis	herkkutatti (fi)		2024-09-08	Tyrnävä	Oulun Pohjanmaa (OP)	Suomi	64.83328	25.68814		COMMUNITY_VERIFIED	iNaturalist Suomi Finland
herkkutatti (fi) — Boletus edulis	herkkutatti (fi)		2024-09-08	Kitee	Pohjois-Karjala (PK)	Suomi	62.091103	29.874395	Subspecies unsure	NEUTRAL	The Atlas of Finnish Fungi
herkkutatti (fi) — Boletus edulis	herkkutatti (fi)		2024-09-07	Vihti	Varsinais-Suomi (V)	Suomi	60.322313	24.522986	Sure	NEUTRAL	The Atlas of Finnish Fungi
herkkutatti (fi) — Boletus edulis	herkkutatti (fi)		2024-09-07	Siuntio	Uusimaa (U)	Suomi	60.08054	24.2953		COMMUNITY_VERIFIED	iNaturalist Suomi Finland
herkkutatti (fi) — Boletus edulis	herkkutatti (fi)		2024-09-07	Rovaniemi	Perä-Pohjanmaa (PeP)	Suomi	66.49869	25.74422		COMMUNITY_VERIFIED	iNaturalist Suomi Finland
herkkutatti (fi) — Boletus edulis	herkkutatti (fi)		2024-09-07	Helsinki	Uusimaa (U)	Suomi	60.20069	25.16603		COMMUNITY_VERIFIED	iNaturalist Suomi Finland
herkkutatti (fi) — Boletus edulis	herkkutatti (fi)		2024-09-07	Tervola	Perä-Pohjanmaa (PeP)	Suomi	66.13444	25.01337		COMMUNITY_VERIFIED	iNaturalist Suomi Finland
herkkutatti (fi) — Boletus edulis	herkkutatti (fi)		2024-09-07	Helsinki	Uusimaa (U)	Suomi	60.19955	25.16432		COMMUNITY_VERIFIED	iNaturalist Suomi Finland
herkkutatti (fi) — Boletus edulis	herkkutatti (fi)		2024-09-06	Siuntio	Uusimaa (U)	Suomi	60.05798	24.29085		COMMUNITY_VERIFIED	iNaturalist Suomi Finland
herkkutatti (fi) — Boletus edulis	herkkutatti (fi)		2024-09-06	Siuntio	Uusimaa (U)	Suomi	60.13413	24.3407		COMMUNITY_VERIFIED	iNaturalist Suomi Finland
herkkutatti (fi) — Boletus edulis	herkkutatti (fi)		2024-09-05	Lapinlahti	Pohjois-Savo (PS)	Suomi	63.21027	27.51903		NEUTRAL	iNaturalist Suomi Finland
herkkutatti (fi) — Boletus edulis	herkkutatti (fi)		2024-09-05	Siilinjärvi	Pohjois-Savo (PS)	Suomi	63.17786	27.62817		COMMUNITY_VERIFIED	iNaturalist Suomi Finland
herkkutatti (fi) — Boletus edulis	herkkutatti (fi)		2024-09-05	Iisalmi	Pohjois-Savo (PS)	Suomi	63.64626	27.17151		COMMUNITY_VERIFIED	iNaturalist Suomi Finland
herkkutatti (fi) — Boletus edulis	herkkutatti (fi)		2024-09-05 [17:59-19:59]	Savonlinna	Etelä-Savo (ES)	Suomi	61.799596	29.332177	Sure	NEUTRAL	The Atlas of Finnish Fungi
herkkutatti (fi) — Boletus edulis	herkkutatti (fi)		2024-09-05	Oulu	Oulun Pohjanmaa (OP)	Suomi	65.0564	25.47902		COMMUNITY_VERIFIED	iNaturalist Suomi Finland
herkkutatti (fi) — Boletus edulis	herkkutatti (fi)		2024-09-05	Rovaniemi	Perä-Pohjanmaa (PeP)	Suomi	66.48091	25.36307	Sure	NEUTRAL	The Atlas of Finnish Fungi
herkkutatti (fi) — Boletus edulis	herkkutatti (fi)		2024-09-04	Kokkola	Keski-Pohjanmaa (KP)	Suomi	63.84149	23.125		COMMUNITY_VERIFIED	iNaturalist Suomi Finland
herkkutatti (fi) — Boletus edulis	herkkutatti (fi)		2024-09-04	Savonlinna	Etelä-Savo (ES)	Suomi	61.809893	29.305127	Sure	NEUTRAL	The Atlas of Finnish Fungi
herkkutatti (fi) — Boletus edulis	herkkutatti (fi)		2024-09-04	Kempele	Oulun Pohjanmaa (OP)	Suomi	64.89413	25.6206		NEUTRAL	iNaturalist Suomi Finland
herkkutatti (fi) — Boletus edulis	herkkutatti (fi)		2024-09-04	Oulu	Oulun Pohjanmaa (OP)	Suomi	65.06199	25.46499		COMMUNITY_VERIFIED	iNaturalist Suomi Finland
herkkutatti (fi) — Boletus edulis	herkkutatti (fi)		2024-09-04	Oulu	Oulun Pohjanmaa (OP)	Suomi	65.06092	25.46968		COMMUNITY_VERIFIED	iNaturalist Suomi Finland
herkkutatti (fi) — Boletus edulis	herkkutatti (fi)		2024-09-03	Närpiö	Etelä-Pohjanmaa (EP)	Suomi	62.50639	21.2103		COMMUNITY_VERIFIED	iNaturalist Suomi Finland
herkkutatti (fi) — Boletus edulis	herkkutatti (fi)		2024-09-03	Savonlinna	Etelä-Savo (ES)	Suomi	61.8755	28.86037		NEUTRAL	iNaturalist Suomi Finland
herkkutatti (fi) — Boletus edulis	herkkutatti (fi)		2024-09-02	Oulu	Oulun Pohjanmaa (OP)	Suomi	65.01697	25.51254		COMMUNITY_VERIFIED	iNaturalist Suomi Finland
herkkutatti (fi) — Boletus edulis	herkkutatti (fi)		2024-09-02	Oulu	Oulun Pohjanmaa (OP)	Suomi	65.05718	25.46066		COMMUNITY_VERIFIED	iNaturalist Suomi Finland
herkkutatti (fi) — Boletus edulis	herkkutatti (fi)		2024-09-02	Kemijärvi	Perä-Pohjanmaa (PeP)	Suomi	66.65517	27.53309		NEUTRAL	iNaturalist Suomi Finland
herkkutatti (fi) — Boletus edulis	herkkutatti (fi)		2024-09-02	Liperi	Pohjois-Karjala (PK)	Suomi	62.65285	29.22233		COMMUNITY_VERIFIED	iNaturalist Suomi Finland
herkkutatti (fi) — Boletus edulis	herkkutatti (fi)		2024-09-02	Keminmaa	Perä-Pohjanmaa (PeP)	Suomi	65.91053	24.75498		COMMUNITY_VERIFIED	iNaturalist Suomi Finland
herkkutatti (fi) — Boletus edulis	herkkutatti (fi)		2024-09-02	Joroinen	Pohjois-Savo (PS)	Suomi	62.091838	27.775578	Sure	NEUTRAL	The Atlas of Finnish Fungi
herkkutatti (fi) — Boletus edulis	herkkutatti (fi)		2024-09-01	Järvenpää	Uusimaa (U)	Suomi	60.47627	25.15024		COMMUNITY_VERIFIED	iNaturalist Suomi Finland
herkkutatti (fi) — Boletus edulis	herkkutatti (fi)		2024-09-01	Mikkeli	Etelä-Savo (ES)	Suomi	61.45389	27.40605		COMMUNITY_VERIFIED	iNaturalist Suomi Finland
herkkutatti (fi) — Boletus edulis	herkkutatti (fi)	<5	2024-08-31	Mustasaari	Etelä-Pohjanmaa (EP)	Suomi	63.274524	21.617422	Sure	NEUTRAL	The Atlas of Finnish Fungi
herkkutatti (fi) — Boletus edulis	herkkutatti (fi)		2024-08-31	Tampere	Etelä-Häme (EH)	Suomi	61.45548	23.74467		COMMUNITY_VERIFIED	iNaturalist Suomi Finland
herkkutatti (fi) — Boletus edulis	herkkutatti (fi)		2024-08-31	Nokia	Satakunta (St)	Suomi	61.44304	23.29672		NEUTRAL	iNaturalist Suomi Finland
herkkutatti (fi) — Boletus edulis	herkkutatti (fi)		2024-08-30	Jyväskylä	Pohjois-Häme (PH)	Suomi	62.18439	25.74676		NEUTRAL	iNaturalist Suomi Finland
herkkutatti (fi) — Boletus edulis	herkkutatti (fi)		2024-08-29	Espoo	Uusimaa (U)	Suomi	60.29721	24.61706		COMMUNITY_VERIFIED	iNaturalist Suomi Finland
herkkutatti (fi) — Boletus edulis	herkkutatti (fi)	X	2024-08-29 [16:24-17:01]	Kangasniemi	Etelä-Savo (ES)	Suomi	62.10732	26.467174	Sure	NEUTRAL	Noteworthy macrofungi - complete lists
herkkutatti (fi) — Boletus edulis	herkkutatti (fi)		2024-08-27	Lieksa	Pohjois-Karjala (PK)	Suomi	63.08149	29.81691		COMMUNITY_VERIFIED	iNaturalist Suomi Finland
herkkutatti (fi) — Boletus edulis	herkkutatti (fi)		2024-08-27	Mustasaari	Etelä-Pohjanmaa (EP)	Suomi	63.29674	21.74184		COMMUNITY_VERIFIED	iNaturalist Suomi Finland
herkkutatti (fi) — Boletus edulis	herkkutatti (fi)		2024-08-26	Hyvinkää	Uusimaa (U)	Suomi	60.597005	24.787715	Sure	NEUTRAL	The Atlas of Finnish Fungi
herkkutatti (fi) — Boletus edulis	herkkutatti (fi)		2024-08-25	Iisalmi	Pohjois-Savo (PS)	Suomi	63.64397	27.18818		COMMUNITY_VERIFIED	iNaturalist Suomi Finland
herkkutatti (fi) — Boletus edulis	herkkutatti (fi)		2024-08-25	Hausjärvi	Etelä-Häme (EH)	Suomi	60.78647	25.02709		COMMUNITY_VERIFIED	iNaturalist Suomi Finland
herkkutatti (fi) — Boletus edulis	herkkutatti (fi)		2024-08-25	Hausjärvi	Etelä-Häme (EH)	Suomi	60.78647	25.02709		COMMUNITY_VERIFIED	iNaturalist Suomi Finland
herkkutatti (fi) — Boletus edulis	herkkutatti (fi)		2024-08-25	Hamina, Kouvola, Luumäki	Etelä-Karjala (EK), Etelä-Savo (ES)	Suomi	60.9	27.3		COMMUNITY_VERIFIED	iNaturalist Suomi Finland
herkkutatti (fi) — Boletus edulis	herkkutatti (fi)		2024-08-25 [10:23-11:39]	Teuva	Etelä-Pohjanmaa (EP)	Suomi	62.480789	21.636938	Sure	NEUTRAL	The Atlas of Finnish Fungi
herkkutatti (fi) — Boletus edulis	herkkutatti (fi)		2024-08-24	Lappeenranta	Etelä-Savo (ES)	Suomi	61.125392	28.676253	Sure	NEUTRAL	Notebook, general observations
herkkutatti (fi) — Boletus edulis	herkkutatti (fi)		2024-08-24 [15:25-19:07]	Sauvo	Varsinais-Suomi (V)	Suomi	60.264332	22.795615	Sure	NEUTRAL	The Atlas of Finnish Fungi
herkkutatti (fi) — Boletus edulis	herkkutatti (fi)		2024-08-24	Sipoo	Uusimaa (U)	Suomi	60.3091	25.21894		COMMUNITY_VERIFIED	iNaturalist Suomi Finland
herkkutatti (fi) — Boletus edulis	herkkutatti (fi)		2024-08-24	Sipoo	Uusimaa (U)	Suomi	60.30556	25.20876		COMMUNITY_VERIFIED	iNaturalist Suomi Finland
herkkutatti (fi) — Boletus edulis	herkkutatti (fi)		2024-08-24	Savitaipale	Etelä-Savo (ES)	Suomi	61.22256	27.4215		COMMUNITY_VERIFIED	iNaturalist Suomi Finland
herkkutatti (fi) — Boletus edulis	herkkutatti (fi)		2024-08-23	Parikkala	Laatokan Karjala (LK)	Suomi	61.573994	29.330083	Sure	NEUTRAL	Notebook, general observations
herkkutatti (fi) — Boletus edulis	herkkutatti (fi)		2024-08-23	Parikkala	Laatokan Karjala (LK)	Suomi	61.589873	29.359994	Sure	NEUTRAL	Notebook, general observations
herkkutatti (fi) — Boletus edulis	herkkutatti (fi)		2024-08-23	Parikkala	Laatokan Karjala (LK)	Suomi	61.572805	29.332777	Sure	NEUTRAL	Notebook, general observations
herkkutatti (fi) — Boletus edulis	herkkutatti (fi)		2024-08-23	Kuopio, Lapinlahti	Pohjois-Savo (PS)	Suomi	63.3	27.3		COMMUNITY_VERIFIED	iNaturalist Suomi Finland
herkkutatti (fi) — Boletus edulis	herkkutatti (fi)		2024-08-22	Luumäki	Etelä-Savo (ES)	Suomi	61.039609	27.220773	Sure	NEUTRAL	Notebook, general observations
herkkutatti (fi) — Boletus edulis	herkkutatti (fi)		2024-08-22	Kouvola	Etelä-Savo (ES)	Suomi	61.089949	26.940321	Sure	NEUTRAL	Notebook, general observations
herkkutatti (fi) — Boletus edulis	herkkutatti (fi)		2024-08-22	Luumäki	Etelä-Savo (ES)	Suomi	60.921988	27.351951	Sure	NEUTRAL	Notebook, general observations
herkkutatti (fi) — Boletus edulis	herkkutatti (fi)		2024-08-22	Helsinki	Uusimaa (U)	Suomi	60.23217	25.08334		NEUTRAL	iNaturalist Suomi Finland
herkkutatti (fi) — Boletus edulis	herkkutatti (fi)		2024-08-22	Helsinki	Uusimaa (U)	Suomi	60.23217	25.08334		NEUTRAL	iNaturalist Suomi Finland
herkkutatti (fi) — Boletus edulis	herkkutatti (fi)		2024-08-22	Lieto	Varsinais-Suomi (V)	Suomi	60.47623	22.38715		COMMUNITY_VERIFIED	iNaturalist Suomi Finland
herkkutatti (fi) — Boletus edulis	herkkutatti (fi)	X	2024-08-22 [18:29-20:31]	Raasepori	Varsinais-Suomi (V)	Suomi	60.041482	23.709086	Sure	NEUTRAL	Noteworthy macrofungi - complete lists
herkkutatti (fi) — Boletus edulis	herkkutatti (fi)	runsas	2024-08-21	Loviisa	Uusimaa (U)	Suomi	60.350113	26.039362	Sure	NEUTRAL	The Atlas of Finnish Fungi
herkkutatti (fi) — Boletus edulis	herkkutatti (fi)		2024-08-21	Pyhäranta	Varsinais-Suomi (V)	Suomi	60.9239	21.49672		COMMUNITY_VERIFIED	iNaturalist Suomi Finland
herkkutatti (fi) — Boletus edulis	herkkutatti (fi)		2024-08-21	Loimaa	Satakunta (St)	Suomi	60.8468	23.04813		COMMUNITY_VERIFIED	iNaturalist Suomi Finland
herkkutatti (fi) — Boletus edulis	herkkutatti (fi)		2024-08-21	Espoo	Uusimaa (U)	Suomi	60.19338	24.59235		COMMUNITY_VERIFIED	iNaturalist Suomi Finland
herkkutatti (fi) — Boletus edulis	herkkutatti (fi)		2024-08-21	Järvenpää	Uusimaa (U)	Suomi	60.4802	25.10961		COMMUNITY_VERIFIED	iNaturalist Suomi Finland
herkkutatti (fi) — Boletus edulis	herkkutatti (fi)		2024-08-21	Loimaa	Satakunta (St)	Suomi	60.84714	23.04867		NEUTRAL	iNaturalist Suomi Finland
herkkutatti (fi) — Boletus edulis	herkkutatti (fi)		2024-08-21	Lieto	Varsinais-Suomi (V)	Suomi	60.50458	22.45018		COMMUNITY_VERIFIED	iNaturalist Suomi Finland
herkkutatti (fi) — Boletus edulis	herkkutatti (fi)		2024-08-21 [15:24-17:10]	Helsinki	Uusimaa (U)	Suomi	60.210377	25.024037	Sure	NEUTRAL	The Atlas of Finnish Fungi
herkkutatti (fi) — Boletus edulis	herkkutatti (fi)		2024-08-20 [14:31-15:57]	Salo	Varsinais-Suomi (V)	Suomi	60.383475	23.166405	Sure	NEUTRAL	The Atlas of Finnish Fungi
herkkutatti (fi) — Boletus edulis	herkkutatti (fi)		2024-08-20	Pieksämäki	Pohjois-Savo (PS)	Suomi	62.38292	27.66324		COMMUNITY_VERIFIED	iNaturalist Suomi Finland
herkkutatti (fi) — Boletus edulis	herkkutatti (fi)		2024-08-19	Naantali	Varsinais-Suomi (V)	Suomi	60.4784	21.94568		COMMUNITY_VERIFIED	iNaturalist Suomi Finland
herkkutatti (fi) — Boletus edulis	herkkutatti (fi)		2024-08-19	Kouvola	Uusimaa (U)	Suomi	60.70695	26.6436		COMMUNITY_VERIFIED	iNaturalist Suomi Finland
herkkutatti (fi) — Boletus edulis	herkkutatti (fi)	2	2024-08-18	Sipoo	Uusimaa (U)	Suomi	60.305561	25.20518	Sure	NEUTRAL	Notebook, general observations
herkkutatti (fi) — Boletus edulis	herkkutatti (fi)		2024-08-18 [13:21-16:28]	Salo	Varsinais-Suomi (V)	Suomi	60.398651	23.095319	Sure	NEUTRAL	The Atlas of Finnish Fungi
herkkutatti (fi) — Boletus edulis	herkkutatti (fi)	X	2024-08-18 [10:08-11:46]	Hausjärvi	Etelä-Häme (EH)	Suomi	60.733816	24.866093	Sure	NEUTRAL	Noteworthy macrofungi - complete lists
herkkutatti (fi) — Boletus edulis	herkkutatti (fi)		2024-08-18	Helsinki	Uusimaa (U)	Suomi	60.23854	25.01389		COMMUNITY_VERIFIED	iNaturalist Suomi Finland
herkkutatti (fi) — Boletus edulis	herkkutatti (fi)		2024-08-18	Tuusula	Uusimaa (U)	Suomi	60.36998	25.00075		COMMUNITY_VERIFIED	iNaturalist Suomi Finland
herkkutatti (fi) — Boletus edulis	herkkutatti (fi)		2024-08-18	Mäntsälä	Uusimaa (U)	Suomi	60.70178	25.2066		COMMUNITY_VERIFIED	iNaturalist Suomi Finland
herkkutatti (fi) — Boletus edulis	herkkutatti (fi)		2024-08-18	Lieto	Varsinais-Suomi (V)	Suomi	60.50215	22.46681		COMMUNITY_VERIFIED	iNaturalist Suomi Finland
herkkutatti (fi) — Boletus edulis	herkkutatti (fi)		2024-08-18	Pyhäranta	Varsinais-Suomi (V)	Suomi	61.05872	21.38308		COMMUNITY_VERIFIED	iNaturalist Suomi Finland
herkkutatti (fi) — Boletus edulis	herkkutatti (fi)		2024-08-18	Kuhmoinen	Etelä-Häme (EH)	Suomi	61.64988	25.00511		COMMUNITY_VERIFIED	iNaturalist Suomi Finland
herkkutatti (fi) — Boletus edulis	herkkutatti (fi)	X	2024-08-18 [14:41-14:47]	Sysmä	Etelä-Häme (EH)	Suomi	61.497026	25.666124	Sure	NEUTRAL	Noteworthy macrofungi - complete lists
herkkutatti (fi) — Boletus edulis	herkkutatti (fi)	3	2024-08-18	Jyväskylä	Pohjois-Häme (PH)	Suomi	62.255271	25.707033	Sure	NEUTRAL	Notebook, general observations
herkkutatti (fi) — Boletus edulis	herkkutatti (fi)		2024-08-17	Aura, Lieto, Loimaa, Pöytyä	Satakunta (St), Varsinais-Suomi (V)	Suomi	60.7	22.7		COMMUNITY_VERIFIED	iNaturalist Suomi Finland
herkkutatti (fi) — Boletus edulis	herkkutatti (fi)		2024-08-17	Hyvinkää	Uusimaa (U)	Suomi	60.64543	25.07486		COMMUNITY_VERIFIED	iNaturalist Suomi Finland
herkkutatti (fi) — Boletus edulis	herkkutatti (fi)		2024-08-17	Kaarina, Parainen, Turku	Varsinais-Suomi (V)	Suomi	60.3	22.3		COMMUNITY_VERIFIED	iNaturalist Suomi Finland
herkkutatti (fi) — Boletus edulis	herkkutatti (fi)		2024-08-17	Inkoo	Uusimaa (U)	Suomi	60.05973	24.23931		COMMUNITY_VERIFIED	iNaturalist Suomi Finland
herkkutatti (fi) — Boletus edulis	herkkutatti (fi)		2024-08-17	Kaarina, Parainen, Turku	Varsinais-Suomi (V)	Suomi	60.3	22.3		COMMUNITY_VERIFIED	iNaturalist Suomi Finland
herkkutatti (fi) — Boletus edulis	herkkutatti (fi)		2024-08-17	Hankasalmi	Pohjois-Häme (PH)	Suomi	62.318565	26.354444	Sure	NEUTRAL	The Atlas of Finnish Fungi
herkkutatti (fi) — Boletus edulis	herkkutatti (fi)		2024-08-17	Ikaalinen	Satakunta (St)	Suomi	61.81877	23.21063		COMMUNITY_VERIFIED	iNaturalist Suomi Finland
herkkutatti (fi) — Boletus edulis	herkkutatti (fi)		2024-08-17	Tammela	Etelä-Häme (EH)	Suomi	60.74665	23.58521		COMMUNITY_VERIFIED	iNaturalist Suomi Finland
herkkutatti (fi) — Boletus edulis	herkkutatti (fi)		2024-08-17	Asikkala	Etelä-Häme (EH)	Suomi	61.2892	25.58741		NEUTRAL	iNaturalist Suomi Finland
herkkutatti (fi) — Boletus edulis	herkkutatti (fi)		2024-08-17	Orimattila	Uusimaa (U)	Suomi	60.85788	25.69402		COMMUNITY_VERIFIED	iNaturalist Suomi Finland
herkkutatti (fi) — Boletus edulis	herkkutatti (fi)		2024-08-17	Espoo	Uusimaa (U)	Suomi	60.3285	24.64363		COMMUNITY_VERIFIED	iNaturalist Suomi Finland
herkkutatti (fi) — Boletus edulis	herkkutatti (fi)		2024-08-17	Tuusula	Uusimaa (U)	Suomi	60.42169	25.07347		COMMUNITY_VERIFIED	iNaturalist Suomi Finland
herkkutatti (fi) — Boletus edulis	herkkutatti (fi)		2024-08-17	Tuusula	Uusimaa (U)	Suomi	60.354361	25.032381	Sure	NEUTRAL	The Atlas of Finnish Fungi
herkkutatti (fi) — Boletus edulis	herkkutatti (fi)	Useita kymmeniä	2024-08-17	Heinola	Etelä-Häme (EH)	Suomi	61.197317	26.081054	Sure	NEUTRAL	The Atlas of Finnish Fungi
herkkutatti (fi) — Boletus edulis	herkkutatti (fi)	X	2024-08-17 [11:31-14:19]	Sysmä	Etelä-Häme (EH)	Suomi	61.533615	25.670302	Sure	NEUTRAL	Noteworthy macrofungi - complete lists
herkkutatti (fi) — Boletus edulis	herkkutatti (fi)		2024-08-16	Masku, Mynämäki, Naantali	Varsinais-Suomi (V)	Suomi	60.5	21.9		COMMUNITY_VERIFIED	iNaturalist Suomi Finland
herkkutatti (fi) — Boletus edulis	herkkutatti (fi)		2024-08-16	Joutsa	Etelä-Savo (ES)	Suomi	61.95993	25.98543		COMMUNITY_VERIFIED	iNaturalist Suomi Finland
herkkutatti (fi) — Boletus edulis	herkkutatti (fi)	1	2024-08-16	Oulu	Oulun Pohjanmaa (OP)	Suomi	64.928669	25.739747	Sure	NEUTRAL	The Atlas of Finnish Fungi
herkkutatti (fi) — Boletus edulis	herkkutatti (fi)		2024-08-15	Tampere	Etelä-Häme (EH)	Suomi	61.50766	23.80544		COMMUNITY_VERIFIED	iNaturalist Suomi Finland
herkkutatti (fi) — Boletus edulis	herkkutatti (fi)		2024-08-15	Tammela	Etelä-Häme (EH)	Suomi	60.72995	23.57014		NEUTRAL	iNaturalist Suomi Finland
herkkutatti (fi) — Boletus edulis	herkkutatti (fi)		2024-08-15	Vantaa	Uusimaa (U)	Suomi	60.35478	25.10067		COMMUNITY_VERIFIED	iNaturalist Suomi Finland
herkkutatti (fi) — Boletus edulis	herkkutatti (fi)		2024-08-14	Tammela	Etelä-Häme (EH)	Suomi	60.92811	23.8208		COMMUNITY_VERIFIED	iNaturalist Suomi Finland
herkkutatti (fi) — Boletus edulis	herkkutatti (fi)		2024-08-14	Siuntio	Uusimaa (U)	Suomi	60.06488	24.28711		NEUTRAL	iNaturalist Suomi Finland
herkkutatti (fi) — Boletus edulis	herkkutatti (fi)	X	2024-08-14 [16:00-19:33]	Toivakka	Pohjois-Häme (PH)	Suomi	62.163555	26.262885	Sure	NEUTRAL	Noteworthy macrofungi - complete lists
herkkutatti (fi) — Boletus edulis	herkkutatti (fi)		2024-08-12	Maalahti	Etelä-Pohjanmaa (EP)	Suomi	62.970683	21.504697	Sure	NEUTRAL	The Atlas of Finnish Fungi
herkkutatti (fi) — Boletus edulis	herkkutatti (fi)		2024-08-12	Närpiö	Etelä-Pohjanmaa (EP)	Suomi	62.50639	21.2103		COMMUNITY_VERIFIED	iNaturalist Suomi Finland
herkkutatti (fi) — Boletus edulis	herkkutatti (fi)		2024-08-12	Savonlinna	Etelä-Savo (ES)	Suomi	61.785615	29.30877	Sure	NEUTRAL	The Atlas of Finnish Fungi
herkkutatti (fi) — Boletus edulis	herkkutatti (fi)	8	2024-08-12	Hausjärvi	Etelä-Häme (EH)	Suomi	60.699692	25.034037	Sure	NEUTRAL	The Atlas of Finnish Fungi
herkkutatti (fi) — Boletus edulis	herkkutatti (fi)		2024-08-11	Oulu	Oulun Pohjanmaa (OP)	Suomi	65.01806	25.51067		COMMUNITY_VERIFIED	iNaturalist Suomi Finland
herkkutatti (fi) — Boletus edulis	herkkutatti (fi)		2024-08-11	Vihti	Varsinais-Suomi (V)	Suomi	60.528011	24.550848	Sure	NEUTRAL	The Atlas of Finnish Fungi
herkkutatti (fi) — Boletus edulis	herkkutatti (fi)		2024-08-11	Helsinki	Uusimaa (U)	Suomi	60.24311	25.21757		COMMUNITY_VERIFIED	iNaturalist Suomi Finland
herkkutatti (fi) — Boletus edulis	herkkutatti (fi)		2024-08-10 [8:42-9:57]	Sysmä	Etelä-Häme (EH)	Suomi	61.459012	25.761002	Sure	NEUTRAL	The Atlas of Finnish Fungi
herkkutatti (fi) — Boletus edulis	herkkutatti (fi)	X	2024-08-09 [11:04-12:00]	Sysmä	Etelä-Häme (EH)	Suomi	61.538663	25.669308	Sure	NEUTRAL	Noteworthy macrofungi - complete lists
herkkutatti (fi) — Boletus edulis	herkkutatti (fi)		2024-08-07	Mikkeli	Etelä-Savo (ES)	Suomi	61.61235	27.12777		COMMUNITY_VERIFIED	iNaturalist Suomi Finland
herkkutatti (fi) — Boletus edulis	herkkutatti (fi)		2024-08-06 - 2024-08-12	Espoo	Uusimaa (U)	Suomi	60.32823	24.657203	Sure	NEUTRAL	The Atlas of Finnish Fungi
herkkutatti (fi) — Boletus edulis	herkkutatti (fi)		2024-08-06	Mikkeli	Etelä-Savo (ES)	Suomi	61.59788	27.12793		COMMUNITY_VERIFIED	iNaturalist Suomi Finland
herkkutatti (fi) — Boletus edulis	herkkutatti (fi)		2024-08-04 [19:38-20:34]	Salo	Varsinais-Suomi (V)	Suomi	60.333922	23.215962	Sure	NEUTRAL	The Atlas of Finnish Fungi
herkkutatti (fi) — Boletus edulis	herkkutatti (fi)	X	2024-08-04 [13:08-13:52]	Inkoo, Raasepori	Uusimaa (U), Varsinais-Suomi (V)	Suomi	60.055086	23.675094	Sure	NEUTRAL	Noteworthy macrofungi - complete lists
herkkutatti (fi) — Boletus edulis	herkkutatti (fi)		2024-08-03	Mustasaari, Uusikaarlepyy, Vöyri	Etelä-Pohjanmaa (EP), Keski-Pohjanmaa (KP)	Suomi	63.3	22.1		COMMUNITY_VERIFIED	iNaturalist Suomi Finland
herkkutatti (fi) — Boletus edulis	herkkutatti (fi)		2024-07-31	Hämeenkyrö	Satakunta (St)	Suomi	61.661237	23.463932	Sure	NEUTRAL	The Atlas of Finnish Fungi
herkkutatti (fi) — Boletus edulis	herkkutatti (fi)		2024-07-29	Kirkkonummi	Uusimaa (U)	Suomi	60.25484	24.44362		COMMUNITY_VERIFIED	iNaturalist Suomi Finland
herkkutatti (fi) — Boletus edulis	herkkutatti (fi)		2024-07-23	Äänekoski	Pohjois-Häme (PH)	Suomi	62.60895	25.79832		COMMUNITY_VERIFIED	iNaturalist Suomi Finland
herkkutatti (fi) — Boletus edulis	herkkutatti (fi)	yleinen	2024-07-22	Lapinjärvi, Loviisa	Uusimaa (U)	Suomi	60.626258	26.342776	Sure	NEUTRAL	The Atlas of Finnish Fungi
herkkutatti (fi) — Boletus edulis	herkkutatti (fi)		2024-07-22	Lapinlahti	Pohjois-Savo (PS)	Suomi	63.29941	27.38018		NEUTRAL	iNaturalist Suomi Finland
herkkutatti (fi) — Boletus edulis	herkkutatti (fi)		2024-07-22	Lapinlahti	Pohjois-Savo (PS)	Suomi	63.29936	27.38133		NEUTRAL	iNaturalist Suomi Finland
herkkutatti (fi) — Boletus edulis	herkkutatti (fi)		2024-07-22	Jyväskylä	Pohjois-Häme (PH)	Suomi	62.22108	25.84259		COMMUNITY_VERIFIED	iNaturalist Suomi Finland
herkkutatti (fi) — Boletus edulis	herkkutatti (fi)		2024-07-21	Espoo	Uusimaa (U)	Suomi	60.20022	24.822834	Sure	NEUTRAL	The Atlas of Finnish Fungi
herkkutatti (fi) — Boletus edulis	herkkutatti (fi)		2024-07-15	Salo	Varsinais-Suomi (V)	Suomi	60.107109	22.929902	Sure	NEUTRAL	The Atlas of Finnish Fungi
herkkutatti (fi) — Boletus edulis	herkkutatti (fi)		2023-10-09	Turku	Varsinais-Suomi (V)	Suomi	60.43679	22.2492		COMMUNITY_VERIFIED	iNaturalist Suomi Finland
herkkutatti (fi) — Boletus edulis	herkkutatti (fi)	X	2023-10-08 [13:28-15:33]	Vantaa	Uusimaa (U)	Suomi	60.305284	25.1497	Sure	NEUTRAL	Noteworthy macrofungi - complete lists
herkkutatti (fi) — Boletus edulis	herkkutatti (fi)		2023-09-26	Loppi	Etelä-Häme (EH)	Suomi	60.677968	24.422468	Sure	NEUTRAL	The Atlas of Finnish Fungi
herkkutatti (fi) — Boletus edulis	herkkutatti (fi)		2023-09-26 [17:52] - 2023-10-16 [12:58]	Helsinki	Uusimaa (U)	Suomi	60.191713	25.0008	Sure	NEUTRAL	The Atlas of Finnish Fungi
herkkutatti (fi) — Boletus edulis	herkkutatti (fi)		2023-09-25 [10:18-13:52]	Helsinki	Uusimaa (U)	Suomi	60.101402	25.054803	Sure	NEUTRAL	Notebook, general observations
herkkutatti (fi) — Boletus edulis	herkkutatti (fi)	X	2023-09-24 [15:32-16:36]	Vihti	Varsinais-Suomi (V)	Suomi	60.4369	24.31486	Sure	NEUTRAL	Noteworthy macrofungi - complete lists
herkkutatti (fi) — Boletus edulis	herkkutatti (fi)		2023-09-22	Karkkila	Varsinais-Suomi (V)	Suomi	60.53291	24.18096		COMMUNITY_VERIFIED	iNaturalist Suomi Finland
herkkutatti (fi) — Boletus edulis	herkkutatti (fi)	X	2023-09-22 [17:45-19:02]	Inkoo, Raasepori	Uusimaa (U), Varsinais-Suomi (V)	Suomi	60.055086	23.675094	Sure	NEUTRAL	Noteworthy macrofungi - complete lists
herkkutatti (fi) — Boletus edulis	herkkutatti (fi)	3	2023-09-21	Salo	Varsinais-Suomi (V)	Suomi	60.270994	23.39844	Sure	NEUTRAL	The Atlas of Finnish Fungi
herkkutatti (fi) — Boletus edulis	herkkutatti (fi)		2023-09-21	Helsinki	Uusimaa (U)	Suomi	60.24094	25.14554		COMMUNITY_VERIFIED	iNaturalist Suomi Finland
herkkutatti (fi) — Boletus edulis	herkkutatti (fi)		2023-09-20	Jyväskylä	Pohjois-Häme (PH)	Suomi	62.24012	25.89376		COMMUNITY_VERIFIED	iNaturalist Suomi Finland
herkkutatti (fi) — Boletus edulis	herkkutatti (fi)	X	2023-09-20 [17:42-18:27]	Hanko	Uusimaa (U)	Suomi	59.819103	22.909158	Sure	NEUTRAL	Noteworthy macrofungi - complete lists
herkkutatti (fi) — Boletus edulis	herkkutatti (fi)		2023-09-19	Padasjoki	Etelä-Häme (EH)	Suomi	61.34706	25.30968		COMMUNITY_VERIFIED	iNaturalist Suomi Finland
herkkutatti (fi) — Boletus edulis	herkkutatti (fi)		2023-09-18	Kirkkonummi	Uusimaa (U)	Suomi	60.10201	24.41889		COMMUNITY_VERIFIED	iNaturalist Suomi Finland
herkkutatti (fi) — Boletus edulis	herkkutatti (fi)		2023-09-17	Hollola	Etelä-Häme (EH)	Suomi	61.00626	25.57559		COMMUNITY_VERIFIED	iNaturalist Suomi Finland
herkkutatti (fi) — Boletus edulis	herkkutatti (fi)		2023-09-17	Lappeenranta	Etelä-Savo (ES)	Suomi	61.12165	28.4512		COMMUNITY_VERIFIED	iNaturalist Suomi Finland
herkkutatti (fi) — Boletus edulis	herkkutatti (fi)		2023-09-17	Kirkkonummi	Uusimaa (U)	Suomi	59.993774	24.437295	Sure	NEUTRAL	Notebook, general observations
herkkutatti (fi) — Boletus edulis	herkkutatti (fi)	X	2023-09-17 [15:57-16:26]	Raasepori	Varsinais-Suomi (V)	Suomi	60.066434	23.678288	Sure	NEUTRAL	Noteworthy macrofungi - complete lists
herkkutatti (fi) — Boletus edulis	herkkutatti (fi)		2023-09-16	Helsinki	Uusimaa (U)	Suomi	60.19171	24.92205		COMMUNITY_VERIFIED	iNaturalist Suomi Finland
herkkutatti (fi) — Boletus edulis	herkkutatti (fi)		2023-09-16 [15:39-16:57]	Salo	Varsinais-Suomi (V)	Suomi	60.473312	23.088325	Sure	NEUTRAL	The Atlas of Finnish Fungi
herkkutatti (fi) — Boletus edulis	herkkutatti (fi)		2023-09-16	Espoo	Uusimaa (U)	Suomi	60.10938	24.7159		COMMUNITY_VERIFIED	iNaturalist Suomi Finland
herkkutatti (fi) — Boletus edulis	herkkutatti (fi)	X	2023-09-16 [16:20-18:41]	Inkoo	Uusimaa (U)	Suomi	60.018451	23.786548	Sure	NEUTRAL	Noteworthy macrofungi - complete lists
herkkutatti (fi) — Boletus edulis	herkkutatti (fi)		2023-09-15	Rauma	Satakunta (St)	Suomi	61.12849	21.49616		COMMUNITY_VERIFIED	iNaturalist Suomi Finland
herkkutatti (fi) — Boletus edulis	herkkutatti (fi)	X	2023-09-15 [9:28-12:57]	Espoo	Uusimaa (U)	Suomi	60.328297	24.679893	Sure	NEUTRAL	Noteworthy macrofungi - complete lists
herkkutatti (fi) — Boletus edulis	herkkutatti (fi)		2023-09-15	Kirkkonummi	Uusimaa (U)	Suomi	59.989571	24.436611	Sure	NEUTRAL	Notebook, general observations
herkkutatti (fi) — Boletus edulis	herkkutatti (fi)		2023-09-14	Janakkala	Etelä-Häme (EH)	Suomi	60.89462	24.88701		COMMUNITY_VERIFIED	iNaturalist Suomi Finland
herkkutatti (fi) — Boletus edulis	herkkutatti (fi)		2023-09-14	Helsinki	Uusimaa (U)	Suomi	60.20484	25.17542		COMMUNITY_VERIFIED	iNaturalist Suomi Finland
herkkutatti (fi) — Boletus edulis	herkkutatti (fi)		2023-09-14	Espoo	Uusimaa (U)	Suomi	60.32588	24.72824		COMMUNITY_VERIFIED	iNaturalist Suomi Finland
herkkutatti (fi) — Boletus edulis	herkkutatti (fi)		2023-09-14	Inkoo	Uusimaa (U)	Suomi	60.070232	23.858483	Sure	NEUTRAL	Notebook, general observations
herkkutatti (fi) — Boletus edulis	herkkutatti (fi)		2023-09-13	Helsinki	Uusimaa (U)	Suomi	60.192733	25.097416	Sure	NEUTRAL	Species Observations from Helsinki Nature Surveys
herkkutatti (fi) — Boletus edulis	herkkutatti (fi)		2023-09-13	Kaarina, Lieto, Masku, Nousiainen, Raisio, Rusko, Turku	Varsinais-Suomi (V)	Suomi	60.5	22.3		COMMUNITY_VERIFIED	iNaturalist Suomi Finland
herkkutatti (fi) — Boletus edulis	herkkutatti (fi)		2023-09-13	Tampere	Etelä-Häme (EH)	Suomi	61.45109	23.75346		COMMUNITY_VERIFIED	iNaturalist Suomi Finland
herkkutatti (fi) — Boletus edulis	herkkutatti (fi)	2	2023-09-13	Lahti	Etelä-Häme (EH)	Suomi	60.969972	25.624732	Sure	NEUTRAL	The Atlas of Finnish Fungi
herkkutatti (fi) — Boletus edulis	herkkutatti (fi)		2023-09-13	Helsinki	Uusimaa (U)	Suomi	60.22443	25.04505		COMMUNITY_VERIFIED	iNaturalist Suomi Finland
herkkutatti (fi) — Boletus edulis	herkkutatti (fi)		2023-09-12	Sund	Ahvenanmaa (A)	Suomi	60.21318	20.2237		COMMUNITY_VERIFIED	iNaturalist Suomi Finland
herkkutatti (fi) — Boletus edulis	herkkutatti (fi)		2023-09-12 - 2023-09-14	Espoo	Uusimaa (U)	Suomi	60.334937	24.687604	Sure	NEUTRAL	The Atlas of Finnish Fungi
herkkutatti (fi) — Boletus edulis	herkkutatti (fi)		2023-09-12	Kaarina	Varsinais-Suomi (V)	Suomi	60.40226	22.31179		COMMUNITY_VERIFIED	iNaturalist Suomi Finland
herkkutatti (fi) — Boletus edulis	herkkutatti (fi)		2023-09-12	Kristiinankaupunki	Etelä-Pohjanmaa (EP)	Suomi	62.08196	21.32295		COMMUNITY_VERIFIED	iNaturalist Suomi Finland
herkkutatti (fi) — Boletus edulis	herkkutatti (fi)		2023-09-12	Vantaa	Uusimaa (U)	Suomi	60.25867	24.80399		COMMUNITY_VERIFIED	iNaturalist Suomi Finland
herkkutatti (fi) — Boletus edulis	herkkutatti (fi)		2023-09-11	Vihti	Varsinais-Suomi (V)	Suomi	60.542275	24.483829	Sure	NEUTRAL	The Atlas of Finnish Fungi
herkkutatti (fi) — Boletus edulis	herkkutatti (fi)		2023-09-10	Laitila, Masku, Mynämäki, Nousiainen, Vehmaa	Varsinais-Suomi (V)	Suomi	60.7	21.9		COMMUNITY_VERIFIED	iNaturalist Suomi Finland
herkkutatti (fi) — Boletus edulis	herkkutatti (fi)		2023-09-10	Salo	Varsinais-Suomi (V)	Suomi	60.17696	23.27681		COMMUNITY_VERIFIED	iNaturalist Suomi Finland
herkkutatti (fi) — Boletus edulis	herkkutatti (fi)		2023-09-10	Kuhmoinen	Etelä-Häme (EH)	Suomi	61.707329	25.290841	Sure	NEUTRAL	Notebook, general observations
herkkutatti (fi) — Boletus edulis	herkkutatti (fi)		2023-09-10	Lempäälä	Etelä-Häme (EH)	Suomi	61.35087	23.80312		COMMUNITY_VERIFIED	iNaturalist Suomi Finland
herkkutatti (fi) — Boletus edulis	herkkutatti (fi)		2023-09-10	Porvoo	Uusimaa (U)	Suomi	60.39462	25.53592		NEUTRAL	iNaturalist Suomi Finland
herkkutatti (fi) — Boletus edulis	herkkutatti (fi)		2023-09-09	Aura, Lieto, Loimaa, Pöytyä	Satakunta (St), Varsinais-Suomi (V)	Suomi	60.7	22.7		COMMUNITY_VERIFIED	iNaturalist Suomi Finland
herkkutatti (fi) — Boletus edulis	herkkutatti (fi)		2023-09-09	Hirvensalmi, Kangasniemi	Etelä-Savo (ES)	Suomi	61.9	26.7		COMMUNITY_VERIFIED	iNaturalist Suomi Finland
herkkutatti (fi) — Boletus edulis	herkkutatti (fi)		2023-09-09	Kaarina, Lieto, Masku, Nousiainen, Raisio, Rusko, Turku	Varsinais-Suomi (V)	Suomi	60.5	22.3		COMMUNITY_VERIFIED	iNaturalist Suomi Finland
herkkutatti (fi) — Boletus edulis	herkkutatti (fi)		2023-09-09 [17:36-19:12]	Helsinki	Uusimaa (U)	Suomi	60.194828	25.012357	Sure	NEUTRAL	The Atlas of Finnish Fungi
herkkutatti (fi) — Boletus edulis	herkkutatti (fi)		2023-09-09	Hollola	Etelä-Häme (EH)	Suomi	61.00449	25.5676		COMMUNITY_VERIFIED	iNaturalist Suomi Finland
herkkutatti (fi) — Boletus edulis	herkkutatti (fi)		2023-09-09	Orimattila	Uusimaa (U)	Suomi	60.81359	25.86694		COMMUNITY_VERIFIED	iNaturalist Suomi Finland
herkkutatti (fi) — Boletus edulis	herkkutatti (fi)		2023-09-09	Vantaa	Uusimaa (U)	Suomi	60.29286	25.14716		COMMUNITY_VERIFIED	iNaturalist Suomi Finland
herkkutatti (fi) — Boletus edulis	herkkutatti (fi)		2023-09-09	Kemiönsaari	Varsinais-Suomi (V)	Suomi	60.03919	22.77465		COMMUNITY_VERIFIED	iNaturalist Suomi Finland
herkkutatti (fi) — Boletus edulis	herkkutatti (fi)		2023-09-09	Salo	Varsinais-Suomi (V)	Suomi	60.37026	23.00096		COMMUNITY_VERIFIED	iNaturalist Suomi Finland
herkkutatti (fi) — Boletus edulis	herkkutatti (fi)		2023-09-09	Jokioinen	Etelä-Häme (EH)	Suomi	60.86301	23.43743		COMMUNITY_VERIFIED	iNaturalist Suomi Finland
herkkutatti (fi) — Boletus edulis	herkkutatti (fi)		2023-09-09	Vantaa	Uusimaa (U)	Suomi	60.29299	25.14699		COMMUNITY_VERIFIED	iNaturalist Suomi Finland
herkkutatti (fi) — Boletus edulis	herkkutatti (fi)		2023-09-09	Turku	Varsinais-Suomi (V)	Suomi	60.44751	22.25976		COMMUNITY_VERIFIED	iNaturalist Suomi Finland
herkkutatti (fi) — Boletus edulis	herkkutatti (fi)		2023-09-09 [10:00]	Tampere	Etelä-Häme (EH)	Suomi	61.464082	23.811781	Sure	NEUTRAL	The Atlas of Finnish Fungi
herkkutatti (fi) — Boletus edulis	herkkutatti (fi)		2023-09-09 [10:55]	Tampere	Etelä-Häme (EH)	Suomi	61.466211	23.81125	Sure	NEUTRAL	The Atlas of Finnish Fungi
herkkutatti (fi) — Boletus edulis	herkkutatti (fi)		2023-09-08	Helsinki	Uusimaa (U)	Suomi	60.17101	25.04109		COMMUNITY_VERIFIED	iNaturalist Suomi Finland
herkkutatti (fi) — Boletus edulis	herkkutatti (fi)		2023-09-08	Sastamala	Satakunta (St)	Suomi	61.427472	23.03309	Sure	NEUTRAL	The Atlas of Finnish Fungi
herkkutatti (fi) — Boletus edulis	herkkutatti (fi)		2023-09-08	Tohmajärvi	Pohjois-Karjala (PK)	Suomi	62.200425	30.288265	Sure	NEUTRAL	The Atlas of Finnish Fungi
herkkutatti (fi) — Boletus edulis	herkkutatti (fi)		2023-09-08 [15:14-15:15]	Sastamala	Satakunta (St)	Suomi	61.406005	22.989317	Sure	NEUTRAL	The Atlas of Finnish Fungi
herkkutatti (fi) — Boletus edulis	herkkutatti (fi)		2023-09-08	Ikaalinen	Satakunta (St)	Suomi	61.790228	23.127381	Sure	NEUTRAL	Notebook, general observations
herkkutatti (fi) — Boletus edulis	herkkutatti (fi)		2023-09-08 [12:28-13:08]	Hämeenkyrö	Satakunta (St)	Suomi	61.636017	23.193709	Sure	NEUTRAL	The Atlas of Finnish Fungi
herkkutatti (fi) — Boletus edulis	herkkutatti (fi)		2023-09-08	Hämeenlinna	Etelä-Häme (EH)	Suomi	60.98576	24.51365		COMMUNITY_VERIFIED	iNaturalist Suomi Finland
herkkutatti (fi) — Boletus edulis	herkkutatti (fi)		2023-09-08	Oulu	Oulun Pohjanmaa (OP)	Suomi	64.97709	25.74487		COMMUNITY_VERIFIED	iNaturalist Suomi Finland
herkkutatti (fi) — Boletus edulis	herkkutatti (fi)		2023-09-07	Nokia	Etelä-Häme (EH)	Suomi	61.46479	23.53217		COMMUNITY_VERIFIED	iNaturalist Suomi Finland
herkkutatti (fi) — Boletus edulis	herkkutatti (fi)		2023-09-07 - 2023-09-09	Helsinki, Vantaa	Uusimaa (U)	Suomi	60.274847	25.160767	Sure	NEUTRAL	The Atlas of Finnish Fungi
herkkutatti (fi) — Boletus edulis	herkkutatti (fi)	Siellä täällä havaintoalueella	2023-09-07	Sipoo	Uusimaa (U)	Suomi	60.346637	25.205163	Sure	NEUTRAL	The Atlas of Finnish Fungi
herkkutatti (fi) — Boletus edulis	herkkutatti (fi)		2023-09-07	Salo	Varsinais-Suomi (V)	Suomi	60.44686	23.2191		NEUTRAL	iNaturalist Suomi Finland
herkkutatti (fi) — Boletus edulis	herkkutatti (fi)		2023-09-07	Raasepori	Uusimaa (U)	Suomi	59.96691	23.43002		COMMUNITY_VERIFIED	iNaturalist Suomi Finland
herkkutatti (fi) — Boletus edulis	herkkutatti (fi)		2023-09-07	Vihti	Varsinais-Suomi (V)	Suomi	60.30521	24.39797		COMMUNITY_VERIFIED	iNaturalist Suomi Finland
herkkutatti (fi) — Boletus edulis	herkkutatti (fi)	X	2023-09-07 [17:50-18:05]	Helsinki	Uusimaa (U)	Suomi	60.216316	24.988301	Sure	NEUTRAL	Noteworthy macrofungi - complete lists
herkkutatti (fi) — Boletus edulis	herkkutatti (fi)		2023-09-06	Jämsä	Etelä-Häme (EH)	Suomi	61.85651	24.83631		COMMUNITY_VERIFIED	iNaturalist Suomi Finland
herkkutatti (fi) — Boletus edulis	herkkutatti (fi)	X	2023-09-06 [13:51-14:18]	Helsinki	Uusimaa (U)	Suomi	60.209927	25.03622	Sure	NEUTRAL	Noteworthy macrofungi - complete lists
herkkutatti (fi) — Boletus edulis	herkkutatti (fi)		2023-09-06	Kouvola	Etelä-Savo (ES)	Suomi	60.92432	27.00389		COMMUNITY_VERIFIED	iNaturalist Suomi Finland
herkkutatti (fi) — Boletus edulis	herkkutatti (fi)		2023-09-06	Helsinki	Uusimaa (U)	Suomi	60.24569	25.01468		COMMUNITY_VERIFIED	iNaturalist Suomi Finland
herkkutatti (fi) — Boletus edulis	herkkutatti (fi)		2023-09-06	Kaarina	Varsinais-Suomi (V)	Suomi	60.40138	22.32019		COMMUNITY_VERIFIED	iNaturalist Suomi Finland
herkkutatti (fi) — Boletus edulis	herkkutatti (fi)		2023-09-06	Vantaa	Uusimaa (U)	Suomi	60.25677	24.79072		COMMUNITY_VERIFIED	iNaturalist Suomi Finland
herkkutatti (fi) — Boletus edulis	herkkutatti (fi)		2023-09-06	Sipoo	Uusimaa (U)	Suomi	60.293477	25.419222		NEUTRAL	Agaricales Fennoscandiae orientalis
herkkutatti (fi) — Boletus edulis	herkkutatti (fi)		2023-09-05 [12:17-12:17]	Ikaalinen	Satakunta (St)	Suomi	61.77124	23.060305	Sure	NEUTRAL	The Atlas of Finnish Fungi
herkkutatti (fi) — Boletus edulis	herkkutatti (fi)	1	2023-09-05	Ikaalinen	Satakunta (St)	Suomi	61.770656	23.06152	Sure	NEUTRAL	The Atlas of Finnish Fungi
herkkutatti (fi) — Boletus edulis	herkkutatti (fi)	2	2023-09-05	Vaasa	Etelä-Pohjanmaa (EP)	Suomi	63.083248	21.627447	Sure	NEUTRAL	The Atlas of Finnish Fungi
herkkutatti (fi) — Boletus edulis	herkkutatti (fi)		2023-09-05	Espoo	Uusimaa (U)	Suomi	60.296	24.56265		COMMUNITY_VERIFIED	iNaturalist Suomi Finland
herkkutatti (fi) — Boletus edulis	herkkutatti (fi)		2023-09-05	Turku	Varsinais-Suomi (V)	Suomi	60.40407	22.23899		COMMUNITY_VERIFIED	iNaturalist Suomi Finland
herkkutatti (fi) — Boletus edulis	herkkutatti (fi)		2023-09-04	Espoo	Uusimaa (U)	Suomi	60.20994	24.67154		COMMUNITY_VERIFIED	iNaturalist Suomi Finland
herkkutatti (fi) — Boletus edulis	herkkutatti (fi)		2023-09-04	Lappeenranta	Etelä-Savo (ES)	Suomi	61.10034	28.45798		COMMUNITY_VERIFIED	iNaturalist Suomi Finland
herkkutatti (fi) — Boletus edulis	herkkutatti (fi)		2023-09-04 [15:07-15:07]	Sastamala	Satakunta (St)	Suomi	61.446848	23.045146	Sure	NEUTRAL	The Atlas of Finnish Fungi
herkkutatti (fi) — Boletus edulis	herkkutatti (fi)		2023-09-04	Pyhtää	Uusimaa (U)	Suomi	60.59217	26.625063	Sure	NEUTRAL	The Atlas of Finnish Fungi
herkkutatti (fi) — Boletus edulis	herkkutatti (fi)		2023-09-04	Lohja	Varsinais-Suomi (V)	Suomi	60.21357	23.77091		COMMUNITY_VERIFIED	iNaturalist Suomi Finland
herkkutatti (fi) — Boletus edulis	herkkutatti (fi)		2023-09-04	Turku	Varsinais-Suomi (V)	Suomi	60.45351	22.33734		COMMUNITY_VERIFIED	iNaturalist Suomi Finland
herkkutatti (fi) — Boletus edulis	herkkutatti (fi)		2023-09-04	Espoo	Uusimaa (U)	Suomi	60.23753	24.82601		NEUTRAL	iNaturalist Suomi Finland
herkkutatti (fi) — Boletus edulis	herkkutatti (fi)		2023-09-04	Lapinlahti	Pohjois-Savo (PS)	Suomi	63.36106	27.40254		COMMUNITY_VERIFIED	iNaturalist Suomi Finland
herkkutatti (fi) — Boletus edulis	herkkutatti (fi)		2023-09-04	Lapinlahti	Pohjois-Savo (PS)	Suomi	63.35977	27.40327		COMMUNITY_VERIFIED	iNaturalist Suomi Finland
herkkutatti (fi) — Boletus edulis	herkkutatti (fi)		2023-09-04	Lapinlahti	Pohjois-Savo (PS)	Suomi	63.35998	27.4031		COMMUNITY_VERIFIED	iNaturalist Suomi Finland
herkkutatti (fi) — Boletus edulis	herkkutatti (fi)		2023-09-04	Hämeenlinna	Etelä-Häme (EH)	Suomi	61.009253	24.133501		NEUTRAL	Agaricales Fennoscandiae orientalis
herkkutatti (fi) — Boletus edulis	herkkutatti (fi)		2023-09-03	Vantaa	Uusimaa (U)	Suomi	60.32766	24.82563		COMMUNITY_VERIFIED	iNaturalist Suomi Finland
herkkutatti (fi) — Boletus edulis	herkkutatti (fi)		2023-09-03	Utsjoki	Inarin Lappi (InL)	Suomi	69.9	27.1		COMMUNITY_VERIFIED	iNaturalist Suomi Finland
herkkutatti (fi) — Boletus edulis	herkkutatti (fi)		2023-09-03	Aura, Lieto, Loimaa, Pöytyä	Satakunta (St), Varsinais-Suomi (V)	Suomi	60.7	22.7		COMMUNITY_VERIFIED	iNaturalist Suomi Finland
herkkutatti (fi) — Boletus edulis	herkkutatti (fi)		2023-09-03	Hämeenlinna, Karkkila, Loppi	Etelä-Häme (EH), Varsinais-Suomi (V)	Suomi	60.7	24.3		COMMUNITY_VERIFIED	iNaturalist Suomi Finland
herkkutatti (fi) — Boletus edulis	herkkutatti (fi)		2023-09-03	Kuopio	Pohjois-Savo (PS)	Suomi	62.87786	27.61854		COMMUNITY_VERIFIED	iNaturalist Suomi Finland
herkkutatti (fi) — Boletus edulis	herkkutatti (fi)	2	2023-09-03	Rovaniemi	Perä-Pohjanmaa (PeP)	Suomi	66.487744	25.765267	Sure	NEUTRAL	The Atlas of Finnish Fungi
herkkutatti (fi) — Boletus edulis	herkkutatti (fi)		2023-09-03	Nokia	Etelä-Häme (EH)	Suomi	61.467543	23.373766	Sure	NEUTRAL	The Atlas of Finnish Fungi
herkkutatti (fi) — Boletus edulis	herkkutatti (fi)		2023-09-03	Utajärvi	Oulun Pohjanmaa (OP)	Suomi	64.94303	26.81067		COMMUNITY_VERIFIED	iNaturalist Suomi Finland
herkkutatti (fi) — Boletus edulis	herkkutatti (fi)		2023-09-03	Lohja	Varsinais-Suomi (V)	Suomi	60.27908	23.82697		COMMUNITY_VERIFIED	iNaturalist Suomi Finland
herkkutatti (fi) — Boletus edulis	herkkutatti (fi)		2023-09-03	Helsinki	Uusimaa (U)	Suomi	60.23654	24.87112		COMMUNITY_VERIFIED	iNaturalist Suomi Finland
herkkutatti (fi) — Boletus edulis	herkkutatti (fi)	2	2023-09-02	Nokia	Etelä-Häme (EH)	Suomi	61.444012	23.387799	Sure	NEUTRAL	The Atlas of Finnish Fungi
herkkutatti (fi) — Boletus edulis	herkkutatti (fi)		2023-09-02	Kaarina, Lieto, Masku, Nousiainen, Raisio, Rusko, Turku	Varsinais-Suomi (V)	Suomi	60.5	22.3		COMMUNITY_VERIFIED	iNaturalist Suomi Finland
herkkutatti (fi) — Boletus edulis	herkkutatti (fi)		2023-09-02	Tammela	Etelä-Häme (EH)	Suomi	60.77811	23.83999		COMMUNITY_VERIFIED	iNaturalist Suomi Finland
herkkutatti (fi) — Boletus edulis	herkkutatti (fi)		2023-09-02	Pori	Satakunta (St)	Suomi	61.60632	21.44866		COMMUNITY_VERIFIED	iNaturalist Suomi Finland
herkkutatti (fi) — Boletus edulis	herkkutatti (fi)		2023-09-02	Pori	Satakunta (St)	Suomi	61.6076	21.44207		COMMUNITY_VERIFIED	iNaturalist Suomi Finland
herkkutatti (fi) — Boletus edulis	herkkutatti (fi)		2023-09-02	Naantali	Varsinais-Suomi (V)	Suomi	60.30333	21.96947		NEUTRAL	iNaturalist Suomi Finland
herkkutatti (fi) — Boletus edulis	herkkutatti (fi)		2023-09-02	Uusikaarlepyy	Keski-Pohjanmaa (KP)	Suomi	63.4287	22.24626		NEUTRAL	iNaturalist Suomi Finland
herkkutatti (fi) — Boletus edulis	herkkutatti (fi)		2023-09-01	Nokia	Etelä-Häme (EH)	Suomi	61.480927	23.541686	Sure	NEUTRAL	The Atlas of Finnish Fungi
herkkutatti (fi) — Boletus edulis	herkkutatti (fi)		2023-09-01	Helsinki	Uusimaa (U)	Suomi	60.24031	25.21575		COMMUNITY_VERIFIED	iNaturalist Suomi Finland
herkkutatti (fi) — Boletus edulis	herkkutatti (fi)		2023-09-01	Jämsä	Etelä-Häme (EH)	Suomi	62.205235	24.982882	Sure	NEUTRAL	Notebook, general observations
herkkutatti (fi) — Boletus edulis	herkkutatti (fi)		2023-09-01	Espoo, Vihti	Uusimaa (U), Varsinais-Suomi (V)	Suomi	60.317297	24.523639	Sure	NEUTRAL	The Atlas of Finnish Fungi
herkkutatti (fi) — Boletus edulis	herkkutatti (fi)		2023-09-01	Hämeenlinna	Etelä-Häme (EH)	Suomi	61.25583	24.57145		COMMUNITY_VERIFIED	iNaturalist Suomi Finland
herkkutatti (fi) — Boletus edulis	herkkutatti (fi)		2023-09-01	Seinäjoki	Etelä-Pohjanmaa (EP)	Suomi	62.75622	23.03538		COMMUNITY_VERIFIED	iNaturalist Suomi Finland
herkkutatti (fi) — Boletus edulis	herkkutatti (fi)		2023-09-01	Helsinki	Uusimaa (U)	Suomi	60.24034	25.2158		COMMUNITY_VERIFIED	iNaturalist Suomi Finland
herkkutatti (fi) — Boletus edulis	herkkutatti (fi)		2023-09-01	Oulu	Oulun Pohjanmaa (OP)	Suomi	65.01921	25.65449		COMMUNITY_VERIFIED	iNaturalist Suomi Finland
herkkutatti (fi) — Boletus edulis	herkkutatti (fi)		2023-08-31	Parainen	Varsinais-Suomi (V)	Suomi	60.14875	22.00154		COMMUNITY_VERIFIED	iNaturalist Suomi Finland
herkkutatti (fi) — Boletus edulis	herkkutatti (fi)	1	2023-08-31	Veteli	Keski-Pohjanmaa (KP)	Suomi	63.464388	23.776286	Sure	NEUTRAL	Notebook, general observations
herkkutatti (fi) — Boletus edulis	herkkutatti (fi)	1	2023-08-30	Vaasa	Etelä-Pohjanmaa (EP)	Suomi	63.08392	21.672952	Sure	NEUTRAL	The Atlas of Finnish Fungi
herkkutatti (fi) — Boletus edulis	herkkutatti (fi)		2023-08-29	Rauma	Satakunta (St)	Suomi	61.12421	21.54362		COMMUNITY_VERIFIED	iNaturalist Suomi Finland
herkkutatti (fi) — Boletus edulis	herkkutatti (fi)		2023-08-29	Helsinki	Uusimaa (U)	Suomi	60.19611	24.91683		COMMUNITY_VERIFIED	iNaturalist Suomi Finland
herkkutatti (fi) — Boletus edulis	herkkutatti (fi)		2023-08-29	Muonio	Enontekiön Lappi (EnL)	Suomi	68.11308	23.87191		COMMUNITY_VERIFIED	iNaturalist Suomi Finland
herkkutatti (fi) — Boletus edulis	herkkutatti (fi)		2023-08-28	Kotka, Kouvola, Pyhtää	Etelä-Karjala (EK), Uusimaa (U)	Suomi	60.7	26.7		COMMUNITY_VERIFIED	iNaturalist Suomi Finland
herkkutatti (fi) — Boletus edulis	herkkutatti (fi)		2023-08-28	Rovaniemi	Perä-Pohjanmaa (PeP)	Suomi	66.5786	25.65922	Sure	NEUTRAL	The Atlas of Finnish Fungi
herkkutatti (fi) — Boletus edulis	herkkutatti (fi)	Siellä täällä havaintoalueella	2023-08-27	Kauniainen	Uusimaa (U)	Suomi	60.213593	24.682613	Sure	NEUTRAL	The Atlas of Finnish Fungi
herkkutatti (fi) — Boletus edulis	herkkutatti (fi)		2023-08-27	Uusikaarlepyy	Keski-Pohjanmaa (KP)	Suomi	63.42678	22.24612		COMMUNITY_VERIFIED	iNaturalist Suomi Finland
herkkutatti (fi) — Boletus edulis	herkkutatti (fi)		2023-08-27	Parainen	Varsinais-Suomi (V)	Suomi	60.23618	22.25604		COMMUNITY_VERIFIED	iNaturalist Suomi Finland
herkkutatti (fi) — Boletus edulis	herkkutatti (fi)		2023-08-26	Hyvinkää, Nurmijärvi, Vihti	Uusimaa (U), Varsinais-Suomi (V)	Suomi	60.5	24.7		COMMUNITY_VERIFIED	iNaturalist Suomi Finland
herkkutatti (fi) — Boletus edulis	herkkutatti (fi)		2023-08-26	Hyvinkää, Järvenpää, Kerava, Mäntsälä, Sipoo, Tuusula	Uusimaa (U)	Suomi	60.5	25.1		COMMUNITY_VERIFIED	iNaturalist Suomi Finland
herkkutatti (fi) — Boletus edulis	herkkutatti (fi)		2023-08-26	Espoo	Uusimaa (U)	Suomi	60.18397	24.73014		COMMUNITY_VERIFIED	iNaturalist Suomi Finland
herkkutatti (fi) — Boletus edulis	herkkutatti (fi)	1	2023-08-26	Loppi	Etelä-Häme (EH)	Suomi	60.672015	24.396221	Sure	NEUTRAL	The Atlas of Finnish Fungi
herkkutatti (fi) — Boletus edulis	herkkutatti (fi)		2023-08-26 [15:01]	Ruovesi	Etelä-Häme (EH)	Suomi	62.05457	23.942841	Sure	NEUTRAL	The Atlas of Finnish Fungi
herkkutatti (fi) — Boletus edulis	herkkutatti (fi)		2023-08-26	Hartola	Etelä-Häme (EH)	Suomi	61.65226	26.06942		COMMUNITY_VERIFIED	iNaturalist Suomi Finland
herkkutatti (fi) — Boletus edulis	herkkutatti (fi)		2023-08-26	Taivassalo	Varsinais-Suomi (V)	Suomi	60.5484	21.49251		COMMUNITY_VERIFIED	iNaturalist Suomi Finland
herkkutatti (fi) — Boletus edulis	herkkutatti (fi)		2023-08-26	Raasepori	Varsinais-Suomi (V)	Suomi	60.12024	23.3948		COMMUNITY_VERIFIED	iNaturalist Suomi Finland
herkkutatti (fi) — Boletus edulis	herkkutatti (fi)		2023-08-26	Kokkola	Keski-Pohjanmaa (KP)	Suomi	63.85155	23.1111		COMMUNITY_VERIFIED	iNaturalist Suomi Finland
herkkutatti (fi) — Boletus edulis	herkkutatti (fi)		2023-08-26	Helsinki	Uusimaa (U)	Suomi	60.22647	24.91617		COMMUNITY_VERIFIED	iNaturalist Suomi Finland
herkkutatti (fi) — Boletus edulis	herkkutatti (fi)		2023-08-25	Humppila, Jokioinen, Loimaa, Urjala, Ypäjä	Etelä-Häme (EH), Satakunta (St)	Suomi	60.9	23.3		COMMUNITY_VERIFIED	iNaturalist Suomi Finland
herkkutatti (fi) — Boletus edulis	herkkutatti (fi)		2023-08-25	Espoo	Uusimaa (U)	Suomi	60.17914	24.69915		COMMUNITY_VERIFIED	iNaturalist Suomi Finland
herkkutatti (fi) — Boletus edulis	herkkutatti (fi)		2023-08-24	Sipoo	Uusimaa (U)	Suomi	60.21266	25.27283		COMMUNITY_VERIFIED	iNaturalist Suomi Finland
herkkutatti (fi) — Boletus edulis	herkkutatti (fi)		2023-08-24	Sipoo	Uusimaa (U)	Suomi	60.21269	25.27249		COMMUNITY_VERIFIED	iNaturalist Suomi Finland
herkkutatti (fi) — Boletus edulis	herkkutatti (fi)		2023-08-24	Sipoo	Uusimaa (U)	Suomi	60.21235	25.2715		COMMUNITY_VERIFIED	iNaturalist Suomi Finland
herkkutatti (fi) — Boletus edulis	herkkutatti (fi)		2023-08-24	Sipoo	Uusimaa (U)	Suomi	60.21223	25.27086		COMMUNITY_VERIFIED	iNaturalist Suomi Finland
herkkutatti (fi) — Boletus edulis	herkkutatti (fi)		2023-08-24	Närpiö	Etelä-Pohjanmaa (EP)	Suomi	62.50639	21.2103		COMMUNITY_VERIFIED	iNaturalist Suomi Finland
herkkutatti (fi) — Boletus edulis	herkkutatti (fi)	1	2023-08-24 [19:07]	Helsinki	Uusimaa (U)	Suomi	60.22299	24.924968	Sure	NEUTRAL	Notebook, general observations
herkkutatti (fi) — Boletus edulis	herkkutatti (fi)		2023-08-22 [11:08-11:13]	Salo	Varsinais-Suomi (V)	Suomi	60.516893	23.202933	Sure	NEUTRAL	The Atlas of Finnish Fungi
herkkutatti (fi) — Boletus edulis	herkkutatti (fi)		2023-08-22	Oulu	Oulun Pohjanmaa (OP)	Suomi	65.01594	25.50567		NEUTRAL	iNaturalist Suomi Finland
herkkutatti (fi) — Boletus edulis	herkkutatti (fi)		2023-08-22	Lieksa	Pohjois-Karjala (PK)	Suomi	63.1278	30.614411	Sure	NEUTRAL	Notebook, general observations
herkkutatti (fi) — Boletus edulis	herkkutatti (fi)		2023-08-21	Helsinki	Uusimaa (U)	Suomi	60.193295	25.097041	Sure	NEUTRAL	Species Observations from Helsinki Nature Surveys
herkkutatti (fi) — Boletus edulis	herkkutatti (fi)		2023-08-21 [14:51-17:27]	Salo	Varsinais-Suomi (V)	Suomi	60.252728	22.967983	Sure	NEUTRAL	The Atlas of Finnish Fungi
herkkutatti (fi) — Boletus edulis	herkkutatti (fi)		2023-08-20	Aura, Lieto, Loimaa, Pöytyä	Satakunta (St), Varsinais-Suomi (V)	Suomi	60.7	22.7		NEUTRAL	iNaturalist Suomi Finland
herkkutatti (fi) — Boletus edulis	herkkutatti (fi)		2023-08-20	Hausjärvi, Hollola, Hämeenlinna, Kärkölä, Mäntsälä	Etelä-Häme (EH), Uusimaa (U)	Suomi	60.9	25.1		COMMUNITY_VERIFIED	iNaturalist Suomi Finland
herkkutatti (fi) — Boletus edulis	herkkutatti (fi)		2023-08-20	Tampere	Etelä-Häme (EH)	Suomi	61.51012	23.63807		COMMUNITY_VERIFIED	iNaturalist Suomi Finland
herkkutatti (fi) — Boletus edulis	herkkutatti (fi)		2023-08-20	Kauniainen	Uusimaa (U)	Suomi	60.213593	24.682613	Sure	NEUTRAL	The Atlas of Finnish Fungi
herkkutatti (fi) — Boletus edulis	herkkutatti (fi)		2023-08-20 [14:42]	Tampere	Etelä-Häme (EH)	Suomi	61.468642	23.815046	Sure	NEUTRAL	The Atlas of Finnish Fungi
herkkutatti (fi) — Boletus edulis	herkkutatti (fi)		2023-08-20 [13:27]	Tampere	Etelä-Häme (EH)	Suomi	61.472553	23.804857	Sure	NEUTRAL	The Atlas of Finnish Fungi
herkkutatti (fi) — Boletus edulis	herkkutatti (fi)		2023-08-20 [13:53]	Tampere	Etelä-Häme (EH)	Suomi	61.468453	23.811403	Sure	NEUTRAL	The Atlas of Finnish Fungi
herkkutatti (fi) — Boletus edulis	herkkutatti (fi)		2023-08-19	Espoo, Vihti	Uusimaa (U), Varsinais-Suomi (V)	Suomi	60.317297	24.523639	Sure	NEUTRAL	The Atlas of Finnish Fungi
herkkutatti (fi) — Boletus edulis	herkkutatti (fi)		2023-08-19	Espoo	Uusimaa (U)	Suomi	60.15804	24.76452		NEUTRAL	iNaturalist Suomi Finland
herkkutatti (fi) — Boletus edulis	herkkutatti (fi)		2023-08-18	Hailuoto	Oulun Pohjanmaa (OP)	Suomi	65.04219	24.57191		COMMUNITY_VERIFIED	iNaturalist Suomi Finland
herkkutatti (fi) — Boletus edulis	herkkutatti (fi)		2023-08-17 [13:42-19:09]	Salo	Varsinais-Suomi (V)	Suomi	60.354848	23.563236	Sure	NEUTRAL	The Atlas of Finnish Fungi
herkkutatti (fi) — Boletus edulis	herkkutatti (fi)		2023-08-17	Salo	Varsinais-Suomi (V)	Suomi	60.23075	22.95168		COMMUNITY_VERIFIED	iNaturalist Suomi Finland
herkkutatti (fi) — Boletus edulis	herkkutatti (fi)		2023-08-17	Loppi	Etelä-Häme (EH)	Suomi	60.73465	24.07361		COMMUNITY_VERIFIED	iNaturalist Suomi Finland
herkkutatti (fi) — Boletus edulis	herkkutatti (fi)		2023-08-16	Inkoo, Lohja, Raasepori, Salo	Uusimaa (U), Varsinais-Suomi (V)	Suomi	60.1	23.7		COMMUNITY_VERIFIED	iNaturalist Suomi Finland
herkkutatti (fi) — Boletus edulis	herkkutatti (fi)		2023-08-16	Tammela	Etelä-Häme (EH)	Suomi	60.86913	23.9327		COMMUNITY_VERIFIED	iNaturalist Suomi Finland
herkkutatti (fi) — Boletus edulis	herkkutatti (fi)		2023-08-16	Vaasa	Etelä-Pohjanmaa (EP)	Suomi	63.051975	21.610356	Sure	NEUTRAL	The Atlas of Finnish Fungi
herkkutatti (fi) — Boletus edulis	herkkutatti (fi)		2023-08-16	Vaasa	Etelä-Pohjanmaa (EP)	Suomi	63.052044	21.610472	Sure	NEUTRAL	The Atlas of Finnish Fungi
herkkutatti (fi) — Boletus edulis	herkkutatti (fi)		2023-08-16	Vaasa	Etelä-Pohjanmaa (EP)	Suomi	63.054458	21.619497	Sure	NEUTRAL	The Atlas of Finnish Fungi
herkkutatti (fi) — Boletus edulis	herkkutatti (fi)		2023-08-16	Vaasa	Etelä-Pohjanmaa (EP)	Suomi	63.051892	21.609986	Sure	NEUTRAL	The Atlas of Finnish Fungi
herkkutatti (fi) — Boletus edulis	herkkutatti (fi)		2023-08-16	Raasepori	Varsinais-Suomi (V)	Suomi	59.96075	22.86081		COMMUNITY_VERIFIED	iNaturalist Suomi Finland
herkkutatti (fi) — Boletus edulis	herkkutatti (fi)		2023-08-16	Helsinki	Uusimaa (U)	Suomi	60.1803	24.88211		COMMUNITY_VERIFIED	iNaturalist Suomi Finland
herkkutatti (fi) — Boletus edulis	herkkutatti (fi)		2023-08-15 [14:00-16:11]	Salo	Varsinais-Suomi (V)	Suomi	60.428938	23.062149	Sure	NEUTRAL	The Atlas of Finnish Fungi
herkkutatti (fi) — Boletus edulis	herkkutatti (fi)		2023-08-15	Kuhmoinen	Etelä-Häme (EH)	Suomi	61.64607	24.99718		COMMUNITY_VERIFIED	iNaturalist Suomi Finland
herkkutatti (fi) — Boletus edulis	herkkutatti (fi)		2023-08-15	Helsinki	Uusimaa (U)	Suomi	60.21809	24.99062		COMMUNITY_VERIFIED	iNaturalist Suomi Finland
herkkutatti (fi) — Boletus edulis	herkkutatti (fi)		2023-08-14	Helsinki, Kerava, Sipoo, Tuusula, Vantaa	Uusimaa (U)	Suomi	60.3	25.1		COMMUNITY_VERIFIED	iNaturalist Suomi Finland
herkkutatti (fi) — Boletus edulis	herkkutatti (fi)		2023-08-14	Helsinki, Kerava, Sipoo, Tuusula, Vantaa	Uusimaa (U)	Suomi	60.3	25.1		COMMUNITY_VERIFIED	iNaturalist Suomi Finland
herkkutatti (fi) — Boletus edulis	herkkutatti (fi)		2023-08-14	Heinävesi	Pohjois-Savo (PS)	Suomi	62.44314	28.8066	Sure	NEUTRAL	The Atlas of Finnish Fungi
herkkutatti (fi) — Boletus edulis	herkkutatti (fi)	1	2023-08-14 [15:00-17:00]	Tampere	Etelä-Häme (EH)	Suomi	61.509845	23.784578	Sure	NEUTRAL	Notebook, general observations
herkkutatti (fi) — Boletus edulis	herkkutatti (fi)		2023-08-14	Riihimäki	Etelä-Häme (EH)	Suomi	60.72272	24.7528		COMMUNITY_VERIFIED	iNaturalist Suomi Finland
herkkutatti (fi) — Boletus edulis	herkkutatti (fi)		2023-08-13	Lieto	Varsinais-Suomi (V)	Suomi	60.48727	22.3795		COMMUNITY_VERIFIED	iNaturalist Suomi Finland
herkkutatti (fi) — Boletus edulis	herkkutatti (fi)		2023-08-13	Kangasala	Etelä-Häme (EH)	Suomi	61.45862	24.13234		COMMUNITY_VERIFIED	iNaturalist Suomi Finland
herkkutatti (fi) — Boletus edulis	herkkutatti (fi)		2023-08-13	Helsinki	Uusimaa (U)	Suomi	60.18112	24.99896		COMMUNITY_VERIFIED	iNaturalist Suomi Finland
herkkutatti (fi) — Boletus edulis	herkkutatti (fi)		2023-08-13 - 2023-08-17	Lieksa	Pohjois-Karjala (PK)	Suomi	63.114006	29.777003	Sure	NEUTRAL	The Atlas of Finnish Fungi
herkkutatti (fi) — Boletus edulis	herkkutatti (fi)		2023-08-13	Helsinki	Uusimaa (U)	Suomi	60.27156	25.22823		COMMUNITY_VERIFIED	iNaturalist Suomi Finland
herkkutatti (fi) — Boletus edulis	herkkutatti (fi)		2023-08-13	Vantaa	Uusimaa (U)	Suomi	60.28783	25.18814		COMMUNITY_VERIFIED	iNaturalist Suomi Finland
herkkutatti (fi) — Boletus edulis	herkkutatti (fi)		2023-08-13	Heinola	Etelä-Häme (EH)	Suomi	61.25018	26.08234		COMMUNITY_VERIFIED	iNaturalist Suomi Finland
herkkutatti (fi) — Boletus edulis	herkkutatti (fi)		2023-08-13	Helsinki	Uusimaa (U)	Suomi	60.2411	25.15272		COMMUNITY_VERIFIED	iNaturalist Suomi Finland
herkkutatti (fi) — Boletus edulis	herkkutatti (fi)		2023-08-12	Aura, Lieto, Loimaa, Pöytyä	Satakunta (St), Varsinais-Suomi (V)	Suomi	60.7	22.7		COMMUNITY_VERIFIED	iNaturalist Suomi Finland
herkkutatti (fi) — Boletus edulis	herkkutatti (fi)		2023-08-12	Isokyrö	Etelä-Pohjanmaa (EP)	Suomi	63.01133	22.32851		NEUTRAL	iNaturalist Suomi Finland
herkkutatti (fi) — Boletus edulis	herkkutatti (fi)		2023-08-12	Isokyrö	Etelä-Pohjanmaa (EP)	Suomi	63.01132	22.32853		NEUTRAL	iNaturalist Suomi Finland
herkkutatti (fi) — Boletus edulis	herkkutatti (fi)		2023-08-12	Sipoo	Uusimaa (U)	Suomi	60.31178	25.17199		COMMUNITY_VERIFIED	iNaturalist Suomi Finland
herkkutatti (fi) — Boletus edulis	herkkutatti (fi)		2023-08-11	Ruovesi	Etelä-Häme (EH)	Suomi	62.05171	23.83418		COMMUNITY_VERIFIED	iNaturalist Suomi Finland
herkkutatti (fi) — Boletus edulis	herkkutatti (fi)		2023-08-11	Espoo	Uusimaa (U)	Suomi	60.296346	24.520487	Sure	NEUTRAL	Notebook, general observations
herkkutatti (fi) — Boletus edulis	herkkutatti (fi)		2023-08-11	Espoo	Uusimaa (U)	Suomi	60.318559	24.525797	Sure	NEUTRAL	Notebook, general observations
herkkutatti (fi) — Boletus edulis	herkkutatti (fi)	muutama	2023-08-11	Vaasa	Etelä-Pohjanmaa (EP)	Suomi	63.042672	21.596258	Sure	NEUTRAL	The Atlas of Finnish Fungi
herkkutatti (fi) — Boletus edulis	herkkutatti (fi)	Useita	2023-08-10 [8:55]	Toivakka	Pohjois-Häme (PH)	Suomi	62.043428	26.142186	Sure	NEUTRAL	The Atlas of Finnish Fungi
herkkutatti (fi) — Boletus edulis	herkkutatti (fi)		2023-08-10 [16:31-17:52]	Salo	Varsinais-Suomi (V)	Suomi	60.334332	23.216414	Sure	NEUTRAL	The Atlas of Finnish Fungi
herkkutatti (fi) — Boletus edulis	herkkutatti (fi)		2023-08-10	Nurmijärvi	Uusimaa (U)	Suomi	60.37326	24.7444		COMMUNITY_VERIFIED	iNaturalist Suomi Finland
herkkutatti (fi) — Boletus edulis	herkkutatti (fi)		2023-08-09	Muurame	Etelä-Häme (EH)	Suomi	62.099776	25.623492	Sure	NEUTRAL	Notebook, general observations
herkkutatti (fi) — Boletus edulis	herkkutatti (fi)		2023-08-09	Liminka	Oulun Pohjanmaa (OP)	Suomi	64.80674	25.36494		COMMUNITY_VERIFIED	iNaturalist Suomi Finland
herkkutatti (fi) — Boletus edulis	herkkutatti (fi)		2023-08-09	Helsinki	Uusimaa (U)	Suomi	60.24462	25.20278		COMMUNITY_VERIFIED	iNaturalist Suomi Finland
herkkutatti (fi) — Boletus edulis	herkkutatti (fi)		2023-08-09 [11:25]	Lappeenranta	Etelä-Savo (ES)	Suomi	61.092985	28.198156	Sure	NEUTRAL	The Atlas of Finnish Fungi
herkkutatti (fi) — Boletus edulis	herkkutatti (fi)		2023-08-09	Jyväskylä	Pohjois-Häme (PH)	Suomi	62.22804	25.7398		COMMUNITY_VERIFIED	iNaturalist Suomi Finland
herkkutatti (fi) — Boletus edulis	herkkutatti (fi)		2023-08-09	Vantaa	Uusimaa (U)	Suomi	60.25623	24.7912		COMMUNITY_VERIFIED	iNaturalist Suomi Finland
herkkutatti (fi) — Boletus edulis	herkkutatti (fi)		2023-08-09	Rusko	Varsinais-Suomi (V)	Suomi	60.54137	22.22806		COMMUNITY_VERIFIED	iNaturalist Suomi Finland
herkkutatti (fi) — Boletus edulis	herkkutatti (fi)		2023-08-08	Viitasaari	Pohjois-Häme (PH)	Suomi	63.090015	25.703287	Sure	NEUTRAL	Notebook, general observations
herkkutatti (fi) — Boletus edulis	herkkutatti (fi)	1	2023-08-08	Mustasaari	Etelä-Pohjanmaa (EP)	Suomi	63.037947	21.611103	Sure	NEUTRAL	The Atlas of Finnish Fungi
herkkutatti (fi) — Boletus edulis	herkkutatti (fi)	4	2023-08-08	Heinola	Etelä-Häme (EH)	Suomi	61.209836	26.112664	Sure	NEUTRAL	The Atlas of Finnish Fungi
herkkutatti (fi) — Boletus edulis	herkkutatti (fi)		2023-08-08	Raasepori	Varsinais-Suomi (V)	Suomi	59.94642	23.0809		COMMUNITY_VERIFIED	iNaturalist Suomi Finland
herkkutatti (fi) — Boletus edulis	herkkutatti (fi)		2023-08-08	Oulu	Oulun Pohjanmaa (OP)	Suomi	65.05832	25.47133		COMMUNITY_VERIFIED	iNaturalist Suomi Finland
herkkutatti (fi) — Boletus edulis	herkkutatti (fi)		2023-08-07	Savonlinna	Etelä-Savo (ES)	Suomi	61.7477	29.37644		COMMUNITY_VERIFIED	iNaturalist Suomi Finland
herkkutatti (fi) — Boletus edulis	herkkutatti (fi)	4	2023-08-07	Rovaniemi	Perä-Pohjanmaa (PeP)	Suomi	66.618004	26.177655	Sure	NEUTRAL	The Atlas of Finnish Fungi
herkkutatti (fi) — Boletus edulis	herkkutatti (fi)		2023-08-07	Hattula	Etelä-Häme (EH)	Suomi	60.93639	24.21327		COMMUNITY_VERIFIED	iNaturalist Suomi Finland
herkkutatti (fi) — Boletus edulis	herkkutatti (fi)		2023-08-07	Tampere	Etelä-Häme (EH)	Suomi	61.50854	23.90905		COMMUNITY_VERIFIED	iNaturalist Suomi Finland
herkkutatti (fi) — Boletus edulis	herkkutatti (fi)		2023-08-07	Raasepori	Varsinais-Suomi (V)	Suomi	59.95097	23.01259		COMMUNITY_VERIFIED	iNaturalist Suomi Finland
herkkutatti (fi) — Boletus edulis	herkkutatti (fi)		2023-08-06	Hämeenlinna, Pälkäne	Etelä-Häme (EH)	Suomi	61.3	24.7		COMMUNITY_VERIFIED	iNaturalist Suomi Finland
herkkutatti (fi) — Boletus edulis	herkkutatti (fi)	1	2023-08-06	Hämeenkyrö	Satakunta (St)	Suomi	61.659066	23.460997	Sure	NEUTRAL	The Atlas of Finnish Fungi
herkkutatti (fi) — Boletus edulis	herkkutatti (fi)		2023-08-06	Kangasniemi	Etelä-Savo (ES)	Suomi	62.03261	26.766596	Sure	NEUTRAL	The Atlas of Finnish Fungi
herkkutatti (fi) — Boletus edulis	herkkutatti (fi)		2023-08-06	Oulu	Oulun Pohjanmaa (OP)	Suomi	65.026	25.62631		COMMUNITY_VERIFIED	iNaturalist Suomi Finland
herkkutatti (fi) — Boletus edulis	herkkutatti (fi)		2023-08-05	Turku	Varsinais-Suomi (V)	Suomi	60.40847	22.23608		COMMUNITY_VERIFIED	iNaturalist Suomi Finland
herkkutatti (fi) — Boletus edulis	herkkutatti (fi)		2023-08-05	Tuusula	Uusimaa (U)	Suomi	60.432	25.0368		COMMUNITY_VERIFIED	iNaturalist Suomi Finland
herkkutatti (fi) — Boletus edulis	herkkutatti (fi)		2023-08-05	Asikkala	Etelä-Häme (EH)	Suomi	61.29574	25.53557		COMMUNITY_VERIFIED	iNaturalist Suomi Finland
herkkutatti (fi) — Boletus edulis	herkkutatti (fi)	1	2023-08-05	Mustasaari	Etelä-Pohjanmaa (EP)	Suomi	63.038242	21.610269	Sure	NEUTRAL	The Atlas of Finnish Fungi
herkkutatti (fi) — Boletus edulis	herkkutatti (fi)		2023-08-05	Kauniainen	Uusimaa (U)	Suomi	60.213593	24.682613	Sure	NEUTRAL	The Atlas of Finnish Fungi
herkkutatti (fi) — Boletus edulis	herkkutatti (fi)	1	2023-08-05 [15:00-15:00]	Masku, Mynämäki, Taivassalo, Vehmaa	Varsinais-Suomi (V)	Suomi	60.623587	21.787367	Sure	NEUTRAL	Notebook, general observations
herkkutatti (fi) — Boletus edulis	herkkutatti (fi)		2023-08-05 [15:06-16:25]	Salo	Varsinais-Suomi (V)	Suomi	60.431868	23.018466	Sure	NEUTRAL	The Atlas of Finnish Fungi
herkkutatti (fi) — Boletus edulis	herkkutatti (fi)		2023-08-05	Salo	Varsinais-Suomi (V)	Suomi	60.447203	23.071085	Sure	NEUTRAL	The Atlas of Finnish Fungi
herkkutatti (fi) — Boletus edulis	herkkutatti (fi)		2023-08-05	Sipoo	Uusimaa (U)	Suomi	60.30439	25.20421		COMMUNITY_VERIFIED	iNaturalist Suomi Finland
herkkutatti (fi) — Boletus edulis	herkkutatti (fi)		2023-08-05	Inkoo	Uusimaa (U)	Suomi	60.06594	24.21569		COMMUNITY_VERIFIED	iNaturalist Suomi Finland
herkkutatti (fi) — Boletus edulis	herkkutatti (fi)		2023-08-04	Helsinki	Uusimaa (U)	Suomi	60.24368	25.21662		COMMUNITY_VERIFIED	iNaturalist Suomi Finland
herkkutatti (fi) — Boletus edulis	herkkutatti (fi)		2023-08-04 [18:29]	Vesilahti	Etelä-Häme (EH)	Suomi	61.337894	23.511977	Sure	NEUTRAL	Notebook, general observations
herkkutatti (fi) — Boletus edulis	herkkutatti (fi)		2023-08-04	Akaa	Etelä-Häme (EH)	Suomi	61.1538	23.8932		NEUTRAL	iNaturalist Suomi Finland
herkkutatti (fi) — Boletus edulis	herkkutatti (fi)		2023-08-03 [19:24-20:09]	Salo	Varsinais-Suomi (V)	Suomi	60.4738	23.088829	Sure	NEUTRAL	The Atlas of Finnish Fungi
herkkutatti (fi) — Boletus edulis	herkkutatti (fi)	1	2023-08-03	Rovaniemi	Perä-Pohjanmaa (PeP)	Suomi	66.52803	25.574278	Sure	NEUTRAL	The Atlas of Finnish Fungi
herkkutatti (fi) — Boletus edulis	herkkutatti (fi)		2023-08-03	Ylöjärvi	Etelä-Häme (EH)	Suomi	61.560247	23.519499	Sure	NEUTRAL	The Atlas of Finnish Fungi
herkkutatti (fi) — Boletus edulis	herkkutatti (fi)		2023-08-02 [14:10-19:21]	Kemiönsaari, Salo, Sauvo	Varsinais-Suomi (V)	Suomi	60.214163	22.936706	Sure	NEUTRAL	The Atlas of Finnish Fungi
herkkutatti (fi) — Boletus edulis	herkkutatti (fi)		2023-08-02	Ulvila	Satakunta (St)	Suomi	61.49553	22.19981		COMMUNITY_VERIFIED	iNaturalist Suomi Finland
herkkutatti (fi) — Boletus edulis	herkkutatti (fi)		2023-08-01	Lapinlahti	Pohjois-Savo (PS)	Suomi	63.37752	27.43341		COMMUNITY_VERIFIED	iNaturalist Suomi Finland
herkkutatti (fi) — Boletus edulis	herkkutatti (fi)		2023-08-01	Kitee	Pohjois-Karjala (PK)	Suomi	61.89013	29.67232		COMMUNITY_VERIFIED	iNaturalist Suomi Finland
herkkutatti (fi) — Boletus edulis	herkkutatti (fi)	1	2023-07-31	Janakkala	Etelä-Häme (EH)	Suomi	60.994869	24.694489	Sure	NEUTRAL	Notebook, general observations
herkkutatti (fi) — Boletus edulis	herkkutatti (fi)		2023-07-31	Kärsämäki	Keski-Pohjanmaa (KP)	Suomi	64.01441	26.08353		NEUTRAL	iNaturalist Suomi Finland
herkkutatti (fi) — Boletus edulis	herkkutatti (fi)		2023-07-31	Kuopio	Pohjois-Savo (PS)	Suomi	63.05445	28.35598		COMMUNITY_VERIFIED	iNaturalist Suomi Finland
herkkutatti (fi) — Boletus edulis	herkkutatti (fi)		2023-07-30	Oulu	Oulun Pohjanmaa (OP)	Suomi	65.02444	25.64778		COMMUNITY_VERIFIED	iNaturalist Suomi Finland
herkkutatti (fi) — Boletus edulis	herkkutatti (fi)		2023-07-30	Kärkölä	Etelä-Häme (EH)	Suomi	60.904357	25.243076	Sure	NEUTRAL	The Atlas of Finnish Fungi
herkkutatti (fi) — Boletus edulis	herkkutatti (fi)		2023-07-29	Savonlinna	Etelä-Savo (ES)	Suomi	61.82607	28.87075		COMMUNITY_VERIFIED	iNaturalist Suomi Finland
herkkutatti (fi) — Boletus edulis	herkkutatti (fi)		2023-07-29	Lappeenranta	Etelä-Savo (ES)	Suomi	61.12883	28.44083		COMMUNITY_VERIFIED	iNaturalist Suomi Finland
herkkutatti (fi) — Boletus edulis	herkkutatti (fi)		2023-07-29	Joensuu	Pohjois-Karjala (PK)	Suomi	62.57927	29.87174		COMMUNITY_VERIFIED	iNaturalist Suomi Finland
herkkutatti (fi) — Boletus edulis	herkkutatti (fi)		2023-07-29	Tuusniemi	Pohjois-Savo (PS)	Suomi	62.78916	28.52566		COMMUNITY_VERIFIED	iNaturalist Suomi Finland
herkkutatti (fi) — Boletus edulis	herkkutatti (fi)		2023-07-27	Helsinki	Uusimaa (U)	Suomi	60.22445	24.92233		COMMUNITY_VERIFIED	iNaturalist Suomi Finland
herkkutatti (fi) — Boletus edulis	herkkutatti (fi)		2023-07-26	Varkaus	Pohjois-Savo (PS)	Suomi	62.30377	27.80683		COMMUNITY_VERIFIED	iNaturalist Suomi Finland
herkkutatti (fi) — Boletus edulis	herkkutatti (fi)		2023-07-25	Rautjärvi	Etelä-Savo (ES)	Suomi	61.413439	29.176865	Sure	NEUTRAL	Notebook, general observations
herkkutatti (fi) — Boletus edulis	herkkutatti (fi)		2023-07-25	Iisalmi	Pohjois-Savo (PS)	Suomi	63.56199	27.55181		COMMUNITY_VERIFIED	iNaturalist Suomi Finland
herkkutatti (fi) — Boletus edulis	herkkutatti (fi)		2023-07-23	Hämeenkyrö, Ylöjärvi	Etelä-Häme (EH), Satakunta (St)	Suomi	61.659401	23.477275	Sure	NEUTRAL	The Atlas of Finnish Fungi
herkkutatti (fi) — Boletus edulis	herkkutatti (fi)	1	2023-07-23	Hämeenkyrö, Ylöjärvi	Etelä-Häme (EH), Satakunta (St)	Suomi	61.659401	23.477275	Sure	NEUTRAL	The Atlas of Finnish Fungi
herkkutatti (fi) — Boletus edulis	herkkutatti (fi)		2023-07-22	Mäntyharju	Etelä-Savo (ES)	Suomi	61.20981	26.99945		NEUTRAL	iNaturalist Suomi Finland
herkkutatti (fi) — Boletus edulis	herkkutatti (fi)		2023-07-21	Hartola, Joutsa	Etelä-Häme (EH), Etelä-Savo (ES)	Suomi	61.7	26.1		COMMUNITY_VERIFIED	iNaturalist Suomi Finland
herkkutatti (fi) — Boletus edulis	herkkutatti (fi)		2023-07-21	Hämeenkyrö	Satakunta (St)	Suomi	61.658626	23.460769	Sure	NEUTRAL	The Atlas of Finnish Fungi
herkkutatti (fi) — Boletus edulis	herkkutatti (fi)		2023-07-20 [11:19]	Tampere	Etelä-Häme (EH)	Suomi	61.468413	23.814528	Sure	NEUTRAL	The Atlas of Finnish Fungi
herkkutatti (fi) — Boletus edulis	herkkutatti (fi)		2023-07-20	Parikkala	Laatokan Karjala (LK)	Suomi	61.55258	29.5009		COMMUNITY_VERIFIED	iNaturalist Suomi Finland
herkkutatti (fi) — Boletus edulis	herkkutatti (fi)	2	2023-07-20 [13:05]	Hamina	Etelä-Karjala (EK)	Suomi	60.728732	27.3875	Sure	NEUTRAL	Notebook, general observations
herkkutatti (fi) — Boletus edulis	herkkutatti (fi)		2023-07-19	Parikkala	Laatokan Karjala (LK)	Suomi	61.55233	29.50035		COMMUNITY_VERIFIED	iNaturalist Suomi Finland
herkkutatti (fi) — Boletus edulis	herkkutatti (fi)		2023-07-18	Tampere	Etelä-Häme (EH)	Suomi	61.507462	23.871677		NEUTRAL	Notebook, general observations
herkkutatti (fi) — Boletus edulis	herkkutatti (fi)	1	2023-07-17	Hämeenkyrö, Orivesi	Etelä-Häme (EH)	Suomi	61.659	23.961	Sure	NEUTRAL	The Atlas of Finnish Fungi
herkkutatti (fi) — Boletus edulis	herkkutatti (fi)		2023-07-15	Asikkala	Etelä-Häme (EH)	Suomi	61.16897	25.86591		COMMUNITY_VERIFIED	iNaturalist Suomi Finland
herkkutatti (fi) — Boletus edulis	herkkutatti (fi)		2023-07-14	Hattula, Hämeenlinna	Etelä-Häme (EH)	Suomi	61.1	24.5		COMMUNITY_VERIFIED	iNaturalist Suomi Finland
herkkutatti (fi) — Boletus edulis	herkkutatti (fi)		2023-07-14	Hämeenlinna	Etelä-Häme (EH)	Suomi	61.17588	24.55916		COMMUNITY_VERIFIED	iNaturalist Suomi Finland
herkkutatti (fi) — Boletus edulis	herkkutatti (fi)		2023-07-13 [18:38]	Hankasalmi	Pohjois-Häme (PH)	Suomi	62.318121	26.347633	Sure	NEUTRAL	The Atlas of Finnish Fungi
herkkutatti (fi) — Boletus edulis	herkkutatti (fi)		2023-07-13	Pertunmaa	Etelä-Savo (ES)	Suomi	61.59173	26.46541		COMMUNITY_VERIFIED	iNaturalist Suomi Finland
herkkutatti (fi) — Boletus edulis	herkkutatti (fi)		2023-07-10	Lahti	Etelä-Häme (EH)	Suomi	61.011399	25.652626	Sure	NEUTRAL	The Atlas of Finnish Fungi
herkkutatti (fi) — Boletus edulis	herkkutatti (fi)	1	2023-07-09	Heinola	Etelä-Häme (EH)	Suomi	61.201037	26.088494	Sure	NEUTRAL	The Atlas of Finnish Fungi
herkkutatti (fi) — Boletus edulis	herkkutatti (fi)		2022-10-29 - 2022-10-30	Hanko	Uusimaa (U)	Suomi	59.830302	23.033883	Sure	NEUTRAL	The Atlas of Finnish Fungi
herkkutatti (fi) — Boletus edulis	herkkutatti (fi)	1	2022-10-24 [13:30]	Hamina	Etelä-Karjala (EK)	Suomi	60.656998	27.122239	Sure	NEUTRAL	Notebook, general observations
herkkutatti (fi) — Boletus edulis	herkkutatti (fi)		2022-10-23 [17:26-18:25]	Salo	Varsinais-Suomi (V)	Suomi	60.379522	23.170481	Sure	NEUTRAL	The Atlas of Finnish Fungi
herkkutatti (fi) — Boletus edulis	herkkutatti (fi)	1	2022-10-16 [14:35]	Hamina	Etelä-Karjala (EK)	Suomi	60.646751	27.224672	Sure	NEUTRAL	Notebook, general observations
herkkutatti (fi) — Boletus edulis	herkkutatti (fi)	3	2022-10-15	Helsinki, Sipoo, Vantaa	Uusimaa (U)	Suomi	60.262809	25.09998	Sure	NEUTRAL	The Atlas of Finnish Fungi
herkkutatti (fi) — Boletus edulis	herkkutatti (fi)		2022-10-09	Joensuu	Pohjois-Karjala (PK)	Suomi	62.62044	29.81337		COMMUNITY_VERIFIED	iNaturalist Suomi Finland
herkkutatti (fi) — Boletus edulis	herkkutatti (fi)		2022-10-09	Espoo	Uusimaa (U)	Suomi	60.16172	24.74971		COMMUNITY_VERIFIED	iNaturalist Suomi Finland
herkkutatti (fi) — Boletus edulis	herkkutatti (fi)		2022-10-03	Eckerö	Ahvenanmaa (A)	Suomi	60.22178	19.61414		COMMUNITY_VERIFIED	iNaturalist Suomi Finland
herkkutatti (fi) — Boletus edulis	herkkutatti (fi)		2022-10-02	Hämeenlinna	Etelä-Häme (EH)	Suomi	61.05953	25.0459		COMMUNITY_VERIFIED	iNaturalist Suomi Finland
herkkutatti (fi) — Boletus edulis	herkkutatti (fi)		2022-09-28	Iisalmi	Pohjois-Savo (PS)	Suomi	63.56485	27.19712		COMMUNITY_VERIFIED	iNaturalist Suomi Finland
herkkutatti (fi) — Boletus edulis	herkkutatti (fi)		2022-09-25 [16:31-17:36]	Salo	Varsinais-Suomi (V)	Suomi	60.451541	23.083952	Sure	NEUTRAL	The Atlas of Finnish Fungi
herkkutatti (fi) — Boletus edulis	herkkutatti (fi)		2022-09-25	Parkano	Satakunta (St)	Suomi	62.04422	23.04162		COMMUNITY_VERIFIED	iNaturalist Suomi Finland
herkkutatti (fi) — Boletus edulis	herkkutatti (fi)		2022-09-24	Riihimäki	Etelä-Häme (EH)	Suomi	60.73731	24.75485		NEUTRAL	iNaturalist Suomi Finland
herkkutatti (fi) — Boletus edulis	herkkutatti (fi)	1	2022-09-20	Kaarina	Varsinais-Suomi (V)	Suomi	60.429616	22.515348	Sure	NEUTRAL	The Atlas of Finnish Fungi
herkkutatti (fi) — Boletus edulis	herkkutatti (fi)		2022-09-20 [18:27-19:27]	Salo	Varsinais-Suomi (V)	Suomi	60.488192	23.084543	Sure	NEUTRAL	The Atlas of Finnish Fungi
herkkutatti (fi) — Boletus edulis	herkkutatti (fi)		2022-09-20 [17:33-17:58]	Salo	Varsinais-Suomi (V)	Suomi	60.448746	23.120342	Sure	NEUTRAL	The Atlas of Finnish Fungi
herkkutatti (fi) — Boletus edulis	herkkutatti (fi)		2022-09-19	Lieto	Varsinais-Suomi (V)	Suomi	60.55979	22.45437		COMMUNITY_VERIFIED	iNaturalist Suomi Finland
herkkutatti (fi) — Boletus edulis	herkkutatti (fi)		2022-09-19 [17:26-19:16]	Salo	Varsinais-Suomi (V)	Suomi	60.208165	22.953144	Sure	NEUTRAL	The Atlas of Finnish Fungi
herkkutatti (fi) — Boletus edulis	herkkutatti (fi)		2022-09-18	Turku	Varsinais-Suomi (V)	Suomi	60.4162	22.27474		COMMUNITY_VERIFIED	iNaturalist Suomi Finland
herkkutatti (fi) — Boletus edulis	herkkutatti (fi)		2022-09-18	Turku	Varsinais-Suomi (V)	Suomi	60.43351	22.28705		COMMUNITY_VERIFIED	iNaturalist Suomi Finland
herkkutatti (fi) — Boletus edulis	herkkutatti (fi)		2022-09-17	Padasjoki	Etelä-Häme (EH)	Suomi	61.403	25.13242		COMMUNITY_VERIFIED	iNaturalist Suomi Finland
herkkutatti (fi) — Boletus edulis	herkkutatti (fi)		2022-09-17	Kaarina	Varsinais-Suomi (V)	Suomi	60.40344	22.45619		COMMUNITY_VERIFIED	iNaturalist Suomi Finland
herkkutatti (fi) — Boletus edulis	herkkutatti (fi)	muutama	2022-09-16	Vaasa	Etelä-Pohjanmaa (EP)	Suomi	63.088271	21.680592	Sure	NEUTRAL	The Atlas of Finnish Fungi
herkkutatti (fi) — Boletus edulis	herkkutatti (fi)		2022-09-15	Turku	Varsinais-Suomi (V)	Suomi	60.45107	22.33354		COMMUNITY_VERIFIED	iNaturalist Suomi Finland
herkkutatti (fi) — Boletus edulis	herkkutatti (fi)	1	2022-09-12	Pyhäjärvi	Keski-Pohjanmaa (KP)	Suomi	63.772534	26.064626	Sure	NEUTRAL	The Atlas of Finnish Fungi
herkkutatti (fi) — Boletus edulis	herkkutatti (fi)	2	2022-09-12	Kustavi	Varsinais-Suomi (V)	Suomi	60.593233	21.389081	Sure	NEUTRAL	The Atlas of Finnish Fungi
herkkutatti (fi) — Boletus edulis	herkkutatti (fi)		2022-09-11	Parainen	Varsinais-Suomi (V)	Suomi	60.36975	21.35645		COMMUNITY_VERIFIED	iNaturalist Suomi Finland
herkkutatti (fi) — Boletus edulis	herkkutatti (fi)	1	2022-09-10 [12:28]	Rautalampi	Pohjois-Häme (PH)	Suomi	62.58826	26.63525	Sure	NEUTRAL	The Atlas of Finnish Fungi
herkkutatti (fi) — Boletus edulis	herkkutatti (fi)		2022-09-10	Kustavi	Varsinais-Suomi (V)	Suomi	60.54742	21.34085		COMMUNITY_VERIFIED	iNaturalist Suomi Finland
herkkutatti (fi) — Boletus edulis	herkkutatti (fi)	1	2022-09-06	Hollola	Etelä-Häme (EH)	Suomi	61.003516	25.211222	Sure	NEUTRAL	The Atlas of Finnish Fungi
herkkutatti (fi) — Boletus edulis	herkkutatti (fi)	1	2022-09-03	Muhos	Oulun Pohjanmaa (OP)	Suomi	64.755416	26.201165	Sure	NEUTRAL	The Atlas of Finnish Fungi
herkkutatti (fi) — Boletus edulis	herkkutatti (fi)		2022-09-03	Kirkkonummi, Vihti	Uusimaa (U), Varsinais-Suomi (V)	Suomi	60.282897	24.50457	Sure	NEUTRAL	The Atlas of Finnish Fungi
herkkutatti (fi) — Boletus edulis	herkkutatti (fi)		2022-09-03 [9:52]	Rovaniemi	Perä-Pohjanmaa (PeP)	Suomi	66.502346	25.797563	Sure	NEUTRAL	The Atlas of Finnish Fungi
herkkutatti (fi) — Boletus edulis	herkkutatti (fi)	1	2022-08-31 [13:44]	Toivakka	Pohjois-Häme (PH)	Suomi	62.043385	26.144327	Sure	NEUTRAL	The Atlas of Finnish Fungi
herkkutatti (fi) — Boletus edulis	herkkutatti (fi)	1	2022-08-30	Rovaniemi	Perä-Pohjanmaa (PeP)	Suomi	66.8706	25.8498	Sure	NEUTRAL	The Atlas of Finnish Fungi
herkkutatti (fi) — Boletus edulis	herkkutatti (fi)		2022-08-29	Joensuu	Pohjois-Karjala (PK)	Suomi	62.60373	29.73905		COMMUNITY_VERIFIED	iNaturalist Suomi Finland
herkkutatti (fi) — Boletus edulis	herkkutatti (fi)		2022-08-27	Hollola	Etelä-Häme (EH)	Suomi	61.000144	25.292518	Sure	NEUTRAL	The Atlas of Finnish Fungi
herkkutatti (fi) — Boletus edulis	herkkutatti (fi)		2022-08-27	Oulu	Oulun Pohjanmaa (OP)	Suomi	64.92766	25.91226		COMMUNITY_VERIFIED	iNaturalist Suomi Finland
herkkutatti (fi) — Boletus edulis	herkkutatti (fi)	1	2022-08-26	Tornio	Perä-Pohjanmaa (PeP)	Suomi	65.829586	24.154412	Sure	NEUTRAL	The Atlas of Finnish Fungi
herkkutatti (fi) — Boletus edulis	herkkutatti (fi)		2022-08-21	Kuhmo	Kainuu (Kn)	Suomi	64.462795	28.858143	Sure	NEUTRAL	Notebook, general observations
herkkutatti (fi) — Boletus edulis	herkkutatti (fi)	1	2022-08-21	Heinola	Etelä-Häme (EH)	Suomi	61.20054	26.089304	Sure	NEUTRAL	The Atlas of Finnish Fungi
herkkutatti (fi) — Boletus edulis	herkkutatti (fi)		2022-08-19	Oulu	Oulun Pohjanmaa (OP)	Suomi	65.007418	25.489756	Sure	NEUTRAL	The Atlas of Finnish Fungi
herkkutatti (fi) — Boletus edulis	herkkutatti (fi)		2022-08-17	Tohmajärvi	Pohjois-Karjala (PK)	Suomi	62.22016	30.37984		COMMUNITY_VERIFIED	iNaturalist Suomi Finland
herkkutatti (fi) — Boletus edulis	herkkutatti (fi)		2022-08-17	Oulu	Oulun Pohjanmaa (OP)	Suomi	65.07132	25.46523		COMMUNITY_VERIFIED	iNaturalist Suomi Finland
herkkutatti (fi) — Boletus edulis	herkkutatti (fi)		2022-08-17	Oulu	Oulun Pohjanmaa (OP)	Suomi	65.07182	25.46702		COMMUNITY_VERIFIED	iNaturalist Suomi Finland
herkkutatti (fi) — Boletus edulis	herkkutatti (fi)		2022-08-15	Oulu	Oulun Pohjanmaa (OP)	Suomi	64.94656	25.54418		COMMUNITY_VERIFIED	iNaturalist Suomi Finland
herkkutatti (fi) — Boletus edulis	herkkutatti (fi)	6	2022-08-15	Rovaniemi	Perä-Pohjanmaa (PeP)	Suomi	66.508125	25.654454	Sure	NEUTRAL	The Atlas of Finnish Fungi
herkkutatti (fi) — Boletus edulis	herkkutatti (fi)		2022-08-15	Pyhäjärvi	Keski-Pohjanmaa (KP)	Suomi	63.62276	25.92555		COMMUNITY_VERIFIED	iNaturalist Suomi Finland
herkkutatti (fi) — Boletus edulis	herkkutatti (fi)		2022-08-14	Varkaus	Pohjois-Savo (PS)	Suomi	62.30554	27.80883		COMMUNITY_VERIFIED	iNaturalist Suomi Finland
herkkutatti (fi) — Boletus edulis	herkkutatti (fi)	2	2022-08-11	Savukoski	Sompion Lappi (SoL)	Suomi	67.295663	28.192643		NEUTRAL	Löydös Open Finnish Observation Database
herkkutatti (fi) — Boletus edulis	herkkutatti (fi)		2022-08-11	Laihia	Etelä-Pohjanmaa (EP)	Suomi	62.86389	22.08072		COMMUNITY_VERIFIED	iNaturalist Suomi Finland
herkkutatti (fi) — Boletus edulis	herkkutatti (fi)		2022-08-08	Hailuoto, Lumijoki, Oulu, Siikajoki	Keski-Pohjanmaa (KP), Oulun Pohjanmaa (OP)	Suomi	64.9	25.1		COMMUNITY_VERIFIED	iNaturalist Suomi Finland
herkkutatti (fi) — Boletus edulis	herkkutatti (fi)		2022-08-07	Lappajärvi	Keski-Pohjanmaa (KP)	Suomi	63.18991	23.6078		COMMUNITY_VERIFIED	iNaturalist Suomi Finland
herkkutatti (fi) — Boletus edulis	herkkutatti (fi)		2022-08-07	Vaasa	Etelä-Pohjanmaa (EP)	Suomi	63.11921	21.64055		COMMUNITY_VERIFIED	iNaturalist Suomi Finland
herkkutatti (fi) — Boletus edulis	herkkutatti (fi)		2022-08-06	Hausjärvi	Etelä-Häme (EH)	Suomi	60.68348	24.89193		COMMUNITY_VERIFIED	iNaturalist Suomi Finland
herkkutatti (fi) — Boletus edulis	herkkutatti (fi)		2022-08-06	Kuopio	Pohjois-Savo (PS)	Suomi	62.91617	27.76895		COMMUNITY_VERIFIED	iNaturalist Suomi Finland
herkkutatti (fi) — Boletus edulis	herkkutatti (fi)		2022-08-06	Hattula	Etelä-Häme (EH)	Suomi	60.93856	24.11906		COMMUNITY_VERIFIED	iNaturalist Suomi Finland
herkkutatti (fi) — Boletus edulis	herkkutatti (fi)		2022-08-04	Orivesi	Etelä-Häme (EH)	Suomi	61.67743	24.35737		COMMUNITY_VERIFIED	iNaturalist Suomi Finland
herkkutatti (fi) — Boletus edulis	herkkutatti (fi)	1	2022-08-03	Hanko	Uusimaa (U)	Suomi	59.830071	23.036738	Sure	NEUTRAL	The Atlas of Finnish Fungi
herkkutatti (fi) — Boletus edulis	herkkutatti (fi)		2022-08-03	Muonio	Kittilän Lappi (KiL)	Suomi	68.057221	24.06401	Sure	NEUTRAL	The Atlas of Finnish Fungi
herkkutatti (fi) — Boletus edulis	herkkutatti (fi)		2022-08-03	Siikainen	Satakunta (St)	Suomi	61.90897	21.9594		COMMUNITY_VERIFIED	iNaturalist Suomi Finland
herkkutatti (fi) — Boletus edulis	herkkutatti (fi)	1	2022-07-30	Rovaniemi	Perä-Pohjanmaa (PeP)	Suomi	66.58327	25.69369	Sure	NEUTRAL	The Atlas of Finnish Fungi
herkkutatti (fi) — Boletus edulis	herkkutatti (fi)		2022-07-28	Luhanka	Etelä-Häme (EH)	Suomi	61.78672	25.70375		COMMUNITY_VERIFIED	iNaturalist Suomi Finland
herkkutatti (fi) — Boletus edulis	herkkutatti (fi)		2022-07-27	Oulainen	Keski-Pohjanmaa (KP)	Suomi	64.26523	24.88496		COMMUNITY_VERIFIED	iNaturalist Suomi Finland
herkkutatti (fi) — Boletus edulis	herkkutatti (fi)		2022-07-26	Siilinjärvi	Pohjois-Savo (PS)	Suomi	62.99651	27.57353		COMMUNITY_VERIFIED	iNaturalist Suomi Finland
herkkutatti (fi) — Boletus edulis	herkkutatti (fi)		2022-06-24	Varkaus	Pohjois-Savo (PS)	Suomi	62.32509	27.99124		NEUTRAL	iNaturalist Suomi Finland
herkkutatti (fi) — Boletus edulis	herkkutatti (fi)		2021-10-29	Riihimäki	Etelä-Häme (EH)	Suomi	60.73319	24.76293		COMMUNITY_VERIFIED	iNaturalist Suomi Finland
herkkutatti (fi) — Boletus edulis	herkkutatti (fi)		2021-09-28	Lohja	Varsinais-Suomi (V)	Suomi	60.247179	23.816426		NEUTRAL	LajiGIS: Species mapping and surveys
herkkutatti (fi) — Boletus edulis	herkkutatti (fi)	1	2021-09-28	Oulu	Oulun Pohjanmaa (OP)	Suomi	64.911777	25.738087	Sure	NEUTRAL	Notebook, general observations
herkkutatti (fi) — Boletus edulis	herkkutatti (fi)	1	2021-09-28	Nousiainen	Varsinais-Suomi (V)	Suomi	60.611001	22.123607	Sure	NEUTRAL	Notebook, general observations
herkkutatti (fi) — Boletus edulis	herkkutatti (fi)		2021-09-24	Lohja	Varsinais-Suomi (V)	Suomi	60.246752	23.820355		NEUTRAL	LajiGIS: Species mapping and surveys
herkkutatti (fi) — Boletus edulis	herkkutatti (fi)		2021-09-24	Lohja	Varsinais-Suomi (V)	Suomi	60.24538	23.813348		NEUTRAL	LajiGIS: Species mapping and surveys
herkkutatti (fi) — Boletus edulis	herkkutatti (fi)		2021-09-23	Lohja	Varsinais-Suomi (V)	Suomi	60.244683	23.815368		NEUTRAL	LajiGIS: Species mapping and surveys
herkkutatti (fi) — Boletus edulis	herkkutatti (fi)	1	2021-09-22	Rovaniemi	Perä-Pohjanmaa (PeP)	Suomi	66.534794	25.827554	Sure	NEUTRAL	The Atlas of Finnish Fungi
herkkutatti (fi) — Boletus edulis	herkkutatti (fi)		2021-09-21	Sotkamo	Kainuu (Kn)	Suomi	64.166536	27.892191		NEUTRAL	LajiGIS: Species mapping and surveys
herkkutatti (fi) — Boletus edulis	herkkutatti (fi)	1	2021-09-19 [16:23]	Oulu	Oulun Pohjanmaa (OP)	Suomi	65.10114	25.517449	Sure	NEUTRAL	Notebook, general observations
herkkutatti (fi) — Boletus edulis	herkkutatti (fi)		2021-09-18	Tuusniemi	Pohjois-Savo (PS)	Suomi	62.628338	28.493789	Sure	NEUTRAL	Notebook, general observations
herkkutatti (fi) — Boletus edulis	herkkutatti (fi)		2021-09-15	Ylitornio	Perä-Pohjanmaa (PeP)	Suomi	66.445082	24.782167	Sure	NEUTRAL	The Atlas of Finnish Fungi
herkkutatti (fi) — Boletus edulis	herkkutatti (fi)		2021-09-12	Lohja	Varsinais-Suomi (V)	Suomi	60.227834	23.861339		NEUTRAL	LajiGIS: Species mapping and surveys
herkkutatti (fi) — Boletus edulis	herkkutatti (fi)	20	2021-09-12	Tervola	Perä-Pohjanmaa (PeP)	Suomi	66.164604	25.001659	Sure	NEUTRAL	The Atlas of Finnish Fungi
herkkutatti (fi) — Boletus edulis	herkkutatti (fi)		2021-09-12	Tuusula	Uusimaa (U)	Suomi	60.45353	25.02825		COMMUNITY_VERIFIED	iNaturalist Suomi Finland
herkkutatti (fi) — Boletus edulis	herkkutatti (fi)		2021-09-12	Savonlinna	Etelä-Savo (ES)	Suomi	61.79941	29.32101		COMMUNITY_VERIFIED	iNaturalist Suomi Finland
herkkutatti (fi) — Boletus edulis	herkkutatti (fi)		2021-09-11	Paltamo	Kainuu (Kn)	Suomi	64.335045	28.063177	Sure	NEUTRAL	Notebook, general observations
herkkutatti (fi) — Boletus edulis	herkkutatti (fi)		2021-09-11	Masku, Mynämäki, Naantali, Taivassalo, Vehmaa	Varsinais-Suomi (V)	Suomi	60.5	21.7		COMMUNITY_VERIFIED	iNaturalist Suomi Finland
herkkutatti (fi) — Boletus edulis	herkkutatti (fi)	1	2021-09-11	Tornio, Ylitornio	Perä-Pohjanmaa (PeP)	Suomi	66.306017	24.618518	Sure	NEUTRAL	The Atlas of Finnish Fungi
herkkutatti (fi) — Boletus edulis	herkkutatti (fi)	1	2021-09-11	Tornio, Ylitornio	Perä-Pohjanmaa (PeP)	Suomi	66.306017	24.618518	Sure	NEUTRAL	The Atlas of Finnish Fungi
herkkutatti (fi) — Boletus edulis	herkkutatti (fi)		2021-09-11	Ylitornio	Perä-Pohjanmaa (PeP)	Suomi	66.314461	24.638536	Sure	NEUTRAL	The Atlas of Finnish Fungi
herkkutatti (fi) — Boletus edulis	herkkutatti (fi)		2021-09-11	Vantaa	Uusimaa (U)	Suomi	60.343676	25.08562	Sure	NEUTRAL	The Atlas of Finnish Fungi
herkkutatti (fi) — Boletus edulis	herkkutatti (fi)		2021-09-11	Helsinki	Uusimaa (U)	Suomi	60.21992	25.135978	Sure	NEUTRAL	The Atlas of Finnish Fungi
herkkutatti (fi) — Boletus edulis	herkkutatti (fi)		2021-09-11	Mäntyharju	Etelä-Savo (ES)	Suomi	61.47389	26.75028		COMMUNITY_VERIFIED	iNaturalist Suomi Finland
herkkutatti (fi) — Boletus edulis	herkkutatti (fi)		2021-09-11	Tuusula	Uusimaa (U)	Suomi	60.45353	25.02896		NEUTRAL	iNaturalist Suomi Finland
herkkutatti (fi) — Boletus edulis	herkkutatti (fi)	2	2021-09-10	Tervola	Perä-Pohjanmaa (PeP)	Suomi	66.058306	24.727411	Sure	NEUTRAL	The Atlas of Finnish Fungi
herkkutatti (fi) — Boletus edulis	herkkutatti (fi)	4	2021-09-10	Helsinki	Uusimaa (U)	Suomi	60.192749	24.892964	Sure	NEUTRAL	The Atlas of Finnish Fungi
herkkutatti (fi) — Boletus edulis	herkkutatti (fi)	6	2021-09-10	Tervola	Perä-Pohjanmaa (PeP)	Suomi	66.129186	24.716545	Sure	NEUTRAL	The Atlas of Finnish Fungi
herkkutatti (fi) — Boletus edulis	herkkutatti (fi)	1	2021-09-10	Tervola	Perä-Pohjanmaa (PeP)	Suomi	66.0594	24.72544	Sure	NEUTRAL	The Atlas of Finnish Fungi
herkkutatti (fi) — Boletus edulis	herkkutatti (fi)	1	2021-09-10	Asikkala	Etelä-Häme (EH)	Suomi	61.217307	25.490113	Sure	NEUTRAL	The Atlas of Finnish Fungi
herkkutatti (fi) — Boletus edulis	herkkutatti (fi)		2021-09-10	Tammela	Etelä-Häme (EH)	Suomi	60.76202	23.874		COMMUNITY_VERIFIED	iNaturalist Suomi Finland
herkkutatti (fi) — Boletus edulis	herkkutatti (fi)		2021-09-10	Kokkola	Keski-Pohjanmaa (KP)	Suomi	63.83356	22.91037		COMMUNITY_VERIFIED	iNaturalist Suomi Finland
herkkutatti (fi) — Boletus edulis	herkkutatti (fi)		2021-09-09	Tervola	Perä-Pohjanmaa (PeP)	Suomi	66.161581	24.999997	Sure	NEUTRAL	The Atlas of Finnish Fungi
herkkutatti (fi) — Boletus edulis	herkkutatti (fi)		2021-09-09 [15:29-15:32]	Asikkala	Etelä-Häme (EH)	Suomi	61.239252	25.385055	Sure	NEUTRAL	The Atlas of Finnish Fungi
herkkutatti (fi) — Boletus edulis	herkkutatti (fi)		2021-09-08	Hyvinkää, Hämeenlinna, Janakkala, Loppi	Etelä-Häme (EH), Uusimaa (U)	Suomi	60.7	24.5		COMMUNITY_VERIFIED	iNaturalist Suomi Finland
herkkutatti (fi) — Boletus edulis	herkkutatti (fi)		2021-09-08	Jyväskylä	Pohjois-Häme (PH)	Suomi	62.20784	25.90662		COMMUNITY_VERIFIED	iNaturalist Suomi Finland
herkkutatti (fi) — Boletus edulis	herkkutatti (fi)		2021-09-08 [9:58-10:44]	Asikkala	Etelä-Häme (EH)	Suomi	61.21043	25.731503	Sure	NEUTRAL	The Atlas of Finnish Fungi
herkkutatti (fi) — Boletus edulis	herkkutatti (fi)	noin 10	2021-09-08	Asikkala	Etelä-Häme (EH)	Suomi	61.230115	25.737333	Sure	NEUTRAL	The Atlas of Finnish Fungi
herkkutatti (fi) — Boletus edulis	herkkutatti (fi)		2021-09-08	Hartola	Etelä-Häme (EH)	Suomi	61.65385	26.0728		COMMUNITY_VERIFIED	iNaturalist Suomi Finland
herkkutatti (fi) — Boletus edulis	herkkutatti (fi)	1	2021-09-08	Asikkala	Etelä-Häme (EH)	Suomi	61.208295	25.742807	Sure	NEUTRAL	The Atlas of Finnish Fungi
herkkutatti (fi) — Boletus edulis	herkkutatti (fi)		2021-09-07	Asikkala	Etelä-Häme (EH)	Suomi	61.185256	25.717097	Sure	NEUTRAL	The Atlas of Finnish Fungi
herkkutatti (fi) — Boletus edulis	herkkutatti (fi)	5	2021-09-07	Asikkala	Etelä-Häme (EH)	Suomi	61.191259	25.688106	Sure	NEUTRAL	The Atlas of Finnish Fungi
herkkutatti (fi) — Boletus edulis	herkkutatti (fi)		2021-09-07 [18:23-18:59]	Asikkala	Etelä-Häme (EH)	Suomi	61.188141	25.671451	Sure	NEUTRAL	The Atlas of Finnish Fungi
herkkutatti (fi) — Boletus edulis	herkkutatti (fi)		2021-09-07	Hartola	Etelä-Häme (EH)	Suomi	61.62925	26.09882		COMMUNITY_VERIFIED	iNaturalist Suomi Finland
herkkutatti (fi) — Boletus edulis	herkkutatti (fi)		2021-09-07	Pieksämäki	Pohjois-Savo (PS)	Suomi	62.237347	27.425939	Sure	NEUTRAL	Notebook, general observations
herkkutatti (fi) — Boletus edulis	herkkutatti (fi)		2021-09-06 - 2021-09-09	Espoo	Uusimaa (U)	Suomi	60.32868	24.670195	Sure	NEUTRAL	The Atlas of Finnish Fungi
herkkutatti (fi) — Boletus edulis	herkkutatti (fi)	muutama	2021-09-06	Hankasalmi	Pohjois-Häme (PH)	Suomi	62.403097	26.429605	Sure	NEUTRAL	The Atlas of Finnish Fungi
herkkutatti (fi) — Boletus edulis	herkkutatti (fi)		2021-09-05	Ikaalinen	Satakunta (St)	Suomi	61.81583	22.95056		COMMUNITY_VERIFIED	iNaturalist Suomi Finland
herkkutatti (fi) — Boletus edulis	herkkutatti (fi)		2021-09-05	Vantaa	Uusimaa (U)	Suomi	60.35638	25.1174		COMMUNITY_VERIFIED	iNaturalist Suomi Finland
herkkutatti (fi) — Boletus edulis	herkkutatti (fi)	1	2021-09-05	Kemiönsaari	Varsinais-Suomi (V)	Suomi	60.088685	22.486299	Sure	NEUTRAL	Notebook, general observations
herkkutatti (fi) — Boletus edulis	herkkutatti (fi)		2021-09-04	Vihti	Varsinais-Suomi (V)	Suomi	60.529166	24.560095	Sure	NEUTRAL	The Atlas of Finnish Fungi
herkkutatti (fi) — Boletus edulis	herkkutatti (fi)		2021-09-04	Liminka, Lumijoki, Siikajoki	Keski-Pohjanmaa (KP), Oulun Pohjanmaa (OP)	Suomi	64.7	25.3		COMMUNITY_VERIFIED	iNaturalist Suomi Finland
herkkutatti (fi) — Boletus edulis	herkkutatti (fi)		2021-09-04 [17:44-18:20]	Helsinki	Uusimaa (U)	Suomi	60.250306	25.063485	Sure	NEUTRAL	The Atlas of Finnish Fungi
herkkutatti (fi) — Boletus edulis	herkkutatti (fi)	1	2021-09-04 - 2021-09-05	Jyväskylä	Pohjois-Häme (PH)	Suomi	62.220259	25.808099	Sure	NEUTRAL	The Atlas of Finnish Fungi
herkkutatti (fi) — Boletus edulis	herkkutatti (fi)		2021-09-04	Iisalmi	Pohjois-Savo (PS)	Suomi	63.6472	27.18417		COMMUNITY_VERIFIED	iNaturalist Suomi Finland
herkkutatti (fi) — Boletus edulis	herkkutatti (fi)		2021-09-04	Raasepori	Uusimaa (U)	Suomi	59.98622	23.74212		COMMUNITY_VERIFIED	iNaturalist Suomi Finland
herkkutatti (fi) — Boletus edulis	herkkutatti (fi)		2021-09-04	Liminka	Oulun Pohjanmaa (OP)	Suomi	64.78012	25.32415		COMMUNITY_VERIFIED	iNaturalist Suomi Finland
herkkutatti (fi) — Boletus edulis	herkkutatti (fi)		2021-09-03	Parainen	Varsinais-Suomi (V)	Suomi	60.1975	21.90515		COMMUNITY_VERIFIED	iNaturalist Suomi Finland
herkkutatti (fi) — Boletus edulis	herkkutatti (fi)		2021-09-03	Tuusula	Uusimaa (U)	Suomi	60.45359	25.02719		COMMUNITY_VERIFIED	iNaturalist Suomi Finland
herkkutatti (fi) — Boletus edulis	herkkutatti (fi)		2021-09-02	Sipoo	Uusimaa (U)	Suomi	60.293477	25.419222		NEUTRAL	Agaricales Fennoscandiae orientalis
herkkutatti (fi) — Boletus edulis	herkkutatti (fi)		2021-09-01	Juva	Etelä-Savo (ES)	Suomi	61.72086	27.90762		COMMUNITY_VERIFIED	iNaturalist Suomi Finland
herkkutatti (fi) — Boletus edulis	herkkutatti (fi)		2021-09-01	Kaarina	Varsinais-Suomi (V)	Suomi	60.40061	22.31335		COMMUNITY_VERIFIED	iNaturalist Suomi Finland
herkkutatti (fi) — Boletus edulis	herkkutatti (fi)		2021-09-01	Rovaniemi	Perä-Pohjanmaa (PeP)	Suomi	66.89547	25.12799		COMMUNITY_VERIFIED	iNaturalist Suomi Finland
herkkutatti (fi) — Boletus edulis	herkkutatti (fi)		2021-08-31	Espoo, Helsinki, Kirkkonummi	Uusimaa (U)	Suomi	60.1	24.7		COMMUNITY_VERIFIED	iNaturalist Suomi Finland
herkkutatti (fi) — Boletus edulis	herkkutatti (fi)		2021-08-31	Kokkola	Keski-Pohjanmaa (KP)	Suomi	64.09013	23.40593		COMMUNITY_VERIFIED	iNaturalist Suomi Finland
herkkutatti (fi) — Boletus edulis	herkkutatti (fi)		2021-08-31	Kokkola	Keski-Pohjanmaa (KP)	Suomi	64.09021	23.4058		COMMUNITY_VERIFIED	iNaturalist Suomi Finland
herkkutatti (fi) — Boletus edulis	herkkutatti (fi)		2021-08-31	Kokemäki	Satakunta (St)	Suomi	61.24462	22.47649		COMMUNITY_VERIFIED	iNaturalist Suomi Finland
herkkutatti (fi) — Boletus edulis	herkkutatti (fi)		2021-08-31	Kuopio	Pohjois-Savo (PS)	Suomi	62.86761	27.65388		COMMUNITY_VERIFIED	iNaturalist Suomi Finland
herkkutatti (fi) — Boletus edulis	herkkutatti (fi)		2021-08-31	Nurmes	Pohjois-Karjala (PK)	Suomi	63.45678	29.51809		COMMUNITY_VERIFIED	iNaturalist Suomi Finland
herkkutatti (fi) — Boletus edulis	herkkutatti (fi)		2021-08-31	Kokemäki	Satakunta (St)	Suomi	61.24461	22.47659		COMMUNITY_VERIFIED	iNaturalist Suomi Finland
herkkutatti (fi) — Boletus edulis	herkkutatti (fi)		2021-08-31	Kokemäki	Satakunta (St)	Suomi	61.24458	22.47648		COMMUNITY_VERIFIED	iNaturalist Suomi Finland
herkkutatti (fi) — Boletus edulis	herkkutatti (fi)		2021-08-30	Helsinki, Sipoo	Uusimaa (U)	Suomi	60.173105	25.105165	Sure	NEUTRAL	The Atlas of Finnish Fungi
herkkutatti (fi) — Boletus edulis	herkkutatti (fi)		2021-08-30	Saarijärvi	Pohjois-Häme (PH)	Suomi	62.66718	25.31699		COMMUNITY_VERIFIED	iNaturalist Suomi Finland
herkkutatti (fi) — Boletus edulis	herkkutatti (fi)		2021-08-30	Naantali	Varsinais-Suomi (V)	Suomi	60.28002	21.96608		COMMUNITY_VERIFIED	iNaturalist Suomi Finland
herkkutatti (fi) — Boletus edulis	herkkutatti (fi)		2021-08-30	Hollola	Etelä-Häme (EH)	Suomi	61.0026	25.49439		COMMUNITY_VERIFIED	iNaturalist Suomi Finland
herkkutatti (fi) — Boletus edulis	herkkutatti (fi)		2021-08-30	Lohja	Varsinais-Suomi (V)	Suomi	60.36729	23.94741		COMMUNITY_VERIFIED	iNaturalist Suomi Finland
herkkutatti (fi) — Boletus edulis	herkkutatti (fi)		2021-08-29	Helsinki, Porvoo, Sipoo	Uusimaa (U)	Suomi	60.3	25.3		COMMUNITY_VERIFIED	iNaturalist Suomi Finland
herkkutatti (fi) — Boletus edulis	herkkutatti (fi)	10	2021-08-29	Hartola, Heinola, Kouvola, Mäntyharju, Sysmä	Etelä-Häme (EH), Etelä-Savo (ES)	Suomi	61.36448	26.217263	Sure	NEUTRAL	The Atlas of Finnish Fungi
herkkutatti (fi) — Boletus edulis	herkkutatti (fi)		2021-08-29	Vantaa	Uusimaa (U)	Suomi	60.31607	24.86153		COMMUNITY_VERIFIED	iNaturalist Suomi Finland
herkkutatti (fi) — Boletus edulis	herkkutatti (fi)		2021-08-29	Salo	Varsinais-Suomi (V)	Suomi	60.30062	23.64831		COMMUNITY_VERIFIED	iNaturalist Suomi Finland
herkkutatti (fi) — Boletus edulis	herkkutatti (fi)		2021-08-29	Karkkila	Varsinais-Suomi (V)	Suomi	60.53246	24.16747		COMMUNITY_VERIFIED	iNaturalist Suomi Finland
herkkutatti (fi) — Boletus edulis	herkkutatti (fi)		2021-08-29	Karkkila	Varsinais-Suomi (V)	Suomi	60.53388	24.15951		COMMUNITY_VERIFIED	iNaturalist Suomi Finland
herkkutatti (fi) — Boletus edulis	herkkutatti (fi)		2021-08-29	Uusikaarlepyy	Keski-Pohjanmaa (KP)	Suomi	63.38172	22.55487		COMMUNITY_VERIFIED	iNaturalist Suomi Finland
herkkutatti (fi) — Boletus edulis	herkkutatti (fi)		2021-08-29	Kaarina	Varsinais-Suomi (V)	Suomi	60.35575	22.45533		COMMUNITY_VERIFIED	iNaturalist Suomi Finland
herkkutatti (fi) — Boletus edulis	herkkutatti (fi)		2021-08-29	Vantaa	Uusimaa (U)	Suomi	60.27893	24.80605		COMMUNITY_VERIFIED	iNaturalist Suomi Finland
herkkutatti (fi) — Boletus edulis	herkkutatti (fi)		2021-08-29	Espoo	Uusimaa (U)	Suomi	60.16084	24.65433		COMMUNITY_VERIFIED	iNaturalist Suomi Finland
herkkutatti (fi) — Boletus edulis	herkkutatti (fi)		2021-08-29	Tampere	Etelä-Häme (EH)	Suomi	61.50857	23.82571		COMMUNITY_VERIFIED	iNaturalist Suomi Finland
herkkutatti (fi) — Boletus edulis	herkkutatti (fi)		2021-08-29	Inkoo	Uusimaa (U)	Suomi	60.02872	24.0448		COMMUNITY_VERIFIED	iNaturalist Suomi Finland
herkkutatti (fi) — Boletus edulis	herkkutatti (fi)		2021-08-28	Hartola, Joutsa	Etelä-Häme (EH), Etelä-Savo (ES)	Suomi	61.7	26.1		COMMUNITY_VERIFIED	iNaturalist Suomi Finland
herkkutatti (fi) — Boletus edulis	herkkutatti (fi)		2021-08-28	Joutsa, Toivakka	Etelä-Savo (ES), Pohjois-Häme (PH)	Suomi	61.9	26.1		NEUTRAL	iNaturalist Suomi Finland
herkkutatti (fi) — Boletus edulis	herkkutatti (fi)		2021-08-28	Masku, Mynämäki, Naantali	Varsinais-Suomi (V)	Suomi	60.5	21.9		COMMUNITY_VERIFIED	iNaturalist Suomi Finland
herkkutatti (fi) — Boletus edulis	herkkutatti (fi)		2021-08-28	Joutsa	Etelä-Savo (ES)	Suomi	61.70027	26.23201		COMMUNITY_VERIFIED	iNaturalist Suomi Finland
herkkutatti (fi) — Boletus edulis	herkkutatti (fi)		2021-08-28	Kaarina	Varsinais-Suomi (V)	Suomi	60.40273	22.39078		COMMUNITY_VERIFIED	iNaturalist Suomi Finland
herkkutatti (fi) — Boletus edulis	herkkutatti (fi)		2021-08-28	Nokia	Etelä-Häme (EH)	Suomi	61.44946	23.36489		COMMUNITY_VERIFIED	iNaturalist Suomi Finland
herkkutatti (fi) — Boletus edulis	herkkutatti (fi)		2021-08-28	Hartola	Etelä-Häme (EH)	Suomi	61.61511	26.10948		COMMUNITY_VERIFIED	iNaturalist Suomi Finland
herkkutatti (fi) — Boletus edulis	herkkutatti (fi)		2021-08-28	Siilinjärvi	Pohjois-Savo (PS)	Suomi	62.98396	27.67877		COMMUNITY_VERIFIED	iNaturalist Suomi Finland
herkkutatti (fi) — Boletus edulis	herkkutatti (fi)		2021-08-28 - 2021-09-02	Espoo	Uusimaa (U)	Suomi	60.326028	24.729606	Sure	NEUTRAL	The Atlas of Finnish Fungi
herkkutatti (fi) — Boletus edulis	herkkutatti (fi)		2021-08-28	Espoo	Uusimaa (U)	Suomi	60.339346	24.614322	Sure	NEUTRAL	The Atlas of Finnish Fungi
herkkutatti (fi) — Boletus edulis	herkkutatti (fi)		2021-08-28 [14:40]	Parainen	Varsinais-Suomi (V)	Suomi	60.365676	22.33113	Sure	NEUTRAL	The Atlas of Finnish Fungi
herkkutatti (fi) — Boletus edulis	herkkutatti (fi)		2021-08-28	Lohja	Varsinais-Suomi (V)	Suomi	60.24044	23.80651		COMMUNITY_VERIFIED	iNaturalist Suomi Finland
herkkutatti (fi) — Boletus edulis	herkkutatti (fi)		2021-08-28	Loppi	Etelä-Häme (EH)	Suomi	60.6399	24.23319		COMMUNITY_VERIFIED	iNaturalist Suomi Finland
herkkutatti (fi) — Boletus edulis	herkkutatti (fi)		2021-08-28	Marttila	Varsinais-Suomi (V)	Suomi	60.53359	22.82853		COMMUNITY_VERIFIED	iNaturalist Suomi Finland
herkkutatti (fi) — Boletus edulis	herkkutatti (fi)		2021-08-28	Lohja	Varsinais-Suomi (V)	Suomi	60.25055	24.12173		COMMUNITY_VERIFIED	iNaturalist Suomi Finland
herkkutatti (fi) — Boletus edulis	herkkutatti (fi)		2021-08-28	Ruovesi	Etelä-Häme (EH)	Suomi	62.04087	24.11153		COMMUNITY_VERIFIED	iNaturalist Suomi Finland
herkkutatti (fi) — Boletus edulis	herkkutatti (fi)		2021-08-28	Hyvinkää	Uusimaa (U)	Suomi	60.60132	24.68296		NEUTRAL	iNaturalist Suomi Finland
herkkutatti (fi) — Boletus edulis	herkkutatti (fi)		2021-08-28	Vihti	Varsinais-Suomi (V)	Suomi	60.32371	24.53252		COMMUNITY_VERIFIED	iNaturalist Suomi Finland
herkkutatti (fi) — Boletus edulis	herkkutatti (fi)		2021-08-28	Turku	Varsinais-Suomi (V)	Suomi	60.52148	22.3562		COMMUNITY_VERIFIED	iNaturalist Suomi Finland
herkkutatti (fi) — Boletus edulis	herkkutatti (fi)		2021-08-27	Mikkeli	Etelä-Savo (ES)	Suomi	61.68796	27.30879		COMMUNITY_VERIFIED	iNaturalist Suomi Finland
herkkutatti (fi) — Boletus edulis	herkkutatti (fi)		2021-08-27	Juuka	Pohjois-Karjala (PK)	Suomi	63.091099	29.546998	Sure	NEUTRAL	Notebook, general observations
herkkutatti (fi) — Boletus edulis	herkkutatti (fi)		2021-08-27	Parainen	Varsinais-Suomi (V)	Suomi	60.30667	22.31498		NEUTRAL	iNaturalist Suomi Finland
herkkutatti (fi) — Boletus edulis	herkkutatti (fi)		2021-08-27	Mikkeli	Etelä-Savo (ES)	Suomi	61.69935	27.25166		COMMUNITY_VERIFIED	iNaturalist Suomi Finland
herkkutatti (fi) — Boletus edulis	herkkutatti (fi)		2021-08-27	Kuopio	Pohjois-Savo (PS)	Suomi	62.94621	27.86302		COMMUNITY_VERIFIED	iNaturalist Suomi Finland
herkkutatti (fi) — Boletus edulis	herkkutatti (fi)		2021-08-27 [16:22]	Loimaa	Satakunta (St)	Suomi	60.842089	23.020787	Sure	NEUTRAL	The Atlas of Finnish Fungi
herkkutatti (fi) — Boletus edulis	herkkutatti (fi)		2021-08-27	Uusikaarlepyy	Keski-Pohjanmaa (KP)	Suomi	63.58709	22.55982		COMMUNITY_VERIFIED	iNaturalist Suomi Finland
herkkutatti (fi) — Boletus edulis	herkkutatti (fi)		2021-08-27	Tampere	Etelä-Häme (EH)	Suomi	61.46337	23.82815		NEUTRAL	iNaturalist Suomi Finland
herkkutatti (fi) — Boletus edulis	herkkutatti (fi)		2021-08-27	Kangasala	Etelä-Häme (EH)	Suomi	61.46334	23.95858		COMMUNITY_VERIFIED	iNaturalist Suomi Finland
herkkutatti (fi) — Boletus edulis	herkkutatti (fi)		2021-08-27	Nousiainen	Varsinais-Suomi (V)	Suomi	60.62905	22.16722		COMMUNITY_VERIFIED	iNaturalist Suomi Finland
herkkutatti (fi) — Boletus edulis	herkkutatti (fi)		2021-08-27	Hausjärvi	Etelä-Häme (EH)	Suomi	60.82008	24.78517		COMMUNITY_VERIFIED	iNaturalist Suomi Finland
herkkutatti (fi) — Boletus edulis	herkkutatti (fi)		2021-08-27	Iisalmi	Pohjois-Savo (PS)	Suomi	63.62561	27.16531		COMMUNITY_VERIFIED	iNaturalist Suomi Finland
herkkutatti (fi) — Boletus edulis	herkkutatti (fi)		2021-08-27	Rauma	Satakunta (St)	Suomi	61.11159	21.59006		COMMUNITY_VERIFIED	iNaturalist Suomi Finland
herkkutatti (fi) — Boletus edulis	herkkutatti (fi)		2021-08-27	Koski Tl	Varsinais-Suomi (V)	Suomi	60.60548	23.1148		COMMUNITY_VERIFIED	iNaturalist Suomi Finland
herkkutatti (fi) — Boletus edulis	herkkutatti (fi)		2021-08-27	Urjala	Etelä-Häme (EH)	Suomi	61.04446	23.46113		COMMUNITY_VERIFIED	iNaturalist Suomi Finland
herkkutatti (fi) — Boletus edulis	herkkutatti (fi)		2021-08-27	Varkaus	Pohjois-Savo (PS)	Suomi	62.30333	27.80639		COMMUNITY_VERIFIED	iNaturalist Suomi Finland
herkkutatti (fi) — Boletus edulis	herkkutatti (fi)		2021-08-26	Porvoo	Uusimaa (U)	Suomi	60.32438	25.75183		COMMUNITY_VERIFIED	iNaturalist Suomi Finland
herkkutatti (fi) — Boletus edulis	herkkutatti (fi)		2021-08-26	Tuusula	Uusimaa (U)	Suomi	60.45362	25.02916		COMMUNITY_VERIFIED	iNaturalist Suomi Finland
herkkutatti (fi) — Boletus edulis	herkkutatti (fi)		2021-08-26	Suonenjoki	Pohjois-Savo (PS)	Suomi	62.652	27.06923		COMMUNITY_VERIFIED	iNaturalist Suomi Finland
herkkutatti (fi) — Boletus edulis	herkkutatti (fi)		2021-08-26	Espoo	Uusimaa (U)	Suomi	60.19888	24.71646		COMMUNITY_VERIFIED	iNaturalist Suomi Finland
herkkutatti (fi) — Boletus edulis	herkkutatti (fi)		2021-08-25	Saarijärvi	Pohjois-Häme (PH)	Suomi	62.66385	25.30901		COMMUNITY_VERIFIED	iNaturalist Suomi Finland
herkkutatti (fi) — Boletus edulis	herkkutatti (fi)		2021-08-25	Sastamala	Satakunta (St)	Suomi	61.3081	22.95295		COMMUNITY_VERIFIED	iNaturalist Suomi Finland
herkkutatti (fi) — Boletus edulis	herkkutatti (fi)		2021-08-25	Laukaa	Pohjois-Häme (PH)	Suomi	62.41231	25.94963		COMMUNITY_VERIFIED	iNaturalist Suomi Finland
herkkutatti (fi) — Boletus edulis	herkkutatti (fi)		2021-08-25 - 2021-08-26	Pieksämäki	Pohjois-Savo (PS)	Suomi	62.237347	27.425939	Sure	NEUTRAL	Notebook, general observations
herkkutatti (fi) — Boletus edulis	herkkutatti (fi)		2021-08-24	Pälkäne	Etelä-Häme (EH)	Suomi	61.32245	24.67029		COMMUNITY_VERIFIED	iNaturalist Suomi Finland
herkkutatti (fi) — Boletus edulis	herkkutatti (fi)		2021-08-24	Kauniainen	Uusimaa (U)	Suomi	60.213593	24.682613	Sure	NEUTRAL	The Atlas of Finnish Fungi
herkkutatti (fi) — Boletus edulis	herkkutatti (fi)	Yksittäisiä pitkin metsiä, ei paljon kuitenkaan. 6 havaittua.	2021-08-24	Heinola	Etelä-Häme (EH)	Suomi	61.215184	26.062435	Sure	NEUTRAL	The Atlas of Finnish Fungi
herkkutatti (fi) — Boletus edulis	herkkutatti (fi)		2021-08-24	Hollola	Etelä-Häme (EH)	Suomi	60.9708	25.47123		NEUTRAL	iNaturalist Suomi Finland
herkkutatti (fi) — Boletus edulis	herkkutatti (fi)		2021-08-24	Iisalmi	Pohjois-Savo (PS)	Suomi	63.60703	27.11118		COMMUNITY_VERIFIED	iNaturalist Suomi Finland
herkkutatti (fi) — Boletus edulis	herkkutatti (fi)		2021-08-23	Masku, Mynämäki, Naantali	Varsinais-Suomi (V)	Suomi	60.5	21.9		COMMUNITY_VERIFIED	iNaturalist Suomi Finland
herkkutatti (fi) — Boletus edulis	herkkutatti (fi)		2021-08-23	Kangasniemi	Etelä-Savo (ES)	Suomi	61.99065	26.92444		COMMUNITY_VERIFIED	iNaturalist Suomi Finland
herkkutatti (fi) — Boletus edulis	herkkutatti (fi)		2021-08-23	Turku	Varsinais-Suomi (V)	Suomi	60.47784	22.233		COMMUNITY_VERIFIED	iNaturalist Suomi Finland
herkkutatti (fi) — Boletus edulis	herkkutatti (fi)		2021-08-23	Muurame	Etelä-Häme (EH)	Suomi	62.07387	25.64752		COMMUNITY_VERIFIED	iNaturalist Suomi Finland
herkkutatti (fi) — Boletus edulis	herkkutatti (fi)		2021-08-23	Turku	Varsinais-Suomi (V)	Suomi	60.51597	22.35767		COMMUNITY_VERIFIED	iNaturalist Suomi Finland
herkkutatti (fi) — Boletus edulis	herkkutatti (fi)		2021-08-23	Seinäjoki	Etelä-Pohjanmaa (EP)	Suomi	62.85331	22.95299		COMMUNITY_VERIFIED	iNaturalist Suomi Finland
herkkutatti (fi) — Boletus edulis	herkkutatti (fi)		2021-08-23	Janakkala	Etelä-Häme (EH)	Suomi	60.90662	24.86285		COMMUNITY_VERIFIED	iNaturalist Suomi Finland
herkkutatti (fi) — Boletus edulis	herkkutatti (fi)		2021-08-23	Ulvila	Satakunta (St)	Suomi	61.51748	22.19145		NEUTRAL	iNaturalist Suomi Finland
herkkutatti (fi) — Boletus edulis	herkkutatti (fi)		2021-08-22	Paltamo	Kainuu (Kn)	Suomi	64.337266	28.064155		NEUTRAL	LajiGIS: Species mapping and surveys
herkkutatti (fi) — Boletus edulis	herkkutatti (fi)		2021-08-22	Säkylä	Satakunta (St)	Suomi	61.20684	22.24876		COMMUNITY_VERIFIED	iNaturalist Suomi Finland
herkkutatti (fi) — Boletus edulis	herkkutatti (fi)		2021-08-22	Lapinlahti	Pohjois-Savo (PS)	Suomi	63.41732	27.5605		COMMUNITY_VERIFIED	iNaturalist Suomi Finland
herkkutatti (fi) — Boletus edulis	herkkutatti (fi)		2021-08-22	Lempäälä	Etelä-Häme (EH)	Suomi	61.33961	23.70798		COMMUNITY_VERIFIED	iNaturalist Suomi Finland
herkkutatti (fi) — Boletus edulis	herkkutatti (fi)		2021-08-22	Helsinki	Uusimaa (U)	Suomi	60.19751	25.01884		COMMUNITY_VERIFIED	iNaturalist Suomi Finland
herkkutatti (fi) — Boletus edulis	herkkutatti (fi)		2021-08-22	Lempäälä	Etelä-Häme (EH)	Suomi	61.34097	23.70903		COMMUNITY_VERIFIED	iNaturalist Suomi Finland
herkkutatti (fi) — Boletus edulis	herkkutatti (fi)		2021-08-22	Mynämäki	Varsinais-Suomi (V)	Suomi	60.62291	21.91025		COMMUNITY_VERIFIED	iNaturalist Suomi Finland
herkkutatti (fi) — Boletus edulis	herkkutatti (fi)		2021-08-22	Hollola	Etelä-Häme (EH)	Suomi	61.00912	25.15981		COMMUNITY_VERIFIED	iNaturalist Suomi Finland
herkkutatti (fi) — Boletus edulis	herkkutatti (fi)		2021-08-21	Hamina, Kouvola, Luumäki	Etelä-Karjala (EK), Etelä-Savo (ES)	Suomi	60.9	27.3		COMMUNITY_VERIFIED	iNaturalist Suomi Finland
herkkutatti (fi) — Boletus edulis	herkkutatti (fi)		2021-08-21	Hartola, Sysmä	Etelä-Häme (EH)	Suomi	61.5	25.9		COMMUNITY_VERIFIED	iNaturalist Suomi Finland
herkkutatti (fi) — Boletus edulis	herkkutatti (fi)		2021-08-21	Vantaa	Uusimaa (U)	Suomi	60.27302	25.12629		COMMUNITY_VERIFIED	iNaturalist Suomi Finland
herkkutatti (fi) — Boletus edulis	herkkutatti (fi)		2021-08-21	Seinäjoki	Etelä-Pohjanmaa (EP)	Suomi	62.78331	22.75654		COMMUNITY_VERIFIED	iNaturalist Suomi Finland
herkkutatti (fi) — Boletus edulis	herkkutatti (fi)		2021-08-21	Oulu	Oulun Pohjanmaa (OP)	Suomi	65.06652	25.45989		COMMUNITY_VERIFIED	iNaturalist Suomi Finland
herkkutatti (fi) — Boletus edulis	herkkutatti (fi)		2021-08-21	Leppävirta	Pohjois-Savo (PS)	Suomi	62.560724	27.696883	Sure	NEUTRAL	The Atlas of Finnish Fungi
herkkutatti (fi) — Boletus edulis	herkkutatti (fi)	1	2021-08-21	Rovaniemi	Perä-Pohjanmaa (PeP)	Suomi	66.582068	25.669023	Sure	NEUTRAL	The Atlas of Finnish Fungi
herkkutatti (fi) — Boletus edulis	herkkutatti (fi)	Runsaasti havaintoalueella	2021-08-21	Vihti	Varsinais-Suomi (V)	Suomi	60.525122	24.476847	Sure	NEUTRAL	The Atlas of Finnish Fungi
herkkutatti (fi) — Boletus edulis	herkkutatti (fi)	2	2021-08-21	Ruovesi	Etelä-Häme (EH)	Suomi	62.03739	23.978273	Sure	NEUTRAL	The Atlas of Finnish Fungi
herkkutatti (fi) — Boletus edulis	herkkutatti (fi)		2021-08-21 [15:33-16:06]	Kruunupyy	Keski-Pohjanmaa (KP)	Suomi	63.51462	23.532477	Sure	NEUTRAL	The Atlas of Finnish Fungi
herkkutatti (fi) — Boletus edulis	herkkutatti (fi)		2021-08-21	Kihniö	Satakunta (St)	Suomi	62.16993	23.25745		COMMUNITY_VERIFIED	iNaturalist Suomi Finland
herkkutatti (fi) — Boletus edulis	herkkutatti (fi)		2021-08-21	Jyväskylä	Pohjois-Häme (PH)	Suomi	62.29885	25.75207		COMMUNITY_VERIFIED	iNaturalist Suomi Finland
herkkutatti (fi) — Boletus edulis	herkkutatti (fi)		2021-08-21	Laukaa	Pohjois-Häme (PH)	Suomi	62.40743	25.83918		COMMUNITY_VERIFIED	iNaturalist Suomi Finland
herkkutatti (fi) — Boletus edulis	herkkutatti (fi)		2021-08-21	Helsinki	Uusimaa (U)	Suomi	60.20357	25.1104		COMMUNITY_VERIFIED	iNaturalist Suomi Finland
herkkutatti (fi) — Boletus edulis	herkkutatti (fi)		2021-08-21	Vantaa	Uusimaa (U)	Suomi	60.27367	24.89966		COMMUNITY_VERIFIED	iNaturalist Suomi Finland
herkkutatti (fi) — Boletus edulis	herkkutatti (fi)		2021-08-21	Kaarina	Varsinais-Suomi (V)	Suomi	60.41341	22.47661		NEUTRAL	iNaturalist Suomi Finland
herkkutatti (fi) — Boletus edulis	herkkutatti (fi)		2021-08-21	Turku	Varsinais-Suomi (V)	Suomi	60.48103	22.21242		COMMUNITY_VERIFIED	iNaturalist Suomi Finland
herkkutatti (fi) — Boletus edulis	herkkutatti (fi)		2021-08-21	Sastamala	Satakunta (St)	Suomi	61.31191	22.87939		COMMUNITY_VERIFIED	iNaturalist Suomi Finland
herkkutatti (fi) — Boletus edulis	herkkutatti (fi)		2021-08-21	Sotkamo	Kainuu (Kn)	Suomi	64.167784	27.874377		NEUTRAL	LajiGIS: Species mapping and surveys
herkkutatti (fi) — Boletus edulis	herkkutatti (fi)		2021-08-20	Sotkamo	Kainuu (Kn)	Suomi	64.140666	27.882915		NEUTRAL	LajiGIS: Species mapping and surveys
herkkutatti (fi) — Boletus edulis	herkkutatti (fi)		2021-08-20	Vihti	Varsinais-Suomi (V)	Suomi	60.521485	24.50256	Sure	NEUTRAL	The Atlas of Finnish Fungi
herkkutatti (fi) — Boletus edulis	herkkutatti (fi)		2021-08-20	Vihti	Varsinais-Suomi (V)	Suomi	60.523964	24.500795	Sure	NEUTRAL	The Atlas of Finnish Fungi
herkkutatti (fi) — Boletus edulis	herkkutatti (fi)		2021-08-20	Vihti	Varsinais-Suomi (V)	Suomi	60.542288	24.486213	Sure	NEUTRAL	The Atlas of Finnish Fungi
herkkutatti (fi) — Boletus edulis	herkkutatti (fi)		2021-08-20	Helsinki	Uusimaa (U)	Suomi	60.24504	25.21542		COMMUNITY_VERIFIED	iNaturalist Suomi Finland
herkkutatti (fi) — Boletus edulis	herkkutatti (fi)		2021-08-20	Lieto	Varsinais-Suomi (V)	Suomi	60.59421	22.70735		COMMUNITY_VERIFIED	iNaturalist Suomi Finland
herkkutatti (fi) — Boletus edulis	herkkutatti (fi)		2021-08-20	Leppävirta	Pohjois-Savo (PS)	Suomi	62.512669	27.739121	Sure	NEUTRAL	The Atlas of Finnish Fungi
herkkutatti (fi) — Boletus edulis	herkkutatti (fi)		2021-08-20	Mikkeli	Etelä-Savo (ES)	Suomi	61.67536	27.11213		COMMUNITY_VERIFIED	iNaturalist Suomi Finland
herkkutatti (fi) — Boletus edulis	herkkutatti (fi)		2021-08-20	Joutsa	Etelä-Savo (ES)	Suomi	61.71472	26.21556		COMMUNITY_VERIFIED	iNaturalist Suomi Finland
herkkutatti (fi) — Boletus edulis	herkkutatti (fi)		2021-08-20	Ulvila	Satakunta (St)	Suomi	61.43023	21.875		COMMUNITY_VERIFIED	iNaturalist Suomi Finland
herkkutatti (fi) — Boletus edulis	herkkutatti (fi)		2021-08-20	Ylöjärvi	Etelä-Häme (EH)	Suomi	61.86222	23.67694		COMMUNITY_VERIFIED	iNaturalist Suomi Finland
herkkutatti (fi) — Boletus edulis	herkkutatti (fi)		2021-08-20	Ylöjärvi	Etelä-Häme (EH)	Suomi	61.85861	23.72194		COMMUNITY_VERIFIED	iNaturalist Suomi Finland
herkkutatti (fi) — Boletus edulis	herkkutatti (fi)		2021-08-19	Muurame	Etelä-Häme (EH)	Suomi	62.13723	25.6887		NEUTRAL	iNaturalist Suomi Finland
herkkutatti (fi) — Boletus edulis	herkkutatti (fi)		2021-08-19	Tampere	Etelä-Häme (EH)	Suomi	61.44961	23.74264		COMMUNITY_VERIFIED	iNaturalist Suomi Finland
herkkutatti (fi) — Boletus edulis	herkkutatti (fi)		2021-08-19	Helsinki	Uusimaa (U)	Suomi	60.16104	25.1093		COMMUNITY_VERIFIED	iNaturalist Suomi Finland
herkkutatti (fi) — Boletus edulis	herkkutatti (fi)		2021-08-19	Helsinki	Uusimaa (U)	Suomi	60.27011	24.91812		COMMUNITY_VERIFIED	iNaturalist Suomi Finland
herkkutatti (fi) — Boletus edulis	herkkutatti (fi)		2021-08-19 [17:29-17:58]	Ylöjärvi	Etelä-Häme (EH)	Suomi	61.995926	23.65359	Sure	NEUTRAL	The Atlas of Finnish Fungi
herkkutatti (fi) — Boletus edulis	herkkutatti (fi)		2021-08-19	Taivalkoski	Koillismaa (Ks)	Suomi	65.284369	28.367788	Sure	NEUTRAL	The Atlas of Finnish Fungi
herkkutatti (fi) — Boletus edulis	herkkutatti (fi)		2021-08-19	Pedersören kunta	Keski-Pohjanmaa (KP)	Suomi	63.65343	22.89981		COMMUNITY_VERIFIED	iNaturalist Suomi Finland
herkkutatti (fi) — Boletus edulis	herkkutatti (fi)		2021-08-19	Parainen	Varsinais-Suomi (V)	Suomi	60.35041	22.36218		COMMUNITY_VERIFIED	iNaturalist Suomi Finland
herkkutatti (fi) — Boletus edulis	herkkutatti (fi)		2021-08-19	Hollola	Etelä-Häme (EH)	Suomi	60.98801	25.50339		COMMUNITY_VERIFIED	iNaturalist Suomi Finland
herkkutatti (fi) — Boletus edulis	herkkutatti (fi)		2021-08-19	Lohja	Varsinais-Suomi (V)	Suomi	60.38581	23.96809		COMMUNITY_VERIFIED	iNaturalist Suomi Finland
herkkutatti (fi) — Boletus edulis	herkkutatti (fi)		2021-08-19	Nokia	Etelä-Häme (EH)	Suomi	61.46834	23.48383		COMMUNITY_VERIFIED	iNaturalist Suomi Finland
herkkutatti (fi) — Boletus edulis	herkkutatti (fi)		2021-08-19	Sotkamo	Kainuu (Kn)	Suomi	64.165882	27.887604		NEUTRAL	LajiGIS: Species mapping and surveys
herkkutatti (fi) — Boletus edulis	herkkutatti (fi)		2021-08-18	Jyväskylä	Pohjois-Häme (PH)	Suomi	62.25143	25.81904		COMMUNITY_VERIFIED	iNaturalist Suomi Finland
herkkutatti (fi) — Boletus edulis	herkkutatti (fi)		2021-08-18 [16:20]	Kaarina	Varsinais-Suomi (V)	Suomi	60.394565	22.402383	Sure	NEUTRAL	The Atlas of Finnish Fungi
herkkutatti (fi) — Boletus edulis	herkkutatti (fi)		2021-08-18	Taivalkoski	Koillismaa (Ks)	Suomi	65.284369	28.367788	Sure	NEUTRAL	The Atlas of Finnish Fungi
herkkutatti (fi) — Boletus edulis	herkkutatti (fi)	2	2021-08-18	Heinola	Etelä-Häme (EH)	Suomi	61.220411	26.063357	Sure	NEUTRAL	The Atlas of Finnish Fungi
herkkutatti (fi) — Boletus edulis	herkkutatti (fi)		2021-08-18 [18:21-20:28]	Kontiolahti	Pohjois-Karjala (PK)	Suomi	62.629004	29.867648	Sure	NEUTRAL	The Atlas of Finnish Fungi
herkkutatti (fi) — Boletus edulis	herkkutatti (fi)		2021-08-18	Alajärvi	Keski-Pohjanmaa (KP)	Suomi	62.85086	23.84363		COMMUNITY_VERIFIED	iNaturalist Suomi Finland
herkkutatti (fi) — Boletus edulis	herkkutatti (fi)		2021-08-18	Keuruu	Pohjois-Häme (PH)	Suomi	62.24373	24.44092		COMMUNITY_VERIFIED	iNaturalist Suomi Finland
herkkutatti (fi) — Boletus edulis	herkkutatti (fi)		2021-08-18	Parkano	Satakunta (St)	Suomi	62.03484	22.91901		COMMUNITY_VERIFIED	iNaturalist Suomi Finland
herkkutatti (fi) — Boletus edulis	herkkutatti (fi)		2021-08-18	Nurmes	Pohjois-Karjala (PK)	Suomi	63.55803	29.0166		COMMUNITY_VERIFIED	iNaturalist Suomi Finland
herkkutatti (fi) — Boletus edulis	herkkutatti (fi)		2021-08-18	Helsinki	Uusimaa (U)	Suomi	60.17962	24.9906		COMMUNITY_VERIFIED	iNaturalist Suomi Finland
herkkutatti (fi) — Boletus edulis	herkkutatti (fi)		2021-08-18	Rauma	Satakunta (St)	Suomi	61.13259	21.47781		COMMUNITY_VERIFIED	iNaturalist Suomi Finland
herkkutatti (fi) — Boletus edulis	herkkutatti (fi)		2021-08-18	Lempäälä	Etelä-Häme (EH)	Suomi	61.35107	23.80195		COMMUNITY_VERIFIED	iNaturalist Suomi Finland
herkkutatti (fi) — Boletus edulis	herkkutatti (fi)		2021-08-18	Lempäälä	Etelä-Häme (EH)	Suomi	61.35114	23.80271		COMMUNITY_VERIFIED	iNaturalist Suomi Finland
herkkutatti (fi) — Boletus edulis	herkkutatti (fi)		2021-08-17	Enonkoski, Savonlinna	Etelä-Savo (ES)	Suomi	62.12472	29.0837		COMMUNITY_VERIFIED	iNaturalist Suomi Finland
herkkutatti (fi) — Boletus edulis	herkkutatti (fi)		2021-08-17	Eura	Satakunta (St)	Suomi	60.94636	22.16949		COMMUNITY_VERIFIED	iNaturalist Suomi Finland
herkkutatti (fi) — Boletus edulis	herkkutatti (fi)		2021-08-17	Kitee	Pohjois-Karjala (PK)	Suomi	62.108186	30.26634	Sure	NEUTRAL	The Atlas of Finnish Fungi
herkkutatti (fi) — Boletus edulis	herkkutatti (fi)		2021-08-17	Hanko	Uusimaa (U)	Suomi	59.89385	23.187573	Sure	NEUTRAL	The Atlas of Finnish Fungi
herkkutatti (fi) — Boletus edulis	herkkutatti (fi)		2021-08-17	Kemiönsaari	Varsinais-Suomi (V)	Suomi	60.06646	22.761		COMMUNITY_VERIFIED	iNaturalist Suomi Finland
herkkutatti (fi) — Boletus edulis	herkkutatti (fi)		2021-08-17	Pöytyä	Satakunta (St)	Suomi	60.79336	22.39199		COMMUNITY_VERIFIED	iNaturalist Suomi Finland
herkkutatti (fi) — Boletus edulis	herkkutatti (fi)		2021-08-17	Paimio	Varsinais-Suomi (V)	Suomi	60.47844	22.6839		NEUTRAL	iNaturalist Suomi Finland
herkkutatti (fi) — Boletus edulis	herkkutatti (fi)		2021-08-17	Nokia	Etelä-Häme (EH)	Suomi	61.46612	23.53144		COMMUNITY_VERIFIED	iNaturalist Suomi Finland
herkkutatti (fi) — Boletus edulis	herkkutatti (fi)		2021-08-17	Nokia	Etelä-Häme (EH)	Suomi	61.46612	23.53144		COMMUNITY_VERIFIED	iNaturalist Suomi Finland
herkkutatti (fi) — Boletus edulis	herkkutatti (fi)		2021-08-17	Hämeenlinna	Etelä-Häme (EH)	Suomi	61.02327	24.44679		COMMUNITY_VERIFIED	iNaturalist Suomi Finland
herkkutatti (fi) — Boletus edulis	herkkutatti (fi)		2021-08-17	Janakkala	Etelä-Häme (EH)	Suomi	60.79581	24.62786		COMMUNITY_VERIFIED	iNaturalist Suomi Finland
herkkutatti (fi) — Boletus edulis	herkkutatti (fi)		2021-08-17	Laukaa	Pohjois-Häme (PH)	Suomi	62.4167	25.91736		COMMUNITY_VERIFIED	iNaturalist Suomi Finland
herkkutatti (fi) — Boletus edulis	herkkutatti (fi)		2021-08-17	Laukaa	Pohjois-Häme (PH)	Suomi	62.41729	25.91739		COMMUNITY_VERIFIED	iNaturalist Suomi Finland
herkkutatti (fi) — Boletus edulis	herkkutatti (fi)		2021-08-17	Vantaa	Uusimaa (U)	Suomi	60.24985	24.79382		COMMUNITY_VERIFIED	iNaturalist Suomi Finland
herkkutatti (fi) — Boletus edulis	herkkutatti (fi)		2021-08-17	Laukaa	Pohjois-Häme (PH)	Suomi	62.42316	25.90886		COMMUNITY_VERIFIED	iNaturalist Suomi Finland
herkkutatti (fi) — Boletus edulis	herkkutatti (fi)		2021-08-17	Vantaa	Uusimaa (U)	Suomi	60.24966	24.79328		COMMUNITY_VERIFIED	iNaturalist Suomi Finland
herkkutatti (fi) — Boletus edulis	herkkutatti (fi)		2021-08-17	Espoo	Uusimaa (U)	Suomi	60.24302	24.80236		NEUTRAL	iNaturalist Suomi Finland
herkkutatti (fi) — Boletus edulis	herkkutatti (fi)		2021-08-17	Tampere	Etelä-Häme (EH)	Suomi	61.46835	23.89112		COMMUNITY_VERIFIED	iNaturalist Suomi Finland
herkkutatti (fi) — Boletus edulis	herkkutatti (fi)		2021-08-16	Imatra	Etelä-Savo (ES)	Suomi	61.19038	28.75907		COMMUNITY_VERIFIED	iNaturalist Suomi Finland
herkkutatti (fi) — Boletus edulis	herkkutatti (fi)		2021-08-16	Raasepori	Varsinais-Suomi (V)	Suomi	59.936815	23.188014	Sure	NEUTRAL	The Atlas of Finnish Fungi
herkkutatti (fi) — Boletus edulis	herkkutatti (fi)		2021-08-16	Hausjärvi, Hämeenlinna, Janakkala, Riihimäki	Etelä-Häme (EH)	Suomi	60.9	24.7		COMMUNITY_VERIFIED	iNaturalist Suomi Finland
herkkutatti (fi) — Boletus edulis	herkkutatti (fi)		2021-08-16	Jyväskylä	Pohjois-Häme (PH)	Suomi	62.2124	25.6936		COMMUNITY_VERIFIED	iNaturalist Suomi Finland
herkkutatti (fi) — Boletus edulis	herkkutatti (fi)		2021-08-16	Sastamala	Satakunta (St)	Suomi	61.32845	22.84964		COMMUNITY_VERIFIED	iNaturalist Suomi Finland
herkkutatti (fi) — Boletus edulis	herkkutatti (fi)		2021-08-16	Jyväskylä	Pohjois-Häme (PH)	Suomi	62.27676	25.80797		COMMUNITY_VERIFIED	iNaturalist Suomi Finland
herkkutatti (fi) — Boletus edulis	herkkutatti (fi)		2021-08-16 [13:46]	Kaarina	Varsinais-Suomi (V)	Suomi	60.380996	22.341081	Sure	NEUTRAL	The Atlas of Finnish Fungi
herkkutatti (fi) — Boletus edulis	herkkutatti (fi)		2021-08-16 [20:40]	Jyväskylä	Pohjois-Häme (PH)	Suomi	62.244972	25.663981	Sure	NEUTRAL	The Atlas of Finnish Fungi
herkkutatti (fi) — Boletus edulis	herkkutatti (fi)		2021-08-16	Juupajoki	Etelä-Häme (EH)	Suomi	61.83086	24.28742		COMMUNITY_VERIFIED	iNaturalist Suomi Finland
herkkutatti (fi) — Boletus edulis	herkkutatti (fi)		2021-08-16	Ähtäri	Pohjois-Häme (PH)	Suomi	62.51766	24.13741		COMMUNITY_VERIFIED	iNaturalist Suomi Finland
herkkutatti (fi) — Boletus edulis	herkkutatti (fi)		2021-08-16	Vihti	Varsinais-Suomi (V)	Suomi	60.33369	24.59162		COMMUNITY_VERIFIED	iNaturalist Suomi Finland
herkkutatti (fi) — Boletus edulis	herkkutatti (fi)		2021-08-16	Jyväskylä	Pohjois-Häme (PH)	Suomi	62.21176	25.69082		COMMUNITY_VERIFIED	iNaturalist Suomi Finland
herkkutatti (fi) — Boletus edulis	herkkutatti (fi)		2021-08-16	Hausjärvi	Etelä-Häme (EH)	Suomi	60.80671	24.7502		COMMUNITY_VERIFIED	iNaturalist Suomi Finland
herkkutatti (fi) — Boletus edulis	herkkutatti (fi)		2021-08-16	Sastamala	Satakunta (St)	Suomi	61.32845	22.84964		COMMUNITY_VERIFIED	iNaturalist Suomi Finland
herkkutatti (fi) — Boletus edulis	herkkutatti (fi)		2021-08-16	Askola	Uusimaa (U)	Suomi	60.58071	25.58968		COMMUNITY_VERIFIED	iNaturalist Suomi Finland
herkkutatti (fi) — Boletus edulis	herkkutatti (fi)		2021-08-15	Hausjärvi	Etelä-Häme (EH)	Suomi	60.78647	25.02709		COMMUNITY_VERIFIED	iNaturalist Suomi Finland
herkkutatti (fi) — Boletus edulis	herkkutatti (fi)	4	2021-08-15	Heinola	Etelä-Häme (EH)	Suomi	61.217769	26.108284	Sure	NEUTRAL	The Atlas of Finnish Fungi
herkkutatti (fi) — Boletus edulis	herkkutatti (fi)	1	2021-08-15	Porvoo	Uusimaa (U)	Suomi	60.381404	25.697916	Sure	NEUTRAL	The Atlas of Finnish Fungi
herkkutatti (fi) — Boletus edulis	herkkutatti (fi)		2021-08-15	Ylöjärvi	Etelä-Häme (EH)	Suomi	61.79766	23.6428		COMMUNITY_VERIFIED	iNaturalist Suomi Finland
herkkutatti (fi) — Boletus edulis	herkkutatti (fi)		2021-08-15	Kaarina	Varsinais-Suomi (V)	Suomi	60.40409	22.33394		COMMUNITY_VERIFIED	iNaturalist Suomi Finland
herkkutatti (fi) — Boletus edulis	herkkutatti (fi)		2021-08-15	Isokyrö	Etelä-Pohjanmaa (EP)	Suomi	62.97557	22.36853		COMMUNITY_VERIFIED	iNaturalist Suomi Finland
herkkutatti (fi) — Boletus edulis	herkkutatti (fi)		2021-08-15	Inkoo	Uusimaa (U)	Suomi	59.97931	23.8702		COMMUNITY_VERIFIED	iNaturalist Suomi Finland
herkkutatti (fi) — Boletus edulis	herkkutatti (fi)		2021-08-15	Jyväskylä	Etelä-Häme (EH)	Suomi	62.15215	25.48872		COMMUNITY_VERIFIED	iNaturalist Suomi Finland
herkkutatti (fi) — Boletus edulis	herkkutatti (fi)		2021-08-15	Espoo	Uusimaa (U)	Suomi	60.3114	24.54854		COMMUNITY_VERIFIED	iNaturalist Suomi Finland
herkkutatti (fi) — Boletus edulis	herkkutatti (fi)	1	2021-08-14 [13:31]	Salo	Varsinais-Suomi (V)	Suomi	60.177373	23.397327	Sure	NEUTRAL	Notebook, general observations
herkkutatti (fi) — Boletus edulis	herkkutatti (fi)		2021-08-14	Ruovesi	Etelä-Häme (EH)	Suomi	61.86869	23.89433		COMMUNITY_VERIFIED	iNaturalist Suomi Finland
herkkutatti (fi) — Boletus edulis	herkkutatti (fi)		2021-08-14	Vantaa	Uusimaa (U)	Suomi	60.27235	24.90238		COMMUNITY_VERIFIED	iNaturalist Suomi Finland
herkkutatti (fi) — Boletus edulis	herkkutatti (fi)		2021-08-14	Espoo	Uusimaa (U)	Suomi	60.32089	24.622433	Sure	NEUTRAL	The Atlas of Finnish Fungi
herkkutatti (fi) — Boletus edulis	herkkutatti (fi)		2021-08-14	Espoo	Uusimaa (U)	Suomi	60.25349	24.52789		COMMUNITY_VERIFIED	iNaturalist Suomi Finland
herkkutatti (fi) — Boletus edulis	herkkutatti (fi)		2021-08-14	Jyväskylä	Pohjois-Häme (PH)	Suomi	62.2541	25.7159		COMMUNITY_VERIFIED	iNaturalist Suomi Finland
herkkutatti (fi) — Boletus edulis	herkkutatti (fi)		2021-08-13	Kuopio	Pohjois-Savo (PS)	Suomi	62.86684	27.65301		COMMUNITY_VERIFIED	iNaturalist Suomi Finland
herkkutatti (fi) — Boletus edulis	herkkutatti (fi)	1	2021-08-13	Hankasalmi	Pohjois-Häme (PH)	Suomi	62.327426	26.433775	Sure	NEUTRAL	The Atlas of Finnish Fungi
herkkutatti (fi) — Boletus edulis	herkkutatti (fi)		2021-08-13	Nokia	Etelä-Häme (EH)	Suomi	61.37238	23.37186		COMMUNITY_VERIFIED	iNaturalist Suomi Finland
herkkutatti (fi) — Boletus edulis	herkkutatti (fi)	3	2021-08-13	Heinola	Etelä-Häme (EH)	Suomi	61.200642	26.04175	Sure	NEUTRAL	The Atlas of Finnish Fungi
herkkutatti (fi) — Boletus edulis	herkkutatti (fi)		2021-08-12	Nivala	Keski-Pohjanmaa (KP)	Suomi	63.86377	24.95089		COMMUNITY_VERIFIED	iNaturalist Suomi Finland
herkkutatti (fi) — Boletus edulis	herkkutatti (fi)		2021-08-12	Jyväskylä	Pohjois-Häme (PH)	Suomi	62.25799	25.70991		COMMUNITY_VERIFIED	iNaturalist Suomi Finland
herkkutatti (fi) — Boletus edulis	herkkutatti (fi)	3	2021-08-12	Ruovesi	Etelä-Häme (EH)	Suomi	62.053846	23.943222	Sure	NEUTRAL	The Atlas of Finnish Fungi
herkkutatti (fi) — Boletus edulis	herkkutatti (fi)		2021-08-12	Vihti	Varsinais-Suomi (V)	Suomi	60.525878	24.47157	Sure	NEUTRAL	The Atlas of Finnish Fungi
herkkutatti (fi) — Boletus edulis	herkkutatti (fi)		2021-08-12	Jyväskylä	Pohjois-Häme (PH)	Suomi	62.22898	25.68866		COMMUNITY_VERIFIED	iNaturalist Suomi Finland
herkkutatti (fi) — Boletus edulis	herkkutatti (fi)		2021-08-11	Karkkila	Varsinais-Suomi (V)	Suomi	60.536992	24.398655	Sure	NEUTRAL	The Atlas of Finnish Fungi
herkkutatti (fi) — Boletus edulis	herkkutatti (fi)	20+	2021-08-11	Ruovesi	Etelä-Häme (EH)	Suomi	62.046904	23.936175	Sure	NEUTRAL	The Atlas of Finnish Fungi
herkkutatti (fi) — Boletus edulis	herkkutatti (fi)	2	2021-08-11	Toivakka	Pohjois-Häme (PH)	Suomi	62.043547	26.144231	Sure	NEUTRAL	The Atlas of Finnish Fungi
herkkutatti (fi) — Boletus edulis	herkkutatti (fi)		2021-08-11	Iisalmi	Pohjois-Savo (PS)	Suomi	63.6246	27.08588		COMMUNITY_VERIFIED	iNaturalist Suomi Finland
herkkutatti (fi) — Boletus edulis	herkkutatti (fi)	8	2021-08-10	Tuusula	Uusimaa (U)	Suomi	60.526659	25.116205	Sure	NEUTRAL	The Atlas of Finnish Fungi
herkkutatti (fi) — Boletus edulis	herkkutatti (fi)		2021-08-10	Mikkeli	Etelä-Savo (ES)	Suomi	61.90312	27.20562		COMMUNITY_VERIFIED	iNaturalist Suomi Finland
herkkutatti (fi) — Boletus edulis	herkkutatti (fi)		2021-08-09	Lohja, Raasepori, Salo	Varsinais-Suomi (V)	Suomi	60.3	23.5		COMMUNITY_VERIFIED	iNaturalist Suomi Finland
herkkutatti (fi) — Boletus edulis	herkkutatti (fi)		2021-08-09	Taivalkoski	Koillismaa (Ks)	Suomi	65.284369	28.367788	Sure	NEUTRAL	The Atlas of Finnish Fungi
herkkutatti (fi) — Boletus edulis	herkkutatti (fi)	1	2021-08-09	Oulu	Oulun Pohjanmaa (OP)	Suomi	65.15495	25.39343	Sure	NEUTRAL	The Atlas of Finnish Fungi
herkkutatti (fi) — Boletus edulis	herkkutatti (fi)		2021-08-09	Joensuu	Pohjois-Karjala (PK)	Suomi	62.62027	29.67989		COMMUNITY_VERIFIED	iNaturalist Suomi Finland
herkkutatti (fi) — Boletus edulis	herkkutatti (fi)		2021-08-08	Vehmaa	Varsinais-Suomi (V)	Suomi	60.74542	21.75615		COMMUNITY_VERIFIED	iNaturalist Suomi Finland
herkkutatti (fi) — Boletus edulis	herkkutatti (fi)		2021-08-08	Alavus, Seinäjoki	Etelä-Pohjanmaa (EP)	Suomi	62.7	23.1		COMMUNITY_VERIFIED	iNaturalist Suomi Finland
herkkutatti (fi) — Boletus edulis	herkkutatti (fi)		2021-08-08	Lahti	Etelä-Häme (EH)	Suomi	60.976123	25.561591	Sure	NEUTRAL	The Atlas of Finnish Fungi
herkkutatti (fi) — Boletus edulis	herkkutatti (fi)	2	2021-08-08	Salo	Varsinais-Suomi (V)	Suomi	60.267834	23.003099	Sure	NEUTRAL	The Atlas of Finnish Fungi
herkkutatti (fi) — Boletus edulis	herkkutatti (fi)		2021-08-08	Hankasalmi	Pohjois-Häme (PH)	Suomi	62.320228	26.348105	Sure	NEUTRAL	The Atlas of Finnish Fungi
herkkutatti (fi) — Boletus edulis	herkkutatti (fi)		2021-08-08 [16:38]	Tampere	Etelä-Häme (EH)	Suomi	61.519995	23.877674	Sure	NEUTRAL	The Atlas of Finnish Fungi
herkkutatti (fi) — Boletus edulis	herkkutatti (fi)		2021-08-08	Oulu	Oulun Pohjanmaa (OP)	Suomi	65.10289	26.41464		COMMUNITY_VERIFIED	iNaturalist Suomi Finland
herkkutatti (fi) — Boletus edulis	herkkutatti (fi)		2021-08-08	Hämeenlinna	Etelä-Häme (EH)	Suomi	61.06781	24.11366		COMMUNITY_VERIFIED	iNaturalist Suomi Finland
herkkutatti (fi) — Boletus edulis	herkkutatti (fi)		2021-08-07	Juva, Mikkeli	Etelä-Savo (ES)	Suomi	61.7	27.5		COMMUNITY_VERIFIED	iNaturalist Suomi Finland
herkkutatti (fi) — Boletus edulis	herkkutatti (fi)		2021-08-07	Hausjärvi, Hyvinkää, Riihimäki	Etelä-Häme (EH), Uusimaa (U)	Suomi	60.7	24.9		COMMUNITY_VERIFIED	iNaturalist Suomi Finland
herkkutatti (fi) — Boletus edulis	herkkutatti (fi)		2021-08-06 [21:17]	Hämeenkyrö	Satakunta (St)	Suomi	61.658704	23.473751	Sure	NEUTRAL	The Atlas of Finnish Fungi
herkkutatti (fi) — Boletus edulis	herkkutatti (fi)		2021-08-06 [20:57]	Hämeenkyrö	Satakunta (St)	Suomi	61.65818	23.476641	Sure	NEUTRAL	The Atlas of Finnish Fungi
herkkutatti (fi) — Boletus edulis	herkkutatti (fi)		2021-08-06 [13:34-13:34]	Kauhava	Keski-Pohjanmaa (KP)	Suomi	63.090072	23.106964	Sure	EXPERT_VERIFIED	The Atlas of Finnish Fungi
herkkutatti (fi) — Boletus edulis	herkkutatti (fi)	1	2021-08-05	Salo	Varsinais-Suomi (V)	Suomi	60.203487	22.941671	Sure	NEUTRAL	The Atlas of Finnish Fungi
herkkutatti (fi) — Boletus edulis	herkkutatti (fi)		2021-08-05 [20:53]	Hämeenkyrö	Satakunta (St)	Suomi	61.658951	23.462506	Sure	NEUTRAL	The Atlas of Finnish Fungi
herkkutatti (fi) — Boletus edulis	herkkutatti (fi)	Useita	2021-08-04	Nurmes	Pohjois-Karjala (PK)	Suomi	63.563336	29.076411	Sure	EXPERT_VERIFIED	Notebook, general observations
herkkutatti (fi) — Boletus edulis	herkkutatti (fi)		2021-08-02	Sastamala	Satakunta (St)	Suomi	61.37145	23.208225	Sure	NEUTRAL	The Atlas of Finnish Fungi
herkkutatti (fi) — Boletus edulis	herkkutatti (fi)	1	2021-07-30	Keuruu	Pohjois-Häme (PH)	Suomi	62.194854	24.78302	Sure	NEUTRAL	Notebook, general observations
herkkutatti (fi) — Boletus edulis	herkkutatti (fi)		2021-07-27	Mikkeli	Etelä-Savo (ES)	Suomi	61.77918	27.3149		EXPERT_VERIFIED	iNaturalist Suomi Finland
herkkutatti (fi) — Boletus edulis	herkkutatti (fi)		2021-07-26 - 2021-08-30	Hollola	Etelä-Häme (EH)	Suomi	60.899499	25.439862	Sure	NEUTRAL	Notebook, general observations
herkkutatti (fi) — Boletus edulis	herkkutatti (fi)		2021-07-24	Punkalaidun	Etelä-Häme (EH)	Suomi	61.06013	23.21345		COMMUNITY_VERIFIED	iNaturalist Suomi Finland
herkkutatti (fi) — Boletus edulis	herkkutatti (fi)	1	2021-07-20	Taivalkoski	Koillismaa (Ks)	Suomi	65.284369	28.367788	Sure	NEUTRAL	The Atlas of Finnish Fungi
herkkutatti (fi) — Boletus edulis	herkkutatti (fi)	1	2020-10-17	Oulu	Oulun Pohjanmaa (OP)	Suomi	65.119137	25.616541	Sure	NEUTRAL	The Atlas of Finnish Fungi
herkkutatti (fi) — Boletus edulis	herkkutatti (fi)		2020-10-14	Valkeakoski	Etelä-Häme (EH)	Suomi	61.20624	24.05439		COMMUNITY_VERIFIED	iNaturalist Suomi Finland
herkkutatti (fi) — Boletus edulis	herkkutatti (fi)		2020-10-07	Juva, Mikkeli	Etelä-Savo (ES)	Suomi	61.7	27.5		COMMUNITY_VERIFIED	iNaturalist Suomi Finland
herkkutatti (fi) — Boletus edulis	herkkutatti (fi)		2020-10-07	Sastamala	Satakunta (St)	Suomi	61.33909	22.9657		COMMUNITY_VERIFIED	iNaturalist Suomi Finland
herkkutatti (fi) — Boletus edulis	herkkutatti (fi)	1	2020-10-04 [10:00]	Mikkeli	Pohjois-Savo (PS)	Suomi	62.071188	27.092385	Sure	NEUTRAL	The Atlas of Finnish Fungi
herkkutatti (fi) — Boletus edulis	herkkutatti (fi)		2020-10-04	Jyväskylä	Pohjois-Häme (PH)	Suomi	62.266033	25.649719	Sure	NEUTRAL	The Atlas of Finnish Fungi
herkkutatti (fi) — Boletus edulis	herkkutatti (fi)		2020-10-04	Espoo	Uusimaa (U)	Suomi	60.24427	24.61448		COMMUNITY_VERIFIED	iNaturalist Suomi Finland
herkkutatti (fi) — Boletus edulis	herkkutatti (fi)		2020-10-04	Kuopio	Pohjois-Savo (PS)	Suomi	62.92881	27.64618		COMMUNITY_VERIFIED	iNaturalist Suomi Finland
herkkutatti (fi) — Boletus edulis	herkkutatti (fi)		2020-10-03	Masku, Mynämäki, Naantali	Varsinais-Suomi (V)	Suomi	60.5	21.9		COMMUNITY_VERIFIED	iNaturalist Suomi Finland
herkkutatti (fi) — Boletus edulis	herkkutatti (fi)		2020-10-03	Helsinki	Uusimaa (U)	Suomi	60.160656	25.033811	Sure	NEUTRAL	The Atlas of Finnish Fungi
herkkutatti (fi) — Boletus edulis	herkkutatti (fi)	1	2020-10-03	Vaasa	Etelä-Pohjanmaa (EP)	Suomi	63.073633	22.077741	Sure	NEUTRAL	The Atlas of Finnish Fungi
herkkutatti (fi) — Boletus edulis	herkkutatti (fi)	1	2020-10-03 [11:30]	Kangasniemi, Mikkeli	Pohjois-Savo (PS)	Suomi	61.981459	27.092114	Sure	NEUTRAL	The Atlas of Finnish Fungi
herkkutatti (fi) — Boletus edulis	herkkutatti (fi)		2020-10-03	Nousiainen	Varsinais-Suomi (V)	Suomi	60.61193	22.08201		COMMUNITY_VERIFIED	iNaturalist Suomi Finland
herkkutatti (fi) — Boletus edulis	herkkutatti (fi)		2020-09-29	Espoo	Uusimaa (U)	Suomi	60.267551	24.640023	Sure	NEUTRAL	The Atlas of Finnish Fungi
herkkutatti (fi) — Boletus edulis	herkkutatti (fi)		2020-09-29	Helsinki	Uusimaa (U)	Suomi	60.21295	24.98965		NEUTRAL	iNaturalist Suomi Finland
herkkutatti (fi) — Boletus edulis	herkkutatti (fi)		2020-09-27	Pihtipudas	Pohjois-Häme (PH)	Suomi	63.37076	25.57462		COMMUNITY_VERIFIED	iNaturalist Suomi Finland
herkkutatti (fi) — Boletus edulis	herkkutatti (fi)	1	2020-09-27	Vaasa	Etelä-Pohjanmaa (EP)	Suomi	63.073671	22.078255	Sure	NEUTRAL	The Atlas of Finnish Fungi
herkkutatti (fi) — Boletus edulis	herkkutatti (fi)	Yksi	2020-09-27 [12:30]	Helsinki, Sipoo	Uusimaa (U)	Suomi	60.173105	25.105165	Sure	NEUTRAL	The Atlas of Finnish Fungi
herkkutatti (fi) — Boletus edulis	herkkutatti (fi)		2020-09-27	Pihtipudas	Pohjois-Häme (PH)	Suomi	63.36725	25.58996		COMMUNITY_VERIFIED	iNaturalist Suomi Finland
herkkutatti (fi) — Boletus edulis	herkkutatti (fi)		2020-09-27	Pihtipudas	Pohjois-Häme (PH)	Suomi	63.35	25.58051		COMMUNITY_VERIFIED	iNaturalist Suomi Finland
herkkutatti (fi) — Boletus edulis	herkkutatti (fi)	2	2020-09-26	Vaasa	Etelä-Pohjanmaa (EP)	Suomi	63.088053	21.675257	Sure	NEUTRAL	The Atlas of Finnish Fungi
herkkutatti (fi) — Boletus edulis	herkkutatti (fi)	2	2020-09-26	Vaasa	Etelä-Pohjanmaa (EP)	Suomi	63.088746	21.674348	Subspecies unsure	NEUTRAL	The Atlas of Finnish Fungi
herkkutatti (fi) — Boletus edulis	herkkutatti (fi)	5	2020-09-26	Vaasa	Etelä-Pohjanmaa (EP)	Suomi	63.08189	21.682474	Sure	NEUTRAL	The Atlas of Finnish Fungi
herkkutatti (fi) — Boletus edulis	herkkutatti (fi)		2020-09-26 [13:30]	Urjala	Etelä-Häme (EH)	Suomi	60.98958	23.456157		NEUTRAL	Notebook, general observations
herkkutatti (fi) — Boletus edulis	herkkutatti (fi)		2020-09-26	Kaarina	Varsinais-Suomi (V)	Suomi	60.40225	22.31275		COMMUNITY_VERIFIED	iNaturalist Suomi Finland
herkkutatti (fi) — Boletus edulis	herkkutatti (fi)		2020-09-26	Kustavi	Varsinais-Suomi (V)	Suomi	60.60973	21.26815		COMMUNITY_VERIFIED	iNaturalist Suomi Finland
herkkutatti (fi) — Boletus edulis	herkkutatti (fi)		2020-09-26	Pihtipudas	Pohjois-Häme (PH)	Suomi	63.36979	25.56696		NEUTRAL	iNaturalist Suomi Finland
herkkutatti (fi) — Boletus edulis	herkkutatti (fi)		2020-09-25	Helsinki	Uusimaa (U)	Suomi	60.1957	25.049495	Sure	NEUTRAL	The Atlas of Finnish Fungi
herkkutatti (fi) — Boletus edulis	herkkutatti (fi)	3	2020-09-25	Porvoo	Uusimaa (U)	Suomi	60.265489	25.715933	Sure	NEUTRAL	The Atlas of Finnish Fungi
herkkutatti (fi) — Boletus edulis	herkkutatti (fi)		2020-09-25	Lohja	Varsinais-Suomi (V)	Suomi	60.318988	24.03823	Sure	NEUTRAL	The Atlas of Finnish Fungi
herkkutatti (fi) — Boletus edulis	herkkutatti (fi)		2020-09-25	Inkoo	Uusimaa (U)	Suomi	60.02314	24.04375		COMMUNITY_VERIFIED	iNaturalist Suomi Finland
herkkutatti (fi) — Boletus edulis	herkkutatti (fi)		2020-09-24	Kalajoki	Keski-Pohjanmaa (KP)	Suomi	64.25	23.91406		NEUTRAL	iNaturalist Suomi Finland
herkkutatti (fi) — Boletus edulis	herkkutatti (fi)		2020-09-23	Salo	Varsinais-Suomi (V)	Suomi	60.41506	23.01608		COMMUNITY_VERIFIED	iNaturalist Suomi Finland
herkkutatti (fi) — Boletus edulis	herkkutatti (fi)	1	2020-09-22	Loppi	Etelä-Häme (EH)	Suomi	60.678081	24.42233	Sure	NEUTRAL	The Atlas of Finnish Fungi
herkkutatti (fi) — Boletus edulis	herkkutatti (fi)	4	2020-09-22	Porvoo	Uusimaa (U)	Suomi	60.26605	25.838706	Sure	NEUTRAL	The Atlas of Finnish Fungi
herkkutatti (fi) — Boletus edulis	herkkutatti (fi)	1	2020-09-21	Porvoo	Uusimaa (U)	Suomi	60.353109	25.671062	Sure	NEUTRAL	The Atlas of Finnish Fungi
herkkutatti (fi) — Boletus edulis	herkkutatti (fi)	1	2020-09-20	Kitee	Pohjois-Karjala (PK)	Suomi	62.076321	30.171834	Sure	NEUTRAL	The Atlas of Finnish Fungi
herkkutatti (fi) — Boletus edulis	herkkutatti (fi)		2020-09-20	Viitasaari	Pohjois-Häme (PH)	Suomi	63.21179	25.63153		COMMUNITY_VERIFIED	iNaturalist Suomi Finland
herkkutatti (fi) — Boletus edulis	herkkutatti (fi)		2020-09-19	Helsinki	Uusimaa (U)	Suomi	60.19082	25.00029		NEUTRAL	iNaturalist Suomi Finland
herkkutatti (fi) — Boletus edulis	herkkutatti (fi)	1	2020-09-19	Kitee	Pohjois-Karjala (PK)	Suomi	62.045604	30.250822	Sure	NEUTRAL	The Atlas of Finnish Fungi
herkkutatti (fi) — Boletus edulis	herkkutatti (fi)		2020-09-19	Kitee	Pohjois-Karjala (PK)	Suomi	62.046042	30.259298	Sure	NEUTRAL	The Atlas of Finnish Fungi
herkkutatti (fi) — Boletus edulis	herkkutatti (fi)	1	2020-09-19	Kitee	Pohjois-Karjala (PK)	Suomi	62.045122	30.257744	Sure	NEUTRAL	The Atlas of Finnish Fungi
herkkutatti (fi) — Boletus edulis	herkkutatti (fi)	4	2020-09-19	Kemijärvi	Perä-Pohjanmaa (PeP)	Suomi	66.708922	27.419814	Sure	NEUTRAL	The Atlas of Finnish Fungi
herkkutatti (fi) — Boletus edulis	herkkutatti (fi)		2020-09-19	Salo	Varsinais-Suomi (V)	Suomi	60.43809	23.04057		COMMUNITY_VERIFIED	iNaturalist Suomi Finland
herkkutatti (fi) — Boletus edulis	herkkutatti (fi)		2020-09-19	Sastamala	Satakunta (St)	Suomi	61.41528	22.62889		COMMUNITY_VERIFIED	iNaturalist Suomi Finland
herkkutatti (fi) — Boletus edulis	herkkutatti (fi)		2020-09-18	Kitee	Pohjois-Karjala (PK)	Suomi	62.092655	30.144607	Sure	NEUTRAL	The Atlas of Finnish Fungi
herkkutatti (fi) — Boletus edulis	herkkutatti (fi)	1	2020-09-18	Kitee	Pohjois-Karjala (PK)	Suomi	62.089343	30.160129	Sure	NEUTRAL	The Atlas of Finnish Fungi
herkkutatti (fi) — Boletus edulis	herkkutatti (fi)		2020-09-18	Eurajoki	Satakunta (St)	Suomi	61.21372	21.74808		COMMUNITY_VERIFIED	iNaturalist Suomi Finland
herkkutatti (fi) — Boletus edulis	herkkutatti (fi)		2020-09-18	Kemiönsaari	Varsinais-Suomi (V)	Suomi	60.02676	22.57398		COMMUNITY_VERIFIED	iNaturalist Suomi Finland
herkkutatti (fi) — Boletus edulis	herkkutatti (fi)		2020-09-18	Kaskinen	Etelä-Pohjanmaa (EP)	Suomi	62.38638	21.22189		COMMUNITY_VERIFIED	iNaturalist Suomi Finland
herkkutatti (fi) — Boletus edulis	herkkutatti (fi)		2020-09-16	Lohja	Varsinais-Suomi (V)	Suomi	60.572943	23.964978	Sure	NEUTRAL	The Atlas of Finnish Fungi
herkkutatti (fi) — Boletus edulis	herkkutatti (fi)		2020-09-16	Lohja	Varsinais-Suomi (V)	Suomi	60.577754	23.982868	Sure	NEUTRAL	The Atlas of Finnish Fungi
herkkutatti (fi) — Boletus edulis	herkkutatti (fi)		2020-09-16	Helsinki	Uusimaa (U)	Suomi	60.20628	24.99883		COMMUNITY_VERIFIED	iNaturalist Suomi Finland
herkkutatti (fi) — Boletus edulis	herkkutatti (fi)		2020-09-16	Nurmijärvi	Uusimaa (U)	Suomi	60.39412	24.7463		COMMUNITY_VERIFIED	iNaturalist Suomi Finland
herkkutatti (fi) — Boletus edulis	herkkutatti (fi)		2020-09-16	Vantaa	Uusimaa (U)	Suomi	60.34809	24.90522		COMMUNITY_VERIFIED	iNaturalist Suomi Finland
herkkutatti (fi) — Boletus edulis	herkkutatti (fi)		2020-09-15	Mikkeli	Etelä-Savo (ES)	Suomi	61.687584	27.260399	Sure	NEUTRAL	The Atlas of Finnish Fungi
herkkutatti (fi) — Boletus edulis	herkkutatti (fi)		2020-09-14	Helsinki	Uusimaa (U)	Suomi	60.24016	24.98648		NEUTRAL	iNaturalist Suomi Finland
herkkutatti (fi) — Boletus edulis	herkkutatti (fi)		2020-09-14	Helsinki	Uusimaa (U)	Suomi	60.233707	25.023899	Sure	NEUTRAL	The Atlas of Finnish Fungi
herkkutatti (fi) — Boletus edulis	herkkutatti (fi)		2020-09-13	Vantaa	Uusimaa (U)	Suomi	60.32362	24.83302		COMMUNITY_VERIFIED	iNaturalist Suomi Finland
herkkutatti (fi) — Boletus edulis	herkkutatti (fi)	1	2020-09-13	Parainen	Varsinais-Suomi (V)	Suomi	60.310666	22.11327	Sure	NEUTRAL	The Atlas of Finnish Fungi
herkkutatti (fi) — Boletus edulis	herkkutatti (fi)	3	2020-09-11	Porvoo	Uusimaa (U)	Suomi	60.3604	25.69678	Sure	NEUTRAL	The Atlas of Finnish Fungi
herkkutatti (fi) — Boletus edulis	herkkutatti (fi)		2020-09-11	Mikkeli	Etelä-Savo (ES)	Suomi	61.69842	27.41305		COMMUNITY_VERIFIED	iNaturalist Suomi Finland
herkkutatti (fi) — Boletus edulis	herkkutatti (fi)		2020-09-10	Virolahti	Etelä-Karjala (EK)	Suomi	60.527833	27.56672	Sure	NEUTRAL	The Atlas of Finnish Fungi
herkkutatti (fi) — Boletus edulis	herkkutatti (fi)		2020-09-10	Virolahti	Etelä-Karjala (EK)	Suomi	60.530228	27.569835	Sure	NEUTRAL	The Atlas of Finnish Fungi
herkkutatti (fi) — Boletus edulis	herkkutatti (fi)		2020-09-10	Oulu	Oulun Pohjanmaa (OP)	Suomi	65.20248	26.29302	Sure	NEUTRAL	The Atlas of Finnish Fungi
herkkutatti (fi) — Boletus edulis	herkkutatti (fi)	10	2020-09-10	Porvoo	Uusimaa (U)	Suomi	60.39069	25.699024	Sure	NEUTRAL	The Atlas of Finnish Fungi
herkkutatti (fi) — Boletus edulis	herkkutatti (fi)		2020-09-09	Miehikkälä	Etelä-Karjala (EK)	Suomi	60.675323	27.704758	Sure	NEUTRAL	The Atlas of Finnish Fungi
herkkutatti (fi) — Boletus edulis	herkkutatti (fi)	1	2020-09-07	Rovaniemi	Perä-Pohjanmaa (PeP)	Suomi	66.519684	25.653323	Sure	NEUTRAL	The Atlas of Finnish Fungi
herkkutatti (fi) — Boletus edulis	herkkutatti (fi)		2020-09-07 - 2020-09-10	Nurmijärvi	Uusimaa (U)	Suomi	60.506187	24.695073	Sure	NEUTRAL	The Atlas of Finnish Fungi
herkkutatti (fi) — Boletus edulis	herkkutatti (fi)		2020-09-07	Inari	Inarin Lappi (InL)	Suomi	68.973438	26.987822	Sure	NEUTRAL	The Atlas of Finnish Fungi
herkkutatti (fi) — Boletus edulis	herkkutatti (fi)		2020-09-07	Salo	Varsinais-Suomi (V)	Suomi	60.27779	22.95146		COMMUNITY_VERIFIED	iNaturalist Suomi Finland
herkkutatti (fi) — Boletus edulis	herkkutatti (fi)		2020-09-06	Nokia	Etelä-Häme (EH)	Suomi	61.44267	23.4719		COMMUNITY_VERIFIED	iNaturalist Suomi Finland
herkkutatti (fi) — Boletus edulis	herkkutatti (fi)		2020-09-05	Nokia	Etelä-Häme (EH)	Suomi	61.47514	23.34478		COMMUNITY_VERIFIED	iNaturalist Suomi Finland
herkkutatti (fi) — Boletus edulis	herkkutatti (fi)	4	2020-09-05	Inari	Inarin Lappi (InL)	Suomi	69.437353	27.218131	Sure	NEUTRAL	Notebook, general observations
herkkutatti (fi) — Boletus edulis	herkkutatti (fi)	1	2020-09-03	Savonlinna	Pohjois-Savo (PS)	Suomi	62.206497	28.942762	Sure	NEUTRAL	The Atlas of Finnish Fungi
herkkutatti (fi) — Boletus edulis	herkkutatti (fi)	1	2020-09-02	Helsinki	Uusimaa (U)	Suomi	60.201252	25.026133	Sure	NEUTRAL	The Atlas of Finnish Fungi
herkkutatti (fi) — Boletus edulis	herkkutatti (fi)		2020-09-02	Lestijärvi	Keski-Pohjanmaa (KP)	Suomi	63.50336	24.57874		COMMUNITY_VERIFIED	iNaturalist Suomi Finland
herkkutatti (fi) — Boletus edulis	herkkutatti (fi)		2020-08-29	Mäntyharju	Etelä-Savo (ES)	Suomi	61.39604	26.88741		COMMUNITY_VERIFIED	iNaturalist Suomi Finland
herkkutatti (fi) — Boletus edulis	herkkutatti (fi)		2020-08-26	Urjala	Etelä-Häme (EH)	Suomi	61.07303	23.53422		NEUTRAL	iNaturalist Suomi Finland
herkkutatti (fi) — Boletus edulis	herkkutatti (fi)		2020-08-24	Sipoo	Uusimaa (U)	Suomi	60.293498	25.421029		NEUTRAL	Agaricales Fennoscandiae orientalis
herkkutatti (fi) — Boletus edulis	herkkutatti (fi)	1	2020-08-22	Kokkola	Keski-Pohjanmaa (KP)	Suomi	63.836934	23.122381	Sure	NEUTRAL	The Atlas of Finnish Fungi
herkkutatti (fi) — Boletus edulis	herkkutatti (fi)	Muutamia	2020-08-21	Kontiolahti	Pohjois-Karjala (PK)	Suomi	62.645193	30.214441	Sure	NEUTRAL	The Atlas of Finnish Fungi
herkkutatti (fi) — Boletus edulis	herkkutatti (fi)		2020-08-21	Leppävirta	Pohjois-Savo (PS)	Suomi	62.478546	27.815244	Sure	NEUTRAL	The Atlas of Finnish Fungi
herkkutatti (fi) — Boletus edulis	herkkutatti (fi)	Lukuisia	2020-08-19	Kontiolahti	Pohjois-Karjala (PK)	Suomi	62.63308	29.871763	Sure	NEUTRAL	The Atlas of Finnish Fungi
herkkutatti (fi) — Boletus edulis	herkkutatti (fi)	1	2020-08-18	Vaasa	Etelä-Pohjanmaa (EP)	Suomi	63.073798	22.07804	Sure	NEUTRAL	The Atlas of Finnish Fungi
herkkutatti (fi) — Boletus edulis	herkkutatti (fi)		2020-08-18	Tampere	Etelä-Häme (EH)	Suomi	61.51591	23.86311		COMMUNITY_VERIFIED	iNaturalist Suomi Finland
herkkutatti (fi) — Boletus edulis	herkkutatti (fi)		2020-08-16	Helsinki	Uusimaa (U)	Suomi	60.21303	24.915299	Sure	NEUTRAL	The Atlas of Finnish Fungi
herkkutatti (fi) — Boletus edulis	herkkutatti (fi)		2020-08-16	Säkylä	Satakunta (St)	Suomi	61.03151	22.50767		COMMUNITY_VERIFIED	iNaturalist Suomi Finland
herkkutatti (fi) — Boletus edulis	herkkutatti (fi)		2020-08-15	Kuhmo	Kainuu (Kn)	Suomi	63.900915	29.310777	Sure	NEUTRAL	Notebook, general observations
herkkutatti (fi) — Boletus edulis	herkkutatti (fi)		2020-08-15	Mikkeli	Etelä-Savo (ES)	Suomi	61.69469	27.40569		COMMUNITY_VERIFIED	iNaturalist Suomi Finland
herkkutatti (fi) — Boletus edulis	herkkutatti (fi)	1	2020-08-15	Ylöjärvi	Etelä-Häme (EH)	Suomi	61.559	23.519	Sure	NEUTRAL	The Atlas of Finnish Fungi
herkkutatti (fi) — Boletus edulis	herkkutatti (fi)		2020-08-15	Jyväskylä	Pohjois-Häme (PH)	Suomi	62.30402	25.6677		COMMUNITY_VERIFIED	iNaturalist Suomi Finland
herkkutatti (fi) — Boletus edulis	herkkutatti (fi)		2020-08-15	Vaasa	Etelä-Pohjanmaa (EP)	Suomi	63.06365	22.0467		NEUTRAL	iNaturalist Suomi Finland
herkkutatti (fi) — Boletus edulis	herkkutatti (fi)		2020-08-15	Helsinki	Uusimaa (U)	Suomi	60.23516	25.13851		COMMUNITY_VERIFIED	iNaturalist Suomi Finland
herkkutatti (fi) — Boletus edulis	herkkutatti (fi)		2020-08-15	Joensuu	Pohjois-Karjala (PK)	Suomi	62.5817	29.7329		COMMUNITY_VERIFIED	iNaturalist Suomi Finland
herkkutatti (fi) — Boletus edulis	herkkutatti (fi)		2020-08-14	Helsinki	Uusimaa (U)	Suomi	60.21594	24.95118		COMMUNITY_VERIFIED	iNaturalist Suomi Finland
herkkutatti (fi) — Boletus edulis	herkkutatti (fi)	runsas	2020-08-14	Keuruu	Pohjois-Häme (PH)	Suomi	62.194826	24.783106	Sure	NEUTRAL	Notebook, general observations
herkkutatti (fi) — Boletus edulis	herkkutatti (fi)		2020-08-13	Porvoo	Uusimaa (U)	Suomi	60.3	25.7		NEUTRAL	iNaturalist Suomi Finland
herkkutatti (fi) — Boletus edulis	herkkutatti (fi)	3	2020-08-13	Jyväskylä	Pohjois-Häme (PH)	Suomi	62.251751	25.691888	Sure	NEUTRAL	The Atlas of Finnish Fungi
herkkutatti (fi) — Boletus edulis	herkkutatti (fi)	Muutamia	2020-08-13	Nokia	Etelä-Häme (EH)	Suomi	61.467874	23.372975	Sure	NEUTRAL	The Atlas of Finnish Fungi
herkkutatti (fi) — Boletus edulis	herkkutatti (fi)		2020-08-13	Helsinki	Uusimaa (U)	Suomi	60.20774	24.9564		COMMUNITY_VERIFIED	iNaturalist Suomi Finland
herkkutatti (fi) — Boletus edulis	herkkutatti (fi)		2020-08-13	Tuusniemi	Pohjois-Savo (PS)	Suomi	62.7845	28.67325		COMMUNITY_VERIFIED	iNaturalist Suomi Finland
herkkutatti (fi) — Boletus edulis	herkkutatti (fi)		2020-08-13	Nurmijärvi	Uusimaa (U)	Suomi	60.47797	24.63327		COMMUNITY_VERIFIED	iNaturalist Suomi Finland
herkkutatti (fi) — Boletus edulis	herkkutatti (fi)		2020-08-12	Kirkkonummi	Uusimaa (U)	Suomi	60.27078	24.46674		COMMUNITY_VERIFIED	iNaturalist Suomi Finland
herkkutatti (fi) — Boletus edulis	herkkutatti (fi)		2020-08-12	Paltamo	Kainuu (Kn)	Suomi	64.52247	27.7923	Sure	NEUTRAL	The Atlas of Finnish Fungi
herkkutatti (fi) — Boletus edulis	herkkutatti (fi)		2020-08-12	Kitee	Pohjois-Karjala (PK)	Suomi	62.10704	30.265197	Sure	NEUTRAL	The Atlas of Finnish Fungi
herkkutatti (fi) — Boletus edulis	herkkutatti (fi)		2020-08-11	Lohja	Varsinais-Suomi (V)	Suomi	60.60374	23.94511		COMMUNITY_VERIFIED	iNaturalist Suomi Finland
herkkutatti (fi) — Boletus edulis	herkkutatti (fi)		2020-08-11	Helsinki, Kerava, Sipoo, Tuusula, Vantaa	Uusimaa (U)	Suomi	60.3	25.1		COMMUNITY_VERIFIED	iNaturalist Suomi Finland
herkkutatti (fi) — Boletus edulis	herkkutatti (fi)	6	2020-08-10	Pello	Perä-Pohjanmaa (PeP)	Suomi	66.791917	24.173803	Sure	NEUTRAL	Notebook, general observations
herkkutatti (fi) — Boletus edulis	herkkutatti (fi)		2020-08-10	Heinävesi	Pohjois-Savo (PS)	Suomi	62.39392	28.78981	Sure	NEUTRAL	The Atlas of Finnish Fungi
herkkutatti (fi) — Boletus edulis	herkkutatti (fi)		2020-08-09	Asikkala, Hollola, Lahti	Etelä-Häme (EH)	Suomi	61.1	25.5		COMMUNITY_VERIFIED	iNaturalist Suomi Finland
herkkutatti (fi) — Boletus edulis	herkkutatti (fi)	3	2020-08-09	Heinävesi, Kuopio, Leppävirta, Tuusniemi	Pohjois-Savo (PS)	Suomi	62.601994	28.457002	Sure	NEUTRAL	The Atlas of Finnish Fungi
herkkutatti (fi) — Boletus edulis	herkkutatti (fi)		2020-08-09	Hämeenlinna	Etelä-Häme (EH)	Suomi	61.03859	24.94748		COMMUNITY_VERIFIED	iNaturalist Suomi Finland
herkkutatti (fi) — Boletus edulis	herkkutatti (fi)		2020-08-09	Mäntyharju	Etelä-Savo (ES)	Suomi	61.44506	26.78305		COMMUNITY_VERIFIED	iNaturalist Suomi Finland
herkkutatti (fi) — Boletus edulis	herkkutatti (fi)		2020-08-09	Vantaa	Uusimaa (U)	Suomi	60.31186	25.1111		COMMUNITY_VERIFIED	iNaturalist Suomi Finland
herkkutatti (fi) — Boletus edulis	herkkutatti (fi)		2020-08-09	Mäntyharju	Etelä-Savo (ES)	Suomi	61.44487	26.78192		COMMUNITY_VERIFIED	iNaturalist Suomi Finland
herkkutatti (fi) — Boletus edulis	herkkutatti (fi)		2020-08-09	Mäntyharju	Etelä-Savo (ES)	Suomi	61.44491	26.78319		COMMUNITY_VERIFIED	iNaturalist Suomi Finland
herkkutatti (fi) — Boletus edulis	herkkutatti (fi)		2020-08-09	Viitasaari	Pohjois-Häme (PH)	Suomi	63.0848	25.8404		COMMUNITY_VERIFIED	iNaturalist Suomi Finland
herkkutatti (fi) — Boletus edulis	herkkutatti (fi)		2020-08-09	Viitasaari	Pohjois-Häme (PH)	Suomi	63.08916	25.83581		COMMUNITY_VERIFIED	iNaturalist Suomi Finland
herkkutatti (fi) — Boletus edulis	herkkutatti (fi)		2020-08-09	Viitasaari	Pohjois-Häme (PH)	Suomi	63.08372	25.83854		COMMUNITY_VERIFIED	iNaturalist Suomi Finland
herkkutatti (fi) — Boletus edulis	herkkutatti (fi)		2020-08-09	Viitasaari	Pohjois-Häme (PH)	Suomi	63.08894	25.83777		COMMUNITY_VERIFIED	iNaturalist Suomi Finland
herkkutatti (fi) — Boletus edulis	herkkutatti (fi)		2020-08-09	Vesanto	Pohjois-Häme (PH)	Suomi	62.86611	26.22639		COMMUNITY_VERIFIED	iNaturalist Suomi Finland
herkkutatti (fi) — Boletus edulis	herkkutatti (fi)		2020-08-09	Lempäälä	Etelä-Häme (EH)	Suomi	61.41	23.7378		COMMUNITY_VERIFIED	iNaturalist Suomi Finland
herkkutatti (fi) — Boletus edulis	herkkutatti (fi)	muutama	2020-08-09	Kustavi	Varsinais-Suomi (V)	Suomi	60.592031	21.387118	Sure	NEUTRAL	The Atlas of Finnish Fungi
herkkutatti (fi) — Boletus edulis	herkkutatti (fi)		2020-08-08	Hankasalmi, Pieksämäki, Rautalampi	Pohjois-Häme (PH), Pohjois-Savo (PS)	Suomi	62.5	26.7		COMMUNITY_VERIFIED	iNaturalist Suomi Finland
herkkutatti (fi) — Boletus edulis	herkkutatti (fi)		2020-08-08	Sipoo	Uusimaa (U)	Suomi	60.35336	25.19994		COMMUNITY_VERIFIED	iNaturalist Suomi Finland
herkkutatti (fi) — Boletus edulis	herkkutatti (fi)	1	2020-08-08	Kannus	Keski-Pohjanmaa (KP)	Suomi	63.987864	23.762212	Sure	NEUTRAL	The Atlas of Finnish Fungi
herkkutatti (fi) — Boletus edulis	herkkutatti (fi)		2020-08-08	Kauhava	Keski-Pohjanmaa (KP)	Suomi	63.089593	23.105513	Sure	NEUTRAL	The Atlas of Finnish Fungi
herkkutatti (fi) — Boletus edulis	herkkutatti (fi)		2020-08-08	Rautalampi	Pohjois-Häme (PH)	Suomi	62.59352	26.7431		COMMUNITY_VERIFIED	iNaturalist Suomi Finland
herkkutatti (fi) — Boletus edulis	herkkutatti (fi)		2020-08-08	Parkano	Satakunta (St)	Suomi	61.96459	23.01784		COMMUNITY_VERIFIED	iNaturalist Suomi Finland
herkkutatti (fi) — Boletus edulis	herkkutatti (fi)		2020-08-08	Laukaa	Pohjois-Häme (PH)	Suomi	62.29072	26.13392		COMMUNITY_VERIFIED	iNaturalist Suomi Finland
herkkutatti (fi) — Boletus edulis	herkkutatti (fi)		2020-08-08	Kalajoki	Keski-Pohjanmaa (KP)	Suomi	64.23403	23.81258		NEUTRAL	iNaturalist Suomi Finland
herkkutatti (fi) — Boletus edulis	herkkutatti (fi)		2020-08-08	Taipalsaari	Etelä-Savo (ES)	Suomi	61.22597	28.16526		COMMUNITY_VERIFIED	iNaturalist Suomi Finland
herkkutatti (fi) — Boletus edulis	herkkutatti (fi)		2020-08-07	Jyväskylä	Pohjois-Häme (PH)	Suomi	62.24635	25.70061		COMMUNITY_VERIFIED	iNaturalist Suomi Finland
herkkutatti (fi) — Boletus edulis	herkkutatti (fi)		2020-08-07	Keitele	Pohjois-Häme (PH)	Suomi	63.25316	26.35513		COMMUNITY_VERIFIED	iNaturalist Suomi Finland
herkkutatti (fi) — Boletus edulis	herkkutatti (fi)		2020-08-07	Kotka, Pyhtää	Etelä-Karjala (EK), Uusimaa (U)	Suomi	60.5	26.9		COMMUNITY_VERIFIED	iNaturalist Suomi Finland
herkkutatti (fi) — Boletus edulis	herkkutatti (fi)		2020-08-07	Lappeenranta	Etelä-Savo (ES)	Suomi	61.0619	28.27715		COMMUNITY_VERIFIED	iNaturalist Suomi Finland
herkkutatti (fi) — Boletus edulis	herkkutatti (fi)		2020-08-07	Joensuu	Pohjois-Karjala (PK)	Suomi	62.61111	29.75611		COMMUNITY_VERIFIED	iNaturalist Suomi Finland
herkkutatti (fi) — Boletus edulis	herkkutatti (fi)		2020-08-07	Lappeenranta	Etelä-Savo (ES)	Suomi	61.06244	28.18206		COMMUNITY_VERIFIED	iNaturalist Suomi Finland
herkkutatti (fi) — Boletus edulis	herkkutatti (fi)	runsas	2020-08-07	Heinävesi	Pohjois-Savo (PS)	Suomi	62.54551	28.637977	Sure	NEUTRAL	Notebook, general observations
herkkutatti (fi) — Boletus edulis	herkkutatti (fi)	lukuisia	2020-08-06	Nokia	Etelä-Häme (EH)	Suomi	61.468215	23.380359	Sure	NEUTRAL	The Atlas of Finnish Fungi
herkkutatti (fi) — Boletus edulis	herkkutatti (fi)		2020-08-06	Raasepori	Uusimaa (U)	Suomi	59.93072	23.33582		COMMUNITY_VERIFIED	iNaturalist Suomi Finland
herkkutatti (fi) — Boletus edulis	herkkutatti (fi)		2020-08-06	Porvoo	Uusimaa (U)	Suomi	60.355639	25.723464	Sure	NEUTRAL	The Atlas of Finnish Fungi
herkkutatti (fi) — Boletus edulis	herkkutatti (fi)		2020-08-06	Lahti	Etelä-Häme (EH)	Suomi	61.06594	25.78731		COMMUNITY_VERIFIED	iNaturalist Suomi Finland
herkkutatti (fi) — Boletus edulis	herkkutatti (fi)		2020-08-06	Lahti	Etelä-Häme (EH)	Suomi	61.06313	25.78623		COMMUNITY_VERIFIED	iNaturalist Suomi Finland
herkkutatti (fi) — Boletus edulis	herkkutatti (fi)		2020-08-06	Rautalampi	Pohjois-Häme (PH)	Suomi	62.59312	26.7353		COMMUNITY_VERIFIED	iNaturalist Suomi Finland
herkkutatti (fi) — Boletus edulis	herkkutatti (fi)	runsas	2020-08-06	Heinävesi	Pohjois-Savo (PS)	Suomi	62.576424	28.644416	Sure	NEUTRAL	Notebook, general observations
herkkutatti (fi) — Boletus edulis	herkkutatti (fi)		2020-08-05	Sastamala	Satakunta (St)	Suomi	61.42964	22.82612		NEUTRAL	iNaturalist Suomi Finland
herkkutatti (fi) — Boletus edulis	herkkutatti (fi)		2020-08-05	Hankasalmi, Pieksämäki, Rautalampi	Pohjois-Häme (PH), Pohjois-Savo (PS)	Suomi	62.5	26.7		COMMUNITY_VERIFIED	iNaturalist Suomi Finland
herkkutatti (fi) — Boletus edulis	herkkutatti (fi)		2020-08-05	Heinola	Etelä-Häme (EH)	Suomi	61.29028	26.25669		COMMUNITY_VERIFIED	iNaturalist Suomi Finland
herkkutatti (fi) — Boletus edulis	herkkutatti (fi)		2020-08-05	Ruokolahti	Etelä-Savo (ES)	Suomi	61.30818	28.75548		COMMUNITY_VERIFIED	iNaturalist Suomi Finland
herkkutatti (fi) — Boletus edulis	herkkutatti (fi)		2020-08-05	Vantaa	Uusimaa (U)	Suomi	60.29725	25.1572		COMMUNITY_VERIFIED	iNaturalist Suomi Finland
herkkutatti (fi) — Boletus edulis	herkkutatti (fi)		2020-08-05	Vantaa	Uusimaa (U)	Suomi	60.2948	25.15706		COMMUNITY_VERIFIED	iNaturalist Suomi Finland
herkkutatti (fi) — Boletus edulis	herkkutatti (fi)		2020-08-05	Pori	Satakunta (St)	Suomi	61.56942	21.52862		COMMUNITY_VERIFIED	iNaturalist Suomi Finland
herkkutatti (fi) — Boletus edulis	herkkutatti (fi)	3	2020-08-05	Heinävesi	Pohjois-Savo (PS)	Suomi	62.561577	28.633693	Sure	NEUTRAL	Notebook, general observations
herkkutatti (fi) — Boletus edulis	herkkutatti (fi)		2020-08-04	Hankasalmi	Pohjois-Häme (PH)	Suomi	62.318677	26.344056	Sure	NEUTRAL	The Atlas of Finnish Fungi
herkkutatti (fi) — Boletus edulis	herkkutatti (fi)		2020-08-04	Taivalkoski	Koillismaa (Ks)	Suomi	65.284369	28.367788	Sure	NEUTRAL	The Atlas of Finnish Fungi
herkkutatti (fi) — Boletus edulis	herkkutatti (fi)		2020-08-04	Oulu	Oulun Pohjanmaa (OP)	Suomi	65.01152	25.4408		COMMUNITY_VERIFIED	iNaturalist Suomi Finland
herkkutatti (fi) — Boletus edulis	herkkutatti (fi)		2020-08-04	Uusikaarlepyy	Keski-Pohjanmaa (KP)	Suomi	63.39014	22.38194		COMMUNITY_VERIFIED	iNaturalist Suomi Finland
herkkutatti (fi) — Boletus edulis	herkkutatti (fi)		2020-08-04	Oulu	Oulun Pohjanmaa (OP)	Suomi	65.011	25.44234		COMMUNITY_VERIFIED	iNaturalist Suomi Finland
herkkutatti (fi) — Boletus edulis	herkkutatti (fi)	Esiintymä	2020-08-04	Hämeenkyrö	Satakunta (St)	Suomi	61.657627	23.475205	Sure	NEUTRAL	The Atlas of Finnish Fungi
herkkutatti (fi) — Boletus edulis	herkkutatti (fi)	1	2020-08-03	Kokkola	Keski-Pohjanmaa (KP)	Suomi	64.027853	23.51366	Sure	NEUTRAL	The Atlas of Finnish Fungi
herkkutatti (fi) — Boletus edulis	herkkutatti (fi)	1	2020-08-03	Kokkola	Keski-Pohjanmaa (KP)	Suomi	64.010012	23.398313	Sure	NEUTRAL	The Atlas of Finnish Fungi
herkkutatti (fi) — Boletus edulis	herkkutatti (fi)		2020-08-03	Hanko	Uusimaa (U)	Suomi	59.920905	23.203063	Sure	NEUTRAL	The Atlas of Finnish Fungi
herkkutatti (fi) — Boletus edulis	herkkutatti (fi)		2020-08-03	Hanko	Uusimaa (U)	Suomi	59.910774	23.208481	Sure	NEUTRAL	The Atlas of Finnish Fungi
herkkutatti (fi) — Boletus edulis	herkkutatti (fi)		2020-08-03	Siikalatva	Keski-Pohjanmaa (KP)	Suomi	64.23583	25.75975		COMMUNITY_VERIFIED	iNaturalist Suomi Finland
herkkutatti (fi) — Boletus edulis	herkkutatti (fi)		2020-08-03	Mikkeli	Etelä-Savo (ES)	Suomi	61.67322	27.12703		COMMUNITY_VERIFIED	iNaturalist Suomi Finland
herkkutatti (fi) — Boletus edulis	herkkutatti (fi)		2020-08-03	Jyväskylä	Pohjois-Häme (PH)	Suomi	62.2062	25.8218		NEUTRAL	Agaricales Fennoscandiae orientalis
herkkutatti (fi) — Boletus edulis	herkkutatti (fi)	Tusina	2020-08-02	Ylöjärvi	Etelä-Häme (EH)	Suomi	61.548178	23.542522	Sure	NEUTRAL	The Atlas of Finnish Fungi
herkkutatti (fi) — Boletus edulis	herkkutatti (fi)		2020-08-02	Imatra	Etelä-Savo (ES)	Suomi	61.16699	28.77203		COMMUNITY_VERIFIED	iNaturalist Suomi Finland
herkkutatti (fi) — Boletus edulis	herkkutatti (fi)		2020-08-02	Kuopio	Pohjois-Savo (PS)	Suomi	62.92304	27.65903		COMMUNITY_VERIFIED	iNaturalist Suomi Finland
herkkutatti (fi) — Boletus edulis	herkkutatti (fi)		2020-08-01	Sipoo	Uusimaa (U)	Suomi	60.33385	25.14478		COMMUNITY_VERIFIED	iNaturalist Suomi Finland
herkkutatti (fi) — Boletus edulis	herkkutatti (fi)		2020-08-01	Kauniainen	Uusimaa (U)	Suomi	60.213593	24.682613	Sure	NEUTRAL	The Atlas of Finnish Fungi
herkkutatti (fi) — Boletus edulis	herkkutatti (fi)		2020-08-01	Asikkala	Etelä-Häme (EH)	Suomi	61.231412	25.635767	Sure	NEUTRAL	The Atlas of Finnish Fungi
herkkutatti (fi) — Boletus edulis	herkkutatti (fi)		2020-08-01	Nurmijärvi	Uusimaa (U)	Suomi	60.38692	24.75372		COMMUNITY_VERIFIED	iNaturalist Suomi Finland
herkkutatti (fi) — Boletus edulis	herkkutatti (fi)		2020-08-01	Raasepori	Varsinais-Suomi (V)	Suomi	60.11516	23.79766		COMMUNITY_VERIFIED	iNaturalist Suomi Finland
herkkutatti (fi) — Boletus edulis	herkkutatti (fi)		2020-08-01	Äänekoski	Pohjois-Häme (PH)	Suomi	62.79907	25.89736		COMMUNITY_VERIFIED	iNaturalist Suomi Finland
herkkutatti (fi) — Boletus edulis	herkkutatti (fi)		2020-08-01	Kaarina	Varsinais-Suomi (V)	Suomi	60.42833	22.36513		COMMUNITY_VERIFIED	iNaturalist Suomi Finland
herkkutatti (fi) — Boletus edulis	herkkutatti (fi)		2020-08-01	Puolanka	Kainuu (Kn)	Suomi	64.81988	27.87688		COMMUNITY_VERIFIED	iNaturalist Suomi Finland
herkkutatti (fi) — Boletus edulis	herkkutatti (fi)		2020-08-01	Hämeenlinna	Etelä-Häme (EH)	Suomi	61.25116	24.59173		NEUTRAL	iNaturalist Suomi Finland
herkkutatti (fi) — Boletus edulis	herkkutatti (fi)		2020-07-31	Hankasalmi, Pieksämäki, Rautalampi	Pohjois-Häme (PH), Pohjois-Savo (PS)	Suomi	62.5	26.7		COMMUNITY_VERIFIED	iNaturalist Suomi Finland
herkkutatti (fi) — Boletus edulis	herkkutatti (fi)		2020-07-31	Oulainen	Keski-Pohjanmaa (KP)	Suomi	64.26461	24.83746		COMMUNITY_VERIFIED	iNaturalist Suomi Finland
herkkutatti (fi) — Boletus edulis	herkkutatti (fi)		2020-07-31	Jyväskylä	Pohjois-Häme (PH)	Suomi	62.23538	25.64914		COMMUNITY_VERIFIED	iNaturalist Suomi Finland
herkkutatti (fi) — Boletus edulis	herkkutatti (fi)		2020-07-31	Haapajärvi	Keski-Pohjanmaa (KP)	Suomi	63.80898	25.20431		COMMUNITY_VERIFIED	iNaturalist Suomi Finland
herkkutatti (fi) — Boletus edulis	herkkutatti (fi)		2020-07-31	Utajärvi	Oulun Pohjanmaa (OP)	Suomi	64.58148	26.5123		COMMUNITY_VERIFIED	iNaturalist Suomi Finland
herkkutatti (fi) — Boletus edulis	herkkutatti (fi)	1	2020-07-30	Rovaniemi	Perä-Pohjanmaa (PeP)	Suomi	66.509916	25.767281	Sure	NEUTRAL	The Atlas of Finnish Fungi
herkkutatti (fi) — Boletus edulis	herkkutatti (fi)		2020-07-30	Vehmaa	Varsinais-Suomi (V)	Suomi	60.74542	21.75615		COMMUNITY_VERIFIED	iNaturalist Suomi Finland
herkkutatti (fi) — Boletus edulis	herkkutatti (fi)		2020-07-30	Vehmaa	Varsinais-Suomi (V)	Suomi	60.74542	21.75615		COMMUNITY_VERIFIED	iNaturalist Suomi Finland
herkkutatti (fi) — Boletus edulis	herkkutatti (fi)		2020-07-30	Masku, Mynämäki, Naantali	Varsinais-Suomi (V)	Suomi	60.5	21.9		COMMUNITY_VERIFIED	iNaturalist Suomi Finland
herkkutatti (fi) — Boletus edulis	herkkutatti (fi)	useita	2020-07-30	Jämsä	Etelä-Häme (EH)	Suomi	61.839752	25.433966	Sure	NEUTRAL	Notebook, general observations
herkkutatti (fi) — Boletus edulis	herkkutatti (fi)	melko yleinen havaintoalueella, suuri osa jo yli-ikäisiä itiöemiä	2020-07-30	Karkkila	Varsinais-Suomi (V)	Suomi	60.528562	24.429008	Sure	NEUTRAL	The Atlas of Finnish Fungi
herkkutatti (fi) — Boletus edulis	herkkutatti (fi)		2020-07-30	Raasepori	Varsinais-Suomi (V)	Suomi	60.04034	23.7177		COMMUNITY_VERIFIED	iNaturalist Suomi Finland
herkkutatti (fi) — Boletus edulis	herkkutatti (fi)		2020-07-30	Heinola	Etelä-Häme (EH)	Suomi	61.33146	25.88152		COMMUNITY_VERIFIED	iNaturalist Suomi Finland
herkkutatti (fi) — Boletus edulis	herkkutatti (fi)		2020-07-30	Tampere	Etelä-Häme (EH)	Suomi	61.51989	23.59782		NEUTRAL	iNaturalist Suomi Finland
herkkutatti (fi) — Boletus edulis	herkkutatti (fi)		2020-07-30	Viitasaari	Pohjois-Häme (PH)	Suomi	63.06805	25.88787		COMMUNITY_VERIFIED	iNaturalist Suomi Finland
herkkutatti (fi) — Boletus edulis	herkkutatti (fi)		2020-07-30	Sastamala	Satakunta (St)	Suomi	61.33755	22.94761		COMMUNITY_VERIFIED	iNaturalist Suomi Finland
herkkutatti (fi) — Boletus edulis	herkkutatti (fi)	1	2020-07-30	Raasepori	Varsinais-Suomi (V)	Suomi	60.124007	23.520115	Sure	NEUTRAL	Notebook, general observations
herkkutatti (fi) — Boletus edulis	herkkutatti (fi)		2020-07-29	Tampere	Etelä-Häme (EH)	Suomi	61.43163	23.84254		COMMUNITY_VERIFIED	iNaturalist Suomi Finland
herkkutatti (fi) — Boletus edulis	herkkutatti (fi)		2020-07-29	Kauhava	Keski-Pohjanmaa (KP)	Suomi	63.10949	23.03809		COMMUNITY_VERIFIED	iNaturalist Suomi Finland
herkkutatti (fi) — Boletus edulis	herkkutatti (fi)		2020-07-29	Mikkeli	Etelä-Savo (ES)	Suomi	61.50618	27.2846		COMMUNITY_VERIFIED	iNaturalist Suomi Finland
herkkutatti (fi) — Boletus edulis	herkkutatti (fi)		2020-07-29	Vantaa	Uusimaa (U)	Suomi	60.27211	25.13506		COMMUNITY_VERIFIED	iNaturalist Suomi Finland
herkkutatti (fi) — Boletus edulis	herkkutatti (fi)		2020-07-29	Vantaa	Uusimaa (U)	Suomi	60.27067	25.13394		COMMUNITY_VERIFIED	iNaturalist Suomi Finland
herkkutatti (fi) — Boletus edulis	herkkutatti (fi)		2020-07-29	Loimaa	Satakunta (St)	Suomi	60.845042	23.03848	Sure	NEUTRAL	The Atlas of Finnish Fungi
herkkutatti (fi) — Boletus edulis	herkkutatti (fi)		2020-07-29	Rovaniemi	Perä-Pohjanmaa (PeP)	Suomi	66.498131	25.779694	Sure	NEUTRAL	The Atlas of Finnish Fungi
herkkutatti (fi) — Boletus edulis	herkkutatti (fi)	useita	2020-07-29	Juuka	Pohjois-Karjala (PK)	Suomi	63.219331	29.296326	Sure	NEUTRAL	The Atlas of Finnish Fungi
herkkutatti (fi) — Boletus edulis	herkkutatti (fi)		2020-07-29	Äänekoski	Pohjois-Häme (PH)	Suomi	62.55283	25.8762		COMMUNITY_VERIFIED	iNaturalist Suomi Finland
herkkutatti (fi) — Boletus edulis	herkkutatti (fi)		2020-07-29	Hämeenlinna	Etelä-Häme (EH)	Suomi	60.78928	24.38562		COMMUNITY_VERIFIED	iNaturalist Suomi Finland
herkkutatti (fi) — Boletus edulis	herkkutatti (fi)		2020-07-29	Tohmajärvi	Pohjois-Karjala (PK)	Suomi	62.20541	30.37782		COMMUNITY_VERIFIED	iNaturalist Suomi Finland
herkkutatti (fi) — Boletus edulis	herkkutatti (fi)		2020-07-29	Heinola	Etelä-Häme (EH)	Suomi	61.29019	26.25656		COMMUNITY_VERIFIED	iNaturalist Suomi Finland
herkkutatti (fi) — Boletus edulis	herkkutatti (fi)		2020-07-29	Nokia	Etelä-Häme (EH)	Suomi	61.44577	23.481		COMMUNITY_VERIFIED	iNaturalist Suomi Finland
herkkutatti (fi) — Boletus edulis	herkkutatti (fi)		2020-07-29	Nokia	Etelä-Häme (EH)	Suomi	61.44577	23.481		COMMUNITY_VERIFIED	iNaturalist Suomi Finland
herkkutatti (fi) — Boletus edulis	herkkutatti (fi)		2020-07-29	Vantaa	Uusimaa (U)	Suomi	60.32185	25.02631		COMMUNITY_VERIFIED	iNaturalist Suomi Finland
herkkutatti (fi) — Boletus edulis	herkkutatti (fi)		2020-07-29	Helsinki	Uusimaa (U)	Suomi	60.2512	24.9272		NEUTRAL	Agaricales Fennoscandiae orientalis
herkkutatti (fi) — Boletus edulis	herkkutatti (fi)		2020-07-28	Hyvinkää	Uusimaa (U)	Suomi	60.64809	24.87747		COMMUNITY_VERIFIED	iNaturalist Suomi Finland
herkkutatti (fi) — Boletus edulis	herkkutatti (fi)	1	2020-07-28	Kokkola	Keski-Pohjanmaa (KP)	Suomi	63.960818	23.537577	Sure	NEUTRAL	The Atlas of Finnish Fungi
herkkutatti (fi) — Boletus edulis	herkkutatti (fi)		2020-07-28	Vihti	Varsinais-Suomi (V)	Suomi	60.524894	24.470431	Sure	NEUTRAL	The Atlas of Finnish Fungi
herkkutatti (fi) — Boletus edulis	herkkutatti (fi)		2020-07-28	Ikaalinen	Satakunta (St)	Suomi	61.85035	22.93017		COMMUNITY_VERIFIED	iNaturalist Suomi Finland
herkkutatti (fi) — Boletus edulis	herkkutatti (fi)		2020-07-28	Tampere	Etelä-Häme (EH)	Suomi	61.54736	23.80823		COMMUNITY_VERIFIED	iNaturalist Suomi Finland
herkkutatti (fi) — Boletus edulis	herkkutatti (fi)		2020-07-28	Savonlinna	Etelä-Savo (ES)	Suomi	61.73986	29.54277		COMMUNITY_VERIFIED	iNaturalist Suomi Finland
herkkutatti (fi) — Boletus edulis	herkkutatti (fi)		2020-07-28	Petäjävesi	Pohjois-Häme (PH)	Suomi	62.33667	25.37024		NEUTRAL	iNaturalist Suomi Finland
herkkutatti (fi) — Boletus edulis	herkkutatti (fi)		2020-07-28	Petäjävesi	Pohjois-Häme (PH)	Suomi	62.33433	25.37447		COMMUNITY_VERIFIED	iNaturalist Suomi Finland
herkkutatti (fi) — Boletus edulis	herkkutatti (fi)		2020-07-28	Merikarvia	Satakunta (St)	Suomi	61.8493	21.5403		COMMUNITY_VERIFIED	iNaturalist Suomi Finland
herkkutatti (fi) — Boletus edulis	herkkutatti (fi)		2020-07-28	Nurmijärvi	Uusimaa (U)	Suomi	60.37204	24.77343		COMMUNITY_VERIFIED	iNaturalist Suomi Finland
herkkutatti (fi) — Boletus edulis	herkkutatti (fi)		2020-07-28	Hämeenlinna	Etelä-Häme (EH)	Suomi	61.0692	24.11168		COMMUNITY_VERIFIED	iNaturalist Suomi Finland
herkkutatti (fi) — Boletus edulis	herkkutatti (fi)		2020-07-28	Inkoo	Uusimaa (U)	Suomi	60.04587	24.00458		COMMUNITY_VERIFIED	iNaturalist Suomi Finland
herkkutatti (fi) — Boletus edulis	herkkutatti (fi)		2020-07-27 - 2020-07-30	Vihti	Varsinais-Suomi (V)	Suomi	60.530381	24.557633	Sure	NEUTRAL	The Atlas of Finnish Fungi
herkkutatti (fi) — Boletus edulis	herkkutatti (fi)		2020-07-27	Hämeenlinna	Etelä-Häme (EH)	Suomi	60.83403	24.4172		COMMUNITY_VERIFIED	iNaturalist Suomi Finland
herkkutatti (fi) — Boletus edulis	herkkutatti (fi)		2020-07-27	Helsinki	Uusimaa (U)	Suomi	60.18164	24.98906		COMMUNITY_VERIFIED	iNaturalist Suomi Finland
herkkutatti (fi) — Boletus edulis	herkkutatti (fi)		2020-07-27	Kitee	Pohjois-Karjala (PK)	Suomi	62.16329	29.77257		COMMUNITY_VERIFIED	iNaturalist Suomi Finland
herkkutatti (fi) — Boletus edulis	herkkutatti (fi)		2020-07-26	Lieto	Varsinais-Suomi (V)	Suomi	60.54839	22.3851		COMMUNITY_VERIFIED	iNaturalist Suomi Finland
herkkutatti (fi) — Boletus edulis	herkkutatti (fi)		2020-07-26	Kouvola, Mäntyharju	Etelä-Savo (ES)	Suomi	61.1	26.9		COMMUNITY_VERIFIED	iNaturalist Suomi Finland
herkkutatti (fi) — Boletus edulis	herkkutatti (fi)		2020-07-26	Tampere	Etelä-Häme (EH)	Suomi	61.44007	23.82837		COMMUNITY_VERIFIED	iNaturalist Suomi Finland
herkkutatti (fi) — Boletus edulis	herkkutatti (fi)		2020-07-26	Mikkeli	Etelä-Savo (ES)	Suomi	61.47046	27.34927		COMMUNITY_VERIFIED	iNaturalist Suomi Finland
herkkutatti (fi) — Boletus edulis	herkkutatti (fi)		2020-07-26	Mikkeli	Etelä-Savo (ES)	Suomi	61.47326	27.34089		COMMUNITY_VERIFIED	iNaturalist Suomi Finland
herkkutatti (fi) — Boletus edulis	herkkutatti (fi)		2020-07-26	Jokioinen	Etelä-Häme (EH)	Suomi	60.808046	23.482787	Sure	NEUTRAL	The Atlas of Finnish Fungi
herkkutatti (fi) — Boletus edulis	herkkutatti (fi)		2020-07-26	Vantaa	Uusimaa (U)	Suomi	60.35198	25.06873		COMMUNITY_VERIFIED	iNaturalist Suomi Finland
herkkutatti (fi) — Boletus edulis	herkkutatti (fi)		2020-07-26	Hollola	Etelä-Häme (EH)	Suomi	60.98545	25.50037		COMMUNITY_VERIFIED	iNaturalist Suomi Finland
herkkutatti (fi) — Boletus edulis	herkkutatti (fi)		2020-07-26	Haapajärvi	Keski-Pohjanmaa (KP)	Suomi	63.73895	25.35329		COMMUNITY_VERIFIED	iNaturalist Suomi Finland
herkkutatti (fi) — Boletus edulis	herkkutatti (fi)		2020-07-26	Vantaa	Uusimaa (U)	Suomi	60.32052	25.05401		COMMUNITY_VERIFIED	iNaturalist Suomi Finland
herkkutatti (fi) — Boletus edulis	herkkutatti (fi)		2020-07-26	Tampere	Etelä-Häme (EH)	Suomi	61.44286	23.83788		COMMUNITY_VERIFIED	iNaturalist Suomi Finland
herkkutatti (fi) — Boletus edulis	herkkutatti (fi)		2020-07-26	Siuntio	Uusimaa (U)	Suomi	60.23708	24.24438		COMMUNITY_VERIFIED	iNaturalist Suomi Finland
herkkutatti (fi) — Boletus edulis	herkkutatti (fi)		2020-07-26	Laukaa	Pohjois-Häme (PH)	Suomi	62.22958	26.2673		COMMUNITY_VERIFIED	iNaturalist Suomi Finland
herkkutatti (fi) — Boletus edulis	herkkutatti (fi)		2020-07-25	Hämeenlinna	Etelä-Häme (EH)	Suomi	61.10345	24.7853		COMMUNITY_VERIFIED	iNaturalist Suomi Finland
herkkutatti (fi) — Boletus edulis	herkkutatti (fi)	1	2020-07-25	Kalajoki	Keski-Pohjanmaa (KP)	Suomi	64.059945	23.645192	Sure	NEUTRAL	The Atlas of Finnish Fungi
herkkutatti (fi) — Boletus edulis	herkkutatti (fi)	1	2020-07-25	Rovaniemi	Perä-Pohjanmaa (PeP)	Suomi	66.650062	25.773796	Sure	NEUTRAL	The Atlas of Finnish Fungi
herkkutatti (fi) — Boletus edulis	herkkutatti (fi)		2020-07-25	Tervola	Perä-Pohjanmaa (PeP)	Suomi	66.094032	25.265053	Sure	NEUTRAL	The Atlas of Finnish Fungi
herkkutatti (fi) — Boletus edulis	herkkutatti (fi)		2020-07-25	Rovaniemi	Perä-Pohjanmaa (PeP)	Suomi	66.58336	25.67406	Sure	NEUTRAL	The Atlas of Finnish Fungi
herkkutatti (fi) — Boletus edulis	herkkutatti (fi)		2020-07-25	Kaarina	Varsinais-Suomi (V)	Suomi	60.42768	22.3663		COMMUNITY_VERIFIED	iNaturalist Suomi Finland
herkkutatti (fi) — Boletus edulis	herkkutatti (fi)		2020-07-25	Lohja	Varsinais-Suomi (V)	Suomi	60.19518	23.67445		COMMUNITY_VERIFIED	iNaturalist Suomi Finland
herkkutatti (fi) — Boletus edulis	herkkutatti (fi)		2020-07-25	Nurmijärvi	Uusimaa (U)	Suomi	60.38954	24.75803		COMMUNITY_VERIFIED	iNaturalist Suomi Finland
herkkutatti (fi) — Boletus edulis	herkkutatti (fi)	Satoja	2020-07-24	Pudasjärvi	Oulun Pohjanmaa (OP)	Suomi	65.609688	27.562641	Sure	NEUTRAL	The Atlas of Finnish Fungi
herkkutatti (fi) — Boletus edulis	herkkutatti (fi)		2020-07-24	Lempäälä	Etelä-Häme (EH)	Suomi	61.37888	23.80228		COMMUNITY_VERIFIED	iNaturalist Suomi Finland
herkkutatti (fi) — Boletus edulis	herkkutatti (fi)		2020-07-24	Hamina	Etelä-Karjala (EK)	Suomi	60.76557	27.3759		NEUTRAL	iNaturalist Suomi Finland
herkkutatti (fi) — Boletus edulis	herkkutatti (fi)		2020-07-24	Oulu	Oulun Pohjanmaa (OP)	Suomi	65.47921	25.96691		COMMUNITY_VERIFIED	iNaturalist Suomi Finland
herkkutatti (fi) — Boletus edulis	herkkutatti (fi)		2020-07-24	Jyväskylä	Etelä-Häme (EH)	Suomi	61.95016	25.66068		COMMUNITY_VERIFIED	iNaturalist Suomi Finland
herkkutatti (fi) — Boletus edulis	herkkutatti (fi)		2020-07-23	Lapinjärvi, Loviisa, Myrskylä, Orimattila	Uusimaa (U)	Suomi	60.7	26.1		COMMUNITY_VERIFIED	iNaturalist Suomi Finland
herkkutatti (fi) — Boletus edulis	herkkutatti (fi)		2020-07-23	Rovaniemi	Perä-Pohjanmaa (PeP)	Suomi	66.505753	25.728119	Sure	NEUTRAL	The Atlas of Finnish Fungi
herkkutatti (fi) — Boletus edulis	herkkutatti (fi)	2	2020-07-23	Rovaniemi	Perä-Pohjanmaa (PeP)	Suomi	66.498156	25.745408	Sure	NEUTRAL	The Atlas of Finnish Fungi
herkkutatti (fi) — Boletus edulis	herkkutatti (fi)		2020-07-23	Kustavi	Varsinais-Suomi (V)	Suomi	60.507939	21.211813	Sure	NEUTRAL	The Atlas of Finnish Fungi
herkkutatti (fi) — Boletus edulis	herkkutatti (fi)		2020-07-23	Lieksa	Pohjois-Karjala (PK)	Suomi	63.07034	29.82575		COMMUNITY_VERIFIED	iNaturalist Suomi Finland
herkkutatti (fi) — Boletus edulis	herkkutatti (fi)		2020-07-23	Savonlinna	Etelä-Savo (ES)	Suomi	62.015	28.99222		COMMUNITY_VERIFIED	iNaturalist Suomi Finland
herkkutatti (fi) — Boletus edulis	herkkutatti (fi)		2020-07-23	Espoo	Uusimaa (U)	Suomi	60.32692	24.69322		COMMUNITY_VERIFIED	iNaturalist Suomi Finland
herkkutatti (fi) — Boletus edulis	herkkutatti (fi)		2020-07-23	Sastamala	Satakunta (St)	Suomi	61.39708	22.61821		COMMUNITY_VERIFIED	iNaturalist Suomi Finland
herkkutatti (fi) — Boletus edulis	herkkutatti (fi)		2020-07-23	Lahti	Etelä-Häme (EH)	Suomi	60.99859	25.55099		COMMUNITY_VERIFIED	iNaturalist Suomi Finland
herkkutatti (fi) — Boletus edulis	herkkutatti (fi)		2020-07-23	Vesanto	Pohjois-Häme (PH)	Suomi	62.89411	26.34752		COMMUNITY_VERIFIED	iNaturalist Suomi Finland
herkkutatti (fi) — Boletus edulis	herkkutatti (fi)	useita	2020-07-22	Lappeenranta	Etelä-Savo (ES)	Suomi	61.098715	28.245016	Sure	NEUTRAL	The Atlas of Finnish Fungi
herkkutatti (fi) — Boletus edulis	herkkutatti (fi)		2020-07-22	Mikkeli	Etelä-Savo (ES)	Suomi	61.48209	27.4892		COMMUNITY_VERIFIED	iNaturalist Suomi Finland
herkkutatti (fi) — Boletus edulis	herkkutatti (fi)	runsaana	2020-07-22	Tuusula	Uusimaa (U)	Suomi	60.448374	24.980731	Sure	NEUTRAL	The Atlas of Finnish Fungi
herkkutatti (fi) — Boletus edulis	herkkutatti (fi)		2020-07-22	Vihti	Varsinais-Suomi (V)	Suomi	60.33108	24.46225		COMMUNITY_VERIFIED	iNaturalist Suomi Finland
herkkutatti (fi) — Boletus edulis	herkkutatti (fi)		2020-07-22	Lahti	Etelä-Häme (EH)	Suomi	60.98267	25.66121		COMMUNITY_VERIFIED	iNaturalist Suomi Finland
herkkutatti (fi) — Boletus edulis	herkkutatti (fi)		2020-07-22	Hanko	Uusimaa (U)	Suomi	59.84466	23.11907		NEUTRAL	iNaturalist Suomi Finland
herkkutatti (fi) — Boletus edulis	herkkutatti (fi)		2020-07-21	Suonenjoki	Pohjois-Savo (PS)	Suomi	62.65194	27.07504		NEUTRAL	iNaturalist Suomi Finland
herkkutatti (fi) — Boletus edulis	herkkutatti (fi)		2020-07-21	Lemi	Etelä-Savo (ES)	Suomi	61.13027	27.90602		COMMUNITY_VERIFIED	iNaturalist Suomi Finland
herkkutatti (fi) — Boletus edulis	herkkutatti (fi)		2020-07-21	Rääkkylä	Pohjois-Karjala (PK)	Suomi	62.30826	29.70254		COMMUNITY_VERIFIED	iNaturalist Suomi Finland
herkkutatti (fi) — Boletus edulis	herkkutatti (fi)		2020-07-21	Hämeenlinna	Etelä-Häme (EH)	Suomi	61.25931	24.82467		COMMUNITY_VERIFIED	iNaturalist Suomi Finland
herkkutatti (fi) — Boletus edulis	herkkutatti (fi)		2020-07-21	Suonenjoki	Pohjois-Savo (PS)	Suomi	62.65199	27.06944		COMMUNITY_VERIFIED	iNaturalist Suomi Finland
herkkutatti (fi) — Boletus edulis	herkkutatti (fi)		2020-07-21	Tampere	Etelä-Häme (EH)	Suomi	61.5203	23.87752		COMMUNITY_VERIFIED	iNaturalist Suomi Finland
herkkutatti (fi) — Boletus edulis	herkkutatti (fi)		2020-07-21	Kaarina	Varsinais-Suomi (V)	Suomi	60.40309	22.52815		COMMUNITY_VERIFIED	iNaturalist Suomi Finland
herkkutatti (fi) — Boletus edulis	herkkutatti (fi)		2020-07-21	Tammela	Etelä-Häme (EH)	Suomi	60.77076	23.87066		COMMUNITY_VERIFIED	iNaturalist Suomi Finland
herkkutatti (fi) — Boletus edulis	herkkutatti (fi)		2020-07-20	Juva, Mikkeli, Pieksämäki	Etelä-Savo (ES), Pohjois-Savo (PS)	Suomi	62.1	27.3		COMMUNITY_VERIFIED	iNaturalist Suomi Finland
herkkutatti (fi) — Boletus edulis	herkkutatti (fi)		2020-07-20	Suonenjoki	Pohjois-Savo (PS)	Suomi	62.65202	27.06929		COMMUNITY_VERIFIED	iNaturalist Suomi Finland
herkkutatti (fi) — Boletus edulis	herkkutatti (fi)		2020-07-20	Hirvensalmi, Kangasniemi	Etelä-Savo (ES)	Suomi	61.9	26.7		COMMUNITY_VERIFIED	iNaturalist Suomi Finland
herkkutatti (fi) — Boletus edulis	herkkutatti (fi)		2020-07-20	Alavus, Seinäjoki	Etelä-Pohjanmaa (EP)	Suomi	62.7	23.1		COMMUNITY_VERIFIED	iNaturalist Suomi Finland
herkkutatti (fi) — Boletus edulis	herkkutatti (fi)	Muutamia	2020-07-20	Toivakka	Pohjois-Häme (PH)	Suomi	62.04334	26.144583	Sure	NEUTRAL	The Atlas of Finnish Fungi
herkkutatti (fi) — Boletus edulis	herkkutatti (fi)		2020-07-20	Nokia	Etelä-Häme (EH)	Suomi	61.46591	23.53069		COMMUNITY_VERIFIED	iNaturalist Suomi Finland
herkkutatti (fi) — Boletus edulis	herkkutatti (fi)		2020-07-20	Suonenjoki	Pohjois-Savo (PS)	Suomi	62.65197	27.0693		COMMUNITY_VERIFIED	iNaturalist Suomi Finland
herkkutatti (fi) — Boletus edulis	herkkutatti (fi)		2020-07-20	Suonenjoki	Pohjois-Savo (PS)	Suomi	62.65196	27.06922		COMMUNITY_VERIFIED	iNaturalist Suomi Finland
herkkutatti (fi) — Boletus edulis	herkkutatti (fi)		2020-07-20	Keminmaa	Perä-Pohjanmaa (PeP)	Suomi	65.903	24.70244		COMMUNITY_VERIFIED	iNaturalist Suomi Finland
herkkutatti (fi) — Boletus edulis	herkkutatti (fi)		2020-07-20	Hirvensalmi	Etelä-Savo (ES)	Suomi	61.80163	26.82213		COMMUNITY_VERIFIED	iNaturalist Suomi Finland
herkkutatti (fi) — Boletus edulis	herkkutatti (fi)		2020-07-20	Kotka	Etelä-Karjala (EK)	Suomi	60.52541	26.84818		COMMUNITY_VERIFIED	iNaturalist Suomi Finland
herkkutatti (fi) — Boletus edulis	herkkutatti (fi)		2020-07-20	Loviisa	Uusimaa (U)	Suomi	60.35771	25.92964		NEUTRAL	iNaturalist Suomi Finland
herkkutatti (fi) — Boletus edulis	herkkutatti (fi)		2020-07-20	Helsinki	Uusimaa (U)	Suomi	60.22169	24.91881		COMMUNITY_VERIFIED	iNaturalist Suomi Finland
herkkutatti (fi) — Boletus edulis	herkkutatti (fi)		2020-07-20	Espoo	Uusimaa (U)	Suomi	60.20549	24.6559		COMMUNITY_VERIFIED	iNaturalist Suomi Finland
herkkutatti (fi) — Boletus edulis	herkkutatti (fi)		2020-07-19	Raasepori	Varsinais-Suomi (V)	Suomi	60.07832	23.02025		COMMUNITY_VERIFIED	iNaturalist Suomi Finland
herkkutatti (fi) — Boletus edulis	herkkutatti (fi)		2020-07-19	Rantasalmi	Etelä-Savo (ES)	Suomi	61.98113	28.2905		COMMUNITY_VERIFIED	iNaturalist Suomi Finland
herkkutatti (fi) — Boletus edulis	herkkutatti (fi)		2020-07-19	Kajaani	Kainuu (Kn)	Suomi	64.260042	27.645938	Sure	NEUTRAL	The Atlas of Finnish Fungi
herkkutatti (fi) — Boletus edulis	herkkutatti (fi)		2020-07-19	Kirkkonummi	Uusimaa (U)	Suomi	60.02276	24.42286		COMMUNITY_VERIFIED	iNaturalist Suomi Finland
herkkutatti (fi) — Boletus edulis	herkkutatti (fi)		2020-07-19	Kirkkonummi	Uusimaa (U)	Suomi	60.02359	24.41879		COMMUNITY_VERIFIED	iNaturalist Suomi Finland
herkkutatti (fi) — Boletus edulis	herkkutatti (fi)		2020-07-19	Tammela	Etelä-Häme (EH)	Suomi	60.67189	23.73154		COMMUNITY_VERIFIED	iNaturalist Suomi Finland
herkkutatti (fi) — Boletus edulis	herkkutatti (fi)		2020-07-19	Mäntsälä	Uusimaa (U)	Suomi	60.61344	25.2208		COMMUNITY_VERIFIED	iNaturalist Suomi Finland
herkkutatti (fi) — Boletus edulis	herkkutatti (fi)		2020-07-18	Kuopio	Pohjois-Savo (PS)	Suomi	62.96125	27.73917		NEUTRAL	iNaturalist Suomi Finland
herkkutatti (fi) — Boletus edulis	herkkutatti (fi)		2020-07-18	Masku, Mynämäki, Naantali	Varsinais-Suomi (V)	Suomi	60.5	21.9		COMMUNITY_VERIFIED	iNaturalist Suomi Finland
herkkutatti (fi) — Boletus edulis	herkkutatti (fi)		2020-07-18	Kuopio, Siilinjärvi	Pohjois-Savo (PS)	Suomi	62.9	27.5		COMMUNITY_VERIFIED	iNaturalist Suomi Finland
herkkutatti (fi) — Boletus edulis	herkkutatti (fi)		2020-07-18	Juva, Mikkeli, Puumala	Etelä-Savo (ES)	Suomi	61.5	27.9		COMMUNITY_VERIFIED	iNaturalist Suomi Finland
herkkutatti (fi) — Boletus edulis	herkkutatti (fi)		2020-07-18	Savonlinna	Etelä-Savo (ES)	Suomi	61.85351	28.95187		COMMUNITY_VERIFIED	iNaturalist Suomi Finland
herkkutatti (fi) — Boletus edulis	herkkutatti (fi)		2020-07-18	Kauhava	Keski-Pohjanmaa (KP)	Suomi	63.138304	23.139927	Sure	NEUTRAL	The Atlas of Finnish Fungi
herkkutatti (fi) — Boletus edulis	herkkutatti (fi)	Todella runsaasti	2020-07-18	Hankasalmi	Pohjois-Häme (PH)	Suomi	62.318533	26.347698	Sure	NEUTRAL	The Atlas of Finnish Fungi
herkkutatti (fi) — Boletus edulis	herkkutatti (fi)		2020-07-18	Vieremä	Pohjois-Savo (PS)	Suomi	63.64937	27.15525		COMMUNITY_VERIFIED	iNaturalist Suomi Finland
herkkutatti (fi) — Boletus edulis	herkkutatti (fi)		2020-07-18	Vaala	Kainuu (Kn)	Suomi	64.52144	26.77336		COMMUNITY_VERIFIED	iNaturalist Suomi Finland
herkkutatti (fi) — Boletus edulis	herkkutatti (fi)		2020-07-18	Vaala	Kainuu (Kn)	Suomi	64.53221	26.71724		COMMUNITY_VERIFIED	iNaturalist Suomi Finland
herkkutatti (fi) — Boletus edulis	herkkutatti (fi)		2020-07-18	Vantaa	Uusimaa (U)	Suomi	60.34458	25.0517		COMMUNITY_VERIFIED	iNaturalist Suomi Finland
herkkutatti (fi) — Boletus edulis	herkkutatti (fi)		2020-07-18	Hollola	Etelä-Häme (EH)	Suomi	60.98828	25.50172		COMMUNITY_VERIFIED	iNaturalist Suomi Finland
herkkutatti (fi) — Boletus edulis	herkkutatti (fi)		2020-07-18	Sysmä	Etelä-Häme (EH)	Suomi	61.63928	25.63846		COMMUNITY_VERIFIED	iNaturalist Suomi Finland
herkkutatti (fi) — Boletus edulis	herkkutatti (fi)		2020-07-17	Tuusula	Uusimaa (U)	Suomi	60.47088	25.01584		COMMUNITY_VERIFIED	iNaturalist Suomi Finland
herkkutatti (fi) — Boletus edulis	herkkutatti (fi)	1	2020-07-17	Hausjärvi	Etelä-Häme (EH)	Suomi	60.723129	24.848901	Sure	NEUTRAL	The Atlas of Finnish Fungi
herkkutatti (fi) — Boletus edulis	herkkutatti (fi)		2020-07-17	Helsinki	Uusimaa (U)	Suomi	60.206698	25.172193	Sure	NEUTRAL	The Atlas of Finnish Fungi
herkkutatti (fi) — Boletus edulis	herkkutatti (fi)		2020-07-17	Porvoo	Uusimaa (U)	Suomi	60.383055	25.68346	Sure	NEUTRAL	The Atlas of Finnish Fungi
herkkutatti (fi) — Boletus edulis	herkkutatti (fi)		2020-07-17	Helsinki	Uusimaa (U)	Suomi	60.21136	24.90728		COMMUNITY_VERIFIED	iNaturalist Suomi Finland
herkkutatti (fi) — Boletus edulis	herkkutatti (fi)		2020-07-17	Helsinki	Uusimaa (U)	Suomi	60.21134	24.90689		COMMUNITY_VERIFIED	iNaturalist Suomi Finland
herkkutatti (fi) — Boletus edulis	herkkutatti (fi)		2020-07-17	Rääkkylä	Pohjois-Karjala (PK)	Suomi	62.30833	29.69962		COMMUNITY_VERIFIED	iNaturalist Suomi Finland
herkkutatti (fi) — Boletus edulis	herkkutatti (fi)		2020-07-17	Salo	Varsinais-Suomi (V)	Suomi	60.2086	22.96142		COMMUNITY_VERIFIED	iNaturalist Suomi Finland
herkkutatti (fi) — Boletus edulis	herkkutatti (fi)		2020-07-16	Virolahti	Etelä-Karjala (EK)	Suomi	60.47924	27.47363		COMMUNITY_VERIFIED	iNaturalist Suomi Finland
herkkutatti (fi) — Boletus edulis	herkkutatti (fi)		2020-07-16	Sysmä	Etelä-Häme (EH)	Suomi	61.67	25.68789		NEUTRAL	iNaturalist Suomi Finland
herkkutatti (fi) — Boletus edulis	herkkutatti (fi)		2020-07-16	Sysmä	Etelä-Häme (EH)	Suomi	61.66782	25.52887		COMMUNITY_VERIFIED	iNaturalist Suomi Finland
herkkutatti (fi) — Boletus edulis	herkkutatti (fi)		2020-07-15	Hämeenkyrö	Satakunta (St)	Suomi	61.662724	23.469452	Sure	NEUTRAL	The Atlas of Finnish Fungi
herkkutatti (fi) — Boletus edulis	herkkutatti (fi)		2020-07-15	Karkkila	Varsinais-Suomi (V)	Suomi	60.5396	24.25786		COMMUNITY_VERIFIED	iNaturalist Suomi Finland
herkkutatti (fi) — Boletus edulis	herkkutatti (fi)	1	2020-07-14	Asikkala	Etelä-Häme (EH)	Suomi	61.232029	25.635304	Sure	NEUTRAL	The Atlas of Finnish Fungi
herkkutatti (fi) — Boletus edulis	herkkutatti (fi)		2020-07-12	Hankasalmi	Pohjois-Häme (PH)	Suomi	62.318695	26.35392	Sure	NEUTRAL	The Atlas of Finnish Fungi
herkkutatti (fi) — Boletus edulis	herkkutatti (fi)	6	2020-07-12	Kirkkonummi	Uusimaa (U)	Suomi	60.115656	24.544207		NEUTRAL	Löydös Open Finnish Observation Database
herkkutatti (fi) — Boletus edulis	herkkutatti (fi)		2020-07-12	Helsinki	Uusimaa (U)	Suomi	60.21118	24.90734		COMMUNITY_VERIFIED	iNaturalist Suomi Finland
herkkutatti (fi) — Boletus edulis	herkkutatti (fi)		2020-07-12	Helsinki	Uusimaa (U)	Suomi	60.21123	24.90739		COMMUNITY_VERIFIED	iNaturalist Suomi Finland
herkkutatti (fi) — Boletus edulis	herkkutatti (fi)		2020-07-11 - 2020-08-12	Tampere	Etelä-Häme (EH)	Suomi	61.462	23.811	Sure	NEUTRAL	The Atlas of Finnish Fungi
herkkutatti (fi) — Boletus edulis	herkkutatti (fi)		2020-07-10	Hankasalmi	Pohjois-Häme (PH)	Suomi	62.503	26.39437		COMMUNITY_VERIFIED	iNaturalist Suomi Finland
herkkutatti (fi) — Boletus edulis	herkkutatti (fi)	1	2020-07-09	Kangasniemi	Etelä-Savo (ES)	Suomi	61.958902	26.676664	Sure	NEUTRAL	The Atlas of Finnish Fungi
herkkutatti (fi) — Boletus edulis	herkkutatti (fi)	5	2020-07-09	Vihti	Varsinais-Suomi (V)	Suomi	60.415996	24.387556		NEUTRAL	Löydös Open Finnish Observation Database
herkkutatti (fi) — Boletus edulis	herkkutatti (fi)		2020-07-07	Helsinki	Uusimaa (U)	Suomi	60.21629	24.88796		NEUTRAL	iNaturalist Suomi Finland
herkkutatti (fi) — Boletus edulis	herkkutatti (fi)		2020-07-07	Joensuu	Pohjois-Karjala (PK)	Suomi	62.41742	30.01431		COMMUNITY_VERIFIED	iNaturalist Suomi Finland
herkkutatti (fi) — Boletus edulis	herkkutatti (fi)		2020-07-04	Vesanto	Pohjois-Häme (PH)	Suomi	62.81583	26.30194		COMMUNITY_VERIFIED	iNaturalist Suomi Finland
herkkutatti (fi) — Boletus edulis	herkkutatti (fi)		2020-06-29	Porvoo	Uusimaa (U)	Suomi	60.343202	25.683784		NEUTRAL	Agaricales Fennoscandiae orientalis
herkkutatti (fi) — Boletus edulis	herkkutatti (fi)		2020-06-22	Lahti	Etelä-Häme (EH)	Suomi	60.93385	25.98401		COMMUNITY_VERIFIED	iNaturalist Suomi Finland
herkkutatti (fi) — Boletus edulis	herkkutatti (fi)	1	2019-10-11	Jyväskylä	Pohjois-Häme (PH)	Suomi	62.187711	25.730131	Sure	NEUTRAL	The Atlas of Finnish Fungi
herkkutatti (fi) — Boletus edulis	herkkutatti (fi)		2019-10-11	Sysmä	Etelä-Häme (EH)	Suomi	61.483359	25.586778	Sure	NEUTRAL	The Atlas of Finnish Fungi
herkkutatti (fi) — Boletus edulis	herkkutatti (fi)		2019-10-11	Laitila	Varsinais-Suomi (V)	Suomi	60.921216	21.62557		NEUTRAL	LajiGIS: Species mapping and surveys
herkkutatti (fi) — Boletus edulis	herkkutatti (fi)		2019-10-10	Sysmä	Etelä-Häme (EH)	Suomi	61.42379	25.705909	Sure	NEUTRAL	The Atlas of Finnish Fungi
herkkutatti (fi) — Boletus edulis	herkkutatti (fi)		2019-10-10	Hämeenkyrö	Satakunta (St)	Suomi	61.62312	23.06992		COMMUNITY_VERIFIED	iNaturalist Suomi Finland
herkkutatti (fi) — Boletus edulis	herkkutatti (fi)	1	2019-10-09 [15:00-18:00]	Jyväskylä	Pohjois-Häme (PH)	Suomi	62.186281	25.878745	Sure	NEUTRAL	The Atlas of Finnish Fungi
herkkutatti (fi) — Boletus edulis	herkkutatti (fi)		2019-10-09	Parainen	Varsinais-Suomi (V)	Suomi	60.283879	21.319021		NEUTRAL	LajiGIS: Species mapping and surveys
herkkutatti (fi) — Boletus edulis	herkkutatti (fi)		2019-10-05	Helsinki	Uusimaa (U)	Suomi	60.159634	25.082903	Sure	EXPERT_VERIFIED	The Atlas of Finnish Fungi
herkkutatti (fi) — Boletus edulis	herkkutatti (fi)		2019-10-05	Lahti	Etelä-Häme (EH)	Suomi	60.975072	25.752581	Sure	NEUTRAL	Notebook, general observations
herkkutatti (fi) — Boletus edulis	herkkutatti (fi)	2	2019-10-02	Juupajoki, Orivesi	Etelä-Häme (EH)	Suomi	61.688483	24.445903	Sure	NEUTRAL	The Atlas of Finnish Fungi
herkkutatti (fi) — Boletus edulis	herkkutatti (fi)		2019-10-02	Laitila	Varsinais-Suomi (V)	Suomi	60.878706	21.66023		NEUTRAL	LajiGIS: Species mapping and surveys
herkkutatti (fi) — Boletus edulis	herkkutatti (fi)		2019-10-02	Laitila	Varsinais-Suomi (V)	Suomi	60.876073	21.637275		NEUTRAL	LajiGIS: Species mapping and surveys
herkkutatti (fi) — Boletus edulis	herkkutatti (fi)		2019-09-29	Salo	Varsinais-Suomi (V)	Suomi	60.412128	22.91144	Sure	NEUTRAL	The Atlas of Finnish Fungi
herkkutatti (fi) — Boletus edulis	herkkutatti (fi)	20	2019-09-29	Kokkola	Keski-Pohjanmaa (KP)	Suomi	63.866964	23.08128	Sure	NEUTRAL	Notebook, general observations
herkkutatti (fi) — Boletus edulis	herkkutatti (fi)		2019-09-29	Espoo	Uusimaa (U)	Suomi	60.182486	24.661817	Sure	NEUTRAL	Notebook, general observations
herkkutatti (fi) — Boletus edulis	herkkutatti (fi)		2019-09-29	Laitila	Varsinais-Suomi (V)	Suomi	60.897047	21.681076		NEUTRAL	LajiGIS: Species mapping and surveys
herkkutatti (fi) — Boletus edulis	herkkutatti (fi)		2019-09-28	Pori	Satakunta (St)	Suomi	61.551097	21.69528	Sure	NEUTRAL	The Atlas of Finnish Fungi
herkkutatti (fi) — Boletus edulis	herkkutatti (fi)		2019-09-28	Espoo	Uusimaa (U)	Suomi	60.31989	24.6054		COMMUNITY_VERIFIED	iNaturalist Suomi Finland
herkkutatti (fi) — Boletus edulis	herkkutatti (fi)	1	2019-09-27	Pori	Satakunta (St)	Suomi	61.569158	21.490893	Sure	NEUTRAL	The Atlas of Finnish Fungi
herkkutatti (fi) — Boletus edulis	herkkutatti (fi)		2019-09-27	Pori	Satakunta (St)	Suomi	61.565664	21.5307	Sure	NEUTRAL	The Atlas of Finnish Fungi
herkkutatti (fi) — Boletus edulis	herkkutatti (fi)	muutama	2019-09-27	Pori	Satakunta (St)	Suomi	61.565664	21.52961	Sure	NEUTRAL	The Atlas of Finnish Fungi
herkkutatti (fi) — Boletus edulis	herkkutatti (fi)		2019-09-26	Vihti	Varsinais-Suomi (V)	Suomi	60.42799	24.48818		COMMUNITY_VERIFIED	iNaturalist Suomi Finland
herkkutatti (fi) — Boletus edulis	herkkutatti (fi)		2019-09-26	Lohja	Varsinais-Suomi (V)	Suomi	60.261112	23.829801		NEUTRAL	LajiGIS: Species mapping and surveys
herkkutatti (fi) — Boletus edulis	herkkutatti (fi)	muutama	2019-09-25	Turku	Varsinais-Suomi (V)	Suomi	60.415501	22.175885	Sure	NEUTRAL	Notebook, general observations
herkkutatti (fi) — Boletus edulis	herkkutatti (fi)	Muutama	2019-09-24	Mikkeli	Etelä-Savo (ES)	Suomi	61.486034	27.25355	Sure	NEUTRAL	The Atlas of Finnish Fungi
herkkutatti (fi) — Boletus edulis	herkkutatti (fi)		2019-09-24	Mikkeli	Etelä-Savo (ES)	Suomi	61.40768	27.326627	Sure	NEUTRAL	The Atlas of Finnish Fungi
herkkutatti (fi) — Boletus edulis	herkkutatti (fi)		2019-09-24	Mikkeli	Etelä-Savo (ES)	Suomi	61.40699	27.32814	Sure	NEUTRAL	The Atlas of Finnish Fungi
herkkutatti (fi) — Boletus edulis	herkkutatti (fi)	1	2019-09-24	Jyväskylä	Pohjois-Häme (PH)	Suomi	62.256178	25.675846	Sure	NEUTRAL	Notebook, general observations
herkkutatti (fi) — Boletus edulis	herkkutatti (fi)	1	2019-09-23	Riihimäki	Etelä-Häme (EH)	Suomi	60.728013	24.740179	Sure	NEUTRAL	The Atlas of Finnish Fungi
herkkutatti (fi) — Boletus edulis	herkkutatti (fi)		2019-09-23	Loimaa	Satakunta (St)	Suomi	60.844271	23.026425	Sure	NEUTRAL	The Atlas of Finnish Fungi
herkkutatti (fi) — Boletus edulis	herkkutatti (fi)		2019-09-23	Loimaa	Satakunta (St)	Suomi	60.842149	23.02918	Sure	NEUTRAL	The Atlas of Finnish Fungi
herkkutatti (fi) — Boletus edulis	herkkutatti (fi)	Alle 10	2019-09-23	Jyväskylä	Pohjois-Häme (PH)	Suomi	62.16876	25.862195	Sure	NEUTRAL	The Atlas of Finnish Fungi
herkkutatti (fi) — Boletus edulis	herkkutatti (fi)	1	2019-09-22	Ilmajoki	Etelä-Pohjanmaa (EP)	Suomi	62.7848	22.3805	Sure	NEUTRAL	The Atlas of Finnish Fungi
herkkutatti (fi) — Boletus edulis	herkkutatti (fi)	2	2019-09-22	Ilmajoki	Etelä-Pohjanmaa (EP)	Suomi	62.7858	22.3802	Sure	NEUTRAL	The Atlas of Finnish Fungi
herkkutatti (fi) — Boletus edulis	herkkutatti (fi)		2019-09-22	Sipoo	Uusimaa (U)	Suomi	60.316985	25.42825	Sure	NEUTRAL	The Atlas of Finnish Fungi
herkkutatti (fi) — Boletus edulis	herkkutatti (fi)		2019-09-22	Kokkola	Keski-Pohjanmaa (KP)	Suomi	63.87406	23.07896		COMMUNITY_VERIFIED	iNaturalist Suomi Finland
herkkutatti (fi) — Boletus edulis	herkkutatti (fi)		2019-09-21 - 2019-10-02	Kauniainen	Uusimaa (U)	Suomi	60.212966	24.682636	Sure	NEUTRAL	The Atlas of Finnish Fungi
herkkutatti (fi) — Boletus edulis	herkkutatti (fi)		2019-09-21	Ilmajoki	Etelä-Pohjanmaa (EP)	Suomi	62.725722	22.205179	Sure	NEUTRAL	The Atlas of Finnish Fungi
herkkutatti (fi) — Boletus edulis	herkkutatti (fi)	4	2019-09-21	Kurikka	Etelä-Pohjanmaa (EP)	Suomi	62.589887	22.414661	Subspecies unsure	NEUTRAL	The Atlas of Finnish Fungi
herkkutatti (fi) — Boletus edulis	herkkutatti (fi)	3	2019-09-20	Kurikka	Etelä-Pohjanmaa (EP)	Suomi	62.591539	22.414624	Sure	NEUTRAL	The Atlas of Finnish Fungi
herkkutatti (fi) — Boletus edulis	herkkutatti (fi)	1	2019-09-20	Jyväskylä	Pohjois-Häme (PH)	Suomi	62.253022	25.682648	Sure	NEUTRAL	Notebook, general observations
herkkutatti (fi) — Boletus edulis	herkkutatti (fi)		2019-09-20	Lohja	Varsinais-Suomi (V)	Suomi	60.205652	23.70159		NEUTRAL	LajiGIS: Species mapping and surveys
herkkutatti (fi) — Boletus edulis	herkkutatti (fi)		2019-09-19	Vantaa	Uusimaa (U)	Suomi	60.281734	25.165658	Sure	NEUTRAL	The Atlas of Finnish Fungi
herkkutatti (fi) — Boletus edulis	herkkutatti (fi)		2019-09-17	Loimaa	Satakunta (St)	Suomi	60.908973	23.144672	Sure	NEUTRAL	The Atlas of Finnish Fungi
herkkutatti (fi) — Boletus edulis	herkkutatti (fi)		2019-09-17	Espoo	Uusimaa (U)	Suomi	60.17983	24.66233		COMMUNITY_VERIFIED	iNaturalist Suomi Finland
herkkutatti (fi) — Boletus edulis	herkkutatti (fi)		2019-09-17	Lempäälä	Etelä-Häme (EH)	Suomi	61.40578	23.76604		COMMUNITY_VERIFIED	iNaturalist Suomi Finland
herkkutatti (fi) — Boletus edulis	herkkutatti (fi)	1	2019-09-15	Rovaniemi	Perä-Pohjanmaa (PeP)	Suomi	66.497343	25.750578	Sure	NEUTRAL	The Atlas of Finnish Fungi
herkkutatti (fi) — Boletus edulis	herkkutatti (fi)		2019-09-14	Kuopio	Pohjois-Savo (PS)	Suomi	62.904	27.602	Sure	NEUTRAL	The Atlas of Finnish Fungi
herkkutatti (fi) — Boletus edulis	herkkutatti (fi)	2	2019-09-14	Rovaniemi	Perä-Pohjanmaa (PeP)	Suomi	66.323086	26.294443	Sure	NEUTRAL	The Atlas of Finnish Fungi
herkkutatti (fi) — Boletus edulis	herkkutatti (fi)	10	2019-09-14	Petäjävesi	Pohjois-Häme (PH)	Suomi	62.420229	25.081331	Sure	NEUTRAL	The Atlas of Finnish Fungi
herkkutatti (fi) — Boletus edulis	herkkutatti (fi)		2019-09-14	Janakkala	Etelä-Häme (EH)	Suomi	60.829008	24.582976	Sure	NEUTRAL	Notebook, general observations
herkkutatti (fi) — Boletus edulis	herkkutatti (fi)		2019-09-14	Kirkkonummi	Uusimaa (U)	Suomi	60.25691	24.50414		COMMUNITY_VERIFIED	iNaturalist Suomi Finland
herkkutatti (fi) — Boletus edulis	herkkutatti (fi)	runsas	2019-09-13 [9:00-14:00]	Helsinki, Vantaa	Uusimaa (U)	Suomi	60.275456	25.161291	Sure	NEUTRAL	Notebook, general observations
herkkutatti (fi) — Boletus edulis	herkkutatti (fi)		2019-09-13	Helsinki	Uusimaa (U)	Suomi	60.2121	24.95906		COMMUNITY_VERIFIED	iNaturalist Suomi Finland
herkkutatti (fi) — Boletus edulis	herkkutatti (fi)		2019-09-12	Lohja	Varsinais-Suomi (V)	Suomi	60.241293	23.798119		NEUTRAL	LajiGIS: Species mapping and surveys
herkkutatti (fi) — Boletus edulis	herkkutatti (fi)		2019-09-11	Kirkkonummi	Uusimaa (U)	Suomi	60.27633	24.45188		COMMUNITY_VERIFIED	iNaturalist Suomi Finland
herkkutatti (fi) — Boletus edulis	herkkutatti (fi)		2019-09-11	Kirkkonummi	Uusimaa (U)	Suomi	60.2779	24.45051		COMMUNITY_VERIFIED	iNaturalist Suomi Finland
herkkutatti (fi) — Boletus edulis	herkkutatti (fi)	1	2019-09-11	Oulu	Oulun Pohjanmaa (OP)	Suomi	65.061792	25.589648		NEUTRAL	Notebook, general observations
herkkutatti (fi) — Boletus edulis	herkkutatti (fi)		2019-09-10	Pyhäjärvi	Keski-Pohjanmaa (KP)	Suomi	63.77873	26.06583	Sure	NEUTRAL	The Atlas of Finnish Fungi
herkkutatti (fi) — Boletus edulis	herkkutatti (fi)	10	2019-09-09 [10:30-12:30]	Kokkola	Keski-Pohjanmaa (KP)	Suomi	64.026345	23.394466	Sure	NEUTRAL	The Atlas of Finnish Fungi
herkkutatti (fi) — Boletus edulis	herkkutatti (fi)	1	2019-09-08	Kuhmo	Kainuu (Kn)	Suomi	64.264141	29.048544	Sure	NEUTRAL	Notebook, general observations
herkkutatti (fi) — Boletus edulis	herkkutatti (fi)		2019-09-08	Mäntsälä	Uusimaa (U)	Suomi	60.605579	25.250571	Sure	NEUTRAL	Notebook, general observations
herkkutatti (fi) — Boletus edulis	herkkutatti (fi)		2019-09-06 - 2019-09-08	Pieksämäki	Pohjois-Savo (PS)	Suomi	62.249853	27.47778	Sure	NEUTRAL	Notebook, general observations
herkkutatti (fi) — Boletus edulis	herkkutatti (fi)	yksittäisiä	2019-09-06	Hämeenkyrö	Satakunta (St)	Suomi	61.64787	23.170945	Sure	NEUTRAL	The Atlas of Finnish Fungi
herkkutatti (fi) — Boletus edulis	herkkutatti (fi)	3	2019-09-06	Oulu	Oulun Pohjanmaa (OP)	Suomi	65.000138	25.498815	Sure	NEUTRAL	The Atlas of Finnish Fungi
herkkutatti (fi) — Boletus edulis	herkkutatti (fi)		2019-09-06 - 2019-09-08	Asikkala	Etelä-Häme (EH)	Suomi	61.169428	25.868662	Sure	NEUTRAL	Notebook, general observations
herkkutatti (fi) — Boletus edulis	herkkutatti (fi)	10	2019-09-06	Mäntsälä	Uusimaa (U)	Suomi	60.625864	25.095259	Sure	NEUTRAL	The Atlas of Finnish Fungi
herkkutatti (fi) — Boletus edulis	herkkutatti (fi)		2019-09-05	Sipoo	Uusimaa (U)	Suomi	60.344817	25.215663	Sure	NEUTRAL	The Atlas of Finnish Fungi
herkkutatti (fi) — Boletus edulis	herkkutatti (fi)		2019-09-05	Lestijärvi	Keski-Pohjanmaa (KP)	Suomi	63.52748	24.66355		COMMUNITY_VERIFIED	iNaturalist Suomi Finland
herkkutatti (fi) — Boletus edulis	herkkutatti (fi)		2019-09-04	Helsinki	Uusimaa (U)	Suomi	60.210805	25.03211	Sure	NEUTRAL	Notebook, general observations
herkkutatti (fi) — Boletus edulis	herkkutatti (fi)	1	2019-09-04	Turku	Varsinais-Suomi (V)	Suomi	60.426763	22.206345	Sure	NEUTRAL	Notebook, general observations
herkkutatti (fi) — Boletus edulis	herkkutatti (fi)	4	2019-09-03	Oulu	Oulun Pohjanmaa (OP)	Suomi	64.996041	25.483941	Sure	NEUTRAL	The Atlas of Finnish Fungi
herkkutatti (fi) — Boletus edulis	herkkutatti (fi)	4	2019-09-03	Hämeenlinna, Padasjoki	Etelä-Häme (EH)	Suomi	61.249458	25.040691	Sure	NEUTRAL	The Atlas of Finnish Fungi
herkkutatti (fi) — Boletus edulis	herkkutatti (fi)		2019-09-02	Jyväskylä	Pohjois-Häme (PH)	Suomi	62.249625	25.723287	Sure	NEUTRAL	Notebook, general observations
herkkutatti (fi) — Boletus edulis	herkkutatti (fi)		2019-09-01	Humppila	Etelä-Häme (EH)	Suomi	60.928569	23.452798	Sure	NEUTRAL	The Atlas of Finnish Fungi
herkkutatti (fi) — Boletus edulis	herkkutatti (fi)		2019-09-01	Espoo	Uusimaa (U)	Suomi	60.187431	24.703209	Sure	NEUTRAL	The Atlas of Finnish Fungi
herkkutatti (fi) — Boletus edulis	herkkutatti (fi)	1	2019-09-01	Rovaniemi	Perä-Pohjanmaa (PeP)	Suomi	66.52998	25.56483	Sure	NEUTRAL	The Atlas of Finnish Fungi
herkkutatti (fi) — Boletus edulis	herkkutatti (fi)		2019-09-01	Rovaniemi	Perä-Pohjanmaa (PeP)	Suomi	66.491935	25.940122	Sure	NEUTRAL	The Atlas of Finnish Fungi
herkkutatti (fi) — Boletus edulis	herkkutatti (fi)	Useita	2019-09-01	Hämeenkyrö	Satakunta (St)	Suomi	61.661651	23.473176	Sure	NEUTRAL	The Atlas of Finnish Fungi
herkkutatti (fi) — Boletus edulis	herkkutatti (fi)		2019-09-01	Espoo	Uusimaa (U)	Suomi	60.317366	24.667769	Sure	NEUTRAL	Notebook, general observations
herkkutatti (fi) — Boletus edulis	herkkutatti (fi)	Kymmeniä	2019-08-31	Vantaa	Uusimaa (U)	Suomi	60.33919	25.03473	Sure	NEUTRAL	The Atlas of Finnish Fungi
herkkutatti (fi) — Boletus edulis	herkkutatti (fi)	muutamia	2019-08-31	Hämeenkyrö	Satakunta (St)	Suomi	61.609201	23.262411	Sure	NEUTRAL	The Atlas of Finnish Fungi
herkkutatti (fi) — Boletus edulis	herkkutatti (fi)	1	2019-08-31 [9:30]	Mikkeli	Pohjois-Savo (PS)	Suomi	62.071188	27.092385	Sure	NEUTRAL	The Atlas of Finnish Fungi
herkkutatti (fi) — Boletus edulis	herkkutatti (fi)	muutamia	2019-08-31	Ylöjärvi	Etelä-Häme (EH)	Suomi	61.561141	23.510213	Sure	NEUTRAL	The Atlas of Finnish Fungi
herkkutatti (fi) — Boletus edulis	herkkutatti (fi)	1	2019-08-31	Kalajoki, Kokkola	Keski-Pohjanmaa (KP)	Suomi	64.092905	23.503537	Sure	NEUTRAL	The Atlas of Finnish Fungi
herkkutatti (fi) — Boletus edulis	herkkutatti (fi)		2019-08-31	Helsinki	Uusimaa (U)	Suomi	60.23472	25.13472		COMMUNITY_VERIFIED	iNaturalist Suomi Finland
herkkutatti (fi) — Boletus edulis	herkkutatti (fi)	4	2019-08-31	Mikkeli	Pohjois-Savo (PS)	Suomi	62.071188	27.092385	Sure	NEUTRAL	The Atlas of Finnish Fungi
herkkutatti (fi) — Boletus edulis	herkkutatti (fi)	Monta, yksittäin ja ryhminä	2019-08-31	Mikkeli	Pohjois-Savo (PS)	Suomi	62.071188	27.092385	Sure	NEUTRAL	The Atlas of Finnish Fungi
herkkutatti (fi) — Boletus edulis	herkkutatti (fi)	Jkv	2019-08-31	Mikkeli	Pohjois-Savo (PS)	Suomi	62.071188	27.092385	Sure	NEUTRAL	The Atlas of Finnish Fungi
herkkutatti (fi) — Boletus edulis	herkkutatti (fi)	Paljon	2019-08-31	Mikkeli	Pohjois-Savo (PS)	Suomi	62.071188	27.092385	Sure	NEUTRAL	The Atlas of Finnish Fungi
herkkutatti (fi) — Boletus edulis	herkkutatti (fi)	1	2019-08-31	Kalajoki, Kokkola	Keski-Pohjanmaa (KP)	Suomi	64.092905	23.503537	Sure	NEUTRAL	The Atlas of Finnish Fungi
herkkutatti (fi) — Boletus edulis	herkkutatti (fi)	1	2019-08-30	Kalajoki	Keski-Pohjanmaa (KP)	Suomi	64.051469	23.646216	Sure	NEUTRAL	The Atlas of Finnish Fungi
herkkutatti (fi) — Boletus edulis	herkkutatti (fi)		2019-08-30	Jyväskylä	Pohjois-Häme (PH)	Suomi	62.252481	25.677897	Sure	NEUTRAL	Notebook, general observations
herkkutatti (fi) — Boletus edulis	herkkutatti (fi)	useita	2019-08-29	Hankasalmi	Pohjois-Häme (PH)	Suomi	62.321305	26.348828	Sure	NEUTRAL	The Atlas of Finnish Fungi
herkkutatti (fi) — Boletus edulis	herkkutatti (fi)		2019-08-29	Savonlinna	Etelä-Savo (ES)	Suomi	61.808408	29.329957	Sure	NEUTRAL	The Atlas of Finnish Fungi
herkkutatti (fi) — Boletus edulis	herkkutatti (fi)		2019-08-28	Vantaa	Uusimaa (U)	Suomi	60.28782	24.93041		COMMUNITY_VERIFIED	iNaturalist Suomi Finland
herkkutatti (fi) — Boletus edulis	herkkutatti (fi)		2019-08-28	Keuruu	Pohjois-Häme (PH)	Suomi	62.194779	24.783623	Sure	NEUTRAL	Notebook, general observations
herkkutatti (fi) — Boletus edulis	herkkutatti (fi)	4	2019-08-28	Joensuu	Pohjois-Karjala (PK)	Suomi	62.602962	29.753246	Sure	NEUTRAL	The Atlas of Finnish Fungi
herkkutatti (fi) — Boletus edulis	herkkutatti (fi)		2019-08-27	Savonlinna	Etelä-Savo (ES)	Suomi	61.755194	29.275478	Sure	NEUTRAL	The Atlas of Finnish Fungi
herkkutatti (fi) — Boletus edulis	herkkutatti (fi)		2019-08-27	Raasepori	Varsinais-Suomi (V)	Suomi	60.126202	23.517112	Sure	NEUTRAL	Notebook, general observations
herkkutatti (fi) — Boletus edulis	herkkutatti (fi)	useita	2019-08-26	Salo	Varsinais-Suomi (V)	Suomi	60.473268	23.085766	Sure	NEUTRAL	The Atlas of Finnish Fungi
herkkutatti (fi) — Boletus edulis	herkkutatti (fi)		2019-08-26	Vantaa	Uusimaa (U)	Suomi	60.325551	24.752486	Sure	NEUTRAL	The Atlas of Finnish Fungi
herkkutatti (fi) — Boletus edulis	herkkutatti (fi)		2019-08-26	Mikkeli	Etelä-Savo (ES)	Suomi	61.696888	27.403492	Sure	NEUTRAL	The Atlas of Finnish Fungi
herkkutatti (fi) — Boletus edulis	herkkutatti (fi)	muutama	2019-08-26	Multia	Pohjois-Häme (PH)	Suomi	62.407453	24.791595	Sure	NEUTRAL	The Atlas of Finnish Fungi
herkkutatti (fi) — Boletus edulis	herkkutatti (fi)		2019-08-25	Kaarina, Lieto, Masku, Nousiainen, Raisio, Rusko, Turku	Varsinais-Suomi (V)	Suomi	60.5	22.3		COMMUNITY_VERIFIED	iNaturalist Suomi Finland
herkkutatti (fi) — Boletus edulis	herkkutatti (fi)		2019-08-25	Vihti	Varsinais-Suomi (V)	Suomi	60.33095	24.46221		COMMUNITY_VERIFIED	iNaturalist Suomi Finland
herkkutatti (fi) — Boletus edulis	herkkutatti (fi)		2019-08-25	Kaarina	Varsinais-Suomi (V)	Suomi	60.4	22.3		COMMUNITY_VERIFIED	iNaturalist Suomi Finland
herkkutatti (fi) — Boletus edulis	herkkutatti (fi)	4	2019-08-24	Mikkeli	Etelä-Savo (ES)	Suomi	61.708167	27.245279	Sure	NEUTRAL	The Atlas of Finnish Fungi
herkkutatti (fi) — Boletus edulis	herkkutatti (fi)	muutamia	2019-08-24	Pieksämäki	Pohjois-Savo (PS)	Suomi	62.144003	27.51476	Sure	NEUTRAL	The Atlas of Finnish Fungi
herkkutatti (fi) — Boletus edulis	herkkutatti (fi)	2	2019-08-21	Raasepori	Varsinais-Suomi (V)	Suomi	60.114482	23.527388	Sure	NEUTRAL	Notebook, general observations
herkkutatti (fi) — Boletus edulis	herkkutatti (fi)	1	2019-08-17 - 2019-08-21	Somero	Etelä-Häme (EH)	Suomi	60.665075	23.608322	Sure	NEUTRAL	Notebook, general observations
herkkutatti (fi) — Boletus edulis	herkkutatti (fi)	Määrä	2019-08-13	Helsinki	Uusimaa (U)	Suomi	60.189941	25.137066	Sure	NEUTRAL	The Atlas of Finnish Fungi
herkkutatti (fi) — Boletus edulis	herkkutatti (fi)		2019-08-10	Espoo	Uusimaa (U)	Suomi	60.29611	24.51437		COMMUNITY_VERIFIED	iNaturalist Suomi Finland
herkkutatti (fi) — Boletus edulis	herkkutatti (fi)		2019-07-29	Pöytyä	Satakunta (St)	Suomi	60.73809	22.41538		COMMUNITY_VERIFIED	iNaturalist Suomi Finland
herkkutatti (fi) — Boletus edulis	herkkutatti (fi)		2019-07-26	Vihti	Varsinais-Suomi (V)	Suomi	60.33046	24.46246		COMMUNITY_VERIFIED	iNaturalist Suomi Finland
herkkutatti (fi) — Boletus edulis	herkkutatti (fi)	1	2019-07-24 [18:33-20:33]	Somero	Etelä-Häme (EH)	Suomi	60.664285	23.60946	Sure	NEUTRAL	Notebook, general observations
herkkutatti (fi) — Boletus edulis	herkkutatti (fi)		2019-07-24	Porvoo	Uusimaa (U)	Suomi	60.16001	25.44753		COMMUNITY_VERIFIED	iNaturalist Suomi Finland
herkkutatti (fi) — Boletus edulis	herkkutatti (fi)	1	2019-07-23	Rovaniemi	Perä-Pohjanmaa (PeP)	Suomi	66.58311	25.65976	Sure	NEUTRAL	The Atlas of Finnish Fungi
herkkutatti (fi) — Boletus edulis	herkkutatti (fi)	1	2019-07-23 [15:00]	Helsinki, Sipoo	Uusimaa (U)	Suomi	60.173105	25.105165	Sure	NEUTRAL	The Atlas of Finnish Fungi
herkkutatti (fi) — Boletus edulis	herkkutatti (fi)	useita	2019-07-20	Hankasalmi	Pohjois-Häme (PH)	Suomi	62.318391	26.349421	Sure	NEUTRAL	The Atlas of Finnish Fungi
herkkutatti (fi) — Boletus edulis	herkkutatti (fi)		2019-07-20	Sipoo	Uusimaa (U)	Suomi	60.483201	25.162848	Unsure	EXPERT_VERIFIED	"Observation from the ""Which species?"" input system"
herkkutatti (fi) — Boletus edulis	herkkutatti (fi)		2019-07-19	Lapua	Etelä-Pohjanmaa (EP)	Suomi	62.958411	22.966387	Sure	NEUTRAL	The Atlas of Finnish Fungi
herkkutatti (fi) — Boletus edulis	herkkutatti (fi)		2019-07-19	Lohja	Varsinais-Suomi (V)	Suomi	60.2036	23.66322		COMMUNITY_VERIFIED	iNaturalist Suomi Finland
herkkutatti (fi) — Boletus edulis	herkkutatti (fi)		2019-07-18	Ähtäri	Pohjois-Häme (PH)	Suomi	62.655824	24.060259	Sure	NEUTRAL	The Atlas of Finnish Fungi
herkkutatti (fi) — Boletus edulis	herkkutatti (fi)		2019-07-18	Salo	Varsinais-Suomi (V)	Suomi	60.424448	22.894528	Sure	NEUTRAL	The Atlas of Finnish Fungi
herkkutatti (fi) — Boletus edulis	herkkutatti (fi)	2	2019-07-17	Salo	Varsinais-Suomi (V)	Suomi	60.335727	23.208726	Sure	NEUTRAL	The Atlas of Finnish Fungi
herkkutatti (fi) — Boletus edulis	herkkutatti (fi)		2019-07-13	Helsinki	Uusimaa (U)	Suomi	60.276541	25.22026	Sure	NEUTRAL	The Atlas of Finnish Fungi
herkkutatti (fi) — Boletus edulis	herkkutatti (fi)	1	2019-07-10	Oulu	Oulun Pohjanmaa (OP)	Suomi	64.972678	25.2037	Sure	NEUTRAL	The Atlas of Finnish Fungi
herkkutatti (fi) — Boletus edulis	herkkutatti (fi)	1	2019-07-06	Parainen	Varsinais-Suomi (V)	Suomi	60.190135	22.217603	Sure	NEUTRAL	The Atlas of Finnish Fungi
herkkutatti (fi) — Boletus edulis	herkkutatti (fi)	1	2018-10-26	Hämeenkyrö, Nokia	Satakunta (St)	Suomi	61.573136	23.325173	Sure	NEUTRAL	The Atlas of Finnish Fungi
herkkutatti (fi) — Boletus edulis	herkkutatti (fi)	5	2018-10-13	Hanko	Uusimaa (U)	Suomi	59.909601	23.204578	Sure	NEUTRAL	The Atlas of Finnish Fungi
herkkutatti (fi) — Boletus edulis	herkkutatti (fi)	1	2018-10-10	Turku	Varsinais-Suomi (V)	Suomi	60.492915	22.252828	Sure	NEUTRAL	The Atlas of Finnish Fungi
herkkutatti (fi) — Boletus edulis	herkkutatti (fi)	1	2018-10-07	Turku	Varsinais-Suomi (V)	Suomi	60.484091	22.224598	Sure	NEUTRAL	The Atlas of Finnish Fungi
herkkutatti (fi) — Boletus edulis	herkkutatti (fi)	1	2018-10-07	Rautalampi	Pohjois-Häme (PH)	Suomi	62.558233	26.622069	Sure	NEUTRAL	The Atlas of Finnish Fungi
herkkutatti (fi) — Boletus edulis	herkkutatti (fi)	1	2018-10-06 [16:00-18:00]	Jyväskylä	Pohjois-Häme (PH)	Suomi	62.258148	25.707455	Sure	EXPERT_VERIFIED	The Atlas of Finnish Fungi
herkkutatti (fi) — Boletus edulis	herkkutatti (fi)		2018-10-04	Salo	Varsinais-Suomi (V)	Suomi	60.313952	23.567693		NEUTRAL	LajiGIS: Species mapping and surveys
herkkutatti (fi) — Boletus edulis	herkkutatti (fi)	1	2018-10-02	Parainen	Varsinais-Suomi (V)	Suomi	60.297601	22.388159	Sure	EXPERT_VERIFIED	The Atlas of Finnish Fungi
herkkutatti (fi) — Boletus edulis	herkkutatti (fi)	1	2018-10-02	Kuopio	Pohjois-Savo (PS)	Suomi	62.875946	27.881112	Sure	NEUTRAL	The Atlas of Finnish Fungi
herkkutatti (fi) — Boletus edulis	herkkutatti (fi)	12	2018-10-02	Kaarina, Lieto, Turku	Varsinais-Suomi (V)	Suomi	60.464862	22.359115	Subspecies unsure	NEUTRAL	The Atlas of Finnish Fungi
herkkutatti (fi) — Boletus edulis	herkkutatti (fi)		2018-09-30	Raisio	Varsinais-Suomi (V)	Suomi	60.459097	22.084766	Sure	NEUTRAL	The Atlas of Finnish Fungi
herkkutatti (fi) — Boletus edulis	herkkutatti (fi)	1	2018-09-29 - 2018-10-01	Pieksämäki	Pohjois-Savo (PS)	Suomi	62.249853	27.47778	Sure	NEUTRAL	The Atlas of Finnish Fungi
herkkutatti (fi) — Boletus edulis	herkkutatti (fi)		2018-09-29	Nurmes	Pohjois-Karjala (PK)	Suomi	63.56158	29.120562	Sure	NEUTRAL	Notebook, general observations
herkkutatti (fi) — Boletus edulis	herkkutatti (fi)		2018-09-29	Lohja	Varsinais-Suomi (V)	Suomi	60.228838	23.877283		NEUTRAL	LajiGIS: Species mapping and surveys
herkkutatti (fi) — Boletus edulis	herkkutatti (fi)	Useita.	2018-09-28	Parainen	Varsinais-Suomi (V)	Suomi	60.27652	22.148552	Sure	NEUTRAL	The Atlas of Finnish Fungi
herkkutatti (fi) — Boletus edulis	herkkutatti (fi)		2018-09-25	Mikkeli	Etelä-Savo (ES)	Suomi	61.701605	27.282083	Sure	NEUTRAL	The Atlas of Finnish Fungi
herkkutatti (fi) — Boletus edulis	herkkutatti (fi)	runsaasti	2018-09-24	Loviisa	Uusimaa (U)	Suomi	60.386811	26.008361	Sure	NEUTRAL	The Atlas of Finnish Fungi
herkkutatti (fi) — Boletus edulis	herkkutatti (fi)		2018-09-24	Helsinki	Uusimaa (U)	Suomi	60.195072	24.915433	Sure	NEUTRAL	The Atlas of Finnish Fungi
herkkutatti (fi) — Boletus edulis	herkkutatti (fi)		2018-09-23	Mustasaari	Etelä-Pohjanmaa (EP)	Suomi	63.2429	21.5686	Sure	NEUTRAL	The Atlas of Finnish Fungi
herkkutatti (fi) — Boletus edulis	herkkutatti (fi)		2018-09-23	Hartola, Sysmä	Etelä-Häme (EH)	Suomi	61.618573	25.959908	Sure	NEUTRAL	The Atlas of Finnish Fungi
herkkutatti (fi) — Boletus edulis	herkkutatti (fi)		2018-09-22	Liperi	Pohjois-Karjala (PK)	Suomi	62.663278	29.558078	Sure	NEUTRAL	The Atlas of Finnish Fungi
herkkutatti (fi) — Boletus edulis	herkkutatti (fi)		2018-09-22	Joutsa	Etelä-Savo (ES)	Suomi	61.66162	26.30658		COMMUNITY_VERIFIED	iNaturalist Suomi Finland
herkkutatti (fi) — Boletus edulis	herkkutatti (fi)	2	2018-09-21	Vaasa	Etelä-Pohjanmaa (EP)	Suomi	63.0794	21.719	Sure	NEUTRAL	The Atlas of Finnish Fungi
herkkutatti (fi) — Boletus edulis	herkkutatti (fi)		2018-09-19	Mustasaari	Etelä-Pohjanmaa (EP)	Suomi	63.0331	21.8304	Sure	NEUTRAL	The Atlas of Finnish Fungi
herkkutatti (fi) — Boletus edulis	herkkutatti (fi)		2018-09-18	Järvenpää	Uusimaa (U)	Suomi	60.47406	25.148074		NEUTRAL	LajiGIS: Species mapping and surveys
herkkutatti (fi) — Boletus edulis	herkkutatti (fi)		2018-09-17	Kirkkonummi	Uusimaa (U)	Suomi	60.140585	24.367302	Sure	NEUTRAL	The Atlas of Finnish Fungi
herkkutatti (fi) — Boletus edulis	herkkutatti (fi)	2	2018-09-17	Kuopio, Siilinjärvi	Pohjois-Savo (PS)	Suomi	62.966748	27.686712	Sure	NEUTRAL	The Atlas of Finnish Fungi
herkkutatti (fi) — Boletus edulis	herkkutatti (fi)		2018-09-16	Pöytyä	Varsinais-Suomi (V)	Suomi	60.772366	22.75731	Sure	NEUTRAL	The Atlas of Finnish Fungi
herkkutatti (fi) — Boletus edulis	herkkutatti (fi)	7	2018-09-16	Pori	Satakunta (St)	Suomi	61.592361	21.900355	Sure	NEUTRAL	The Atlas of Finnish Fungi
herkkutatti (fi) — Boletus edulis	herkkutatti (fi)	1	2018-09-16	Espoo	Uusimaa (U)	Suomi	60.16805	24.826215	Sure	NEUTRAL	The Atlas of Finnish Fungi
herkkutatti (fi) — Boletus edulis	herkkutatti (fi)	10	2018-09-16	Helsinki	Uusimaa (U)	Suomi	60.266951	25.220695	Sure	NEUTRAL	The Atlas of Finnish Fungi
herkkutatti (fi) — Boletus edulis	herkkutatti (fi)		2018-09-14	Joensuu	Pohjois-Karjala (PK)	Suomi	62.613609	29.721913	Sure	NEUTRAL	Notebook, general observations
herkkutatti (fi) — Boletus edulis	herkkutatti (fi)		2018-09-13	Kontiolahti	Pohjois-Karjala (PK)	Suomi	62.640039	29.867384	Sure	NEUTRAL	Notebook, general observations
herkkutatti (fi) — Boletus edulis	herkkutatti (fi)		2018-09-11	Jyväskylä	Pohjois-Häme (PH)	Suomi	62.25014	25.72282		COMMUNITY_VERIFIED	iNaturalist Suomi Finland
herkkutatti (fi) — Boletus edulis	herkkutatti (fi)	runsaasti	2018-09-11 - 2018-09-13	Hausjärvi	Etelä-Häme (EH)	Suomi	60.670231	24.914988	Sure	NEUTRAL	The Atlas of Finnish Fungi
herkkutatti (fi) — Boletus edulis	herkkutatti (fi)		2018-09-10	Pyhäjärvi	Keski-Pohjanmaa (KP)	Suomi	63.78375	26.07055	Sure	NEUTRAL	The Atlas of Finnish Fungi
herkkutatti (fi) — Boletus edulis	herkkutatti (fi)		2018-09-10	Pyhäjärvi	Keski-Pohjanmaa (KP)	Suomi	63.80335	26.07635	Sure	NEUTRAL	The Atlas of Finnish Fungi
herkkutatti (fi) — Boletus edulis	herkkutatti (fi)	2	2018-09-10	Oulu	Oulun Pohjanmaa (OP)	Suomi	65.135531	25.290507	Sure	NEUTRAL	The Atlas of Finnish Fungi
herkkutatti (fi) — Boletus edulis	herkkutatti (fi)		2018-09-08	Espoo	Uusimaa (U)	Suomi	60.29059	24.61385		COMMUNITY_VERIFIED	iNaturalist Suomi Finland
herkkutatti (fi) — Boletus edulis	herkkutatti (fi)		2018-09-08	Espoo	Uusimaa (U)	Suomi	60.2579	24.62896		COMMUNITY_VERIFIED	iNaturalist Suomi Finland
herkkutatti (fi) — Boletus edulis	herkkutatti (fi)		2018-09-08	Espoo	Uusimaa (U)	Suomi	60.31248	24.59739		COMMUNITY_VERIFIED	iNaturalist Suomi Finland
herkkutatti (fi) — Boletus edulis	herkkutatti (fi)		2018-09-08	Tohmajärvi	Pohjois-Karjala (PK)	Suomi	62.374165	30.130949	Sure	NEUTRAL	Notebook, general observations
herkkutatti (fi) — Boletus edulis	herkkutatti (fi)		2018-09-07	Raasepori	Uusimaa (U)	Suomi	59.959276	23.737605	Sure	NEUTRAL	The Atlas of Finnish Fungi
herkkutatti (fi) — Boletus edulis	herkkutatti (fi)	12	2018-09-06 [17:00-20:30]	Tammela	Etelä-Häme (EH)	Suomi	60.774012	23.851829	Sure	NEUTRAL	Notebook, general observations
herkkutatti (fi) — Boletus edulis	herkkutatti (fi)	1	2018-09-05	Hankasalmi	Pohjois-Häme (PH)	Suomi	62.319208	26.355379	Sure	NEUTRAL	The Atlas of Finnish Fungi
herkkutatti (fi) — Boletus edulis	herkkutatti (fi)	1	2018-09-05	Nakkila	Satakunta (St)	Suomi	61.402509	22.062919	Sure	NEUTRAL	The Atlas of Finnish Fungi
herkkutatti (fi) — Boletus edulis	herkkutatti (fi)	4	2018-09-05	Espoo	Uusimaa (U)	Suomi	60.174582	24.822344	Sure	NEUTRAL	The Atlas of Finnish Fungi
herkkutatti (fi) — Boletus edulis	herkkutatti (fi)	1	2018-09-04	Vaasa	Etelä-Pohjanmaa (EP)	Suomi	63.0709	21.7304	Sure	NEUTRAL	The Atlas of Finnish Fungi
herkkutatti (fi) — Boletus edulis	herkkutatti (fi)	1	2018-09-04	Espoo	Uusimaa (U)	Suomi	60.187636	24.683469	Sure	NEUTRAL	The Atlas of Finnish Fungi
herkkutatti (fi) — Boletus edulis	herkkutatti (fi)	2	2018-09-04	Hämeenlinna, Pälkäne	Etelä-Häme (EH)	Suomi	61.240238	24.48236	Sure	NEUTRAL	The Atlas of Finnish Fungi
herkkutatti (fi) — Boletus edulis	herkkutatti (fi)	4	2018-09-04	Joensuu	Pohjois-Karjala (PK)	Suomi	62.483214	30.197533	Sure	NEUTRAL	The Atlas of Finnish Fungi
herkkutatti (fi) — Boletus edulis	herkkutatti (fi)	muutama yksittäinen	2018-09-03	Nurmijärvi	Uusimaa (U)	Suomi	60.448519	24.845024	Sure	NEUTRAL	The Atlas of Finnish Fungi
herkkutatti (fi) — Boletus edulis	herkkutatti (fi)	3	2018-09-03 [16:00-21:00]	Sonkajärvi	Pohjois-Savo (PS)	Suomi	63.671351	27.466936	Sure	NEUTRAL	The Atlas of Finnish Fungi
herkkutatti (fi) — Boletus edulis	herkkutatti (fi)		2018-09-02	Kontiolahti	Pohjois-Karjala (PK)	Suomi	62.63032	29.84208		COMMUNITY_VERIFIED	iNaturalist Suomi Finland
herkkutatti (fi) — Boletus edulis	herkkutatti (fi)		2018-09-02	Sipoo	Uusimaa (U)	Suomi	60.346421	25.181279	Sure	NEUTRAL	The Atlas of Finnish Fungi
herkkutatti (fi) — Boletus edulis	herkkutatti (fi)		2018-09-02	Sipoo	Uusimaa (U)	Suomi	60.346532	25.194503	Sure	NEUTRAL	The Atlas of Finnish Fungi
herkkutatti (fi) — Boletus edulis	herkkutatti (fi)		2018-09-01	Lohja	Varsinais-Suomi (V)	Suomi	60.629968	23.93911	Sure	NEUTRAL	The Atlas of Finnish Fungi
herkkutatti (fi) — Boletus edulis	herkkutatti (fi)	1	2018-09-01	Oulu	Oulun Pohjanmaa (OP)	Suomi	65.141841	25.422163	Sure	NEUTRAL	The Atlas of Finnish Fungi
herkkutatti (fi) — Boletus edulis	herkkutatti (fi)		2018-09-01	Helsinki	Uusimaa (U)	Suomi	60.196556	25.107373	Sure	NEUTRAL	The Atlas of Finnish Fungi
herkkutatti (fi) — Boletus edulis	herkkutatti (fi)	useita	2018-09-01	Vihti	Varsinais-Suomi (V)	Suomi	60.420305	24.505547	Sure	NEUTRAL	The Atlas of Finnish Fungi
herkkutatti (fi) — Boletus edulis	herkkutatti (fi)	10	2018-08-31	Joensuu, Kontiolahti, Liperi, Polvijärvi	Pohjois-Karjala (PK)	Suomi	62.674605	29.632062	Sure	NEUTRAL	The Atlas of Finnish Fungi
herkkutatti (fi) — Boletus edulis	herkkutatti (fi)	10	2018-08-31	Inari	Inarin Lappi (InL)	Suomi	68.892245	26.842783	Sure	NEUTRAL	The Atlas of Finnish Fungi
herkkutatti (fi) — Boletus edulis	herkkutatti (fi)		2018-08-31	Mäntsälä	Uusimaa (U)	Suomi	60.57717	25.3024		COMMUNITY_VERIFIED	iNaturalist Suomi Finland
herkkutatti (fi) — Boletus edulis	herkkutatti (fi)	10-15	2018-08-30	Kouvola	Etelä-Savo (ES)	Suomi	60.81461	26.721258	Sure	NEUTRAL	The Atlas of Finnish Fungi
herkkutatti (fi) — Boletus edulis	herkkutatti (fi)	4	2018-08-29	Espoo	Uusimaa (U)	Suomi	60.176257	24.824307	Sure	NEUTRAL	The Atlas of Finnish Fungi
herkkutatti (fi) — Boletus edulis	herkkutatti (fi)	1	2018-08-29	Ylöjärvi	Satakunta (St)	Suomi	61.668543	23.297813	Sure	NEUTRAL	The Atlas of Finnish Fungi
herkkutatti (fi) — Boletus edulis	herkkutatti (fi)	2	2018-08-29	Oulu	Oulun Pohjanmaa (OP)	Suomi	64.908191	25.381755	Sure	NEUTRAL	The Atlas of Finnish Fungi
herkkutatti (fi) — Boletus edulis	herkkutatti (fi)	1	2018-08-28 - 2018-09-02	Ruovesi	Etelä-Häme (EH)	Suomi	62.130095	23.924056	Subspecies unsure	NEUTRAL	The Atlas of Finnish Fungi
herkkutatti (fi) — Boletus edulis	herkkutatti (fi)	10	2018-08-28 [18:30-20:00]	Oulu	Oulun Pohjanmaa (OP)	Suomi	65.171817	25.230621	Subspecies unsure	NEUTRAL	The Atlas of Finnish Fungi
herkkutatti (fi) — Boletus edulis	herkkutatti (fi)		2018-08-28	Vantaa	Uusimaa (U)	Suomi	60.263025	24.863882	Sure	NEUTRAL	The Atlas of Finnish Fungi
herkkutatti (fi) — Boletus edulis	herkkutatti (fi)	useita	2018-08-28	Pieksämäki	Pohjois-Savo (PS)	Suomi	62.1783	26.9688	Sure	NEUTRAL	The Atlas of Finnish Fungi
herkkutatti (fi) — Boletus edulis	herkkutatti (fi)	4	2018-08-28	Porvoo	Uusimaa (U)	Suomi	60.390505	25.777258	Sure	NEUTRAL	Notebook, general observations
herkkutatti (fi) — Boletus edulis	herkkutatti (fi)	1	2018-08-28	Pirkkala	Etelä-Häme (EH)	Suomi	61.469666	23.594659	Sure	NEUTRAL	Notebook, general observations
herkkutatti (fi) — Boletus edulis	herkkutatti (fi)	1	2018-08-28	Kangasala	Etelä-Häme (EH)	Suomi	61.514469	24.023301	Sure	NEUTRAL	Notebook, general observations
herkkutatti (fi) — Boletus edulis	herkkutatti (fi)	1	2018-08-27	Savukoski	Sompion Lappi (SoL)	Suomi	67.115611	28.313494	Sure	NEUTRAL	The Atlas of Finnish Fungi
herkkutatti (fi) — Boletus edulis	herkkutatti (fi)	useita kymmeniä 500m säteellä	2018-08-27	Loviisa, Porvoo	Uusimaa (U)	Suomi	60.362401	26.00032	Sure	NEUTRAL	The Atlas of Finnish Fungi
herkkutatti (fi) — Boletus edulis	herkkutatti (fi)	2	2018-08-27	Kerava	Uusimaa (U)	Suomi	60.374383	25.14508	Sure	NEUTRAL	The Atlas of Finnish Fungi
herkkutatti (fi) — Boletus edulis	herkkutatti (fi)	8	2018-08-27	Hausjärvi	Etelä-Häme (EH)	Suomi	60.750351	24.843182	Sure	NEUTRAL	The Atlas of Finnish Fungi
herkkutatti (fi) — Boletus edulis	herkkutatti (fi)	5	2018-08-27 [17:30-18:30]	Nurmijärvi	Uusimaa (U)	Suomi	60.500653	24.915092	Sure	NEUTRAL	Notebook, general observations
herkkutatti (fi) — Boletus edulis	herkkutatti (fi)	n. 5	2018-08-26	Liperi	Pohjois-Karjala (PK)	Suomi	62.645279	29.289092	Sure	NEUTRAL	The Atlas of Finnish Fungi
herkkutatti (fi) — Boletus edulis	herkkutatti (fi)	5	2018-08-25	Salo	Varsinais-Suomi (V)	Suomi	60.107048	22.929326	Sure	NEUTRAL	The Atlas of Finnish Fungi
herkkutatti (fi) — Boletus edulis	herkkutatti (fi)	3	2018-08-25	Orimattila	Uusimaa (U)	Suomi	60.837747	25.792714	Sure	NEUTRAL	The Atlas of Finnish Fungi
herkkutatti (fi) — Boletus edulis	herkkutatti (fi)	6	2018-08-25	Riihimäki	Etelä-Häme (EH)	Suomi	60.739605	24.784204	Sure	NEUTRAL	The Atlas of Finnish Fungi
herkkutatti (fi) — Boletus edulis	herkkutatti (fi)	2	2018-08-25	Pieksämäki	Pohjois-Savo (PS)	Suomi	62.24982	27.477922	Sure	NEUTRAL	The Atlas of Finnish Fungi
herkkutatti (fi) — Boletus edulis	herkkutatti (fi)	3	2018-08-24	Hämeenlinna	Etelä-Häme (EH)	Suomi	60.967466	24.446998	Sure	NEUTRAL	The Atlas of Finnish Fungi
herkkutatti (fi) — Boletus edulis	herkkutatti (fi)	4	2018-08-23	Oulainen	Keski-Pohjanmaa (KP)	Suomi	64.241871	25.002667	Sure	NEUTRAL	The Atlas of Finnish Fungi
herkkutatti (fi) — Boletus edulis	herkkutatti (fi)	7	2018-08-23	Ruovesi	Etelä-Häme (EH)	Suomi	62.036885	23.990209	Sure	NEUTRAL	The Atlas of Finnish Fungi
herkkutatti (fi) — Boletus edulis	herkkutatti (fi)	2	2018-08-23	Hausjärvi	Etelä-Häme (EH)	Suomi	60.767679	24.905083	Sure	EXPERT_VERIFIED	The Atlas of Finnish Fungi
herkkutatti (fi) — Boletus edulis	herkkutatti (fi)	4	2018-08-23	Oulu	Oulun Pohjanmaa (OP)	Suomi	64.896642	25.782189	Sure	NEUTRAL	The Atlas of Finnish Fungi
herkkutatti (fi) — Boletus edulis	herkkutatti (fi)	5	2018-08-22	Oulu	Oulun Pohjanmaa (OP)	Suomi	65.061623	25.590006	Sure	NEUTRAL	The Atlas of Finnish Fungi
herkkutatti (fi) — Boletus edulis	herkkutatti (fi)	4	2018-08-21	Joensuu	Pohjois-Karjala (PK)	Suomi	62.602745	29.754157	Sure	NEUTRAL	The Atlas of Finnish Fungi
herkkutatti (fi) — Boletus edulis	herkkutatti (fi)	3	2018-08-21	Nurmijärvi	Uusimaa (U)	Suomi	60.555589	24.751814	Sure	NEUTRAL	The Atlas of Finnish Fungi
herkkutatti (fi) — Boletus edulis	herkkutatti (fi)	10	2018-08-20 - 2018-08-24	Muhos, Oulu, Utajärvi	Oulun Pohjanmaa (OP)	Suomi	65.006857	26.200121	Sure	NEUTRAL	The Atlas of Finnish Fungi
herkkutatti (fi) — Boletus edulis	herkkutatti (fi)		2018-08-19	Muurame	Etelä-Häme (EH)	Suomi	62.152762	25.689763	Sure	NEUTRAL	Notebook, general observations
herkkutatti (fi) — Boletus edulis	herkkutatti (fi)		2018-08-19	Pälkäne	Etelä-Häme (EH)	Suomi	61.3175	24.90306		COMMUNITY_VERIFIED	iNaturalist Suomi Finland
herkkutatti (fi) — Boletus edulis	herkkutatti (fi)	1	2018-08-19	Keuruu	Pohjois-Häme (PH)	Suomi	62.195511	24.779952	Sure	NEUTRAL	Notebook, general observations
herkkutatti (fi) — Boletus edulis	herkkutatti (fi)	2	2018-08-19	Tampere	Etelä-Häme (EH)	Suomi	61.450003	23.857357	Sure	NEUTRAL	The Atlas of Finnish Fungi
herkkutatti (fi) — Boletus edulis	herkkutatti (fi)	1	2018-08-17	Kontiolahti	Pohjois-Karjala (PK)	Suomi	62.817215	30.001547	Sure	NEUTRAL	The Atlas of Finnish Fungi
herkkutatti (fi) — Boletus edulis	herkkutatti (fi)		2018-08-17	Lieksa	Pohjois-Karjala (PK)	Suomi	63.108107	29.807893	Sure	NEUTRAL	The Atlas of Finnish Fungi
herkkutatti (fi) — Boletus edulis	herkkutatti (fi)		2018-08-17	Lieksa	Pohjois-Karjala (PK)	Suomi	63.109221	29.807408	Sure	NEUTRAL	The Atlas of Finnish Fungi
herkkutatti (fi) — Boletus edulis	herkkutatti (fi)	1	2018-08-13	Rovaniemi	Perä-Pohjanmaa (PeP)	Suomi	66.58549	25.67405	Sure	NEUTRAL	The Atlas of Finnish Fungi
herkkutatti (fi) — Boletus edulis	herkkutatti (fi)	1	2018-06-29	Hämeenkyrö, Ylöjärvi	Satakunta (St)	Suomi	61.667633	23.502934	Sure	NEUTRAL	The Atlas of Finnish Fungi
herkkutatti (fi) — Boletus edulis	herkkutatti (fi)	1	2017-10-20	Turku	Varsinais-Suomi (V)	Suomi	60.482182	22.230769		NEUTRAL	Hatikka.fi observations
herkkutatti (fi) — Boletus edulis	herkkutatti (fi)	paljon	2017-10-15 - 2018-09-30	Mikkeli	Pohjois-Savo (PS)	Suomi	62.071188	27.092385	Sure	NEUTRAL	The Atlas of Finnish Fungi
herkkutatti (fi) — Boletus edulis	herkkutatti (fi)	1	2017-10-11	Turku	Varsinais-Suomi (V)	Suomi	60.478932	22.231549		NEUTRAL	Hatikka.fi observations
herkkutatti (fi) — Boletus edulis	herkkutatti (fi)		2017-10-01	Helsinki	Uusimaa (U)	Suomi	60.188001	25.144205	Sure	NEUTRAL	The Atlas of Finnish Fungi
herkkutatti (fi) — Boletus edulis	herkkutatti (fi)	1	2017-09-28	Turku	Varsinais-Suomi (V)	Suomi	60.478902	22.231535		NEUTRAL	Hatikka.fi observations
herkkutatti (fi) — Boletus edulis	herkkutatti (fi)	2	2017-09-26	Orivesi	Etelä-Häme (EH)	Suomi	61.692985	24.354955	Sure	NEUTRAL	The Atlas of Finnish Fungi
herkkutatti (fi) — Boletus edulis	herkkutatti (fi)	3	2017-09-26	Orivesi	Etelä-Häme (EH)	Suomi	61.713261	24.353747	Sure	NEUTRAL	The Atlas of Finnish Fungi
herkkutatti (fi) — Boletus edulis	herkkutatti (fi)	1	2017-09-23	Oulu	Oulun Pohjanmaa (OP)	Suomi	65.022884	25.436751	Sure	NEUTRAL	The Atlas of Finnish Fungi
herkkutatti (fi) — Boletus edulis	herkkutatti (fi)	1	2017-09-23	Joensuu	Pohjois-Karjala (PK)	Suomi	62.547246	30.060714	Sure	NEUTRAL	The Atlas of Finnish Fungi
herkkutatti (fi) — Boletus edulis	herkkutatti (fi)	2	2017-09-18	Turku	Varsinais-Suomi (V)	Suomi	60.482019	22.229268		NEUTRAL	Hatikka.fi observations
herkkutatti (fi) — Boletus edulis	herkkutatti (fi)	useita	2017-09-16	Kemiönsaari	Varsinais-Suomi (V)	Suomi	60.094612	22.818256	Sure	NEUTRAL	The Atlas of Finnish Fungi
herkkutatti (fi) — Boletus edulis	herkkutatti (fi)	1	2017-09-16	Rovaniemi	Perä-Pohjanmaa (PeP)	Suomi	66.498498	25.784312	Sure	NEUTRAL	The Atlas of Finnish Fungi
herkkutatti (fi) — Boletus edulis	herkkutatti (fi)	1	2017-09-14	Savonlinna	Etelä-Savo (ES)	Suomi	61.786028	29.31203	Sure	NEUTRAL	The Atlas of Finnish Fungi
herkkutatti (fi) — Boletus edulis	herkkutatti (fi)	2	2017-09-14	Kitee	Pohjois-Karjala (PK)	Suomi	62.101149	30.110964	Sure	NEUTRAL	Notebook, general observations
herkkutatti (fi) — Boletus edulis	herkkutatti (fi)		2017-09-10 [10:00-14:00]	Uusikaupunki	Varsinais-Suomi (V)	Suomi	60.835206	21.26273		NEUTRAL	Hatikka.fi observations
herkkutatti (fi) — Boletus edulis	herkkutatti (fi)	5	2017-09-10	Hyvinkää, Nurmijärvi	Uusimaa (U)	Suomi	60.563483	24.740057	Sure	NEUTRAL	The Atlas of Finnish Fungi
herkkutatti (fi) — Boletus edulis	herkkutatti (fi)		2017-09-04	Raisio	Varsinais-Suomi (V)	Suomi	60.473811	22.10499	Sure	NEUTRAL	The Atlas of Finnish Fungi
herkkutatti (fi) — Boletus edulis	herkkutatti (fi)	many	2017-09-04	Turku	Varsinais-Suomi (V)	Suomi	60.483379	22.215221		NEUTRAL	Hatikka.fi observations
herkkutatti (fi) — Boletus edulis	herkkutatti (fi)	many	2017-09-04	Raisio	Varsinais-Suomi (V)	Suomi	60.484715	22.210618		NEUTRAL	Hatikka.fi observations
herkkutatti (fi) — Boletus edulis	herkkutatti (fi)		2017-09-02	Helsinki	Uusimaa (U)	Suomi	60.280309	25.19778	Sure	NEUTRAL	The Atlas of Finnish Fungi
herkkutatti (fi) — Boletus edulis	herkkutatti (fi)	few	2017-08-30	Turku	Varsinais-Suomi (V)	Suomi	60.483323	22.216428		NEUTRAL	Hatikka.fi observations
herkkutatti (fi) — Boletus edulis	herkkutatti (fi)		2017-08-29	Raisio	Varsinais-Suomi (V)	Suomi	60.457541	22.091234	Sure	NEUTRAL	The Atlas of Finnish Fungi
herkkutatti (fi) — Boletus edulis	herkkutatti (fi)	1	2017-08-29	Paltamo	Kainuu (Kn)	Suomi	64.344128	28.050508	Sure	NEUTRAL	The Atlas of Finnish Fungi
herkkutatti (fi) — Boletus edulis	herkkutatti (fi)		2017-08-29	Raisio	Varsinais-Suomi (V)	Suomi	60.459323	22.087038	Sure	NEUTRAL	The Atlas of Finnish Fungi
herkkutatti (fi) — Boletus edulis	herkkutatti (fi)		2017-08-24	Vihti	Varsinais-Suomi (V)	Suomi	60.329904	24.504769	Sure	NEUTRAL	The Atlas of Finnish Fungi
herkkutatti (fi) — Boletus edulis	herkkutatti (fi)	1	2017-08-24	Turku	Varsinais-Suomi (V)	Suomi	60.483678	22.22911		NEUTRAL	Hatikka.fi observations
herkkutatti (fi) — Boletus edulis	herkkutatti (fi)		2017-08-22	Viitasaari	Pohjois-Häme (PH)	Suomi	63.1	25.7		COMMUNITY_VERIFIED	iNaturalist Suomi Finland
herkkutatti (fi) — Boletus edulis	herkkutatti (fi)		2017-08-22	Eurajoki	Satakunta (St)	Suomi	61.408727	21.58538		NEUTRAL	LajiGIS: Species mapping and surveys
herkkutatti (fi) — Boletus edulis	herkkutatti (fi)		2017-08-21	Heinävesi	Pohjois-Savo (PS)	Suomi	62.43685	28.820233	Sure	NEUTRAL	The Atlas of Finnish Fungi
herkkutatti (fi) — Boletus edulis	herkkutatti (fi)	muutamia	2017-08-20	Kaavi, Outokumpu	Pohjois-Karjala (PK)	Suomi	62.77675	28.857418	Sure	NEUTRAL	The Atlas of Finnish Fungi
herkkutatti (fi) — Boletus edulis	herkkutatti (fi)	hyvin runsaasti	2017-08-18	Loviisa	Uusimaa (U)	Suomi	60.378935	26.009355	Sure	NEUTRAL	The Atlas of Finnish Fungi
herkkutatti (fi) — Boletus edulis	herkkutatti (fi)	7	2017-08-18	Espoo	Uusimaa (U)	Suomi	60.291991	24.67468	Sure	NEUTRAL	The Atlas of Finnish Fungi
herkkutatti (fi) — Boletus edulis	herkkutatti (fi)	1	2017-08-18	Outokumpu	Pohjois-Karjala (PK)	Suomi	62.687888	28.88487	Sure	NEUTRAL	The Atlas of Finnish Fungi
herkkutatti (fi) — Boletus edulis	herkkutatti (fi)		2017-08-15	Espoo	Uusimaa (U)	Suomi	60.246528	24.740604	Sure	NEUTRAL	The Atlas of Finnish Fungi
herkkutatti (fi) — Boletus edulis	herkkutatti (fi)		2017-08-12	Espoo	Uusimaa (U)	Suomi	60.257131	24.610688	Sure	NEUTRAL	The Atlas of Finnish Fungi
herkkutatti (fi) — Boletus edulis	herkkutatti (fi)	useita	2017-08-12	Hankasalmi	Pohjois-Häme (PH)	Suomi	62.321305	26.348828	Sure	NEUTRAL	The Atlas of Finnish Fungi
herkkutatti (fi) — Boletus edulis	herkkutatti (fi)		2017-08-11	Sipoo	Uusimaa (U)	Suomi	60.348526	25.209924	Sure	NEUTRAL	The Atlas of Finnish Fungi
herkkutatti (fi) — Boletus edulis	herkkutatti (fi)		2017-08-11	Lahti	Etelä-Häme (EH)	Suomi	61.012426	25.590921	Sure	NEUTRAL	The Atlas of Finnish Fungi
herkkutatti (fi) — Boletus edulis	herkkutatti (fi)		2017-08-08	Loimaa	Satakunta (St)	Suomi	60.870197	23.090774	Sure	NEUTRAL	The Atlas of Finnish Fungi
herkkutatti (fi) — Boletus edulis	herkkutatti (fi)	muutama	2017-08-04	Hankasalmi	Pohjois-Häme (PH)	Suomi	62.314248	26.357971	Sure	NEUTRAL	The Atlas of Finnish Fungi
herkkutatti (fi) — Boletus edulis	herkkutatti (fi)	muutama	2017-08-03	Hankasalmi	Pohjois-Häme (PH)	Suomi	62.317487	26.355801	Sure	NEUTRAL	The Atlas of Finnish Fungi
herkkutatti (fi) — Boletus edulis	herkkutatti (fi)		2016-09-22	Espoo	Uusimaa (U)	Suomi	60.254716	24.606991	Sure	NEUTRAL	Notebook, general observations
herkkutatti (fi) — Boletus edulis	herkkutatti (fi)		2016-09-14	Lieksa	Pohjois-Karjala (PK)	Suomi	63.145867	30.607095	Sure	NEUTRAL	The Atlas of Finnish Fungi
herkkutatti (fi) — Boletus edulis	herkkutatti (fi)		2016-09-13	Kontiolahti	Pohjois-Karjala (PK)	Suomi	62.60803	30.028107	Sure	NEUTRAL	The Atlas of Finnish Fungi
herkkutatti (fi) — Boletus edulis	herkkutatti (fi)	1	2016-09-13	Joensuu	Pohjois-Karjala (PK)	Suomi	62.587503	30.108024	Sure	NEUTRAL	The Atlas of Finnish Fungi
herkkutatti (fi) — Boletus edulis	herkkutatti (fi)		2016-09-12	Virolahti	Etelä-Karjala (EK)	Suomi	60.543389	27.49707		NEUTRAL	Fungus observations of Turku university Herbarium
herkkutatti (fi) — Boletus edulis	herkkutatti (fi)		2016-09-11	Kirkkonummi, Siuntio	Uusimaa (U)	Suomi	60.162024	24.322027	Sure	NEUTRAL	The Atlas of Finnish Fungi
herkkutatti (fi) — Boletus edulis	herkkutatti (fi)	few	2016-09-09	Parainen	Varsinais-Suomi (V)	Suomi	60.184546	21.326884		NEUTRAL	Hatikka.fi observations
herkkutatti (fi) — Boletus edulis	herkkutatti (fi)	1	2016-09-01	Muhos	Oulun Pohjanmaa (OP)	Suomi	64.870907	25.865378		NEUTRAL	Löydös Open Finnish Observation Database
herkkutatti (fi) — Boletus edulis	herkkutatti (fi)		2016-08-24	Lahti	Etelä-Häme (EH)	Suomi	60.975954	25.562473	Sure	NEUTRAL	The Atlas of Finnish Fungi
herkkutatti (fi) — Boletus edulis	herkkutatti (fi)	muutama	2016-08-21	Kuopio	Pohjois-Savo (PS)	Suomi	62.925388	27.661273	Sure	NEUTRAL	The Atlas of Finnish Fungi
herkkutatti (fi) — Boletus edulis	herkkutatti (fi)		2016-08-19	Rovaniemi	Perä-Pohjanmaa (PeP)	Suomi	66.309054	25.129006		NEUTRAL	LajiGIS: Species mapping and surveys
herkkutatti (fi) — Boletus edulis	herkkutatti (fi)	1	2016-08-03 [18:14-20:42]	Somero	Etelä-Häme (EH)	Suomi	60.659951	23.607166	Sure	NEUTRAL	Hatikka.fi observations
herkkutatti (fi) — Boletus edulis	herkkutatti (fi)	10	2016-07-25	Kuopio	Pohjois-Savo (PS)	Suomi	62.816687	27.676504	Sure	NEUTRAL	The Atlas of Finnish Fungi
herkkutatti (fi) — Boletus edulis	herkkutatti (fi)		2016-07-24	Sysmä	Etelä-Häme (EH)	Suomi	61.3987	25.52753		COMMUNITY_VERIFIED	iNaturalist Suomi Finland
herkkutatti (fi) — Boletus edulis	herkkutatti (fi)	1	2016-07-22 [9:08-12:01]	Somero	Etelä-Häme (EH)	Suomi	60.666135	23.613691	Sure	NEUTRAL	Hatikka.fi observations
herkkutatti (fi) — Boletus edulis	herkkutatti (fi)	3	2016-07-14	Turku	Varsinais-Suomi (V)	Suomi	60.507813	22.257918		NEUTRAL	Hatikka.fi observations
herkkutatti (fi) — Boletus edulis	herkkutatti (fi)		2015-08-23	Joensuu	Pohjois-Karjala (PK)	Suomi	62.60041	29.75527		NEUTRAL	iNaturalist Suomi Finland
herkkutatti (fi) — Boletus edulis	herkkutatti (fi)		2015-08-14	Oulu	Oulun Pohjanmaa (OP)	Suomi	65.06	25.556666		NEUTRAL	Agaricales Fennoscandiae orientalis
herkkutatti (fi) — Boletus edulis	herkkutatti (fi)		2015-08-14	Oulu	Oulun Pohjanmaa (OP)	Suomi	65.060114	25.556896		NEUTRAL	Fungal collection of the Botanical Museum, University of Oulu (OULU)
herkkutatti (fi) — Boletus edulis	herkkutatti (fi)		2015-07-29	Vesilahti	Etelä-Häme (EH)	Suomi	61.334622	23.55774	Sure	NEUTRAL	The Atlas of Finnish Fungi
herkkutatti (fi) — Boletus edulis	herkkutatti (fi)		2015-07-28	Oulu	Oulun Pohjanmaa (OP)	Suomi	65.060114	25.556896		NEUTRAL	Fungal collection of the Botanical Museum, University of Oulu (OULU)
herkkutatti (fi) — Boletus edulis	herkkutatti (fi)	1	2015-07-28	Masku	Varsinais-Suomi (V)	Suomi	60.556719	22.121269		NEUTRAL	Hatikka.fi observations
