Species	Vernacular name	Number	Time	Municipality	Biogeographical Province	Country	WGS84 N	WGS84 E	The stated certainty of the observation	Observation Reliability	Collection
karvarousku (fi) — Lactarius torminosus	karvarousku (fi)		2026-09-16	Tuusula	Uusimaa (U)	Suomi	60.39788	25.03995		NEUTRAL	iNaturalist Suomi Finland
karvarousku (fi) — Lactarius torminosus	karvarousku (fi)		2026-09-15	Helsinki	Uusimaa (U)	Suomi	60.22522	25.01305		COMMUNITY_VERIFIED	iNaturalist Suomi Finland
karvarousku (fi) — Lactarius torminosus	karvarousku (fi)		2026-09-15	Helsinki	Uusimaa (U)	Suomi	60.22481	25.01288		COMMUNITY_VERIFIED	iNaturalist Suomi Finland
karvarousku (fi) — Lactarius torminosus	karvarousku (fi)		2026-09-15	Sipoo	Uusimaa (U)	Suomi	60.34582	25.20955		COMMUNITY_VERIFIED	iNaturalist Suomi Finland
karvarousku (fi) — Lactarius torminosus	karvarousku (fi)		2026-09-15	Helsinki	Uusimaa (U)	Suomi	60.2254	25.01326		COMMUNITY_VERIFIED	iNaturalist Suomi Finland
karvarousku (fi) — Lactarius torminosus	karvarousku (fi)		2026-09-15	Vantaa	Uusimaa (U)	Suomi	60.2799	25.12919		COMMUNITY_VERIFIED	iNaturalist Suomi Finland
karvarousku (fi) — Lactarius torminosus	karvarousku (fi)		2026-09-15	Sipoo	Uusimaa (U)	Suomi	60.34527	25.20917		COMMUNITY_VERIFIED	iNaturalist Suomi Finland
karvarousku (fi) — Lactarius torminosus	karvarousku (fi)		2026-09-15	Helsinki	Uusimaa (U)	Suomi	60.22643	25.0132		NEUTRAL	iNaturalist Suomi Finland
karvarousku (fi) — Lactarius torminosus	karvarousku (fi)		2026-09-15	Jyväskylä	Pohjois-Häme (PH)	Suomi	62.253707	25.910616	Sure	NEUTRAL	Notebook, general observations
karvarousku (fi) — Lactarius torminosus	karvarousku (fi)		2026-09-14 - 2026-09-15	Espoo	Uusimaa (U)	Suomi	60.191668	24.685817	Sure	NEUTRAL	The Atlas of Finnish Fungi
karvarousku (fi) — Lactarius torminosus	karvarousku (fi)		2026-09-14	Parainen	Varsinais-Suomi (V)	Suomi	60.32443	22.27553		NEUTRAL	iNaturalist Suomi Finland
karvarousku (fi) — Lactarius torminosus	karvarousku (fi)		2026-09-14	Parainen	Varsinais-Suomi (V)	Suomi	60.32574	22.27556		NEUTRAL	iNaturalist Suomi Finland
karvarousku (fi) — Lactarius torminosus	karvarousku (fi)		2026-09-13	Espoo	Uusimaa (U)	Suomi	60.16187	24.76785		COMMUNITY_VERIFIED	iNaturalist Suomi Finland
karvarousku (fi) — Lactarius torminosus	karvarousku (fi)		2026-09-13	Helsinki	Uusimaa (U)	Suomi	60.27696	25.19288		COMMUNITY_VERIFIED	iNaturalist Suomi Finland
karvarousku (fi) — Lactarius torminosus	karvarousku (fi)		2026-09-13	Sievi	Keski-Pohjanmaa (KP)	Suomi	63.86306	24.61603		COMMUNITY_VERIFIED	iNaturalist Suomi Finland
karvarousku (fi) — Lactarius torminosus	karvarousku (fi)		2026-09-13	Pori	Satakunta (St)	Suomi	61.46264	21.86965		COMMUNITY_VERIFIED	iNaturalist Suomi Finland
karvarousku (fi) — Lactarius torminosus	karvarousku (fi)		2026-09-13 [15:19-16:52]	Tampere	Etelä-Häme (EH)	Suomi	61.467234	23.812058	Sure	NEUTRAL	The Atlas of Finnish Fungi
karvarousku (fi) — Lactarius torminosus	karvarousku (fi)		2026-09-13	Tyrnävä	Oulun Pohjanmaa (OP)	Suomi	64.74921	25.83586		NEUTRAL	iNaturalist Suomi Finland
karvarousku (fi) — Lactarius torminosus	karvarousku (fi)		2026-09-13	Parainen	Varsinais-Suomi (V)	Suomi	60.30404	22.26713		NEUTRAL	iNaturalist Suomi Finland
karvarousku (fi) — Lactarius torminosus	karvarousku (fi)		2026-09-12	Lahti	Etelä-Häme (EH)	Suomi	60.9253	26.02583		COMMUNITY_VERIFIED	iNaturalist Suomi Finland
karvarousku (fi) — Lactarius torminosus	karvarousku (fi)		2026-09-12	Lahti	Etelä-Häme (EH)	Suomi	60.92533	26.02613		COMMUNITY_VERIFIED	iNaturalist Suomi Finland
karvarousku (fi) — Lactarius torminosus	karvarousku (fi)		2026-09-12	Sotkamo	Kainuu (Kn)	Suomi	64.12925	28.36977		COMMUNITY_VERIFIED	iNaturalist Suomi Finland
karvarousku (fi) — Lactarius torminosus	karvarousku (fi)		2026-09-12	Kirkkonummi	Uusimaa (U)	Suomi	60.079792	24.585243	Sure	NEUTRAL	The Atlas of Finnish Fungi
karvarousku (fi) — Lactarius torminosus	karvarousku (fi)		2026-09-12 [9:42-11:15]	Helsinki	Uusimaa (U)	Suomi	60.246762	25.166091	Sure	NEUTRAL	The Atlas of Finnish Fungi
karvarousku (fi) — Lactarius torminosus	karvarousku (fi)		2026-09-11	Espoo	Uusimaa (U)	Suomi	60.191997	24.665391	Sure	NEUTRAL	The Atlas of Finnish Fungi
karvarousku (fi) — Lactarius torminosus	karvarousku (fi)		2026-09-11	Espoo	Uusimaa (U)	Suomi	60.25968	24.61447		COMMUNITY_VERIFIED	iNaturalist Suomi Finland
karvarousku (fi) — Lactarius torminosus	karvarousku (fi)		2026-09-11	Porvoo	Uusimaa (U)	Suomi	60.38415	25.68926		COMMUNITY_VERIFIED	iNaturalist Suomi Finland
karvarousku (fi) — Lactarius torminosus	karvarousku (fi)		2026-09-10 - 2026-09-16	Kauniainen	Uusimaa (U)	Suomi	60.212134	24.680301	Sure	NEUTRAL	The Atlas of Finnish Fungi
karvarousku (fi) — Lactarius torminosus	karvarousku (fi)		2026-09-10	Helsinki	Uusimaa (U)	Suomi	60.22982	25.1472		COMMUNITY_VERIFIED	iNaturalist Suomi Finland
karvarousku (fi) — Lactarius torminosus	karvarousku (fi)		2026-09-10	Espoo	Uusimaa (U)	Suomi	60.19317	24.78188		COMMUNITY_VERIFIED	iNaturalist Suomi Finland
karvarousku (fi) — Lactarius torminosus	karvarousku (fi)		2026-09-09	Jyväskylä	Pohjois-Häme (PH)	Suomi	62.23453	26.03188		COMMUNITY_VERIFIED	iNaturalist Suomi Finland
karvarousku (fi) — Lactarius torminosus	karvarousku (fi)		2026-09-09	Laukaa	Pohjois-Häme (PH)	Suomi	62.26758	26.20404		COMMUNITY_VERIFIED	iNaturalist Suomi Finland
karvarousku (fi) — Lactarius torminosus	karvarousku (fi)		2026-09-09	Jyväskylä	Pohjois-Häme (PH)	Suomi	62.23441	26.03208		COMMUNITY_VERIFIED	iNaturalist Suomi Finland
karvarousku (fi) — Lactarius torminosus	karvarousku (fi)		2026-09-08	Helsinki	Uusimaa (U)	Suomi	60.26361	25.20836		COMMUNITY_VERIFIED	iNaturalist Suomi Finland
karvarousku (fi) — Lactarius torminosus	karvarousku (fi)		2026-09-07	Raasepori	Varsinais-Suomi (V)	Suomi	60.12979	23.49964	Sure	NEUTRAL	The Atlas of Finnish Fungi
karvarousku (fi) — Lactarius torminosus	karvarousku (fi)		2026-09-07	Laukaa	Pohjois-Häme (PH)	Suomi	62.41795	25.96469		COMMUNITY_VERIFIED	iNaturalist Suomi Finland
karvarousku (fi) — Lactarius torminosus	karvarousku (fi)		2026-09-06	Oulu	Oulun Pohjanmaa (OP)	Suomi	65.06389	25.45714		COMMUNITY_VERIFIED	iNaturalist Suomi Finland
karvarousku (fi) — Lactarius torminosus	karvarousku (fi)		2026-09-06	Kouvola	Etelä-Savo (ES)	Suomi	60.87863	26.74834		COMMUNITY_VERIFIED	iNaturalist Suomi Finland
karvarousku (fi) — Lactarius torminosus	karvarousku (fi)		2026-09-06 [12:33-14:56]	Tampere	Etelä-Häme (EH)	Suomi	61.466982	23.814754	Sure	NEUTRAL	The Atlas of Finnish Fungi
karvarousku (fi) — Lactarius torminosus	karvarousku (fi)		2026-09-06	Aura, Lieto, Loimaa, Pöytyä	Satakunta (St), Varsinais-Suomi (V)	Suomi	60.7	22.7		COMMUNITY_VERIFIED	iNaturalist Suomi Finland
karvarousku (fi) — Lactarius torminosus	karvarousku (fi)		2026-09-05	Kangasala, Lempäälä, Orivesi, Pälkäne, Tampere, Ylöjärvi	Etelä-Häme (EH)	Suomi	61.51705	24.02629		COMMUNITY_VERIFIED	iNaturalist Suomi Finland
karvarousku (fi) — Lactarius torminosus	karvarousku (fi)		2026-09-05	Oulu	Oulun Pohjanmaa (OP)	Suomi	65.06439	25.48531		COMMUNITY_VERIFIED	iNaturalist Suomi Finland
karvarousku (fi) — Lactarius torminosus	karvarousku (fi)		2026-09-05	Jyväskylä	Pohjois-Häme (PH)	Suomi	62.39482	25.65476		COMMUNITY_VERIFIED	iNaturalist Suomi Finland
karvarousku (fi) — Lactarius torminosus	karvarousku (fi)		2026-09-05	Lappeenranta	Etelä-Savo (ES)	Suomi	60.99646	28.20173		COMMUNITY_VERIFIED	iNaturalist Suomi Finland
karvarousku (fi) — Lactarius torminosus	karvarousku (fi)		2026-09-04	Oulu	Oulun Pohjanmaa (OP)	Suomi	65.07514	25.47054		COMMUNITY_VERIFIED	iNaturalist Suomi Finland
karvarousku (fi) — Lactarius torminosus	karvarousku (fi)		2026-09-04	Kuopio	Pohjois-Savo (PS)	Suomi	63.04024	27.18836		COMMUNITY_VERIFIED	iNaturalist Suomi Finland
karvarousku (fi) — Lactarius torminosus	karvarousku (fi)		2026-09-04	Kouvola	Etelä-Savo (ES)	Suomi	60.87866	26.7465		COMMUNITY_VERIFIED	iNaturalist Suomi Finland
karvarousku (fi) — Lactarius torminosus	karvarousku (fi)		2026-09-04	Pälkäne	Etelä-Häme (EH)	Suomi	61.27595	24.70774		COMMUNITY_VERIFIED	iNaturalist Suomi Finland
karvarousku (fi) — Lactarius torminosus	karvarousku (fi)		2026-09-04	Kouvola	Etelä-Savo (ES)	Suomi	60.87834	26.74952		COMMUNITY_VERIFIED	iNaturalist Suomi Finland
karvarousku (fi) — Lactarius torminosus	karvarousku (fi)		2026-09-03	Lahti	Etelä-Häme (EH)	Suomi	61.017697	25.692883	Sure	NEUTRAL	The Atlas of Finnish Fungi
karvarousku (fi) — Lactarius torminosus	karvarousku (fi)		2026-09-03	Oulu	Oulun Pohjanmaa (OP)	Suomi	65.00087	25.8648		COMMUNITY_VERIFIED	iNaturalist Suomi Finland
karvarousku (fi) — Lactarius torminosus	karvarousku (fi)		2026-09-03	Oulu	Oulun Pohjanmaa (OP)	Suomi	65.00027	25.86259		COMMUNITY_VERIFIED	iNaturalist Suomi Finland
karvarousku (fi) — Lactarius torminosus	karvarousku (fi)		2026-09-03	Oulu	Oulun Pohjanmaa (OP)	Suomi	65.06468	25.48706		COMMUNITY_VERIFIED	iNaturalist Suomi Finland
karvarousku (fi) — Lactarius torminosus	karvarousku (fi)		2026-09-03	Helsinki	Uusimaa (U)	Suomi	60.20948	24.87475		COMMUNITY_VERIFIED	iNaturalist Suomi Finland
karvarousku (fi) — Lactarius torminosus	karvarousku (fi)		2026-09-03	Uurainen	Pohjois-Häme (PH)	Suomi	62.48361	25.43158		NEUTRAL	iNaturalist Suomi Finland
karvarousku (fi) — Lactarius torminosus	karvarousku (fi)		2026-09-03	Lempäälä, Nokia, Pirkkala, Tampere, Ylöjärvi	Etelä-Häme (EH)	Suomi	61.5	23.7		COMMUNITY_VERIFIED	iNaturalist Suomi Finland
karvarousku (fi) — Lactarius torminosus	karvarousku (fi)		2026-09-03	Oulu	Oulun Pohjanmaa (OP)	Suomi	64.99915	25.86201		NEUTRAL	iNaturalist Suomi Finland
karvarousku (fi) — Lactarius torminosus	karvarousku (fi)		2026-09-03	Espoo	Uusimaa (U)	Suomi	60.2928	24.5623		NEUTRAL	iNaturalist Suomi Finland
karvarousku (fi) — Lactarius torminosus	karvarousku (fi)		2026-09-02	Oulu	Oulun Pohjanmaa (OP)	Suomi	65.06378	25.52882		COMMUNITY_VERIFIED	iNaturalist Suomi Finland
karvarousku (fi) — Lactarius torminosus	karvarousku (fi)		2026-09-02	Oulu	Oulun Pohjanmaa (OP)	Suomi	65.0633	25.51707		COMMUNITY_VERIFIED	iNaturalist Suomi Finland
karvarousku (fi) — Lactarius torminosus	karvarousku (fi)		2026-09-02	Jyväskylä	Etelä-Häme (EH)	Suomi	62.1315	25.74894		COMMUNITY_VERIFIED	iNaturalist Suomi Finland
karvarousku (fi) — Lactarius torminosus	karvarousku (fi)		2026-09-02	Asikkala, Hollola, Lahti	Etelä-Häme (EH)	Suomi	61.1	25.7		COMMUNITY_VERIFIED	iNaturalist Suomi Finland
karvarousku (fi) — Lactarius torminosus	karvarousku (fi)		2026-09-02	Oulu	Oulun Pohjanmaa (OP)	Suomi	65.01925	25.45554		COMMUNITY_VERIFIED	iNaturalist Suomi Finland
karvarousku (fi) — Lactarius torminosus	karvarousku (fi)		2026-09-02	Oulu	Oulun Pohjanmaa (OP)	Suomi	64.97674	25.57031		COMMUNITY_VERIFIED	iNaturalist Suomi Finland
karvarousku (fi) — Lactarius torminosus	karvarousku (fi)		2026-09-02	Jyväskylä	Pohjois-Häme (PH)	Suomi	62.21234	25.74606		COMMUNITY_VERIFIED	iNaturalist Suomi Finland
karvarousku (fi) — Lactarius torminosus	karvarousku (fi)		2026-09-01	Lapinlahti	Pohjois-Savo (PS)	Suomi	63.36205	27.40222		COMMUNITY_VERIFIED	iNaturalist Suomi Finland
karvarousku (fi) — Lactarius torminosus	karvarousku (fi)		2026-09-01	Nurmes	Pohjois-Karjala (PK)	Suomi	63.46791	29.1838		COMMUNITY_VERIFIED	iNaturalist Suomi Finland
karvarousku (fi) — Lactarius torminosus	karvarousku (fi)		2026-09-01	Jyväskylä	Pohjois-Häme (PH)	Suomi	62.36935	25.69585		COMMUNITY_VERIFIED	iNaturalist Suomi Finland
karvarousku (fi) — Lactarius torminosus	karvarousku (fi)		2026-09-01	Helsinki	Uusimaa (U)	Suomi	60.21943	25.03893		COMMUNITY_VERIFIED	iNaturalist Suomi Finland
karvarousku (fi) — Lactarius torminosus	karvarousku (fi)		2026-09-01	Kuopio	Pohjois-Savo (PS)	Suomi	63.17266	27.32592		COMMUNITY_VERIFIED	iNaturalist Suomi Finland
karvarousku (fi) — Lactarius torminosus	karvarousku (fi)		2026-09-01	Kouvola	Etelä-Savo (ES)	Suomi	60.89216	26.78449		COMMUNITY_VERIFIED	iNaturalist Suomi Finland
karvarousku (fi) — Lactarius torminosus	karvarousku (fi)		2026-09-01	Oulu	Oulun Pohjanmaa (OP)	Suomi	65.06211	25.45756		COMMUNITY_VERIFIED	iNaturalist Suomi Finland
karvarousku (fi) — Lactarius torminosus	karvarousku (fi)		2026-09-01	Kouvola	Etelä-Savo (ES)	Suomi	60.89574	26.77754		COMMUNITY_VERIFIED	iNaturalist Suomi Finland
karvarousku (fi) — Lactarius torminosus	karvarousku (fi)		2026-09-01	Oulu	Oulun Pohjanmaa (OP)	Suomi	65.01604	25.43035		COMMUNITY_VERIFIED	iNaturalist Suomi Finland
karvarousku (fi) — Lactarius torminosus	karvarousku (fi)		2026-09-01	Lapinlahti	Pohjois-Savo (PS)	Suomi	63.36193	27.40189		COMMUNITY_VERIFIED	iNaturalist Suomi Finland
karvarousku (fi) — Lactarius torminosus	karvarousku (fi)		2026-09-01	Sievi	Keski-Pohjanmaa (KP)	Suomi	64.00004	24.31208		COMMUNITY_VERIFIED	iNaturalist Suomi Finland
karvarousku (fi) — Lactarius torminosus	karvarousku (fi)		2026-09-01	Oulu	Oulun Pohjanmaa (OP)	Suomi	65.0634	25.45896		NEUTRAL	iNaturalist Suomi Finland
karvarousku (fi) — Lactarius torminosus	karvarousku (fi)		2026-08-31	Tampere	Etelä-Häme (EH)	Suomi	61.51329	23.64115		COMMUNITY_VERIFIED	iNaturalist Suomi Finland
karvarousku (fi) — Lactarius torminosus	karvarousku (fi)		2026-08-31	Oulu	Oulun Pohjanmaa (OP)	Suomi	65.15603	25.30027		COMMUNITY_VERIFIED	iNaturalist Suomi Finland
karvarousku (fi) — Lactarius torminosus	karvarousku (fi)		2026-08-31	Kouvola	Etelä-Savo (ES)	Suomi	60.87509	26.73022		NEUTRAL	iNaturalist Suomi Finland
karvarousku (fi) — Lactarius torminosus	karvarousku (fi)		2026-08-31	Sievi	Keski-Pohjanmaa (KP)	Suomi	63.98543	24.27658		COMMUNITY_VERIFIED	iNaturalist Suomi Finland
karvarousku (fi) — Lactarius torminosus	karvarousku (fi)		2026-08-31	Kaavi	Pohjois-Karjala (PK)	Suomi	63.02924	28.52137		COMMUNITY_VERIFIED	iNaturalist Suomi Finland
karvarousku (fi) — Lactarius torminosus	karvarousku (fi)		2026-08-30	Lahti	Etelä-Häme (EH)	Suomi	61.01349	25.69005		COMMUNITY_VERIFIED	iNaturalist Suomi Finland
karvarousku (fi) — Lactarius torminosus	karvarousku (fi)		2026-08-30	Lapinlahti	Pohjois-Savo (PS)	Suomi	63.33479	27.31153		COMMUNITY_VERIFIED	iNaturalist Suomi Finland
karvarousku (fi) — Lactarius torminosus	karvarousku (fi)		2026-08-30	Lapinlahti	Pohjois-Savo (PS)	Suomi	63.32899	27.27879		NEUTRAL	iNaturalist Suomi Finland
karvarousku (fi) — Lactarius torminosus	karvarousku (fi)		2026-08-30	Rovaniemi	Perä-Pohjanmaa (PeP)	Suomi	66.50455	25.72907		COMMUNITY_VERIFIED	iNaturalist Suomi Finland
karvarousku (fi) — Lactarius torminosus	karvarousku (fi)		2026-08-30	Orimattila	Uusimaa (U)	Suomi	60.814224	25.866412	Sure	NEUTRAL	Notebook, general observations
karvarousku (fi) — Lactarius torminosus	karvarousku (fi)		2026-08-30	Kinnula	Pohjois-Häme (PH)	Suomi	63.30744	25.10338		NEUTRAL	iNaturalist Suomi Finland
karvarousku (fi) — Lactarius torminosus	karvarousku (fi)		2026-08-29	Joensuu	Pohjois-Karjala (PK)	Suomi	62.40931	30.17654		COMMUNITY_VERIFIED	iNaturalist Suomi Finland
karvarousku (fi) — Lactarius torminosus	karvarousku (fi)		2026-08-29	Espoo	Uusimaa (U)	Suomi	60.266506	24.646683	Sure	NEUTRAL	The Atlas of Finnish Fungi
karvarousku (fi) — Lactarius torminosus	karvarousku (fi)		2026-08-29	Kuusamo	Koillismaa (Ks)	Suomi	66.1	29.1		NEUTRAL	iNaturalist Suomi Finland
karvarousku (fi) — Lactarius torminosus	karvarousku (fi)		2026-08-28	Viitasaari	Pohjois-Häme (PH)	Suomi	63.07342	25.85974		COMMUNITY_VERIFIED	iNaturalist Suomi Finland
karvarousku (fi) — Lactarius torminosus	karvarousku (fi)		2026-08-28	Rovaniemi	Perä-Pohjanmaa (PeP)	Suomi	66.49024	25.79912		COMMUNITY_VERIFIED	iNaturalist Suomi Finland
karvarousku (fi) — Lactarius torminosus	karvarousku (fi)		2026-08-28	Äänekoski	Pohjois-Häme (PH)	Suomi	62.83243	25.76841		COMMUNITY_VERIFIED	iNaturalist Suomi Finland
karvarousku (fi) — Lactarius torminosus	karvarousku (fi)		2026-08-28	Ruovesi	Etelä-Häme (EH)	Suomi	62.0656	24.0038		COMMUNITY_VERIFIED	iNaturalist Suomi Finland
karvarousku (fi) — Lactarius torminosus	karvarousku (fi)		2026-08-28	Kokkola	Keski-Pohjanmaa (KP)	Suomi	64.05756	23.47054		COMMUNITY_VERIFIED	iNaturalist Suomi Finland
karvarousku (fi) — Lactarius torminosus	karvarousku (fi)		2026-08-28	Kuopio	Pohjois-Savo (PS)	Suomi	62.90783	27.56281		COMMUNITY_VERIFIED	iNaturalist Suomi Finland
karvarousku (fi) — Lactarius torminosus	karvarousku (fi)		2026-08-27	Lapinlahti	Pohjois-Savo (PS)	Suomi	63.3	27.5		COMMUNITY_VERIFIED	iNaturalist Suomi Finland
karvarousku (fi) — Lactarius torminosus	karvarousku (fi)		2026-08-27	Lapinlahti	Pohjois-Savo (PS)	Suomi	63.3	27.5		COMMUNITY_VERIFIED	iNaturalist Suomi Finland
karvarousku (fi) — Lactarius torminosus	karvarousku (fi)		2026-08-27	Kuopio, Lapinlahti	Pohjois-Savo (PS)	Suomi	63.3	27.3		COMMUNITY_VERIFIED	iNaturalist Suomi Finland
karvarousku (fi) — Lactarius torminosus	karvarousku (fi)		2026-08-27	Ylivieska	Keski-Pohjanmaa (KP)	Suomi	63.96026	24.53471		COMMUNITY_VERIFIED	iNaturalist Suomi Finland
karvarousku (fi) — Lactarius torminosus	karvarousku (fi)		2026-08-27	Ylivieska	Keski-Pohjanmaa (KP)	Suomi	63.96038	24.53458		COMMUNITY_VERIFIED	iNaturalist Suomi Finland
karvarousku (fi) — Lactarius torminosus	karvarousku (fi)		2026-08-27	Lapinlahti	Pohjois-Savo (PS)	Suomi	63.3	27.5		COMMUNITY_VERIFIED	iNaturalist Suomi Finland
karvarousku (fi) — Lactarius torminosus	karvarousku (fi)		2026-08-27	Lapinlahti	Pohjois-Savo (PS)	Suomi	63.3	27.5		NEUTRAL	iNaturalist Suomi Finland
karvarousku (fi) — Lactarius torminosus	karvarousku (fi)		2026-08-27	Kangasala	Etelä-Häme (EH)	Suomi	61.45472	24.11151		COMMUNITY_VERIFIED	iNaturalist Suomi Finland
karvarousku (fi) — Lactarius torminosus	karvarousku (fi)		2026-08-26	Jyväskylä	Pohjois-Häme (PH)	Suomi	62.18356	25.73718		NEUTRAL	iNaturalist Suomi Finland
karvarousku (fi) — Lactarius torminosus	karvarousku (fi)		2026-08-26	Oulu	Oulun Pohjanmaa (OP)	Suomi	65.1	25.5		COMMUNITY_VERIFIED	iNaturalist Suomi Finland
karvarousku (fi) — Lactarius torminosus	karvarousku (fi)		2026-08-26	Merikarvia	Satakunta (St)	Suomi	61.9001	21.47035		COMMUNITY_VERIFIED	iNaturalist Suomi Finland
karvarousku (fi) — Lactarius torminosus	karvarousku (fi)		2026-08-25	Tampere	Etelä-Häme (EH)	Suomi	61.495161	23.733488	Sure	NEUTRAL	The Atlas of Finnish Fungi
karvarousku (fi) — Lactarius torminosus	karvarousku (fi)		2026-08-25	Ylivieska	Keski-Pohjanmaa (KP)	Suomi	64.06623	24.50072		COMMUNITY_VERIFIED	iNaturalist Suomi Finland
karvarousku (fi) — Lactarius torminosus	karvarousku (fi)		2026-08-25	Jyväskylä	Pohjois-Häme (PH)	Suomi	62.25442	25.69349		COMMUNITY_VERIFIED	iNaturalist Suomi Finland
karvarousku (fi) — Lactarius torminosus	karvarousku (fi)		2026-08-25	Ylivieska	Keski-Pohjanmaa (KP)	Suomi	64.06681	24.50059		NEUTRAL	iNaturalist Suomi Finland
karvarousku (fi) — Lactarius torminosus	karvarousku (fi)		2026-08-25	Ylivieska	Keski-Pohjanmaa (KP)	Suomi	64.06664	24.49992		COMMUNITY_VERIFIED	iNaturalist Suomi Finland
karvarousku (fi) — Lactarius torminosus	karvarousku (fi)		2026-08-25	Iisalmi	Pohjois-Savo (PS)	Suomi	63.58854	27.05387		COMMUNITY_VERIFIED	iNaturalist Suomi Finland
karvarousku (fi) — Lactarius torminosus	karvarousku (fi)		2026-08-24	Hirvensalmi	Etelä-Savo (ES)	Suomi	61.79347	26.63163		COMMUNITY_VERIFIED	iNaturalist Suomi Finland
karvarousku (fi) — Lactarius torminosus	karvarousku (fi)		2026-08-24	Oulu	Oulun Pohjanmaa (OP)	Suomi	65.06351	25.51553		COMMUNITY_VERIFIED	iNaturalist Suomi Finland
karvarousku (fi) — Lactarius torminosus	karvarousku (fi)		2026-08-24	Jyväskylä	Etelä-Häme (EH)	Suomi	62.11821	25.77987		COMMUNITY_VERIFIED	iNaturalist Suomi Finland
karvarousku (fi) — Lactarius torminosus	karvarousku (fi)		2026-08-24	Viitasaari	Pohjois-Häme (PH)	Suomi	62.9634	26.20659		COMMUNITY_VERIFIED	iNaturalist Suomi Finland
karvarousku (fi) — Lactarius torminosus	karvarousku (fi)		2026-08-23	Närpiö	Etelä-Pohjanmaa (EP)	Suomi	62.53112	21.11282		COMMUNITY_VERIFIED	iNaturalist Suomi Finland
karvarousku (fi) — Lactarius torminosus	karvarousku (fi)		2026-08-23	Rovaniemi	Perä-Pohjanmaa (PeP)	Suomi	66.52307	25.6706		COMMUNITY_VERIFIED	iNaturalist Suomi Finland
karvarousku (fi) — Lactarius torminosus	karvarousku (fi)		2026-08-23	Rovaniemi	Perä-Pohjanmaa (PeP)	Suomi	66.50114	25.75109		COMMUNITY_VERIFIED	iNaturalist Suomi Finland
karvarousku (fi) — Lactarius torminosus	karvarousku (fi)		2026-08-22	Liminka	Oulun Pohjanmaa (OP)	Suomi	64.77193	25.40069		COMMUNITY_VERIFIED	iNaturalist Suomi Finland
karvarousku (fi) — Lactarius torminosus	karvarousku (fi)		2026-08-22	Pyhäjärvi	Keski-Pohjanmaa (KP)	Suomi	63.64335	25.97669		COMMUNITY_VERIFIED	iNaturalist Suomi Finland
karvarousku (fi) — Lactarius torminosus	karvarousku (fi)		2026-08-22	Hämeenkyrö, Kangasala, Lempäälä, Nokia, Pirkkala, Tampere, Vesilahti, Ylöjärvi	Etelä-Häme (EH), Satakunta (St)	Suomi	61.44387	23.63312		NEUTRAL	iNaturalist Suomi Finland
karvarousku (fi) — Lactarius torminosus	karvarousku (fi)		2026-08-21	Muurame	Etelä-Häme (EH)	Suomi	62.17987	25.75341		COMMUNITY_VERIFIED	iNaturalist Suomi Finland
karvarousku (fi) — Lactarius torminosus	karvarousku (fi)	2	2026-08-21	Oulu	Oulun Pohjanmaa (OP)	Suomi	65.1556	25.3983	Sure	NEUTRAL	The Atlas of Finnish Fungi
karvarousku (fi) — Lactarius torminosus	karvarousku (fi)		2026-08-20	Liminka, Lumijoki, Siikajoki	Keski-Pohjanmaa (KP), Oulun Pohjanmaa (OP)	Suomi	64.7	25.1		COMMUNITY_VERIFIED	iNaturalist Suomi Finland
karvarousku (fi) — Lactarius torminosus	karvarousku (fi)		2026-08-20	Oulu	Oulun Pohjanmaa (OP)	Suomi	65.02057	25.48048		NEUTRAL	iNaturalist Suomi Finland
karvarousku (fi) — Lactarius torminosus	karvarousku (fi)		2026-08-19	Kuusamo	Koillismaa (Ks)	Suomi	66.1	29.5		COMMUNITY_VERIFIED	iNaturalist Suomi Finland
karvarousku (fi) — Lactarius torminosus	karvarousku (fi)		2026-08-18	Kittilä	Kittilän Lappi (KiL)	Suomi	67.7	25.3		COMMUNITY_VERIFIED	iNaturalist Suomi Finland
karvarousku (fi) — Lactarius torminosus	karvarousku (fi)		2026-08-18	Viitasaari	Pohjois-Häme (PH)	Suomi	63.09147	25.83781		COMMUNITY_VERIFIED	iNaturalist Suomi Finland
karvarousku (fi) — Lactarius torminosus	karvarousku (fi)		2026-08-17	Toholampi	Keski-Pohjanmaa (KP)	Suomi	63.62059	24.40512		COMMUNITY_VERIFIED	iNaturalist Suomi Finland
karvarousku (fi) — Lactarius torminosus	karvarousku (fi)		2026-08-17	Turku	Varsinais-Suomi (V)	Suomi	60.42353	22.26858		COMMUNITY_VERIFIED	iNaturalist Suomi Finland
karvarousku (fi) — Lactarius torminosus	karvarousku (fi)		2026-08-17	Kouvola	Etelä-Savo (ES)	Suomi	60.87408	26.74459		COMMUNITY_VERIFIED	iNaturalist Suomi Finland
karvarousku (fi) — Lactarius torminosus	karvarousku (fi)		2026-08-16	Espoo	Uusimaa (U)	Suomi	60.17655	24.71668		NEUTRAL	iNaturalist Suomi Finland
karvarousku (fi) — Lactarius torminosus	karvarousku (fi)		2026-08-16	Espoo	Uusimaa (U)	Suomi	60.310154	24.736065	Sure	NEUTRAL	The Atlas of Finnish Fungi
karvarousku (fi) — Lactarius torminosus	karvarousku (fi)		2026-08-16	Tuusula	Uusimaa (U)	Suomi	60.36492	25.00976		NEUTRAL	iNaturalist Suomi Finland
karvarousku (fi) — Lactarius torminosus	karvarousku (fi)	2	2026-08-16	Tampere	Etelä-Häme (EH)	Suomi	61.497922	23.607802	Sure	NEUTRAL	Notebook, general observations
karvarousku (fi) — Lactarius torminosus	karvarousku (fi)		2026-08-15	Karstula	Pohjois-Häme (PH)	Suomi	62.8702	24.85197		COMMUNITY_VERIFIED	iNaturalist Suomi Finland
karvarousku (fi) — Lactarius torminosus	karvarousku (fi)		2026-08-15	Hämeenlinna	Etelä-Häme (EH)	Suomi	61.24133	25.06672		COMMUNITY_VERIFIED	iNaturalist Suomi Finland
karvarousku (fi) — Lactarius torminosus	karvarousku (fi)		2026-08-15	Reisjärvi	Keski-Pohjanmaa (KP)	Suomi	63.60966	25.1887		COMMUNITY_VERIFIED	iNaturalist Suomi Finland
karvarousku (fi) — Lactarius torminosus	karvarousku (fi)		2026-08-15	Liminka	Oulun Pohjanmaa (OP)	Suomi	64.77192	25.4007		COMMUNITY_VERIFIED	iNaturalist Suomi Finland
karvarousku (fi) — Lactarius torminosus	karvarousku (fi)		2026-08-15	Vantaa	Uusimaa (U)	Suomi	60.26394	24.86421		NEUTRAL	iNaturalist Suomi Finland
karvarousku (fi) — Lactarius torminosus	karvarousku (fi)		2026-08-14	Porvoo	Uusimaa (U)	Suomi	60.401712	25.74719	Sure	NEUTRAL	The Atlas of Finnish Fungi
karvarousku (fi) — Lactarius torminosus	karvarousku (fi)		2026-08-13	Ylöjärvi	Etelä-Häme (EH)	Suomi	61.54586	23.5687		COMMUNITY_VERIFIED	iNaturalist Suomi Finland
karvarousku (fi) — Lactarius torminosus	karvarousku (fi)		2026-08-13	Tampere	Etelä-Häme (EH)	Suomi	61.49221	23.79571		COMMUNITY_VERIFIED	iNaturalist Suomi Finland
karvarousku (fi) — Lactarius torminosus	karvarousku (fi)		2026-08-13 [15:50-17:50]	Kihniö	Satakunta (St)	Suomi	62.172999	23.126071	Sure	NEUTRAL	Notebook, general observations
karvarousku (fi) — Lactarius torminosus	karvarousku (fi)	1	2026-08-12 [0:00]	Siilinjärvi	Pohjois-Savo (PS)	Suomi	63.072244	27.678163	Sure	NEUTRAL	Notebook, general observations
karvarousku (fi) — Lactarius torminosus	karvarousku (fi)		2026-08-11	Kuusamo	Koillismaa (Ks)	Suomi	66.26045	28.86776		NEUTRAL	iNaturalist Suomi Finland
karvarousku (fi) — Lactarius torminosus	karvarousku (fi)		2026-08-10	Oulu	Oulun Pohjanmaa (OP)	Suomi	64.98601	25.74792		NEUTRAL	iNaturalist Suomi Finland
karvarousku (fi) — Lactarius torminosus	karvarousku (fi)	2	2026-08-08	Muhos	Oulun Pohjanmaa (OP)	Suomi	64.853552	26.151374	Sure	NEUTRAL	Notebook, general observations
karvarousku (fi) — Lactarius torminosus	karvarousku (fi)		2026-08-06	Oulu	Oulun Pohjanmaa (OP)	Suomi	65.0648	25.48438		COMMUNITY_VERIFIED	iNaturalist Suomi Finland
karvarousku (fi) — Lactarius torminosus	karvarousku (fi)	1	2026-08-05	Salo	Varsinais-Suomi (V)	Suomi	60.33981	23.219871	Sure	NEUTRAL	The Atlas of Finnish Fungi
karvarousku (fi) — Lactarius torminosus	karvarousku (fi)		2026-08-05	Turku	Varsinais-Suomi (V)	Suomi	60.55156	22.30081		COMMUNITY_VERIFIED	iNaturalist Suomi Finland
karvarousku (fi) — Lactarius torminosus	karvarousku (fi)	1	2026-07-16	Rovaniemi	Perä-Pohjanmaa (PeP)	Suomi	66.46724	25.56593	Sure	NEUTRAL	The Atlas of Finnish Fungi
karvarousku (fi) — Lactarius torminosus	karvarousku (fi)		2025-10-23	Porvoo	Uusimaa (U)	Suomi	60.40099	25.62128		NEUTRAL	iNaturalist Suomi Finland
karvarousku (fi) — Lactarius torminosus	karvarousku (fi)		2025-10-15	Hanko	Uusimaa (U)	Suomi	59.882441	23.150677	Sure	NEUTRAL	The Atlas of Finnish Fungi
karvarousku (fi) — Lactarius torminosus	karvarousku (fi)		2025-10-14	Hanko	Uusimaa (U)	Suomi	59.889686	23.212568	Sure	NEUTRAL	The Atlas of Finnish Fungi
karvarousku (fi) — Lactarius torminosus	karvarousku (fi)		2025-10-14	Turku	Varsinais-Suomi (V)	Suomi	60.40587	22.24774		COMMUNITY_VERIFIED	iNaturalist Suomi Finland
karvarousku (fi) — Lactarius torminosus	karvarousku (fi)		2025-10-13	Eurajoki	Satakunta (St)	Suomi	61.38754	21.51548		NEUTRAL	iNaturalist Suomi Finland
karvarousku (fi) — Lactarius torminosus	karvarousku (fi)		2025-10-12	Porvoo	Uusimaa (U)	Suomi	60.34436	25.68346		NEUTRAL	iNaturalist Suomi Finland
karvarousku (fi) — Lactarius torminosus	karvarousku (fi)		2025-10-11 [11:30]	Tampere	Etelä-Häme (EH)	Suomi	61.466479	23.812631	Sure	NEUTRAL	Notebook, general observations
karvarousku (fi) — Lactarius torminosus	karvarousku (fi)		2025-10-08	Parikkala	Laatokan Karjala (LK)	Suomi	61.68329	29.6524		COMMUNITY_VERIFIED	iNaturalist Suomi Finland
karvarousku (fi) — Lactarius torminosus	karvarousku (fi)		2025-10-07	Naantali	Varsinais-Suomi (V)	Suomi	60.40627	21.91489		COMMUNITY_VERIFIED	iNaturalist Suomi Finland
karvarousku (fi) — Lactarius torminosus	karvarousku (fi)		2025-10-05	Pori	Satakunta (St)	Suomi	61.48629	21.78269		NEUTRAL	iNaturalist Suomi Finland
karvarousku (fi) — Lactarius torminosus	karvarousku (fi)		2025-10-02	Raasepori	Uusimaa (U)	Suomi	59.943998	23.509586	Sure	NEUTRAL	The Atlas of Finnish Fungi
karvarousku (fi) — Lactarius torminosus	karvarousku (fi)		2025-10-02	Salo	Varsinais-Suomi (V)	Suomi	60.376503	23.053173	Sure	NEUTRAL	Notebook, general observations
karvarousku (fi) — Lactarius torminosus	karvarousku (fi)		2025-09-29	Vihti	Varsinais-Suomi (V)	Suomi	60.540357	24.556897	Sure	NEUTRAL	The Atlas of Finnish Fungi
karvarousku (fi) — Lactarius torminosus	karvarousku (fi)		2025-09-27	Keminmaa	Perä-Pohjanmaa (PeP)	Suomi	65.817	24.51187	Sure	NEUTRAL	The Atlas of Finnish Fungi
karvarousku (fi) — Lactarius torminosus	karvarousku (fi)		2025-09-27	Aura, Lieto, Loimaa, Pöytyä	Satakunta (St), Varsinais-Suomi (V)	Suomi	60.7	22.7		NEUTRAL	iNaturalist Suomi Finland
karvarousku (fi) — Lactarius torminosus	karvarousku (fi)		2025-09-27	Nurmijärvi	Uusimaa (U)	Suomi	60.499838	24.690129	Sure	NEUTRAL	The Atlas of Finnish Fungi
karvarousku (fi) — Lactarius torminosus	karvarousku (fi)		2025-09-27	Akaa	Etelä-Häme (EH)	Suomi	61.1587	23.896		COMMUNITY_VERIFIED	iNaturalist Suomi Finland
karvarousku (fi) — Lactarius torminosus	karvarousku (fi)		2025-09-27	Nurmijärvi	Uusimaa (U)	Suomi	60.36254	24.76952		COMMUNITY_VERIFIED	iNaturalist Suomi Finland
karvarousku (fi) — Lactarius torminosus	karvarousku (fi)		2025-09-26	Rovaniemi	Perä-Pohjanmaa (PeP)	Suomi	66.64288	25.52514	Sure	NEUTRAL	The Atlas of Finnish Fungi
karvarousku (fi) — Lactarius torminosus	karvarousku (fi)		2025-09-26	Kirkkonummi	Uusimaa (U)	Suomi	60.15626	24.5635		COMMUNITY_VERIFIED	iNaturalist Suomi Finland
karvarousku (fi) — Lactarius torminosus	karvarousku (fi)		2025-09-26	Mikkeli	Etelä-Savo (ES)	Suomi	61.45283	27.4038		NEUTRAL	iNaturalist Suomi Finland
karvarousku (fi) — Lactarius torminosus	karvarousku (fi)		2025-09-23	Savonlinna	Pohjois-Savo (PS)	Suomi	62.26057	28.97578		COMMUNITY_VERIFIED	iNaturalist Suomi Finland
karvarousku (fi) — Lactarius torminosus	karvarousku (fi)		2025-09-23	Rovaniemi	Perä-Pohjanmaa (PeP)	Suomi	66.60441	25.69805	Sure	NEUTRAL	The Atlas of Finnish Fungi
karvarousku (fi) — Lactarius torminosus	karvarousku (fi)		2025-09-21	Espoo	Uusimaa (U)	Suomi	60.31714	24.67959		NEUTRAL	iNaturalist Suomi Finland
karvarousku (fi) — Lactarius torminosus	karvarousku (fi)		2025-09-21	Oulu	Oulun Pohjanmaa (OP)	Suomi	65.03869	25.41829		COMMUNITY_VERIFIED	iNaturalist Suomi Finland
karvarousku (fi) — Lactarius torminosus	karvarousku (fi)		2025-09-21	Savonlinna	Etelä-Savo (ES)	Suomi	61.87677	28.86295		COMMUNITY_VERIFIED	iNaturalist Suomi Finland
karvarousku (fi) — Lactarius torminosus	karvarousku (fi)		2025-09-21	Helsinki	Uusimaa (U)	Suomi	60.14651	24.87276		COMMUNITY_VERIFIED	iNaturalist Suomi Finland
karvarousku (fi) — Lactarius torminosus	karvarousku (fi)		2025-09-20	Oulu	Oulun Pohjanmaa (OP)	Suomi	65.08046	25.53481		NEUTRAL	iNaturalist Suomi Finland
karvarousku (fi) — Lactarius torminosus	karvarousku (fi)		2025-09-20	Salo	Varsinais-Suomi (V)	Suomi	60.4564	23.62099		COMMUNITY_VERIFIED	iNaturalist Suomi Finland
karvarousku (fi) — Lactarius torminosus	karvarousku (fi)		2025-09-20	Salo	Varsinais-Suomi (V)	Suomi	60.45681	23.62395		COMMUNITY_VERIFIED	iNaturalist Suomi Finland
karvarousku (fi) — Lactarius torminosus	karvarousku (fi)		2025-09-19	Tampere	Etelä-Häme (EH)	Suomi	61.457295	23.819594	Sure	NEUTRAL	The Atlas of Finnish Fungi
karvarousku (fi) — Lactarius torminosus	karvarousku (fi)		2025-09-19	Hämeenlinna	Etelä-Häme (EH)	Suomi	61.19269	25.09397		COMMUNITY_VERIFIED	iNaturalist Suomi Finland
karvarousku (fi) — Lactarius torminosus	karvarousku (fi)		2025-09-19	Kirkkonummi	Uusimaa (U)	Suomi	60.15685	24.36547		COMMUNITY_VERIFIED	iNaturalist Suomi Finland
karvarousku (fi) — Lactarius torminosus	karvarousku (fi)		2025-09-19	Savonlinna	Etelä-Savo (ES)	Suomi	61.87781	28.86275		COMMUNITY_VERIFIED	iNaturalist Suomi Finland
karvarousku (fi) — Lactarius torminosus	karvarousku (fi)		2025-09-18	Siilinjärvi	Pohjois-Savo (PS)	Suomi	63.01759	27.44065		NEUTRAL	iNaturalist Suomi Finland
karvarousku (fi) — Lactarius torminosus	karvarousku (fi)		2025-09-17	Mäntsälä	Uusimaa (U)	Suomi	60.73167	25.41944		COMMUNITY_VERIFIED	iNaturalist Suomi Finland
karvarousku (fi) — Lactarius torminosus	karvarousku (fi)		2025-09-16	Helsinki, Kerava, Sipoo, Tuusula, Vantaa	Uusimaa (U)	Suomi	60.3	25.1		COMMUNITY_VERIFIED	iNaturalist Suomi Finland
karvarousku (fi) — Lactarius torminosus	karvarousku (fi)	2	2025-09-16	Rovaniemi	Perä-Pohjanmaa (PeP)	Suomi	66.96255	25.80836	Sure	NEUTRAL	The Atlas of Finnish Fungi
karvarousku (fi) — Lactarius torminosus	karvarousku (fi)		2025-09-15	Kuopio	Pohjois-Savo (PS)	Suomi	62.86258	27.51973		COMMUNITY_VERIFIED	iNaturalist Suomi Finland
karvarousku (fi) — Lactarius torminosus	karvarousku (fi)		2025-09-15	Oulu	Oulun Pohjanmaa (OP)	Suomi	65.05462	25.47469		COMMUNITY_VERIFIED	iNaturalist Suomi Finland
karvarousku (fi) — Lactarius torminosus	karvarousku (fi)		2025-09-14	Pieksämäki	Pohjois-Savo (PS)	Suomi	62.32773	26.88816		COMMUNITY_VERIFIED	iNaturalist Suomi Finland
karvarousku (fi) — Lactarius torminosus	karvarousku (fi)		2025-09-14	Helsinki	Uusimaa (U)	Suomi	60.22538	25.01318		COMMUNITY_VERIFIED	iNaturalist Suomi Finland
karvarousku (fi) — Lactarius torminosus	karvarousku (fi)		2025-09-13	Imatra	Etelä-Savo (ES)	Suomi	61.19951	28.72563		COMMUNITY_VERIFIED	iNaturalist Suomi Finland
karvarousku (fi) — Lactarius torminosus	karvarousku (fi)		2025-09-13	Aura, Lieto, Loimaa, Pöytyä	Satakunta (St), Varsinais-Suomi (V)	Suomi	60.7	22.7		COMMUNITY_VERIFIED	iNaturalist Suomi Finland
karvarousku (fi) — Lactarius torminosus	karvarousku (fi)		2025-09-13	Hämeenlinna	Etelä-Häme (EH)	Suomi	60.87011	24.36536		COMMUNITY_VERIFIED	iNaturalist Suomi Finland
karvarousku (fi) — Lactarius torminosus	karvarousku (fi)		2025-09-12	Porvoo	Uusimaa (U)	Suomi	60.36455	25.75534		COMMUNITY_VERIFIED	iNaturalist Suomi Finland
karvarousku (fi) — Lactarius torminosus	karvarousku (fi)		2025-09-12	Muurame	Etelä-Häme (EH)	Suomi	62.16911	25.68256		NEUTRAL	iNaturalist Suomi Finland
karvarousku (fi) — Lactarius torminosus	karvarousku (fi)		2025-09-11	Hämeenlinna	Etelä-Häme (EH)	Suomi	61.215045	25.17512	Sure	NEUTRAL	The Atlas of Finnish Fungi
karvarousku (fi) — Lactarius torminosus	karvarousku (fi)		2025-09-11	Hämeenlinna	Etelä-Häme (EH)	Suomi	61.220636	25.149249	Sure	NEUTRAL	The Atlas of Finnish Fungi
karvarousku (fi) — Lactarius torminosus	karvarousku (fi)		2025-09-11	Espoo	Uusimaa (U)	Suomi	60.21103	24.83518		COMMUNITY_VERIFIED	iNaturalist Suomi Finland
karvarousku (fi) — Lactarius torminosus	karvarousku (fi)		2025-09-11	Espoo	Uusimaa (U)	Suomi	60.29821	24.62046		NEUTRAL	iNaturalist Suomi Finland
karvarousku (fi) — Lactarius torminosus	karvarousku (fi)		2025-09-11	Kirkkonummi	Uusimaa (U)	Suomi	60.15783	24.38673		COMMUNITY_VERIFIED	iNaturalist Suomi Finland
karvarousku (fi) — Lactarius torminosus	karvarousku (fi)		2025-09-10	Hämeenlinna	Etelä-Häme (EH)	Suomi	61.209379	25.125021	Sure	NEUTRAL	The Atlas of Finnish Fungi
karvarousku (fi) — Lactarius torminosus	karvarousku (fi)		2025-09-10	Tampere	Etelä-Häme (EH)	Suomi	61.51528	23.80404		NEUTRAL	iNaturalist Suomi Finland
karvarousku (fi) — Lactarius torminosus	karvarousku (fi)		2025-09-09 [6:52-16:05]	Kaarina	Varsinais-Suomi (V)	Suomi	60.472632	22.339074	Sure	NEUTRAL	The Atlas of Finnish Fungi
karvarousku (fi) — Lactarius torminosus	karvarousku (fi)		2025-09-09 [10:57-10:57]	Hämeenlinna	Etelä-Häme (EH)	Suomi	61.216251	25.134927	Sure	NEUTRAL	The Atlas of Finnish Fungi
karvarousku (fi) — Lactarius torminosus	karvarousku (fi)		2025-09-08	Tammela	Etelä-Häme (EH)	Suomi	60.778474	23.629551	Sure	NEUTRAL	The Atlas of Finnish Fungi
karvarousku (fi) — Lactarius torminosus	karvarousku (fi)		2025-09-08	Vihti	Varsinais-Suomi (V)	Suomi	60.36363	24.5481		COMMUNITY_VERIFIED	iNaturalist Suomi Finland
karvarousku (fi) — Lactarius torminosus	karvarousku (fi)		2025-09-08	Parainen	Varsinais-Suomi (V)	Suomi	60.31985	22.31773		NEUTRAL	iNaturalist Suomi Finland
karvarousku (fi) — Lactarius torminosus	karvarousku (fi)		2025-09-08	Saltvik	Ahvenanmaa (A)	Suomi	60.30695	19.93854		NEUTRAL	iNaturalist Suomi Finland
karvarousku (fi) — Lactarius torminosus	karvarousku (fi)		2025-09-08	Saltvik	Ahvenanmaa (A)	Suomi	60.31066	19.93737		NEUTRAL	iNaturalist Suomi Finland
karvarousku (fi) — Lactarius torminosus	karvarousku (fi)		2025-09-08	Hausjärvi	Etelä-Häme (EH)	Suomi	60.77193	24.83739		COMMUNITY_VERIFIED	iNaturalist Suomi Finland
karvarousku (fi) — Lactarius torminosus	karvarousku (fi)		2025-09-08	Parainen	Varsinais-Suomi (V)	Suomi	60.31842	22.30567		COMMUNITY_VERIFIED	iNaturalist Suomi Finland
karvarousku (fi) — Lactarius torminosus	karvarousku (fi)		2025-09-08	Parainen	Varsinais-Suomi (V)	Suomi	60.31962	22.30606		COMMUNITY_VERIFIED	iNaturalist Suomi Finland
karvarousku (fi) — Lactarius torminosus	karvarousku (fi)		2025-09-08	Helsinki	Uusimaa (U)	Suomi	60.22814	24.91269		NEUTRAL	iNaturalist Suomi Finland
karvarousku (fi) — Lactarius torminosus	karvarousku (fi)		2025-09-08	Helsinki	Uusimaa (U)	Suomi	60.22806	24.91263		COMMUNITY_VERIFIED	iNaturalist Suomi Finland
karvarousku (fi) — Lactarius torminosus	karvarousku (fi)		2025-09-07	Parikkala	Laatokan Karjala (LK)	Suomi	61.575952	29.596886	Sure	NEUTRAL	Notebook, general observations
karvarousku (fi) — Lactarius torminosus	karvarousku (fi)		2025-09-07	Rautalampi	Pohjois-Häme (PH)	Suomi	62.58707	26.66772		COMMUNITY_VERIFIED	iNaturalist Suomi Finland
karvarousku (fi) — Lactarius torminosus	karvarousku (fi)		2025-09-07	Jyväskylä	Pohjois-Häme (PH)	Suomi	62.28042	25.79356		COMMUNITY_VERIFIED	iNaturalist Suomi Finland
karvarousku (fi) — Lactarius torminosus	karvarousku (fi)		2025-09-07	Oulu	Oulun Pohjanmaa (OP)	Suomi	65.02023	25.45135		COMMUNITY_VERIFIED	iNaturalist Suomi Finland
karvarousku (fi) — Lactarius torminosus	karvarousku (fi)		2025-09-07	Tammela	Etelä-Häme (EH)	Suomi	60.87536	23.75239		COMMUNITY_VERIFIED	iNaturalist Suomi Finland
karvarousku (fi) — Lactarius torminosus	karvarousku (fi)		2025-09-07	Jyväskylä	Pohjois-Häme (PH)	Suomi	62.28068	25.79171		COMMUNITY_VERIFIED	iNaturalist Suomi Finland
karvarousku (fi) — Lactarius torminosus	karvarousku (fi)		2025-09-07	Siuntio	Uusimaa (U)	Suomi	60.26588	24.31742		NEUTRAL	iNaturalist Suomi Finland
karvarousku (fi) — Lactarius torminosus	karvarousku (fi)		2025-09-06	Lohja	Varsinais-Suomi (V)	Suomi	60.41408	23.93248		COMMUNITY_VERIFIED	iNaturalist Suomi Finland
karvarousku (fi) — Lactarius torminosus	karvarousku (fi)		2025-09-06	Aura, Lieto, Loimaa, Pöytyä	Satakunta (St), Varsinais-Suomi (V)	Suomi	60.7	22.7		COMMUNITY_VERIFIED	iNaturalist Suomi Finland
karvarousku (fi) — Lactarius torminosus	karvarousku (fi)		2025-09-06	Espoo	Uusimaa (U)	Suomi	60.2564	24.60423		COMMUNITY_VERIFIED	iNaturalist Suomi Finland
karvarousku (fi) — Lactarius torminosus	karvarousku (fi)		2025-09-06	Oulu	Oulun Pohjanmaa (OP)	Suomi	65.04865	25.491		NEUTRAL	iNaturalist Suomi Finland
karvarousku (fi) — Lactarius torminosus	karvarousku (fi)		2025-09-06	Eurajoki	Satakunta (St)	Suomi	61.47706	21.36105		COMMUNITY_VERIFIED	iNaturalist Suomi Finland
karvarousku (fi) — Lactarius torminosus	karvarousku (fi)		2025-09-06	Kittilä	Kittilän Lappi (KiL)	Suomi	67.78426	24.89999		COMMUNITY_VERIFIED	iNaturalist Suomi Finland
karvarousku (fi) — Lactarius torminosus	karvarousku (fi)		2025-09-06	Parkano	Satakunta (St)	Suomi	61.96462	23.01455		COMMUNITY_VERIFIED	iNaturalist Suomi Finland
karvarousku (fi) — Lactarius torminosus	karvarousku (fi)		2025-09-06	Mikkeli	Etelä-Savo (ES)	Suomi	61.42763	27.11405		COMMUNITY_VERIFIED	iNaturalist Suomi Finland
karvarousku (fi) — Lactarius torminosus	karvarousku (fi)		2025-09-06	Heinävesi	Pohjois-Savo (PS)	Suomi	62.43391	28.90956		NEUTRAL	iNaturalist Suomi Finland
karvarousku (fi) — Lactarius torminosus	karvarousku (fi)		2025-09-06	Espoo	Uusimaa (U)	Suomi	60.16179	24.76686		COMMUNITY_VERIFIED	iNaturalist Suomi Finland
karvarousku (fi) — Lactarius torminosus	karvarousku (fi)		2025-09-06	Turku	Varsinais-Suomi (V)	Suomi	60.55133	22.30084		NEUTRAL	iNaturalist Suomi Finland
karvarousku (fi) — Lactarius torminosus	karvarousku (fi)		2025-09-06 [16:07-16:17]	Rovaniemi	Perä-Pohjanmaa (PeP)	Suomi	66.461671	25.762407	Sure	NEUTRAL	The Atlas of Finnish Fungi
karvarousku (fi) — Lactarius torminosus	karvarousku (fi)		2025-09-06 [11:03]	Tampere	Etelä-Häme (EH)	Suomi	61.467803	23.814272	Sure	NEUTRAL	Notebook, general observations
karvarousku (fi) — Lactarius torminosus	karvarousku (fi)	2	2025-09-05	Ylöjärvi	Satakunta (St)	Suomi	61.681939	23.434684	Sure	NEUTRAL	The Atlas of Finnish Fungi
karvarousku (fi) — Lactarius torminosus	karvarousku (fi)		2025-09-05	Forssa, Hämeenlinna, Tammela, Urjala	Etelä-Häme (EH)	Suomi	60.9	23.9		COMMUNITY_VERIFIED	iNaturalist Suomi Finland
karvarousku (fi) — Lactarius torminosus	karvarousku (fi)		2025-09-05	Seinäjoki	Etelä-Pohjanmaa (EP)	Suomi	62.76398	22.87257		COMMUNITY_VERIFIED	iNaturalist Suomi Finland
karvarousku (fi) — Lactarius torminosus	karvarousku (fi)		2025-09-05	Jyväskylä	Pohjois-Häme (PH)	Suomi	62.26753	25.70895		COMMUNITY_VERIFIED	iNaturalist Suomi Finland
karvarousku (fi) — Lactarius torminosus	karvarousku (fi)		2025-09-05	Helsinki	Uusimaa (U)	Suomi	60.21647	25.0095		COMMUNITY_VERIFIED	iNaturalist Suomi Finland
karvarousku (fi) — Lactarius torminosus	karvarousku (fi)		2025-09-05	Oulu	Oulun Pohjanmaa (OP)	Suomi	65.069	25.48546		COMMUNITY_VERIFIED	iNaturalist Suomi Finland
karvarousku (fi) — Lactarius torminosus	karvarousku (fi)	Muutamia	2025-09-04	Hämeenkyrö	Satakunta (St)	Suomi	61.670797	23.146026	Sure	NEUTRAL	The Atlas of Finnish Fungi
karvarousku (fi) — Lactarius torminosus	karvarousku (fi)		2025-09-04	Lempäälä	Etelä-Häme (EH)	Suomi	61.332732	23.876568	Sure	NEUTRAL	The Atlas of Finnish Fungi
karvarousku (fi) — Lactarius torminosus	karvarousku (fi)		2025-09-04	Laihia	Etelä-Pohjanmaa (EP)	Suomi	62.89395	21.83418		COMMUNITY_VERIFIED	iNaturalist Suomi Finland
karvarousku (fi) — Lactarius torminosus	karvarousku (fi)		2025-09-04	Laihia	Etelä-Pohjanmaa (EP)	Suomi	62.89389	21.83419		COMMUNITY_VERIFIED	iNaturalist Suomi Finland
karvarousku (fi) — Lactarius torminosus	karvarousku (fi)		2025-09-04	Loimaa	Satakunta (St)	Suomi	60.89225	22.96569		NEUTRAL	iNaturalist Suomi Finland
karvarousku (fi) — Lactarius torminosus	karvarousku (fi)		2025-09-04	Laihia	Etelä-Pohjanmaa (EP)	Suomi	62.89392	21.83428		COMMUNITY_VERIFIED	iNaturalist Suomi Finland
karvarousku (fi) — Lactarius torminosus	karvarousku (fi)		2025-09-04	Nokia	Etelä-Häme (EH)	Suomi	61.42681	23.4265		COMMUNITY_VERIFIED	iNaturalist Suomi Finland
karvarousku (fi) — Lactarius torminosus	karvarousku (fi)		2025-09-04	Joensuu	Pohjois-Karjala (PK)	Suomi	62.85	30.39		COMMUNITY_VERIFIED	iNaturalist Suomi Finland
karvarousku (fi) — Lactarius torminosus	karvarousku (fi)		2025-09-03	Helsinki	Uusimaa (U)	Suomi	60.21432	25.02431		COMMUNITY_VERIFIED	iNaturalist Suomi Finland
karvarousku (fi) — Lactarius torminosus	karvarousku (fi)		2025-09-03	Oulu	Oulun Pohjanmaa (OP)	Suomi	65.06457	25.46816		COMMUNITY_VERIFIED	iNaturalist Suomi Finland
karvarousku (fi) — Lactarius torminosus	karvarousku (fi)		2025-09-03	Oulu	Oulun Pohjanmaa (OP)	Suomi	65.06457	25.46804		COMMUNITY_VERIFIED	iNaturalist Suomi Finland
karvarousku (fi) — Lactarius torminosus	karvarousku (fi)		2025-09-03	Oulu	Oulun Pohjanmaa (OP)	Suomi	65.07473	25.47152		COMMUNITY_VERIFIED	iNaturalist Suomi Finland
karvarousku (fi) — Lactarius torminosus	karvarousku (fi)		2025-09-03	Oulu	Oulun Pohjanmaa (OP)	Suomi	65.06348	25.46907		COMMUNITY_VERIFIED	iNaturalist Suomi Finland
karvarousku (fi) — Lactarius torminosus	karvarousku (fi)		2025-09-03	Oulu	Oulun Pohjanmaa (OP)	Suomi	65.06472	25.46762		COMMUNITY_VERIFIED	iNaturalist Suomi Finland
karvarousku (fi) — Lactarius torminosus	karvarousku (fi)		2025-09-03	Kontiolahti	Pohjois-Karjala (PK)	Suomi	62.66423	29.7879		COMMUNITY_VERIFIED	iNaturalist Suomi Finland
karvarousku (fi) — Lactarius torminosus	karvarousku (fi)		2025-09-03	Oulu	Oulun Pohjanmaa (OP)	Suomi	65.06428	25.4677		COMMUNITY_VERIFIED	iNaturalist Suomi Finland
karvarousku (fi) — Lactarius torminosus	karvarousku (fi)		2025-09-03	Oulu	Oulun Pohjanmaa (OP)	Suomi	65.06374	25.46672		COMMUNITY_VERIFIED	iNaturalist Suomi Finland
karvarousku (fi) — Lactarius torminosus	karvarousku (fi)		2025-09-03	Kontiolahti	Pohjois-Karjala (PK)	Suomi	62.64461	29.85236		COMMUNITY_VERIFIED	iNaturalist Suomi Finland
karvarousku (fi) — Lactarius torminosus	karvarousku (fi)		2025-09-03	Tervola	Perä-Pohjanmaa (PeP)	Suomi	66.17018	25.7361	Sure	NEUTRAL	The Atlas of Finnish Fungi
karvarousku (fi) — Lactarius torminosus	karvarousku (fi)		2025-09-02	Oulu	Oulun Pohjanmaa (OP)	Suomi	65.06561	25.45777		COMMUNITY_VERIFIED	iNaturalist Suomi Finland
karvarousku (fi) — Lactarius torminosus	karvarousku (fi)		2025-09-02	Oulu	Oulun Pohjanmaa (OP)	Suomi	65.05811	25.46092		COMMUNITY_VERIFIED	iNaturalist Suomi Finland
karvarousku (fi) — Lactarius torminosus	karvarousku (fi)		2025-09-02	Oulu	Oulun Pohjanmaa (OP)	Suomi	65.06474	25.45765		COMMUNITY_VERIFIED	iNaturalist Suomi Finland
karvarousku (fi) — Lactarius torminosus	karvarousku (fi)		2025-09-02	Oulu	Oulun Pohjanmaa (OP)	Suomi	65.06512	25.45792		COMMUNITY_VERIFIED	iNaturalist Suomi Finland
karvarousku (fi) — Lactarius torminosus	karvarousku (fi)		2025-09-02	Siuntio	Uusimaa (U)	Suomi	60.1408	24.20156		COMMUNITY_VERIFIED	iNaturalist Suomi Finland
karvarousku (fi) — Lactarius torminosus	karvarousku (fi)		2025-09-02	Hollola	Etelä-Häme (EH)	Suomi	60.98853	25.49149		COMMUNITY_VERIFIED	iNaturalist Suomi Finland
karvarousku (fi) — Lactarius torminosus	karvarousku (fi)		2025-09-02	Oulu	Oulun Pohjanmaa (OP)	Suomi	65.06559	25.45783		COMMUNITY_VERIFIED	iNaturalist Suomi Finland
karvarousku (fi) — Lactarius torminosus	karvarousku (fi)		2025-09-02	Oulu	Oulun Pohjanmaa (OP)	Suomi	65.0653	25.45766		COMMUNITY_VERIFIED	iNaturalist Suomi Finland
karvarousku (fi) — Lactarius torminosus	karvarousku (fi)		2025-08-31	Savonlinna	Etelä-Savo (ES)	Suomi	61.8778	28.8634		COMMUNITY_VERIFIED	iNaturalist Suomi Finland
karvarousku (fi) — Lactarius torminosus	karvarousku (fi)		2025-08-31	Mustasaari	Etelä-Pohjanmaa (EP)	Suomi	63.29288	21.76974		COMMUNITY_VERIFIED	iNaturalist Suomi Finland
karvarousku (fi) — Lactarius torminosus	karvarousku (fi)		2025-08-31	Kirkkonummi	Uusimaa (U)	Suomi	60.28565	24.45686		NEUTRAL	iNaturalist Suomi Finland
karvarousku (fi) — Lactarius torminosus	karvarousku (fi)		2025-08-31	Muurame	Etelä-Häme (EH)	Suomi	62.22281	25.53409		COMMUNITY_VERIFIED	iNaturalist Suomi Finland
karvarousku (fi) — Lactarius torminosus	karvarousku (fi)		2025-08-30	Liminka	Oulun Pohjanmaa (OP)	Suomi	64.77192	25.40085		COMMUNITY_VERIFIED	iNaturalist Suomi Finland
karvarousku (fi) — Lactarius torminosus	karvarousku (fi)		2025-08-30	Joensuu	Pohjois-Karjala (PK)	Suomi	62.61026	29.71319		COMMUNITY_VERIFIED	iNaturalist Suomi Finland
karvarousku (fi) — Lactarius torminosus	karvarousku (fi)		2025-08-30	Hattula	Etelä-Häme (EH)	Suomi	60.93175	24.14502		COMMUNITY_VERIFIED	iNaturalist Suomi Finland
karvarousku (fi) — Lactarius torminosus	karvarousku (fi)		2025-08-29	Pori	Satakunta (St)	Suomi	61.52403	21.7542		COMMUNITY_VERIFIED	iNaturalist Suomi Finland
karvarousku (fi) — Lactarius torminosus	karvarousku (fi)	1	2025-08-29 [12:04]	Rautalampi	Pohjois-Häme (PH)	Suomi	62.58549	26.640685	Sure	NEUTRAL	The Atlas of Finnish Fungi
karvarousku (fi) — Lactarius torminosus	karvarousku (fi)		2025-08-29	Jyväskylä	Pohjois-Häme (PH)	Suomi	62.20573	25.70772		COMMUNITY_VERIFIED	iNaturalist Suomi Finland
karvarousku (fi) — Lactarius torminosus	karvarousku (fi)		2025-08-29	Hollola	Etelä-Häme (EH)	Suomi	61.008986	25.319334	Sure	NEUTRAL	The Atlas of Finnish Fungi
karvarousku (fi) — Lactarius torminosus	karvarousku (fi)		2025-08-19	Enontekiö	Enontekiön Lappi (EnL)	Suomi	68.936767	20.969496	Sure	NEUTRAL	The Atlas of Finnish Fungi
karvarousku (fi) — Lactarius torminosus	karvarousku (fi)	few	2025-08-17	Enontekiö	Enontekiön Lappi (EnL)	Suomi	69.069579	20.728169	Sure	NEUTRAL	The Atlas of Finnish Fungi
karvarousku (fi) — Lactarius torminosus	karvarousku (fi)	1	2025-08-17	Enontekiö	Enontekiön Lappi (EnL)	Suomi	69.069444	20.724734	Sure	NEUTRAL	The Atlas of Finnish Fungi
karvarousku (fi) — Lactarius torminosus	karvarousku (fi)	couple	2025-08-07 - 2025-08-31	Laukaa	Pohjois-Häme (PH)	Suomi	62.487792	25.751753	Sure	NEUTRAL	The Atlas of Finnish Fungi
karvarousku (fi) — Lactarius torminosus	karvarousku (fi)		2025-07-09	Äänekoski	Pohjois-Häme (PH)	Suomi	62.61092	25.71106		NEUTRAL	iNaturalist Suomi Finland
karvarousku (fi) — Lactarius torminosus	karvarousku (fi)		2025-06-04	Kruunupyy	Keski-Pohjanmaa (KP)	Suomi	63.716936	23.039228		NEUTRAL	Notebook, general observations
karvarousku (fi) — Lactarius torminosus	karvarousku (fi)	muutama	2024-10-29 - 2024-11-02	Porvoo	Uusimaa (U)	Suomi	60.493296	25.785443	Sure	NEUTRAL	The Atlas of Finnish Fungi
karvarousku (fi) — Lactarius torminosus	karvarousku (fi)	muutama	2024-10-29	Porvoo	Uusimaa (U)	Suomi	60.493296	25.785443	Sure	NEUTRAL	The Atlas of Finnish Fungi
karvarousku (fi) — Lactarius torminosus	karvarousku (fi)	2	2024-10-27	Nokia	Etelä-Häme (EH)	Suomi	61.484213	23.551332	Sure	NEUTRAL	Notebook, general observations
karvarousku (fi) — Lactarius torminosus	karvarousku (fi)		2024-10-23	Lohja	Varsinais-Suomi (V)	Suomi	60.27903	24.02855		NEUTRAL	iNaturalist Suomi Finland
karvarousku (fi) — Lactarius torminosus	karvarousku (fi)		2024-10-18 - 2024-10-20	Hanko	Uusimaa (U)	Suomi	59.829488	23.032434	Sure	NEUTRAL	The Atlas of Finnish Fungi
karvarousku (fi) — Lactarius torminosus	karvarousku (fi)		2024-10-18	Espoo	Uusimaa (U)	Suomi	60.13028	24.685		COMMUNITY_VERIFIED	iNaturalist Suomi Finland
karvarousku (fi) — Lactarius torminosus	karvarousku (fi)		2024-10-18	Hyvinkää, Nurmijärvi, Vihti	Uusimaa (U), Varsinais-Suomi (V)	Suomi	60.5	24.7		COMMUNITY_VERIFIED	iNaturalist Suomi Finland
karvarousku (fi) — Lactarius torminosus	karvarousku (fi)		2024-10-16 [15:05] - 2024-10-22 [18:24]	Salo	Varsinais-Suomi (V)	Suomi	60.095035	22.870395	Sure	NEUTRAL	The Atlas of Finnish Fungi
karvarousku (fi) — Lactarius torminosus	karvarousku (fi)		2024-10-13	Aura, Lieto, Loimaa, Pöytyä	Satakunta (St), Varsinais-Suomi (V)	Suomi	60.7	22.7		NEUTRAL	iNaturalist Suomi Finland
karvarousku (fi) — Lactarius torminosus	karvarousku (fi)		2024-10-13	Porvoo	Uusimaa (U)	Suomi	60.36747	25.55229		NEUTRAL	iNaturalist Suomi Finland
karvarousku (fi) — Lactarius torminosus	karvarousku (fi)		2024-10-12	Sauvo	Varsinais-Suomi (V)	Suomi	60.28596	22.52915		COMMUNITY_VERIFIED	iNaturalist Suomi Finland
karvarousku (fi) — Lactarius torminosus	karvarousku (fi)		2024-10-11	Helsinki	Uusimaa (U)	Suomi	60.17992	24.99743		COMMUNITY_VERIFIED	iNaturalist Suomi Finland
karvarousku (fi) — Lactarius torminosus	karvarousku (fi)		2024-10-11 [9:28]	Espoo	Uusimaa (U)	Suomi	60.192022	24.707557	Sure	NEUTRAL	Notebook, general observations
karvarousku (fi) — Lactarius torminosus	karvarousku (fi)		2024-10-09	Oulu	Oulun Pohjanmaa (OP)	Suomi	65.11751	25.39147		COMMUNITY_VERIFIED	iNaturalist Suomi Finland
karvarousku (fi) — Lactarius torminosus	karvarousku (fi)		2024-10-08	Raisio	Varsinais-Suomi (V)	Suomi	60.50209	22.20559		COMMUNITY_VERIFIED	iNaturalist Suomi Finland
karvarousku (fi) — Lactarius torminosus	karvarousku (fi)		2024-10-07	Porvoo	Uusimaa (U)	Suomi	60.31284	25.57827		COMMUNITY_VERIFIED	iNaturalist Suomi Finland
karvarousku (fi) — Lactarius torminosus	karvarousku (fi)		2024-10-07	Tampere	Etelä-Häme (EH)	Suomi	61.50993	23.78573		COMMUNITY_VERIFIED	iNaturalist Suomi Finland
karvarousku (fi) — Lactarius torminosus	karvarousku (fi)		2024-10-06	Helsinki	Uusimaa (U)	Suomi	60.22011	25.00876		COMMUNITY_VERIFIED	iNaturalist Suomi Finland
karvarousku (fi) — Lactarius torminosus	karvarousku (fi)		2024-10-06	Urjala	Etelä-Häme (EH)	Suomi	61.05716	23.44017		COMMUNITY_VERIFIED	iNaturalist Suomi Finland
karvarousku (fi) — Lactarius torminosus	karvarousku (fi)		2024-10-06	Helsinki	Uusimaa (U)	Suomi	60.278	25.19264		COMMUNITY_VERIFIED	iNaturalist Suomi Finland
karvarousku (fi) — Lactarius torminosus	karvarousku (fi)		2024-10-06	Espoo	Uusimaa (U)	Suomi	60.28239	24.61091		COMMUNITY_VERIFIED	iNaturalist Suomi Finland
karvarousku (fi) — Lactarius torminosus	karvarousku (fi)		2024-10-06	Espoo	Uusimaa (U)	Suomi	60.28777	24.5953		COMMUNITY_VERIFIED	iNaturalist Suomi Finland
karvarousku (fi) — Lactarius torminosus	karvarousku (fi)		2024-10-05	Espoo	Uusimaa (U)	Suomi	60.13056	24.69861		COMMUNITY_VERIFIED	iNaturalist Suomi Finland
karvarousku (fi) — Lactarius torminosus	karvarousku (fi)		2024-10-05	Espoo	Uusimaa (U)	Suomi	60.1325	24.69194		COMMUNITY_VERIFIED	iNaturalist Suomi Finland
karvarousku (fi) — Lactarius torminosus	karvarousku (fi)		2024-10-05	Helsinki	Uusimaa (U)	Suomi	60.20626	24.99889		COMMUNITY_VERIFIED	iNaturalist Suomi Finland
karvarousku (fi) — Lactarius torminosus	karvarousku (fi)		2024-10-01 [16:30-17:16]	Espoo, Kirkkonummi	Uusimaa (U)	Suomi	60.16428	24.565163	Sure	NEUTRAL	Notebook, general observations
karvarousku (fi) — Lactarius torminosus	karvarousku (fi)		2024-09-30	Helsinki	Uusimaa (U)	Suomi	60.2242	25.0176		COMMUNITY_VERIFIED	iNaturalist Suomi Finland
karvarousku (fi) — Lactarius torminosus	karvarousku (fi)		2024-09-30	Närpiö	Etelä-Pohjanmaa (EP)	Suomi	62.52018	21.08039		NEUTRAL	iNaturalist Suomi Finland
karvarousku (fi) — Lactarius torminosus	karvarousku (fi)		2024-09-29	Hanko	Uusimaa (U)	Suomi	59.904294	23.194126	Sure	NEUTRAL	The Atlas of Finnish Fungi
karvarousku (fi) — Lactarius torminosus	karvarousku (fi)		2024-09-29	Helsinki	Uusimaa (U)	Suomi	60.26953	24.91037		COMMUNITY_VERIFIED	iNaturalist Suomi Finland
karvarousku (fi) — Lactarius torminosus	karvarousku (fi)		2024-09-29	Iisalmi	Pohjois-Savo (PS)	Suomi	63.49709	26.86874		NEUTRAL	iNaturalist Suomi Finland
karvarousku (fi) — Lactarius torminosus	karvarousku (fi)		2024-09-29	Helsinki	Uusimaa (U)	Suomi	60.19871	25.01482		COMMUNITY_VERIFIED	iNaturalist Suomi Finland
karvarousku (fi) — Lactarius torminosus	karvarousku (fi)		2024-09-27	Raisio	Varsinais-Suomi (V)	Suomi	60.4748	22.17112		COMMUNITY_VERIFIED	iNaturalist Suomi Finland
karvarousku (fi) — Lactarius torminosus	karvarousku (fi)		2024-09-26	Porvoo	Uusimaa (U)	Suomi	60.276227	25.795262	Sure	NEUTRAL	The Atlas of Finnish Fungi
karvarousku (fi) — Lactarius torminosus	karvarousku (fi)		2024-09-23	Hausjärvi, Hyvinkää, Riihimäki	Etelä-Häme (EH), Uusimaa (U)	Suomi	60.7	24.9		COMMUNITY_VERIFIED	iNaturalist Suomi Finland
karvarousku (fi) — Lactarius torminosus	karvarousku (fi)		2024-09-22	Lapinlahti	Pohjois-Savo (PS)	Suomi	63.24728	27.43261		NEUTRAL	iNaturalist Suomi Finland
karvarousku (fi) — Lactarius torminosus	karvarousku (fi)		2024-09-22	Järvenpää	Uusimaa (U)	Suomi	60.48802	25.11533		COMMUNITY_VERIFIED	iNaturalist Suomi Finland
karvarousku (fi) — Lactarius torminosus	karvarousku (fi)		2024-09-22	Kaarina	Varsinais-Suomi (V)	Suomi	60.4401	22.37479		COMMUNITY_VERIFIED	iNaturalist Suomi Finland
karvarousku (fi) — Lactarius torminosus	karvarousku (fi)		2024-09-21	Nokia	Etelä-Häme (EH)	Suomi	61.470331	23.467398	Sure	NEUTRAL	The Atlas of Finnish Fungi
karvarousku (fi) — Lactarius torminosus	karvarousku (fi)		2024-09-21	Marttila	Varsinais-Suomi (V)	Suomi	60.6034	22.93319		COMMUNITY_VERIFIED	iNaturalist Suomi Finland
karvarousku (fi) — Lactarius torminosus	karvarousku (fi)		2024-09-21	Kuhmoinen	Etelä-Häme (EH)	Suomi	61.675318	25.004309	Sure	NEUTRAL	Notebook, general observations
karvarousku (fi) — Lactarius torminosus	karvarousku (fi)		2024-09-21	Kirkkonummi	Uusimaa (U)	Suomi	60.281971	24.50114	Sure	NEUTRAL	The Atlas of Finnish Fungi
karvarousku (fi) — Lactarius torminosus	karvarousku (fi)		2024-09-20	Rovaniemi	Perä-Pohjanmaa (PeP)	Suomi	66.54398	25.84427		COMMUNITY_VERIFIED	iNaturalist Suomi Finland
karvarousku (fi) — Lactarius torminosus	karvarousku (fi)		2024-09-20	Oulu	Oulun Pohjanmaa (OP)	Suomi	65.05922	25.46254		COMMUNITY_VERIFIED	iNaturalist Suomi Finland
karvarousku (fi) — Lactarius torminosus	karvarousku (fi)		2024-09-19	Rovaniemi	Perä-Pohjanmaa (PeP)	Suomi	66.50885	25.76326		COMMUNITY_VERIFIED	iNaturalist Suomi Finland
karvarousku (fi) — Lactarius torminosus	karvarousku (fi)		2024-09-18	Oulu	Oulun Pohjanmaa (OP)	Suomi	65.13358	25.29215		COMMUNITY_VERIFIED	iNaturalist Suomi Finland
karvarousku (fi) — Lactarius torminosus	karvarousku (fi)		2024-09-18	Kolari	Kittilän Lappi (KiL)	Suomi	67.60147	24.11119		NEUTRAL	iNaturalist Suomi Finland
karvarousku (fi) — Lactarius torminosus	karvarousku (fi)		2024-09-17	Lapinlahti	Pohjois-Savo (PS)	Suomi	63.3	27.5		NEUTRAL	iNaturalist Suomi Finland
karvarousku (fi) — Lactarius torminosus	karvarousku (fi)		2024-09-17	Espoo	Uusimaa (U)	Suomi	60.29283	24.56308		COMMUNITY_VERIFIED	iNaturalist Suomi Finland
karvarousku (fi) — Lactarius torminosus	karvarousku (fi)		2024-09-17	Espoo	Uusimaa (U)	Suomi	60.17473	24.71257		COMMUNITY_VERIFIED	iNaturalist Suomi Finland
karvarousku (fi) — Lactarius torminosus	karvarousku (fi)		2024-09-17	Oulu	Oulun Pohjanmaa (OP)	Suomi	65.176321	25.306736	Sure	NEUTRAL	The Atlas of Finnish Fungi
karvarousku (fi) — Lactarius torminosus	karvarousku (fi)		2024-09-17	Järvenpää	Uusimaa (U)	Suomi	60.48651	25.12494		NEUTRAL	iNaturalist Suomi Finland
karvarousku (fi) — Lactarius torminosus	karvarousku (fi)		2024-09-16 [14:33-16:16]	Salo	Varsinais-Suomi (V)	Suomi	60.094943	22.868057	Sure	NEUTRAL	The Atlas of Finnish Fungi
karvarousku (fi) — Lactarius torminosus	karvarousku (fi)		2024-09-16	Salo	Varsinais-Suomi (V)	Suomi	60.094944	22.868059		NEUTRAL	Fungal collection of the Botanical Museum, University of Oulu (OULU)
karvarousku (fi) — Lactarius torminosus	karvarousku (fi)		2024-09-15	Espoo	Uusimaa (U)	Suomi	60.28713	24.53566		COMMUNITY_VERIFIED	iNaturalist Suomi Finland
karvarousku (fi) — Lactarius torminosus	karvarousku (fi)		2024-09-15	Kittilä	Kittilän Lappi (KiL)	Suomi	67.5244	24.98157	Sure	NEUTRAL	The Atlas of Finnish Fungi
karvarousku (fi) — Lactarius torminosus	karvarousku (fi)		2024-09-15	Kemiönsaari, Raasepori, Salo	Varsinais-Suomi (V)	Suomi	60.1	22.9		NEUTRAL	iNaturalist Suomi Finland
karvarousku (fi) — Lactarius torminosus	karvarousku (fi)		2024-09-15	Espoo	Uusimaa (U)	Suomi	60.16181	24.76241		COMMUNITY_VERIFIED	iNaturalist Suomi Finland
karvarousku (fi) — Lactarius torminosus	karvarousku (fi)		2024-09-15	Vantaa	Uusimaa (U)	Suomi	60.369257	25.068687	Sure	NEUTRAL	The Atlas of Finnish Fungi
karvarousku (fi) — Lactarius torminosus	karvarousku (fi)	useita	2024-09-14	Oulu	Oulun Pohjanmaa (OP)	Suomi	65.176367	25.390718	Sure	NEUTRAL	The Atlas of Finnish Fungi
karvarousku (fi) — Lactarius torminosus	karvarousku (fi)	X	2024-09-14 [8:04-9:22]	Raasepori	Varsinais-Suomi (V)	Suomi	60.041719	23.708709	Sure	NEUTRAL	Noteworthy macrofungi - complete lists
karvarousku (fi) — Lactarius torminosus	karvarousku (fi)	useita	2024-09-13	Vaasa	Etelä-Pohjanmaa (EP)	Suomi	63.100873	21.66943	Sure	NEUTRAL	The Atlas of Finnish Fungi
karvarousku (fi) — Lactarius torminosus	karvarousku (fi)	X	2024-09-13 [9:52-13:34]	Helsinki, Sipoo, Vantaa	Uusimaa (U)	Suomi	60.288705	25.191159	Sure	NEUTRAL	Noteworthy macrofungi - complete lists
karvarousku (fi) — Lactarius torminosus	karvarousku (fi)		2024-09-12	Jyväskylä	Pohjois-Häme (PH)	Suomi	62.28436	25.79499		NEUTRAL	iNaturalist Suomi Finland
karvarousku (fi) — Lactarius torminosus	karvarousku (fi)		2024-09-11	Jomala	Ahvenanmaa (A)	Suomi	60.19915	19.93556		NEUTRAL	iNaturalist Suomi Finland
karvarousku (fi) — Lactarius torminosus	karvarousku (fi)		2024-09-11	Ranua	Perä-Pohjanmaa (PeP)	Suomi	65.92281	26.50152		COMMUNITY_VERIFIED	iNaturalist Suomi Finland
karvarousku (fi) — Lactarius torminosus	karvarousku (fi)		2024-09-11	Turku	Varsinais-Suomi (V)	Suomi	60.45958	22.16096		COMMUNITY_VERIFIED	iNaturalist Suomi Finland
karvarousku (fi) — Lactarius torminosus	karvarousku (fi)		2024-09-10	Lapinlahti	Pohjois-Savo (PS)	Suomi	63.31051	27.43358		COMMUNITY_VERIFIED	iNaturalist Suomi Finland
karvarousku (fi) — Lactarius torminosus	karvarousku (fi)		2024-09-09	Imatra	Etelä-Savo (ES)	Suomi	61.267091	28.859088	Sure	NEUTRAL	Notebook, general observations
karvarousku (fi) — Lactarius torminosus	karvarousku (fi)	Lukuisia laikuttain	2024-09-09	Joensuu	Pohjois-Karjala (PK)	Suomi	62.622092	29.658309	Sure	NEUTRAL	The Atlas of Finnish Fungi
karvarousku (fi) — Lactarius torminosus	karvarousku (fi)		2024-09-09	Kitee	Pohjois-Karjala (PK)	Suomi	61.94168	30.19445		COMMUNITY_VERIFIED	iNaturalist Suomi Finland
karvarousku (fi) — Lactarius torminosus	karvarousku (fi)		2024-09-08	Lapinlahti	Pohjois-Savo (PS)	Suomi	63.37091	27.40265		COMMUNITY_VERIFIED	iNaturalist Suomi Finland
karvarousku (fi) — Lactarius torminosus	karvarousku (fi)		2024-09-08	Kuopio, Siilinjärvi	Pohjois-Savo (PS)	Suomi	62.9	27.7		COMMUNITY_VERIFIED	iNaturalist Suomi Finland
karvarousku (fi) — Lactarius torminosus	karvarousku (fi)		2024-09-08	Keuruu	Pohjois-Häme (PH)	Suomi	62.20406	24.59773		COMMUNITY_VERIFIED	iNaturalist Suomi Finland
karvarousku (fi) — Lactarius torminosus	karvarousku (fi)		2024-09-08	Oulu	Oulun Pohjanmaa (OP)	Suomi	65.06455	25.4724		COMMUNITY_VERIFIED	iNaturalist Suomi Finland
karvarousku (fi) — Lactarius torminosus	karvarousku (fi)		2024-09-08	Raasepori	Varsinais-Suomi (V)	Suomi	60.03449	23.60493		COMMUNITY_VERIFIED	iNaturalist Suomi Finland
karvarousku (fi) — Lactarius torminosus	karvarousku (fi)		2024-09-08	Kitee	Pohjois-Karjala (PK)	Suomi	62.083828	29.88697	Sure	NEUTRAL	The Atlas of Finnish Fungi
karvarousku (fi) — Lactarius torminosus	karvarousku (fi)		2024-09-08 [17:49-19:29]	Salo	Varsinais-Suomi (V)	Suomi	60.335229	23.213126	Sure	NEUTRAL	The Atlas of Finnish Fungi
karvarousku (fi) — Lactarius torminosus	karvarousku (fi)		2024-09-07	Kitee	Pohjois-Karjala (PK)	Suomi	62.155452	29.989757	Sure	NEUTRAL	The Atlas of Finnish Fungi
karvarousku (fi) — Lactarius torminosus	karvarousku (fi)		2024-09-07	Savonlinna	Etelä-Savo (ES)	Suomi	61.87994	28.86376		COMMUNITY_VERIFIED	iNaturalist Suomi Finland
karvarousku (fi) — Lactarius torminosus	karvarousku (fi)		2024-09-07	Savonlinna	Etelä-Savo (ES)	Suomi	61.87994	28.86376		COMMUNITY_VERIFIED	iNaturalist Suomi Finland
karvarousku (fi) — Lactarius torminosus	karvarousku (fi)		2024-09-07	Savonlinna	Etelä-Savo (ES)	Suomi	61.86917	28.86524		COMMUNITY_VERIFIED	iNaturalist Suomi Finland
karvarousku (fi) — Lactarius torminosus	karvarousku (fi)		2024-09-07	Savonlinna	Etelä-Savo (ES)	Suomi	61.86917	28.86524		COMMUNITY_VERIFIED	iNaturalist Suomi Finland
karvarousku (fi) — Lactarius torminosus	karvarousku (fi)		2024-09-07	Savonlinna	Etelä-Savo (ES)	Suomi	61.87222	28.86094		COMMUNITY_VERIFIED	iNaturalist Suomi Finland
karvarousku (fi) — Lactarius torminosus	karvarousku (fi)		2024-09-07	Kokkola	Keski-Pohjanmaa (KP)	Suomi	63.84149	23.125		COMMUNITY_VERIFIED	iNaturalist Suomi Finland
karvarousku (fi) — Lactarius torminosus	karvarousku (fi)		2024-09-07	Kruunupyy	Keski-Pohjanmaa (KP)	Suomi	63.64275	23.52322		COMMUNITY_VERIFIED	iNaturalist Suomi Finland
karvarousku (fi) — Lactarius torminosus	karvarousku (fi)		2024-09-07	Savonlinna	Etelä-Savo (ES)	Suomi	61.87971	28.856		NEUTRAL	iNaturalist Suomi Finland
karvarousku (fi) — Lactarius torminosus	karvarousku (fi)		2024-09-07	Siuntio	Uusimaa (U)	Suomi	60.08053	24.29579		COMMUNITY_VERIFIED	iNaturalist Suomi Finland
karvarousku (fi) — Lactarius torminosus	karvarousku (fi)		2024-09-07	Tervola	Perä-Pohjanmaa (PeP)	Suomi	66.03865	24.75124		COMMUNITY_VERIFIED	iNaturalist Suomi Finland
karvarousku (fi) — Lactarius torminosus	karvarousku (fi)		2024-09-07	Mikkeli	Etelä-Savo (ES)	Suomi	61.42881	27.55716		COMMUNITY_VERIFIED	iNaturalist Suomi Finland
karvarousku (fi) — Lactarius torminosus	karvarousku (fi)		2024-09-06	Kirkkonummi	Uusimaa (U)	Suomi	60.27629	24.46271		COMMUNITY_VERIFIED	iNaturalist Suomi Finland
karvarousku (fi) — Lactarius torminosus	karvarousku (fi)		2024-09-06	Lappeenranta	Etelä-Savo (ES)	Suomi	61.05268	28.13106		NEUTRAL	iNaturalist Suomi Finland
karvarousku (fi) — Lactarius torminosus	karvarousku (fi)		2024-09-06	Tampere	Etelä-Häme (EH)	Suomi	61.49639	23.78294		NEUTRAL	iNaturalist Suomi Finland
karvarousku (fi) — Lactarius torminosus	karvarousku (fi)		2024-09-06	Vaala	Kainuu (Kn)	Suomi	64.40858	27.07999		COMMUNITY_VERIFIED	iNaturalist Suomi Finland
karvarousku (fi) — Lactarius torminosus	karvarousku (fi)		2024-09-06	Nokia	Etelä-Häme (EH)	Suomi	61.49742	23.43897		NEUTRAL	iNaturalist Suomi Finland
karvarousku (fi) — Lactarius torminosus	karvarousku (fi)		2024-09-06	Oulu	Oulun Pohjanmaa (OP)	Suomi	65.06014	25.47546		COMMUNITY_VERIFIED	iNaturalist Suomi Finland
karvarousku (fi) — Lactarius torminosus	karvarousku (fi)		2024-09-06	Rovaniemi	Perä-Pohjanmaa (PeP)	Suomi	66.510459	25.692806	Sure	NEUTRAL	Notebook, general observations
karvarousku (fi) — Lactarius torminosus	karvarousku (fi)		2024-09-05 [11:36-15:52]	Savonlinna	Etelä-Savo (ES)	Suomi	61.911961	29.046386	Sure	NEUTRAL	The Atlas of Finnish Fungi
karvarousku (fi) — Lactarius torminosus	karvarousku (fi)		2024-09-05	Espoo	Uusimaa (U)	Suomi	60.18035	24.72336		COMMUNITY_VERIFIED	iNaturalist Suomi Finland
karvarousku (fi) — Lactarius torminosus	karvarousku (fi)		2024-09-05	Kokkola	Keski-Pohjanmaa (KP)	Suomi	63.88347	23.07318		COMMUNITY_VERIFIED	iNaturalist Suomi Finland
karvarousku (fi) — Lactarius torminosus	karvarousku (fi)	1	2024-09-05	Kajaani	Kainuu (Kn)	Suomi	63.995614	27.403744	Sure	NEUTRAL	The Atlas of Finnish Fungi
karvarousku (fi) — Lactarius torminosus	karvarousku (fi)		2024-09-04	Espoo	Uusimaa (U)	Suomi	60.19712	24.70028		COMMUNITY_VERIFIED	iNaturalist Suomi Finland
karvarousku (fi) — Lactarius torminosus	karvarousku (fi)		2024-09-04	Mikkeli	Etelä-Savo (ES)	Suomi	61.7	27.3		COMMUNITY_VERIFIED	iNaturalist Suomi Finland
karvarousku (fi) — Lactarius torminosus	karvarousku (fi)		2024-09-04	Oulu	Oulun Pohjanmaa (OP)	Suomi	65.06319	25.46015		COMMUNITY_VERIFIED	iNaturalist Suomi Finland
karvarousku (fi) — Lactarius torminosus	karvarousku (fi)		2024-09-04	Tuusula	Uusimaa (U)	Suomi	60.49434	25.04652		COMMUNITY_VERIFIED	iNaturalist Suomi Finland
karvarousku (fi) — Lactarius torminosus	karvarousku (fi)		2024-09-04	Tuusula	Uusimaa (U)	Suomi	60.49435	25.0464		COMMUNITY_VERIFIED	iNaturalist Suomi Finland
karvarousku (fi) — Lactarius torminosus	karvarousku (fi)		2024-09-04	Oulu	Oulun Pohjanmaa (OP)	Suomi	65.0633	25.45828		COMMUNITY_VERIFIED	iNaturalist Suomi Finland
karvarousku (fi) — Lactarius torminosus	karvarousku (fi)		2024-09-04	Oulu	Oulun Pohjanmaa (OP)	Suomi	65.06412	25.4574		COMMUNITY_VERIFIED	iNaturalist Suomi Finland
karvarousku (fi) — Lactarius torminosus	karvarousku (fi)		2024-09-03	Vantaa	Uusimaa (U)	Suomi	60.277209	25.164004	Sure	NEUTRAL	The Atlas of Finnish Fungi
karvarousku (fi) — Lactarius torminosus	karvarousku (fi)		2024-09-03	Oulu	Oulun Pohjanmaa (OP)	Suomi	65.0581	25.46092		COMMUNITY_VERIFIED	iNaturalist Suomi Finland
karvarousku (fi) — Lactarius torminosus	karvarousku (fi)		2024-09-03	Tampere	Etelä-Häme (EH)	Suomi	61.4744	23.75077		NEUTRAL	iNaturalist Suomi Finland
karvarousku (fi) — Lactarius torminosus	karvarousku (fi)		2024-09-02	Keminmaa	Perä-Pohjanmaa (PeP)	Suomi	65.91246	24.75306		COMMUNITY_VERIFIED	iNaturalist Suomi Finland
karvarousku (fi) — Lactarius torminosus	karvarousku (fi)		2024-09-01	Kittilä	Kittilän Lappi (KiL)	Suomi	67.52444	24.981156	Sure	NEUTRAL	The Atlas of Finnish Fungi
karvarousku (fi) — Lactarius torminosus	karvarousku (fi)	2	2024-09-01 [18:50]	Tampere	Etelä-Häme (EH)	Suomi	61.501402	23.783707		NEUTRAL	Notebook, general observations
karvarousku (fi) — Lactarius torminosus	karvarousku (fi)	useita	2024-08-31	Mustasaari	Etelä-Pohjanmaa (EP)	Suomi	63.274524	21.617422	Sure	NEUTRAL	The Atlas of Finnish Fungi
karvarousku (fi) — Lactarius torminosus	karvarousku (fi)		2024-08-31	Mustasaari, Uusikaarlepyy, Vöyri	Etelä-Pohjanmaa (EP), Keski-Pohjanmaa (KP)	Suomi	63.3	22.1		COMMUNITY_VERIFIED	iNaturalist Suomi Finland
karvarousku (fi) — Lactarius torminosus	karvarousku (fi)		2024-08-31	Oulu	Oulun Pohjanmaa (OP)	Suomi	64.93484	25.77247		NEUTRAL	iNaturalist Suomi Finland
karvarousku (fi) — Lactarius torminosus	karvarousku (fi)		2024-08-31	Heinävesi	Pohjois-Savo (PS)	Suomi	62.39425	28.81729	Sure	NEUTRAL	The Atlas of Finnish Fungi
karvarousku (fi) — Lactarius torminosus	karvarousku (fi)		2024-08-31 [14:30-16:56]	Tampere	Etelä-Häme (EH)	Suomi	61.467377	23.813683	Sure	NEUTRAL	The Atlas of Finnish Fungi
karvarousku (fi) — Lactarius torminosus	karvarousku (fi)		2024-08-30	Sipoo	Uusimaa (U)	Suomi	60.2127	25.27293		COMMUNITY_VERIFIED	iNaturalist Suomi Finland
karvarousku (fi) — Lactarius torminosus	karvarousku (fi)		2024-08-30	Tampere	Etelä-Häme (EH)	Suomi	61.44097	23.84029		COMMUNITY_VERIFIED	iNaturalist Suomi Finland
karvarousku (fi) — Lactarius torminosus	karvarousku (fi)		2024-08-30	Mikkeli	Etelä-Savo (ES)	Suomi	61.45432	27.40032		COMMUNITY_VERIFIED	iNaturalist Suomi Finland
karvarousku (fi) — Lactarius torminosus	karvarousku (fi)		2024-08-29	Kuopio, Lapinlahti	Pohjois-Savo (PS)	Suomi	63.3	27.3		NEUTRAL	iNaturalist Suomi Finland
karvarousku (fi) — Lactarius torminosus	karvarousku (fi)		2024-08-29	Espoo	Uusimaa (U)	Suomi	60.29711	24.61695		COMMUNITY_VERIFIED	iNaturalist Suomi Finland
karvarousku (fi) — Lactarius torminosus	karvarousku (fi)		2024-08-29	Espoo	Uusimaa (U)	Suomi	60.29837	24.62042		NEUTRAL	iNaturalist Suomi Finland
karvarousku (fi) — Lactarius torminosus	karvarousku (fi)		2024-08-29 [17:32]	Espoo	Uusimaa (U)	Suomi	60.183615	24.730623	Sure	NEUTRAL	Notebook, general observations
karvarousku (fi) — Lactarius torminosus	karvarousku (fi)		2024-08-27	Nurmijärvi	Uusimaa (U)	Suomi	60.3942	24.74786		COMMUNITY_VERIFIED	iNaturalist Suomi Finland
karvarousku (fi) — Lactarius torminosus	karvarousku (fi)		2024-08-27	Mustasaari	Etelä-Pohjanmaa (EP)	Suomi	63.29674	21.74184		COMMUNITY_VERIFIED	iNaturalist Suomi Finland
karvarousku (fi) — Lactarius torminosus	karvarousku (fi)		2024-08-27	Helsinki	Uusimaa (U)	Suomi	60.24306	25.07201		COMMUNITY_VERIFIED	iNaturalist Suomi Finland
karvarousku (fi) — Lactarius torminosus	karvarousku (fi)	Muutama havaintoalueella	2024-08-26	Hyvinkää	Uusimaa (U)	Suomi	60.597513	24.791601	Sure	NEUTRAL	The Atlas of Finnish Fungi
karvarousku (fi) — Lactarius torminosus	karvarousku (fi)		2024-08-25	Kirkkonummi	Uusimaa (U)	Suomi	60.15267	24.56421		COMMUNITY_VERIFIED	iNaturalist Suomi Finland
karvarousku (fi) — Lactarius torminosus	karvarousku (fi)		2024-08-24	Järvenpää	Uusimaa (U)	Suomi	60.488	25.12603		COMMUNITY_VERIFIED	iNaturalist Suomi Finland
karvarousku (fi) — Lactarius torminosus	karvarousku (fi)		2024-08-24	Mikkeli	Etelä-Savo (ES)	Suomi	61.7	27.3		NEUTRAL	iNaturalist Suomi Finland
karvarousku (fi) — Lactarius torminosus	karvarousku (fi)		2024-08-24	Orimattila	Uusimaa (U)	Suomi	60.83387	25.44881		COMMUNITY_VERIFIED	iNaturalist Suomi Finland
karvarousku (fi) — Lactarius torminosus	karvarousku (fi)		2024-08-24	Lohja	Varsinais-Suomi (V)	Suomi	60.279	23.82633		NEUTRAL	iNaturalist Suomi Finland
karvarousku (fi) — Lactarius torminosus	karvarousku (fi)		2024-08-24	Hartola	Etelä-Häme (EH)	Suomi	61.64821	26.05358		NEUTRAL	iNaturalist Suomi Finland
karvarousku (fi) — Lactarius torminosus	karvarousku (fi)	useita	2024-08-23 - 2024-10-25	Loviisa	Uusimaa (U)	Suomi	60.445995	26.137225	Sure	NEUTRAL	The Atlas of Finnish Fungi
karvarousku (fi) — Lactarius torminosus	karvarousku (fi)		2024-08-23	Orimattila	Uusimaa (U)	Suomi	60.85901	25.66734		COMMUNITY_VERIFIED	iNaturalist Suomi Finland
karvarousku (fi) — Lactarius torminosus	karvarousku (fi)		2024-08-23 [15:39]	Espoo	Uusimaa (U)	Suomi	60.182427	24.678256	Sure	NEUTRAL	Notebook, general observations
karvarousku (fi) — Lactarius torminosus	karvarousku (fi)	1	2024-08-22	Rovaniemi	Perä-Pohjanmaa (PeP)	Suomi	66.361992	25.895463	Sure	NEUTRAL	The Atlas of Finnish Fungi
karvarousku (fi) — Lactarius torminosus	karvarousku (fi)		2024-08-22	Huittinen, Humppila, Loimaa, Punkalaidun, Sastamala	Etelä-Häme (EH), Satakunta (St)	Suomi	61.1	23.1		NEUTRAL	iNaturalist Suomi Finland
karvarousku (fi) — Lactarius torminosus	karvarousku (fi)	5	2024-08-22	Rovaniemi	Perä-Pohjanmaa (PeP)	Suomi	66.499637	25.750357	Sure	NEUTRAL	The Atlas of Finnish Fungi
karvarousku (fi) — Lactarius torminosus	karvarousku (fi)		2024-08-22	Oulu	Oulun Pohjanmaa (OP)	Suomi	65.173112	25.282974	Sure	NEUTRAL	The Atlas of Finnish Fungi
karvarousku (fi) — Lactarius torminosus	karvarousku (fi)		2024-08-21	Virolahti	Etelä-Karjala (EK)	Suomi	60.508146	27.617079	Sure	NEUTRAL	Notebook, general observations
karvarousku (fi) — Lactarius torminosus	karvarousku (fi)		2024-08-21	Imatra	Etelä-Savo (ES)	Suomi	61.20668	28.74382		NEUTRAL	iNaturalist Suomi Finland
karvarousku (fi) — Lactarius torminosus	karvarousku (fi)		2024-08-21	Joutsa	Etelä-Savo (ES)	Suomi	61.65412	26.22326		COMMUNITY_VERIFIED	iNaturalist Suomi Finland
karvarousku (fi) — Lactarius torminosus	karvarousku (fi)		2024-08-19	Laitila	Varsinais-Suomi (V)	Suomi	60.87123	21.71408		COMMUNITY_VERIFIED	iNaturalist Suomi Finland
karvarousku (fi) — Lactarius torminosus	karvarousku (fi)		2024-08-19	Sodankylä	Sompion Lappi (SoL)	Suomi	67.157814	26.91285	Sure	NEUTRAL	The Atlas of Finnish Fungi
karvarousku (fi) — Lactarius torminosus	karvarousku (fi)	2	2024-08-18 [15:30-18:00]	Tampere	Etelä-Häme (EH)	Suomi	61.434437	23.869422	Sure	NEUTRAL	Notebook, general observations
karvarousku (fi) — Lactarius torminosus	karvarousku (fi)		2024-08-18	Seinäjoki	Etelä-Pohjanmaa (EP)	Suomi	62.54174	23.14362		NEUTRAL	iNaturalist Suomi Finland
karvarousku (fi) — Lactarius torminosus	karvarousku (fi)		2024-08-18	Tammela	Etelä-Häme (EH)	Suomi	60.73587	23.58289		COMMUNITY_VERIFIED	iNaturalist Suomi Finland
karvarousku (fi) — Lactarius torminosus	karvarousku (fi)	yleinen	2024-08-15	Enontekiö	Enontekiön Lappi (EnL)	Suomi	68.947026	20.938715	Sure	NEUTRAL	The Atlas of Finnish Fungi
karvarousku (fi) — Lactarius torminosus	karvarousku (fi)	1	2024-08-15	Enontekiö	Enontekiön Lappi (EnL)	Suomi	69.046072	20.850614	Sure	NEUTRAL	The Atlas of Finnish Fungi
karvarousku (fi) — Lactarius torminosus	karvarousku (fi)	X	2024-08-14 [16:00-19:33]	Toivakka	Pohjois-Häme (PH)	Suomi	62.163555	26.262885	Sure	NEUTRAL	Noteworthy macrofungi - complete lists
karvarousku (fi) — Lactarius torminosus	karvarousku (fi)	1	2024-08-13	Vaasa	Etelä-Pohjanmaa (EP)	Suomi	63.035828	21.592517	Sure	NEUTRAL	The Atlas of Finnish Fungi
karvarousku (fi) — Lactarius torminosus	karvarousku (fi)	muutamia	2024-08-10	Utsjoki	Inarin Lappi (InL)	Suomi	69.944138	26.637232	Sure	NEUTRAL	The Atlas of Finnish Fungi
karvarousku (fi) — Lactarius torminosus	karvarousku (fi)	muutamia	2024-08-09	Utsjoki	Inarin Lappi (InL)	Suomi	69.942056	26.564785	Sure	NEUTRAL	The Atlas of Finnish Fungi
karvarousku (fi) — Lactarius torminosus	karvarousku (fi)		2024-08-09	Salla	Koillismaa (Ks)	Suomi	66.73838	28.85304		COMMUNITY_VERIFIED	iNaturalist Suomi Finland
karvarousku (fi) — Lactarius torminosus	karvarousku (fi)	1	2024-08-08	Sodankylä	Sompion Lappi (SoL)	Suomi	68.225562	27.042905	Sure	NEUTRAL	The Atlas of Finnish Fungi
karvarousku (fi) — Lactarius torminosus	karvarousku (fi)	useiita	2024-08-04 - 2024-09-03	Kotka	Etelä-Karjala (EK)	Suomi	60.513081	26.873121	Sure	NEUTRAL	The Atlas of Finnish Fungi
karvarousku (fi) — Lactarius torminosus	karvarousku (fi)		2024-08-03	Iisalmi	Pohjois-Savo (PS)	Suomi	63.63494	27.05227		COMMUNITY_VERIFIED	iNaturalist Suomi Finland
karvarousku (fi) — Lactarius torminosus	karvarousku (fi)	useita	2024-08-02 - 2024-09-01	Kirkkonummi	Uusimaa (U)	Suomi	60.168109	24.400202	Sure	NEUTRAL	The Atlas of Finnish Fungi
karvarousku (fi) — Lactarius torminosus	karvarousku (fi)	1	2024-07-28	Rovaniemi	Perä-Pohjanmaa (PeP)	Suomi	66.5786	25.66171	Sure	NEUTRAL	The Atlas of Finnish Fungi
karvarousku (fi) — Lactarius torminosus	karvarousku (fi)	useita	2024-07-27 - 2024-08-29	Loviisa	Uusimaa (U)	Suomi	60.517612	26.439743	Sure	NEUTRAL	The Atlas of Finnish Fungi
karvarousku (fi) — Lactarius torminosus	karvarousku (fi)		2024-07-26	Valkeakoski	Etelä-Häme (EH)	Suomi	61.25611	24.07812		COMMUNITY_VERIFIED	iNaturalist Suomi Finland
karvarousku (fi) — Lactarius torminosus	karvarousku (fi)	muutama	2024-07-20	Lapinjärvi, Loviisa	Uusimaa (U)	Suomi	60.544066	26.322443	Sure	NEUTRAL	The Atlas of Finnish Fungi
karvarousku (fi) — Lactarius torminosus	karvarousku (fi)		2024-07-19	Posio	Koillismaa (Ks)	Suomi	66.17851	27.58871		NEUTRAL	iNaturalist Suomi Finland
karvarousku (fi) — Lactarius torminosus	karvarousku (fi)	muutama	2024-04-29	Loviisa	Uusimaa (U)	Suomi	60.527788	26.009483	Sure	NEUTRAL	The Atlas of Finnish Fungi
karvarousku (fi) — Lactarius torminosus	karvarousku (fi)		2023-10-16	Sastamala	Satakunta (St)	Suomi	61.382702	23.063164	Sure	NEUTRAL	The Atlas of Finnish Fungi
karvarousku (fi) — Lactarius torminosus	karvarousku (fi)		2023-10-14	Hartola, Joutsa, Mäntyharju	Etelä-Häme (EH), Etelä-Savo (ES)	Suomi	61.7	26.3		COMMUNITY_VERIFIED	iNaturalist Suomi Finland
karvarousku (fi) — Lactarius torminosus	karvarousku (fi)		2023-10-13	Helsinki	Uusimaa (U)	Suomi	60.192444	25.10003	Sure	NEUTRAL	Species Observations from Helsinki Nature Surveys
karvarousku (fi) — Lactarius torminosus	karvarousku (fi)		2023-10-13	Helsinki	Uusimaa (U)	Suomi	60.23396	24.88156		NEUTRAL	iNaturalist Suomi Finland
karvarousku (fi) — Lactarius torminosus	karvarousku (fi)		2023-10-10	Kauniainen	Uusimaa (U)	Suomi	60.213593	24.682613	Sure	NEUTRAL	The Atlas of Finnish Fungi
karvarousku (fi) — Lactarius torminosus	karvarousku (fi)		2023-10-08	Espoo	Uusimaa (U)	Suomi	60.18077	24.66309		COMMUNITY_VERIFIED	iNaturalist Suomi Finland
karvarousku (fi) — Lactarius torminosus	karvarousku (fi)		2023-10-08	Riihimäki	Etelä-Häme (EH)	Suomi	60.73924	24.7604		COMMUNITY_VERIFIED	iNaturalist Suomi Finland
karvarousku (fi) — Lactarius torminosus	karvarousku (fi)		2023-10-08 [15:33]	Tampere	Etelä-Häme (EH)	Suomi	61.454323	23.826926	Sure	NEUTRAL	The Atlas of Finnish Fungi
karvarousku (fi) — Lactarius torminosus	karvarousku (fi)		2023-10-08	Helsinki	Uusimaa (U)	Suomi	60.24295	25.06734		COMMUNITY_VERIFIED	iNaturalist Suomi Finland
karvarousku (fi) — Lactarius torminosus	karvarousku (fi)		2023-10-08	Helsinki	Uusimaa (U)	Suomi	60.19475	24.91318		COMMUNITY_VERIFIED	iNaturalist Suomi Finland
karvarousku (fi) — Lactarius torminosus	karvarousku (fi)	X	2023-10-08 [13:28-15:33]	Vantaa	Uusimaa (U)	Suomi	60.305284	25.1497	Sure	NEUTRAL	Noteworthy macrofungi - complete lists
karvarousku (fi) — Lactarius torminosus	karvarousku (fi)		2023-10-07	Pirkkala	Etelä-Häme (EH)	Suomi	61.47117	23.69166		COMMUNITY_VERIFIED	iNaturalist Suomi Finland
karvarousku (fi) — Lactarius torminosus	karvarousku (fi)		2023-10-07	Rääkkylä	Pohjois-Karjala (PK)	Suomi	62.313316	29.503582	Sure	NEUTRAL	Notebook, general observations
karvarousku (fi) — Lactarius torminosus	karvarousku (fi)	Useita	2023-10-06	Turku	Varsinais-Suomi (V)	Suomi	60.410367	22.21603	Sure	NEUTRAL	Notebook, general observations
karvarousku (fi) — Lactarius torminosus	karvarousku (fi)		2023-10-06	Espoo, Kauniainen	Uusimaa (U)	Suomi	60.21422	24.69416		COMMUNITY_VERIFIED	iNaturalist Suomi Finland
karvarousku (fi) — Lactarius torminosus	karvarousku (fi)		2023-10-05	Hanko	Uusimaa (U)	Suomi	59.82941	23.03314	Sure	NEUTRAL	The Atlas of Finnish Fungi
karvarousku (fi) — Lactarius torminosus	karvarousku (fi)		2023-10-05	Tuusula	Uusimaa (U)	Suomi	60.45347	25.0281		COMMUNITY_VERIFIED	iNaturalist Suomi Finland
karvarousku (fi) — Lactarius torminosus	karvarousku (fi)		2023-10-05 [12:56]	Espoo	Uusimaa (U)	Suomi	60.204733	24.784595	Sure	NEUTRAL	Notebook, general observations
karvarousku (fi) — Lactarius torminosus	karvarousku (fi)		2023-10-04	Rautavaara	Pohjois-Karjala (PK)	Suomi	63.58332	28.55835		COMMUNITY_VERIFIED	iNaturalist Suomi Finland
karvarousku (fi) — Lactarius torminosus	karvarousku (fi)		2023-10-03	Siikalatva	Keski-Pohjanmaa (KP)	Suomi	64.21879	26.00918	Sure	NEUTRAL	The Atlas of Finnish Fungi
karvarousku (fi) — Lactarius torminosus	karvarousku (fi)	1	2023-10-03	Taivassalo	Varsinais-Suomi (V)	Suomi	60.564608	21.609956	Sure	NEUTRAL	The Atlas of Finnish Fungi
karvarousku (fi) — Lactarius torminosus	karvarousku (fi)		2023-10-02	Lieksa	Pohjois-Karjala (PK)	Suomi	63.12795	30.71183		NEUTRAL	iNaturalist Suomi Finland
karvarousku (fi) — Lactarius torminosus	karvarousku (fi)	Melko yleinen havaintoalueella	2023-10-02 - 2023-10-03	Hyvinkää	Uusimaa (U)	Suomi	60.536229	24.679111	Sure	NEUTRAL	The Atlas of Finnish Fungi
karvarousku (fi) — Lactarius torminosus	karvarousku (fi)		2023-10-01 [15:25]	Espoo	Uusimaa (U)	Suomi	60.181861	24.7366	Unsure	COMMUNITY_VERIFIED	Notebook, general observations
karvarousku (fi) — Lactarius torminosus	karvarousku (fi)		2023-10-01 [12:51]	Kangasala, Tampere	Etelä-Häme (EH)	Suomi	61.497546	23.897924	Sure	NEUTRAL	The Atlas of Finnish Fungi
karvarousku (fi) — Lactarius torminosus	karvarousku (fi)		2023-10-01	Mikkeli	Etelä-Savo (ES)	Suomi	61.69948	27.42184		COMMUNITY_VERIFIED	iNaturalist Suomi Finland
karvarousku (fi) — Lactarius torminosus	karvarousku (fi)	X	2023-10-01 [10:18-11:51]	Raasepori	Varsinais-Suomi (V)	Suomi	60.038236	23.72329	Sure	NEUTRAL	Noteworthy macrofungi - complete lists
karvarousku (fi) — Lactarius torminosus	karvarousku (fi)		2023-09-30	Heinävesi	Pohjois-Savo (PS)	Suomi	62.4435	28.77428	Sure	NEUTRAL	The Atlas of Finnish Fungi
karvarousku (fi) — Lactarius torminosus	karvarousku (fi)		2023-09-30 [12:31-17:53]	Kirkkonummi	Uusimaa (U)	Suomi	60.13708	24.468352	Sure	NEUTRAL	Notebook, general observations
karvarousku (fi) — Lactarius torminosus	karvarousku (fi)		2023-09-28	Espoo	Uusimaa (U)	Suomi	60.18923	24.81787		COMMUNITY_VERIFIED	iNaturalist Suomi Finland
karvarousku (fi) — Lactarius torminosus	karvarousku (fi)		2023-09-28	Riihimäki	Etelä-Häme (EH)	Suomi	60.719777	24.809685	Sure	NEUTRAL	The Atlas of Finnish Fungi
karvarousku (fi) — Lactarius torminosus	karvarousku (fi)		2023-09-28	Jyväskylä	Pohjois-Häme (PH)	Suomi	62.226344	25.757171	Sure	NEUTRAL	Notebook, general observations
karvarousku (fi) — Lactarius torminosus	karvarousku (fi)		2023-09-27	Lohja	Varsinais-Suomi (V)	Suomi	60.219567	23.759875	Sure	NEUTRAL	The Atlas of Finnish Fungi
karvarousku (fi) — Lactarius torminosus	karvarousku (fi)		2023-09-27 [7:30-15:01]	Muurame	Etelä-Häme (EH)	Suomi	62.169083	25.640718	Sure	NEUTRAL	The Atlas of Finnish Fungi
karvarousku (fi) — Lactarius torminosus	karvarousku (fi)		2023-09-27	Loppi	Etelä-Häme (EH)	Suomi	60.744556	24.298949	Sure	NEUTRAL	Notebook, general observations
karvarousku (fi) — Lactarius torminosus	karvarousku (fi)	X	2023-09-27 [9:46-11:31]	Espoo, Vihti	Uusimaa (U), Varsinais-Suomi (V)	Suomi	60.32343	24.525371	Sure	NEUTRAL	Noteworthy macrofungi - complete lists
karvarousku (fi) — Lactarius torminosus	karvarousku (fi)		2023-09-26	Puolanka	Kainuu (Kn)	Suomi	64.64238	27.79968	Sure	NEUTRAL	The Atlas of Finnish Fungi
karvarousku (fi) — Lactarius torminosus	karvarousku (fi)		2023-09-26	Vihti	Varsinais-Suomi (V)	Suomi	60.539645	24.558811	Sure	NEUTRAL	The Atlas of Finnish Fungi
karvarousku (fi) — Lactarius torminosus	karvarousku (fi)		2023-09-26	Kajaani	Kainuu (Kn)	Suomi	64.23853	27.73488		NEUTRAL	iNaturalist Suomi Finland
karvarousku (fi) — Lactarius torminosus	karvarousku (fi)		2023-09-25	Lumijoki	Oulun Pohjanmaa (OP)	Suomi	64.92028	25.10114		NEUTRAL	iNaturalist Suomi Finland
karvarousku (fi) — Lactarius torminosus	karvarousku (fi)		2023-09-25	Porvoo	Uusimaa (U)	Suomi	60.34418	25.5916		COMMUNITY_VERIFIED	iNaturalist Suomi Finland
karvarousku (fi) — Lactarius torminosus	karvarousku (fi)		2023-09-24	Helsinki	Uusimaa (U)	Suomi	60.192054	25.095042	Sure	NEUTRAL	Species Observations from Helsinki Nature Surveys
karvarousku (fi) — Lactarius torminosus	karvarousku (fi)	X	2023-09-24 [15:32-16:36]	Vihti	Varsinais-Suomi (V)	Suomi	60.4369	24.31486	Sure	NEUTRAL	Noteworthy macrofungi - complete lists
karvarousku (fi) — Lactarius torminosus	karvarousku (fi)		2023-09-24	Kemi	Perä-Pohjanmaa (PeP)	Suomi	65.66136	24.57219	Sure	NEUTRAL	The Atlas of Finnish Fungi
karvarousku (fi) — Lactarius torminosus	karvarousku (fi)		2023-09-24 [9:24-10:06]	Tampere	Etelä-Häme (EH)	Suomi	61.441427	23.840048	Sure	NEUTRAL	Notebook, general observations
karvarousku (fi) — Lactarius torminosus	karvarousku (fi)		2023-09-23	Helsinki	Uusimaa (U)	Suomi	60.280143	25.203457	Sure	NEUTRAL	The Atlas of Finnish Fungi
karvarousku (fi) — Lactarius torminosus	karvarousku (fi)		2023-09-23 [15:59]	Tampere	Etelä-Häme (EH)	Suomi	61.46434	23.802607	Sure	NEUTRAL	The Atlas of Finnish Fungi
karvarousku (fi) — Lactarius torminosus	karvarousku (fi)		2023-09-23	Kuopio	Pohjois-Savo (PS)	Suomi	62.92346	27.64724		COMMUNITY_VERIFIED	iNaturalist Suomi Finland
karvarousku (fi) — Lactarius torminosus	karvarousku (fi)		2023-09-23	Asikkala	Etelä-Häme (EH)	Suomi	61.28582	25.58436		NEUTRAL	iNaturalist Suomi Finland
karvarousku (fi) — Lactarius torminosus	karvarousku (fi)		2023-09-22 [15:29-17:14]	Salo	Varsinais-Suomi (V)	Suomi	60.354608	23.562265	Sure	NEUTRAL	The Atlas of Finnish Fungi
karvarousku (fi) — Lactarius torminosus	karvarousku (fi)		2023-09-22	Riihimäki	Etelä-Häme (EH)	Suomi	60.74393	24.7741		NEUTRAL	iNaturalist Suomi Finland
karvarousku (fi) — Lactarius torminosus	karvarousku (fi)		2023-09-22	Lempäälä	Etelä-Häme (EH)	Suomi	61.35122	23.80245		COMMUNITY_VERIFIED	iNaturalist Suomi Finland
karvarousku (fi) — Lactarius torminosus	karvarousku (fi)		2023-09-22	Riihimäki	Etelä-Häme (EH)	Suomi	60.74069	24.76707		NEUTRAL	iNaturalist Suomi Finland
karvarousku (fi) — Lactarius torminosus	karvarousku (fi)	X	2023-09-22 [17:45-19:02]	Inkoo, Raasepori	Uusimaa (U), Varsinais-Suomi (V)	Suomi	60.055086	23.675094	Sure	NEUTRAL	Noteworthy macrofungi - complete lists
karvarousku (fi) — Lactarius torminosus	karvarousku (fi)		2023-09-21	Sysmä	Etelä-Häme (EH)	Suomi	61.421548	25.530254	Sure	NEUTRAL	Notebook, general observations
karvarousku (fi) — Lactarius torminosus	karvarousku (fi)	muutama	2023-09-21	Salo	Varsinais-Suomi (V)	Suomi	60.270994	23.39844	Sure	NEUTRAL	The Atlas of Finnish Fungi
karvarousku (fi) — Lactarius torminosus	karvarousku (fi)		2023-09-21	Helsinki	Uusimaa (U)	Suomi	60.23799	25.14472		NEUTRAL	iNaturalist Suomi Finland
karvarousku (fi) — Lactarius torminosus	karvarousku (fi)		2023-09-21	Pälkäne	Etelä-Häme (EH)	Suomi	61.37368	24.65752		COMMUNITY_VERIFIED	iNaturalist Suomi Finland
karvarousku (fi) — Lactarius torminosus	karvarousku (fi)		2023-09-19	Lapinlahti	Pohjois-Savo (PS)	Suomi	63.33386	27.38541		NEUTRAL	iNaturalist Suomi Finland
karvarousku (fi) — Lactarius torminosus	karvarousku (fi)		2023-09-19	Äänekoski	Pohjois-Häme (PH)	Suomi	62.572745	25.554475	Sure	NEUTRAL	Notebook, general observations
karvarousku (fi) — Lactarius torminosus	karvarousku (fi)		2023-09-18	Porvoo	Uusimaa (U)	Suomi	60.38388	25.62147		COMMUNITY_VERIFIED	iNaturalist Suomi Finland
karvarousku (fi) — Lactarius torminosus	karvarousku (fi)		2023-09-18	Lapinlahti	Pohjois-Savo (PS)	Suomi	63.36057	27.40027		COMMUNITY_VERIFIED	iNaturalist Suomi Finland
karvarousku (fi) — Lactarius torminosus	karvarousku (fi)		2023-09-17	Kuhmo	Kainuu (Kn)	Suomi	64.222455	28.992154	Sure	NEUTRAL	Notebook, general observations
karvarousku (fi) — Lactarius torminosus	karvarousku (fi)		2023-09-17	Loviisa, Porvoo	Uusimaa (U)	Suomi	60.3	25.9		COMMUNITY_VERIFIED	iNaturalist Suomi Finland
karvarousku (fi) — Lactarius torminosus	karvarousku (fi)		2023-09-17 [16:22-16:51]	Salo	Varsinais-Suomi (V)	Suomi	60.407511	23.197747	Sure	NEUTRAL	The Atlas of Finnish Fungi
karvarousku (fi) — Lactarius torminosus	karvarousku (fi)		2023-09-17	Hämeenlinna	Etelä-Häme (EH)	Suomi	60.83251	24.3307		COMMUNITY_VERIFIED	iNaturalist Suomi Finland
karvarousku (fi) — Lactarius torminosus	karvarousku (fi)		2023-09-17	Pieksämäki	Pohjois-Savo (PS)	Suomi	62.11944	27.53401		NEUTRAL	iNaturalist Suomi Finland
karvarousku (fi) — Lactarius torminosus	karvarousku (fi)		2023-09-17	Naantali	Varsinais-Suomi (V)	Suomi	60.49157	22.04331		NEUTRAL	iNaturalist Suomi Finland
karvarousku (fi) — Lactarius torminosus	karvarousku (fi)		2023-09-17	Kirkkonummi	Uusimaa (U)	Suomi	59.993774	24.437295	Sure	NEUTRAL	Notebook, general observations
karvarousku (fi) — Lactarius torminosus	karvarousku (fi)	runsas	2023-09-16	Pieksämäki	Pohjois-Savo (PS)	Suomi	62.078847	27.387236	Sure	NEUTRAL	The Atlas of Finnish Fungi
karvarousku (fi) — Lactarius torminosus	karvarousku (fi)		2023-09-16	Järvenpää	Uusimaa (U)	Suomi	60.48332	25.14137		COMMUNITY_VERIFIED	iNaturalist Suomi Finland
karvarousku (fi) — Lactarius torminosus	karvarousku (fi)		2023-09-16	Humppila, Jokioinen, Loimaa, Urjala, Ypäjä	Etelä-Häme (EH), Satakunta (St)	Suomi	60.9	23.3		COMMUNITY_VERIFIED	iNaturalist Suomi Finland
karvarousku (fi) — Lactarius torminosus	karvarousku (fi)		2023-09-16	Tampere	Etelä-Häme (EH)	Suomi	61.456867	23.8853	Sure	NEUTRAL	The Atlas of Finnish Fungi
karvarousku (fi) — Lactarius torminosus	karvarousku (fi)		2023-09-16 [11:54-13:45]	Espoo	Uusimaa (U)	Suomi	60.164991	24.838019	Sure	NEUTRAL	Notebook, general observations
karvarousku (fi) — Lactarius torminosus	karvarousku (fi)		2023-09-16	Puolanka	Kainuu (Kn)	Suomi	64.69802	27.33928		COMMUNITY_VERIFIED	iNaturalist Suomi Finland
karvarousku (fi) — Lactarius torminosus	karvarousku (fi)		2023-09-16	Pietarsaari	Keski-Pohjanmaa (KP)	Suomi	63.698717	22.731993	Sure	NEUTRAL	Notebook, general observations
karvarousku (fi) — Lactarius torminosus	karvarousku (fi)		2023-09-15 [14:57-20:01]	Kirkkonummi	Uusimaa (U)	Suomi	60.160295	24.346208	Sure	NEUTRAL	Notebook, general observations
karvarousku (fi) — Lactarius torminosus	karvarousku (fi)		2023-09-15	Vantaa	Uusimaa (U)	Suomi	60.26939	24.79346		COMMUNITY_VERIFIED	iNaturalist Suomi Finland
karvarousku (fi) — Lactarius torminosus	karvarousku (fi)		2023-09-15	Kaarina	Varsinais-Suomi (V)	Suomi	60.472231	22.335331	Sure	NEUTRAL	The Atlas of Finnish Fungi
karvarousku (fi) — Lactarius torminosus	karvarousku (fi)		2023-09-15	Lohja	Varsinais-Suomi (V)	Suomi	60.19501	23.80722		COMMUNITY_VERIFIED	iNaturalist Suomi Finland
karvarousku (fi) — Lactarius torminosus	karvarousku (fi)		2023-09-15	Kirkkonummi	Uusimaa (U)	Suomi	59.989571	24.436611	Sure	NEUTRAL	Notebook, general observations
karvarousku (fi) — Lactarius torminosus	karvarousku (fi)	niukka	2023-09-15	Hämeenlinna	Etelä-Häme (EH)	Suomi	60.989771	24.420452	Sure	NEUTRAL	Notebook, general observations
karvarousku (fi) — Lactarius torminosus	karvarousku (fi)		2023-09-14	Janakkala	Etelä-Häme (EH)	Suomi	60.89472	24.88716		NEUTRAL	iNaturalist Suomi Finland
karvarousku (fi) — Lactarius torminosus	karvarousku (fi)		2023-09-14	Karkkila, Loppi, Vihti	Etelä-Häme (EH), Varsinais-Suomi (V)	Suomi	60.5	24.3		COMMUNITY_VERIFIED	iNaturalist Suomi Finland
karvarousku (fi) — Lactarius torminosus	karvarousku (fi)		2023-09-14 [14:27]	Jyväskylä	Pohjois-Häme (PH)	Suomi	62.230244	25.735289	Sure	NEUTRAL	The Atlas of Finnish Fungi
karvarousku (fi) — Lactarius torminosus	karvarousku (fi)		2023-09-14 [15:42-15:43]	Raahe	Keski-Pohjanmaa (KP)	Suomi	64.634432	24.428864	Sure	NEUTRAL	The Atlas of Finnish Fungi
karvarousku (fi) — Lactarius torminosus	karvarousku (fi)		2023-09-14	Espoo	Uusimaa (U)	Suomi	60.29285	24.56326		NEUTRAL	iNaturalist Suomi Finland
karvarousku (fi) — Lactarius torminosus	karvarousku (fi)		2023-09-14	Espoo	Uusimaa (U)	Suomi	60.29285	24.56326		COMMUNITY_VERIFIED	iNaturalist Suomi Finland
karvarousku (fi) — Lactarius torminosus	karvarousku (fi)		2023-09-14	Inkoo	Uusimaa (U)	Suomi	60.070232	23.858483	Sure	NEUTRAL	Notebook, general observations
karvarousku (fi) — Lactarius torminosus	karvarousku (fi)		2023-09-13	Helsinki	Uusimaa (U)	Suomi	60.1922	25.098588	Sure	NEUTRAL	Species Observations from Helsinki Nature Surveys
karvarousku (fi) — Lactarius torminosus	karvarousku (fi)		2023-09-13	Kaarina, Lieto, Masku, Nousiainen, Raisio, Rusko, Turku	Varsinais-Suomi (V)	Suomi	60.5	22.3		NEUTRAL	iNaturalist Suomi Finland
karvarousku (fi) — Lactarius torminosus	karvarousku (fi)		2023-09-13	Parainen	Varsinais-Suomi (V)	Suomi	60.29772	22.31761		NEUTRAL	iNaturalist Suomi Finland
karvarousku (fi) — Lactarius torminosus	karvarousku (fi)		2023-09-13	Espoo	Uusimaa (U)	Suomi	60.29294	24.56248		NEUTRAL	iNaturalist Suomi Finland
karvarousku (fi) — Lactarius torminosus	karvarousku (fi)	niukka	2023-09-13	Riihimäki	Etelä-Häme (EH)	Suomi	60.751542	24.769877	Sure	NEUTRAL	Notebook, general observations
karvarousku (fi) — Lactarius torminosus	karvarousku (fi)	lukuisia	2023-09-12 [18:07]	Jyväskylä	Pohjois-Häme (PH)	Suomi	62.262574	25.692369	Sure	NEUTRAL	The Atlas of Finnish Fungi
karvarousku (fi) — Lactarius torminosus	karvarousku (fi)		2023-09-12 [11:38-12:11]	Mänttä-Vilppula	Etelä-Häme (EH)	Suomi	62.114642	24.490125	Sure	NEUTRAL	The Atlas of Finnish Fungi
karvarousku (fi) — Lactarius torminosus	karvarousku (fi)		2023-09-12	Kaarina	Varsinais-Suomi (V)	Suomi	60.40166	22.31066		NEUTRAL	iNaturalist Suomi Finland
karvarousku (fi) — Lactarius torminosus	karvarousku (fi)		2023-09-12	Espoo	Uusimaa (U)	Suomi	60.20307	24.82036		COMMUNITY_VERIFIED	iNaturalist Suomi Finland
karvarousku (fi) — Lactarius torminosus	karvarousku (fi)		2023-09-12	Hirvensalmi	Etelä-Savo (ES)	Suomi	61.77839	26.50007		COMMUNITY_VERIFIED	iNaturalist Suomi Finland
karvarousku (fi) — Lactarius torminosus	karvarousku (fi)		2023-09-12	Raasepori	Uusimaa (U)	Suomi	59.95313	23.45203		NEUTRAL	iNaturalist Suomi Finland
karvarousku (fi) — Lactarius torminosus	karvarousku (fi)		2023-09-12	Mikkeli	Etelä-Savo (ES)	Suomi	61.6696	27.74757		NEUTRAL	iNaturalist Suomi Finland
karvarousku (fi) — Lactarius torminosus	karvarousku (fi)		2023-09-11	Imatra	Etelä-Savo (ES)	Suomi	61.21425	28.7392		COMMUNITY_VERIFIED	iNaturalist Suomi Finland
karvarousku (fi) — Lactarius torminosus	karvarousku (fi)		2023-09-11	Kuopio, Lapinlahti	Pohjois-Savo (PS)	Suomi	63.3	27.3		COMMUNITY_VERIFIED	iNaturalist Suomi Finland
karvarousku (fi) — Lactarius torminosus	karvarousku (fi)	Hyvin yleinen ja runsas havaintoalueella	2023-09-11	Vihti	Varsinais-Suomi (V)	Suomi	60.542275	24.483829	Sure	NEUTRAL	The Atlas of Finnish Fungi
karvarousku (fi) — Lactarius torminosus	karvarousku (fi)	yleinen	2023-09-11 - 2023-09-12	Tuusula	Uusimaa (U)	Suomi	60.556409	25.032797	Sure	NEUTRAL	The Atlas of Finnish Fungi
karvarousku (fi) — Lactarius torminosus	karvarousku (fi)		2023-09-11 [20:05-20:09]	Raahe	Keski-Pohjanmaa (KP)	Suomi	64.555422	24.393365	Sure	NEUTRAL	The Atlas of Finnish Fungi
karvarousku (fi) — Lactarius torminosus	karvarousku (fi)		2023-09-11	Saltvik	Ahvenanmaa (A)	Suomi	60.31553	19.983		NEUTRAL	iNaturalist Suomi Finland
karvarousku (fi) — Lactarius torminosus	karvarousku (fi)		2023-09-11	Hämeenlinna	Etelä-Häme (EH)	Suomi	61.1828	24.49016		COMMUNITY_VERIFIED	iNaturalist Suomi Finland
karvarousku (fi) — Lactarius torminosus	karvarousku (fi)		2023-09-11	Helsinki	Uusimaa (U)	Suomi	60.2266	24.87973		COMMUNITY_VERIFIED	iNaturalist Suomi Finland
karvarousku (fi) — Lactarius torminosus	karvarousku (fi)		2023-09-10	Vihti	Varsinais-Suomi (V)	Suomi	60.33745	24.58249		COMMUNITY_VERIFIED	iNaturalist Suomi Finland
karvarousku (fi) — Lactarius torminosus	karvarousku (fi)		2023-09-10	Espoo	Uusimaa (U)	Suomi	60.30922	24.51409		NEUTRAL	iNaturalist Suomi Finland
karvarousku (fi) — Lactarius torminosus	karvarousku (fi)		2023-09-10	Espoo	Uusimaa (U)	Suomi	60.15745	24.64865		COMMUNITY_VERIFIED	iNaturalist Suomi Finland
karvarousku (fi) — Lactarius torminosus	karvarousku (fi)		2023-09-10	Hollola	Etelä-Häme (EH)	Suomi	61.01356	25.50567		COMMUNITY_VERIFIED	iNaturalist Suomi Finland
karvarousku (fi) — Lactarius torminosus	karvarousku (fi)		2023-09-10	Tuusula	Uusimaa (U)	Suomi	60.47367	24.98403		COMMUNITY_VERIFIED	iNaturalist Suomi Finland
karvarousku (fi) — Lactarius torminosus	karvarousku (fi)		2023-09-10	Espoo	Uusimaa (U)	Suomi	60.18927	24.81804		COMMUNITY_VERIFIED	iNaturalist Suomi Finland
karvarousku (fi) — Lactarius torminosus	karvarousku (fi)		2023-09-10	Jyväskylä	Pohjois-Häme (PH)	Suomi	62.20681	25.74706		COMMUNITY_VERIFIED	iNaturalist Suomi Finland
karvarousku (fi) — Lactarius torminosus	karvarousku (fi)		2023-09-10	Kristiinankaupunki	Etelä-Pohjanmaa (EP)	Suomi	62.08848	21.29221		COMMUNITY_VERIFIED	iNaturalist Suomi Finland
karvarousku (fi) — Lactarius torminosus	karvarousku (fi)		2023-09-10	Helsinki	Uusimaa (U)	Suomi	60.23011	24.86356		COMMUNITY_VERIFIED	iNaturalist Suomi Finland
karvarousku (fi) — Lactarius torminosus	karvarousku (fi)		2023-09-10	Luoto	Keski-Pohjanmaa (KP)	Suomi	63.789312	22.724421	Sure	NEUTRAL	Notebook, general observations
karvarousku (fi) — Lactarius torminosus	karvarousku (fi)	runsas	2023-09-10 - 2023-09-12	Loppi	Etelä-Häme (EH)	Suomi	60.757074	24.164887	Sure	NEUTRAL	Notebook, general observations
karvarousku (fi) — Lactarius torminosus	karvarousku (fi)		2023-09-09	Kuhmo	Kainuu (Kn)	Suomi	64.193943	29.981313	Sure	NEUTRAL	Notebook, general observations
karvarousku (fi) — Lactarius torminosus	karvarousku (fi)		2023-09-09	Vantaa	Uusimaa (U)	Suomi	60.30956	24.83473		COMMUNITY_VERIFIED	iNaturalist Suomi Finland
karvarousku (fi) — Lactarius torminosus	karvarousku (fi)		2023-09-09	Aura, Lieto, Loimaa, Pöytyä	Satakunta (St), Varsinais-Suomi (V)	Suomi	60.7	22.7		COMMUNITY_VERIFIED	iNaturalist Suomi Finland
karvarousku (fi) — Lactarius torminosus	karvarousku (fi)		2023-09-09	Mikkeli	Etelä-Savo (ES)	Suomi	61.7	27.3		COMMUNITY_VERIFIED	iNaturalist Suomi Finland
karvarousku (fi) — Lactarius torminosus	karvarousku (fi)		2023-09-09	Tuusula	Uusimaa (U)	Suomi	60.45507	25.03309		NEUTRAL	iNaturalist Suomi Finland
karvarousku (fi) — Lactarius torminosus	karvarousku (fi)		2023-09-09 [17:36-19:12]	Helsinki	Uusimaa (U)	Suomi	60.194947	25.012523	Sure	NEUTRAL	The Atlas of Finnish Fungi
karvarousku (fi) — Lactarius torminosus	karvarousku (fi)		2023-09-09	Hyrynsalmi	Kainuu (Kn)	Suomi	64.733453	28.25892	Sure	NEUTRAL	The Atlas of Finnish Fungi
karvarousku (fi) — Lactarius torminosus	karvarousku (fi)		2023-09-09	Vihti	Varsinais-Suomi (V)	Suomi	60.36516	24.48929		NEUTRAL	iNaturalist Suomi Finland
karvarousku (fi) — Lactarius torminosus	karvarousku (fi)		2023-09-09	Salo	Varsinais-Suomi (V)	Suomi	60.43463	23.23833		COMMUNITY_VERIFIED	iNaturalist Suomi Finland
karvarousku (fi) — Lactarius torminosus	karvarousku (fi)		2023-09-09	Paimio	Varsinais-Suomi (V)	Suomi	60.4109	22.79867		NEUTRAL	iNaturalist Suomi Finland
karvarousku (fi) — Lactarius torminosus	karvarousku (fi)		2023-09-09	Vantaa	Uusimaa (U)	Suomi	60.29719	24.80469		COMMUNITY_VERIFIED	iNaturalist Suomi Finland
karvarousku (fi) — Lactarius torminosus	karvarousku (fi)		2023-09-09	Salo	Varsinais-Suomi (V)	Suomi	60.37074	23.00265		COMMUNITY_VERIFIED	iNaturalist Suomi Finland
karvarousku (fi) — Lactarius torminosus	karvarousku (fi)		2023-09-09 [9:30]	Tampere	Etelä-Häme (EH)	Suomi	61.466451	23.812781	Sure	NEUTRAL	The Atlas of Finnish Fungi
karvarousku (fi) — Lactarius torminosus	karvarousku (fi)		2023-09-08	Tohmajärvi	Pohjois-Karjala (PK)	Suomi	62.200893	30.289824	Sure	NEUTRAL	The Atlas of Finnish Fungi
karvarousku (fi) — Lactarius torminosus	karvarousku (fi)		2023-09-08	Vaasa	Etelä-Pohjanmaa (EP)	Suomi	63.041839	21.601597	Sure	NEUTRAL	The Atlas of Finnish Fungi
karvarousku (fi) — Lactarius torminosus	karvarousku (fi)		2023-09-08	Rautjärvi	Laatokan Karjala (LK)	Suomi	61.43457	29.37137		COMMUNITY_VERIFIED	iNaturalist Suomi Finland
karvarousku (fi) — Lactarius torminosus	karvarousku (fi)		2023-09-08	Espoo	Uusimaa (U)	Suomi	60.182677	24.661112	Sure	NEUTRAL	Notebook, general observations
karvarousku (fi) — Lactarius torminosus	karvarousku (fi)	1	2023-09-07	Kiuruvesi	Pohjois-Savo (PS)	Suomi	63.916944	26.625604	Sure	NEUTRAL	Notebook, general observations
karvarousku (fi) — Lactarius torminosus	karvarousku (fi)		2023-09-07 - 2023-09-09	Helsinki, Vantaa	Uusimaa (U)	Suomi	60.274847	25.160767	Sure	NEUTRAL	The Atlas of Finnish Fungi
karvarousku (fi) — Lactarius torminosus	karvarousku (fi)		2023-09-07	Sipoo	Uusimaa (U)	Suomi	60.346637	25.205163	Sure	NEUTRAL	The Atlas of Finnish Fungi
karvarousku (fi) — Lactarius torminosus	karvarousku (fi)	muutama	2023-09-07	Kurikka	Etelä-Pohjanmaa (EP)	Suomi	62.790955	21.919512	Sure	NEUTRAL	The Atlas of Finnish Fungi
karvarousku (fi) — Lactarius torminosus	karvarousku (fi)		2023-09-07 [11:00-11:07]	Jämijärvi	Satakunta (St)	Suomi	61.768219	22.74085	Sure	NEUTRAL	The Atlas of Finnish Fungi
karvarousku (fi) — Lactarius torminosus	karvarousku (fi)	1	2023-09-07	Jämijärvi	Satakunta (St)	Suomi	61.781147	22.759681	Sure	NEUTRAL	The Atlas of Finnish Fungi
karvarousku (fi) — Lactarius torminosus	karvarousku (fi)		2023-09-07	Sauvo	Varsinais-Suomi (V)	Suomi	60.27089	22.80442		COMMUNITY_VERIFIED	iNaturalist Suomi Finland
karvarousku (fi) — Lactarius torminosus	karvarousku (fi)		2023-09-07	Enontekiö	Enontekiön Lappi (EnL)	Suomi	69.01096	20.89673		COMMUNITY_VERIFIED	iNaturalist Suomi Finland
karvarousku (fi) — Lactarius torminosus	karvarousku (fi)		2023-09-07	Lappeenranta	Etelä-Savo (ES)	Suomi	61.0574	28.22204		COMMUNITY_VERIFIED	iNaturalist Suomi Finland
karvarousku (fi) — Lactarius torminosus	karvarousku (fi)		2023-09-07	Porvoo	Uusimaa (U)	Suomi	60.34424	25.59387		COMMUNITY_VERIFIED	iNaturalist Suomi Finland
karvarousku (fi) — Lactarius torminosus	karvarousku (fi)		2023-09-07	Vantaa	Uusimaa (U)	Suomi	60.25978	24.78999		COMMUNITY_VERIFIED	iNaturalist Suomi Finland
karvarousku (fi) — Lactarius torminosus	karvarousku (fi)		2023-09-07	Mustasaari	Etelä-Pohjanmaa (EP)	Suomi	63.29674	21.74184		COMMUNITY_VERIFIED	iNaturalist Suomi Finland
karvarousku (fi) — Lactarius torminosus	karvarousku (fi)		2023-09-07	Helsinki	Uusimaa (U)	Suomi	60.24807	25.235		COMMUNITY_VERIFIED	iNaturalist Suomi Finland
karvarousku (fi) — Lactarius torminosus	karvarousku (fi)	X	2023-09-07 [17:50-18:05]	Helsinki	Uusimaa (U)	Suomi	60.216316	24.988301	Sure	NEUTRAL	Noteworthy macrofungi - complete lists
karvarousku (fi) — Lactarius torminosus	karvarousku (fi)	1	2023-09-06	Ikaalinen	Satakunta (St)	Suomi	61.779908	23.000031	Sure	NEUTRAL	The Atlas of Finnish Fungi
karvarousku (fi) — Lactarius torminosus	karvarousku (fi)		2023-09-06	Espoo	Uusimaa (U)	Suomi	60.329735	24.670755	Sure	NEUTRAL	The Atlas of Finnish Fungi
karvarousku (fi) — Lactarius torminosus	karvarousku (fi)		2023-09-06	Espoo	Uusimaa (U)	Suomi	60.29281	24.56258		COMMUNITY_VERIFIED	iNaturalist Suomi Finland
karvarousku (fi) — Lactarius torminosus	karvarousku (fi)		2023-09-06	Parkano	Satakunta (St)	Suomi	62.01051	23.00489		COMMUNITY_VERIFIED	iNaturalist Suomi Finland
karvarousku (fi) — Lactarius torminosus	karvarousku (fi)		2023-09-06	Helsinki	Uusimaa (U)	Suomi	60.24557	25.01465		NEUTRAL	iNaturalist Suomi Finland
karvarousku (fi) — Lactarius torminosus	karvarousku (fi)		2023-09-06	Pelkosenniemi	Sompion Lappi (SoL)	Suomi	67.15259	27.26816		COMMUNITY_VERIFIED	iNaturalist Suomi Finland
karvarousku (fi) — Lactarius torminosus	karvarousku (fi)		2023-09-06	Mäntsälä	Uusimaa (U)	Suomi	60.5432	25.11299		COMMUNITY_VERIFIED	iNaturalist Suomi Finland
karvarousku (fi) — Lactarius torminosus	karvarousku (fi)		2023-09-06	Lapinlahti	Pohjois-Savo (PS)	Suomi	63.40811	27.51149		COMMUNITY_VERIFIED	iNaturalist Suomi Finland
karvarousku (fi) — Lactarius torminosus	karvarousku (fi)		2023-09-05	Turku	Varsinais-Suomi (V)	Suomi	60.464661	22.323681	Sure	NEUTRAL	The Atlas of Finnish Fungi
karvarousku (fi) — Lactarius torminosus	karvarousku (fi)		2023-09-05	Espoo	Uusimaa (U)	Suomi	60.29694	24.56132		COMMUNITY_VERIFIED	iNaturalist Suomi Finland
karvarousku (fi) — Lactarius torminosus	karvarousku (fi)		2023-09-05	Espoo	Uusimaa (U)	Suomi	60.281	24.57468		NEUTRAL	iNaturalist Suomi Finland
karvarousku (fi) — Lactarius torminosus	karvarousku (fi)		2023-09-05	Espoo	Uusimaa (U)	Suomi	60.29707	24.56138		COMMUNITY_VERIFIED	iNaturalist Suomi Finland
karvarousku (fi) — Lactarius torminosus	karvarousku (fi)		2023-09-05	Turku	Varsinais-Suomi (V)	Suomi	60.40417	22.23664		COMMUNITY_VERIFIED	iNaturalist Suomi Finland
karvarousku (fi) — Lactarius torminosus	karvarousku (fi)		2023-09-05	Rovaniemi	Perä-Pohjanmaa (PeP)	Suomi	66.63844	25.47653		COMMUNITY_VERIFIED	iNaturalist Suomi Finland
karvarousku (fi) — Lactarius torminosus	karvarousku (fi)		2023-09-04	Vehmaa	Varsinais-Suomi (V)	Suomi	60.74542	21.75615		COMMUNITY_VERIFIED	iNaturalist Suomi Finland
karvarousku (fi) — Lactarius torminosus	karvarousku (fi)		2023-09-04	Maalahti	Etelä-Pohjanmaa (EP)	Suomi	62.95388	21.17218		COMMUNITY_VERIFIED	iNaturalist Suomi Finland
karvarousku (fi) — Lactarius torminosus	karvarousku (fi)		2023-09-04	Helsinki	Uusimaa (U)	Suomi	60.24256	25.21398		COMMUNITY_VERIFIED	iNaturalist Suomi Finland
karvarousku (fi) — Lactarius torminosus	karvarousku (fi)		2023-09-04	Nurmijärvi	Uusimaa (U)	Suomi	60.38784	24.74688		COMMUNITY_VERIFIED	iNaturalist Suomi Finland
karvarousku (fi) — Lactarius torminosus	karvarousku (fi)		2023-09-04	Nurmijärvi	Uusimaa (U)	Suomi	60.38789	24.74686		COMMUNITY_VERIFIED	iNaturalist Suomi Finland
karvarousku (fi) — Lactarius torminosus	karvarousku (fi)		2023-09-04	Espoo	Uusimaa (U)	Suomi	60.23759	24.82605		COMMUNITY_VERIFIED	iNaturalist Suomi Finland
karvarousku (fi) — Lactarius torminosus	karvarousku (fi)	1	2023-09-03	Nokia	Etelä-Häme (EH)	Suomi	61.493008	23.357456	Sure	NEUTRAL	The Atlas of Finnish Fungi
karvarousku (fi) — Lactarius torminosus	karvarousku (fi)		2023-09-03	Kokkola	Keski-Pohjanmaa (KP)	Suomi	64.0648	23.41931		NEUTRAL	iNaturalist Suomi Finland
karvarousku (fi) — Lactarius torminosus	karvarousku (fi)	1	2023-09-03	Oulu	Oulun Pohjanmaa (OP)	Suomi	65.247165	25.306646	Sure	NEUTRAL	The Atlas of Finnish Fungi
karvarousku (fi) — Lactarius torminosus	karvarousku (fi)		2023-09-03	Kokemäki	Satakunta (St)	Suomi	61.21725	22.24141		COMMUNITY_VERIFIED	iNaturalist Suomi Finland
karvarousku (fi) — Lactarius torminosus	karvarousku (fi)		2023-09-03	Espoo	Uusimaa (U)	Suomi	60.24493	24.82527		COMMUNITY_VERIFIED	iNaturalist Suomi Finland
karvarousku (fi) — Lactarius torminosus	karvarousku (fi)	2	2023-09-02	Nokia	Etelä-Häme (EH)	Suomi	61.444012	23.387799	Sure	NEUTRAL	The Atlas of Finnish Fungi
karvarousku (fi) — Lactarius torminosus	karvarousku (fi)		2023-09-02	Tuusula	Uusimaa (U)	Suomi	60.42538	25.03376		NEUTRAL	iNaturalist Suomi Finland
karvarousku (fi) — Lactarius torminosus	karvarousku (fi)		2023-09-02	Vihti	Varsinais-Suomi (V)	Suomi	60.289462	24.502721	Sure	NEUTRAL	The Atlas of Finnish Fungi
karvarousku (fi) — Lactarius torminosus	karvarousku (fi)	muutamia	2023-09-02	Turku	Varsinais-Suomi (V)	Suomi	60.431933	22.177858	Sure	NEUTRAL	The Atlas of Finnish Fungi
karvarousku (fi) — Lactarius torminosus	karvarousku (fi)		2023-09-02 [12:28-13:30]	Muurame	Etelä-Häme (EH)	Suomi	62.162882	25.729294	Sure	NEUTRAL	The Atlas of Finnish Fungi
karvarousku (fi) — Lactarius torminosus	karvarousku (fi)		2023-09-02	Sauvo	Varsinais-Suomi (V)	Suomi	60.26032	22.78656		COMMUNITY_VERIFIED	iNaturalist Suomi Finland
karvarousku (fi) — Lactarius torminosus	karvarousku (fi)		2023-09-02	Pori	Satakunta (St)	Suomi	61.6095	21.45285		COMMUNITY_VERIFIED	iNaturalist Suomi Finland
karvarousku (fi) — Lactarius torminosus	karvarousku (fi)		2023-09-02	Lohja	Varsinais-Suomi (V)	Suomi	60.27338	24.06706		COMMUNITY_VERIFIED	iNaturalist Suomi Finland
karvarousku (fi) — Lactarius torminosus	karvarousku (fi)		2023-09-02	Jyväskylä	Pohjois-Häme (PH)	Suomi	62.21122	25.706441	Sure	NEUTRAL	Notebook, general observations
karvarousku (fi) — Lactarius torminosus	karvarousku (fi)		2023-09-01	Lahti	Etelä-Häme (EH)	Suomi	61.015737	25.683831	Sure	NEUTRAL	The Atlas of Finnish Fungi
karvarousku (fi) — Lactarius torminosus	karvarousku (fi)		2023-09-01	Jämsä	Etelä-Häme (EH)	Suomi	62.205235	24.982882	Sure	NEUTRAL	Notebook, general observations
karvarousku (fi) — Lactarius torminosus	karvarousku (fi)		2023-09-01	Turku	Varsinais-Suomi (V)	Suomi	60.455614	22.282942	Sure	NEUTRAL	The Atlas of Finnish Fungi
karvarousku (fi) — Lactarius torminosus	karvarousku (fi)	yleinen	2023-09-01 - 2023-09-15	Sipoo	Uusimaa (U)	Suomi	60.420139	25.213696	Sure	NEUTRAL	The Atlas of Finnish Fungi
karvarousku (fi) — Lactarius torminosus	karvarousku (fi)		2023-09-01	Espoo, Vihti	Uusimaa (U), Varsinais-Suomi (V)	Suomi	60.317297	24.523639	Sure	NEUTRAL	The Atlas of Finnish Fungi
karvarousku (fi) — Lactarius torminosus	karvarousku (fi)		2023-09-01	Kirkkonummi	Uusimaa (U)	Suomi	60.28034	24.40647		COMMUNITY_VERIFIED	iNaturalist Suomi Finland
karvarousku (fi) — Lactarius torminosus	karvarousku (fi)		2023-09-01	Urjala	Etelä-Häme (EH)	Suomi	60.99889	23.60847		COMMUNITY_VERIFIED	iNaturalist Suomi Finland
karvarousku (fi) — Lactarius torminosus	karvarousku (fi)		2023-09-01 [17:19]	Espoo	Uusimaa (U)	Suomi	60.193304	24.756995	Sure	NEUTRAL	Notebook, general observations
karvarousku (fi) — Lactarius torminosus	karvarousku (fi)		2023-08-31	Espoo	Uusimaa (U)	Suomi	60.20863	24.63518		COMMUNITY_VERIFIED	iNaturalist Suomi Finland
karvarousku (fi) — Lactarius torminosus	karvarousku (fi)		2023-08-31	Pori	Satakunta (St)	Suomi	61.64589	21.71099		COMMUNITY_VERIFIED	iNaturalist Suomi Finland
karvarousku (fi) — Lactarius torminosus	karvarousku (fi)		2023-08-30	Espoo	Uusimaa (U)	Suomi	60.20157	24.81554		COMMUNITY_VERIFIED	iNaturalist Suomi Finland
karvarousku (fi) — Lactarius torminosus	karvarousku (fi)		2023-08-30	Oulu	Oulun Pohjanmaa (OP)	Suomi	65.0686	25.48761		NEUTRAL	iNaturalist Suomi Finland
karvarousku (fi) — Lactarius torminosus	karvarousku (fi)		2023-08-30	Helsinki	Uusimaa (U)	Suomi	60.25811	24.92751		COMMUNITY_VERIFIED	iNaturalist Suomi Finland
karvarousku (fi) — Lactarius torminosus	karvarousku (fi)		2023-08-29 [17:18-19:16]	Kemiönsaari, Raasepori, Salo	Varsinais-Suomi (V)	Suomi	60.124634	22.947765	Sure	NEUTRAL	The Atlas of Finnish Fungi
karvarousku (fi) — Lactarius torminosus	karvarousku (fi)		2023-08-29	Jämsä	Etelä-Häme (EH)	Suomi	61.992359	25.123056	Sure	NEUTRAL	Notebook, general observations
karvarousku (fi) — Lactarius torminosus	karvarousku (fi)	1	2023-08-27 [18:05-18:30]	Espoo	Uusimaa (U)	Suomi	60.180709	24.663232	Sure	NEUTRAL	Notebook, general observations
karvarousku (fi) — Lactarius torminosus	karvarousku (fi)		2023-08-26	Kaarina	Varsinais-Suomi (V)	Suomi	60.42633	22.52323		COMMUNITY_VERIFIED	iNaturalist Suomi Finland
karvarousku (fi) — Lactarius torminosus	karvarousku (fi)		2023-08-25	Sipoo	Uusimaa (U)	Suomi	60.21262	25.27321		COMMUNITY_VERIFIED	iNaturalist Suomi Finland
karvarousku (fi) — Lactarius torminosus	karvarousku (fi)		2023-08-25	Laukaa	Pohjois-Häme (PH)	Suomi	62.234382	26.082277	Sure	NEUTRAL	Notebook, general observations
karvarousku (fi) — Lactarius torminosus	karvarousku (fi)		2023-08-23	Lapinlahti	Pohjois-Savo (PS)	Suomi	63.3	27.5		NEUTRAL	iNaturalist Suomi Finland
karvarousku (fi) — Lactarius torminosus	karvarousku (fi)		2023-08-23 [18:28-20:03]	Salo	Varsinais-Suomi (V)	Suomi	60.332693	23.218543	Sure	NEUTRAL	The Atlas of Finnish Fungi
karvarousku (fi) — Lactarius torminosus	karvarousku (fi)	1	2023-08-22 [19:27]	Akaa	Etelä-Häme (EH)	Suomi	61.103153	23.872313	Sure	NEUTRAL	Notebook, general observations
karvarousku (fi) — Lactarius torminosus	karvarousku (fi)		2023-08-21	Helsinki	Uusimaa (U)	Suomi	60.192546	25.097569	Sure	NEUTRAL	Species Observations from Helsinki Nature Surveys
karvarousku (fi) — Lactarius torminosus	karvarousku (fi)	yleinen	2023-08-21 - 2023-09-20	Helsinki, Vantaa	Uusimaa (U)	Suomi	60.236153	25.144412	Sure	NEUTRAL	The Atlas of Finnish Fungi
karvarousku (fi) — Lactarius torminosus	karvarousku (fi)		2023-08-20	Inkoo, Lohja, Raasepori, Salo	Uusimaa (U), Varsinais-Suomi (V)	Suomi	60.1	23.7		COMMUNITY_VERIFIED	iNaturalist Suomi Finland
karvarousku (fi) — Lactarius torminosus	karvarousku (fi)		2023-08-19	Jämsä	Etelä-Häme (EH)	Suomi	62.04195	25.14561		COMMUNITY_VERIFIED	iNaturalist Suomi Finland
karvarousku (fi) — Lactarius torminosus	karvarousku (fi)		2023-08-19	Ii	Oulun Pohjanmaa (OP)	Suomi	65.3737	24.83154		NEUTRAL	iNaturalist Suomi Finland
karvarousku (fi) — Lactarius torminosus	karvarousku (fi)		2023-08-18	Vimpeli	Keski-Pohjanmaa (KP)	Suomi	63.12952	23.83964		COMMUNITY_VERIFIED	iNaturalist Suomi Finland
karvarousku (fi) — Lactarius torminosus	karvarousku (fi)		2023-08-17	Raasepori	Varsinais-Suomi (V)	Suomi	60.10928	23.70637		NEUTRAL	iNaturalist Suomi Finland
karvarousku (fi) — Lactarius torminosus	karvarousku (fi)		2023-08-17	Salo	Varsinais-Suomi (V)	Suomi	60.1969	22.93013		COMMUNITY_VERIFIED	iNaturalist Suomi Finland
karvarousku (fi) — Lactarius torminosus	karvarousku (fi)	yleinen	2023-08-16	Enontekiö	Enontekiön Lappi (EnL)	Suomi	69.094591	20.720807	Sure	NEUTRAL	The Atlas of Finnish Fungi
karvarousku (fi) — Lactarius torminosus	karvarousku (fi)	yleinen	2023-08-14 - 2023-08-15	Enontekiö	Enontekiön Lappi (EnL)	Suomi	69.012947	20.940433	Sure	NEUTRAL	The Atlas of Finnish Fungi
karvarousku (fi) — Lactarius torminosus	karvarousku (fi)	2	2023-08-14 [10:30]	Hamina	Etelä-Karjala (EK)	Suomi	60.736427	27.256731	Sure	NEUTRAL	Notebook, general observations
karvarousku (fi) — Lactarius torminosus	karvarousku (fi)		2023-08-12	Hämeenlinna	Etelä-Häme (EH)	Suomi	61.03847	23.98195		COMMUNITY_VERIFIED	iNaturalist Suomi Finland
karvarousku (fi) — Lactarius torminosus	karvarousku (fi)		2023-08-12	Karkkila	Varsinais-Suomi (V)	Suomi	60.53959	24.26089		COMMUNITY_VERIFIED	iNaturalist Suomi Finland
karvarousku (fi) — Lactarius torminosus	karvarousku (fi)		2023-08-11	Kaarina, Lieto, Masku, Nousiainen, Raisio, Rusko, Turku	Varsinais-Suomi (V)	Suomi	60.5	22.3		COMMUNITY_VERIFIED	iNaturalist Suomi Finland
karvarousku (fi) — Lactarius torminosus	karvarousku (fi)	yleinen	2023-08-11 - 2023-08-12	Kuusamo	Koillismaa (Ks)	Suomi	66.374417	29.307927	Sure	NEUTRAL	The Atlas of Finnish Fungi
karvarousku (fi) — Lactarius torminosus	karvarousku (fi)		2023-08-10 [13:29-14:20]	Espoo	Uusimaa (U)	Suomi	60.185554	24.675472	Sure	NEUTRAL	Notebook, general observations
karvarousku (fi) — Lactarius torminosus	karvarousku (fi)		2023-08-09	Jyväskylä	Pohjois-Häme (PH)	Suomi	62.22758	25.74167		NEUTRAL	iNaturalist Suomi Finland
karvarousku (fi) — Lactarius torminosus	karvarousku (fi)		2023-08-09	Iisalmi	Pohjois-Savo (PS)	Suomi	63.63187	27.18192		COMMUNITY_VERIFIED	iNaturalist Suomi Finland
karvarousku (fi) — Lactarius torminosus	karvarousku (fi)		2023-08-09	Lempäälä	Etelä-Häme (EH)	Suomi	61.31291	23.71606		COMMUNITY_VERIFIED	iNaturalist Suomi Finland
karvarousku (fi) — Lactarius torminosus	karvarousku (fi)	1	2023-08-08	Mustasaari	Etelä-Pohjanmaa (EP)	Suomi	63.033806	21.602008	Sure	NEUTRAL	The Atlas of Finnish Fungi
karvarousku (fi) — Lactarius torminosus	karvarousku (fi)		2023-08-07	Kuopio	Pohjois-Savo (PS)	Suomi	62.90687	27.61593		COMMUNITY_VERIFIED	iNaturalist Suomi Finland
karvarousku (fi) — Lactarius torminosus	karvarousku (fi)	yleinen	2023-08-06 - 2023-09-07	Loviisa	Uusimaa (U)	Suomi	60.489103	25.998857	Sure	NEUTRAL	The Atlas of Finnish Fungi
karvarousku (fi) — Lactarius torminosus	karvarousku (fi)		2023-08-06	Lempäälä	Etelä-Häme (EH)	Suomi	61.35134	23.80259		NEUTRAL	iNaturalist Suomi Finland
karvarousku (fi) — Lactarius torminosus	karvarousku (fi)		2023-08-05	Vihti	Varsinais-Suomi (V)	Suomi	60.541388	24.556949	Sure	NEUTRAL	The Atlas of Finnish Fungi
karvarousku (fi) — Lactarius torminosus	karvarousku (fi)		2023-08-05	Karkkila	Varsinais-Suomi (V)	Suomi	60.53022	24.20031		NEUTRAL	iNaturalist Suomi Finland
karvarousku (fi) — Lactarius torminosus	karvarousku (fi)		2023-08-04	Helsinki	Uusimaa (U)	Suomi	60.2411	25.21723		COMMUNITY_VERIFIED	iNaturalist Suomi Finland
karvarousku (fi) — Lactarius torminosus	karvarousku (fi)		2023-08-04	Kittilä	Kittilän Lappi (KiL)	Suomi	67.9117	24.22494		NEUTRAL	iNaturalist Suomi Finland
karvarousku (fi) — Lactarius torminosus	karvarousku (fi)		2023-08-04	Vesilahti	Etelä-Häme (EH)	Suomi	61.30957	23.61577		COMMUNITY_VERIFIED	iNaturalist Suomi Finland
karvarousku (fi) — Lactarius torminosus	karvarousku (fi)	yksittäisiä	2023-08-04	Tampere	Etelä-Häme (EH)	Suomi	61.49678	23.610773	Sure	NEUTRAL	Notebook, general observations
karvarousku (fi) — Lactarius torminosus	karvarousku (fi)	yleinen	2023-08-02 - 2023-10-01	Porvoo	Uusimaa (U)	Suomi	60.483385	25.781687	Sure	NEUTRAL	The Atlas of Finnish Fungi
karvarousku (fi) — Lactarius torminosus	karvarousku (fi)	1	2023-08-02	Oulu	Oulun Pohjanmaa (OP)	Suomi	65.145127	25.452869	Sure	NEUTRAL	The Atlas of Finnish Fungi
karvarousku (fi) — Lactarius torminosus	karvarousku (fi)	yleinen	2023-07-31 - 2023-09-06	Loviisa	Uusimaa (U)	Suomi	60.50235	25.903076	Sure	NEUTRAL	The Atlas of Finnish Fungi
karvarousku (fi) — Lactarius torminosus	karvarousku (fi)		2023-07-29	Hämeenlinna	Etelä-Häme (EH)	Suomi	60.86934	24.38196		NEUTRAL	iNaturalist Suomi Finland
karvarousku (fi) — Lactarius torminosus	karvarousku (fi)		2023-07-27	Lempäälä	Etelä-Häme (EH)	Suomi	61.31411	23.75245		COMMUNITY_VERIFIED	iNaturalist Suomi Finland
karvarousku (fi) — Lactarius torminosus	karvarousku (fi)	pari	2023-07-27 - 2023-10-03	Pyhtää	Uusimaa (U)	Suomi	60.537508	26.601196	Sure	NEUTRAL	The Atlas of Finnish Fungi
karvarousku (fi) — Lactarius torminosus	karvarousku (fi)	14	2023-07-26 [14:26]	Lempäälä	Etelä-Häme (EH)	Suomi	61.417589	23.74512		NEUTRAL	Notebook, general observations
karvarousku (fi) — Lactarius torminosus	karvarousku (fi)		2023-07-08	Heinävesi	Pohjois-Savo (PS)	Suomi	62.59312	28.64328		NEUTRAL	iNaturalist Suomi Finland
karvarousku (fi) — Lactarius torminosus	karvarousku (fi)	1	2022-10-16	Turku	Varsinais-Suomi (V)	Suomi	60.433339	22.283887	Sure	NEUTRAL	The Atlas of Finnish Fungi
karvarousku (fi) — Lactarius torminosus	karvarousku (fi)	2	2022-10-16	Taivassalo	Varsinais-Suomi (V)	Suomi	60.567391	21.571883	Sure	NEUTRAL	Notebook, general observations
karvarousku (fi) — Lactarius torminosus	karvarousku (fi)		2022-10-15	Hyvinkää	Uusimaa (U)	Suomi	60.65106	24.88413		NEUTRAL	iNaturalist Suomi Finland
karvarousku (fi) — Lactarius torminosus	karvarousku (fi)	useita	2022-10-13	Kustavi	Varsinais-Suomi (V)	Suomi	60.598847	21.404687	Sure	NEUTRAL	The Atlas of Finnish Fungi
karvarousku (fi) — Lactarius torminosus	karvarousku (fi)		2022-10-02	Pori	Satakunta (St)	Suomi	61.69537	21.67847		COMMUNITY_VERIFIED	iNaturalist Suomi Finland
karvarousku (fi) — Lactarius torminosus	karvarousku (fi)		2022-10-02	Tampere	Etelä-Häme (EH)	Suomi	61.49407	23.6233		COMMUNITY_VERIFIED	iNaturalist Suomi Finland
karvarousku (fi) — Lactarius torminosus	karvarousku (fi)	1 iäkäs ja rupsahtanut sieni. Vuoden ensimmäinen ja ainoa toistaiseksi.	2022-10-01	Heinola	Etelä-Häme (EH)	Suomi	61.217442	26.063933	Sure	NEUTRAL	The Atlas of Finnish Fungi
karvarousku (fi) — Lactarius torminosus	karvarousku (fi)		2022-09-30	Turku	Varsinais-Suomi (V)	Suomi	60.45892	22.16813		COMMUNITY_VERIFIED	iNaturalist Suomi Finland
karvarousku (fi) — Lactarius torminosus	karvarousku (fi)		2022-09-30	Hausjärvi	Etelä-Häme (EH)	Suomi	60.79859	24.74955		COMMUNITY_VERIFIED	iNaturalist Suomi Finland
karvarousku (fi) — Lactarius torminosus	karvarousku (fi)		2022-09-29	Parainen	Varsinais-Suomi (V)	Suomi	60.28253	22.42984		COMMUNITY_VERIFIED	iNaturalist Suomi Finland
karvarousku (fi) — Lactarius torminosus	karvarousku (fi)		2022-09-29	Parainen	Varsinais-Suomi (V)	Suomi	60.27687	22.42167		COMMUNITY_VERIFIED	iNaturalist Suomi Finland
karvarousku (fi) — Lactarius torminosus	karvarousku (fi)		2022-09-28 [16:10-19:01]	Salo	Varsinais-Suomi (V)	Suomi	60.140361	22.955763	Sure	NEUTRAL	The Atlas of Finnish Fungi
karvarousku (fi) — Lactarius torminosus	karvarousku (fi)	1	2022-09-27 [10:00-11:00]	Lempäälä	Etelä-Häme (EH)	Suomi	61.417602	23.746146	Sure	NEUTRAL	Notebook, general observations
karvarousku (fi) — Lactarius torminosus	karvarousku (fi)		2022-09-25	Jämijärvi	Satakunta (St)	Suomi	61.783	22.731	Sure	NEUTRAL	The Atlas of Finnish Fungi
karvarousku (fi) — Lactarius torminosus	karvarousku (fi)	Muutamia havaintoalueella	2022-09-25	Hanko	Uusimaa (U)	Suomi	59.903999	23.193349	Sure	NEUTRAL	The Atlas of Finnish Fungi
karvarousku (fi) — Lactarius torminosus	karvarousku (fi)	muutama	2022-09-24	Kemiönsaari	Varsinais-Suomi (V)	Suomi	60.024299	22.382649	Sure	NEUTRAL	The Atlas of Finnish Fungi
karvarousku (fi) — Lactarius torminosus	karvarousku (fi)		2022-09-24 [15:20]	Rautalampi	Pohjois-Häme (PH)	Suomi	62.558962	26.623053	Sure	NEUTRAL	The Atlas of Finnish Fungi
karvarousku (fi) — Lactarius torminosus	karvarousku (fi)	Useita	2022-09-23	Turku	Varsinais-Suomi (V)	Suomi	60.426763	22.206345	Sure	NEUTRAL	Notebook, general observations
karvarousku (fi) — Lactarius torminosus	karvarousku (fi)		2022-09-19 [17:26-19:16]	Salo	Varsinais-Suomi (V)	Suomi	60.208364	22.96096	Sure	NEUTRAL	The Atlas of Finnish Fungi
karvarousku (fi) — Lactarius torminosus	karvarousku (fi)	muutama	2022-09-18	Turku	Varsinais-Suomi (V)	Suomi	60.433282	22.178193	Sure	NEUTRAL	Notebook, general observations
karvarousku (fi) — Lactarius torminosus	karvarousku (fi)		2022-09-18	Siilinjärvi	Pohjois-Savo (PS)	Suomi	63.1602	27.5803	Sure	NEUTRAL	The Atlas of Finnish Fungi
karvarousku (fi) — Lactarius torminosus	karvarousku (fi)		2022-09-17	Kaarina	Varsinais-Suomi (V)	Suomi	60.40357	22.45539		COMMUNITY_VERIFIED	iNaturalist Suomi Finland
karvarousku (fi) — Lactarius torminosus	karvarousku (fi)		2022-09-16	Ilomantsi	Pohjois-Karjala (PK)	Suomi	62.926168	31.513488	Sure	NEUTRAL	Notebook, general observations
karvarousku (fi) — Lactarius torminosus	karvarousku (fi)	1	2022-09-15	Kustavi	Varsinais-Suomi (V)	Suomi	60.661251	21.291652	Sure	NEUTRAL	Notebook, general observations
karvarousku (fi) — Lactarius torminosus	karvarousku (fi)		2022-09-15	Mustasaari	Etelä-Pohjanmaa (EP)	Suomi	62.9554	21.71515		COMMUNITY_VERIFIED	iNaturalist Suomi Finland
karvarousku (fi) — Lactarius torminosus	karvarousku (fi)		2022-09-14	Inari	Inarin Lappi (InL)	Suomi	68.63835	28.427576	Sure	NEUTRAL	The Atlas of Finnish Fungi
karvarousku (fi) — Lactarius torminosus	karvarousku (fi)		2022-09-13	Vöyri	Etelä-Pohjanmaa (EP)	Suomi	63.12821	22.513		COMMUNITY_VERIFIED	iNaturalist Suomi Finland
karvarousku (fi) — Lactarius torminosus	karvarousku (fi)	2	2022-09-12	Pyhäjärvi	Keski-Pohjanmaa (KP)	Suomi	63.762842	26.078723	Sure	NEUTRAL	The Atlas of Finnish Fungi
karvarousku (fi) — Lactarius torminosus	karvarousku (fi)	muutamia	2022-09-10	Pudasjärvi	Oulun Pohjanmaa (OP)	Suomi	65.582046	27.766481	Sure	NEUTRAL	Notebook, general observations
karvarousku (fi) — Lactarius torminosus	karvarousku (fi)	muutama	2022-09-09	Taivalkoski	Koillismaa (Ks)	Suomi	65.58035	27.842668	Sure	NEUTRAL	Notebook, general observations
karvarousku (fi) — Lactarius torminosus	karvarousku (fi)	pari	2022-09-08	Pudasjärvi, Puolanka	Kainuu (Kn), Oulun Pohjanmaa (OP)	Suomi	65.122776	27.920414	Sure	NEUTRAL	Notebook, general observations
karvarousku (fi) — Lactarius torminosus	karvarousku (fi)		2022-09-04	Kemi	Perä-Pohjanmaa (PeP)	Suomi	65.744506	24.54611	Sure	NEUTRAL	The Atlas of Finnish Fungi
karvarousku (fi) — Lactarius torminosus	karvarousku (fi)		2022-09-03 [9:04]	Rovaniemi	Perä-Pohjanmaa (PeP)	Suomi	66.501381	25.786361	Sure	NEUTRAL	The Atlas of Finnish Fungi
karvarousku (fi) — Lactarius torminosus	karvarousku (fi)		2022-09-01	Rovaniemi	Perä-Pohjanmaa (PeP)	Suomi	66.46999	25.74658		NEUTRAL	iNaturalist Suomi Finland
karvarousku (fi) — Lactarius torminosus	karvarousku (fi)		2022-08-30	Rovaniemi	Perä-Pohjanmaa (PeP)	Suomi	66.8699	25.8483	Sure	NEUTRAL	The Atlas of Finnish Fungi
karvarousku (fi) — Lactarius torminosus	karvarousku (fi)		2022-08-29	Rovaniemi	Perä-Pohjanmaa (PeP)	Suomi	66.38644	26.489652	Sure	NEUTRAL	The Atlas of Finnish Fungi
karvarousku (fi) — Lactarius torminosus	karvarousku (fi)		2022-08-28	Veteli	Keski-Pohjanmaa (KP)	Suomi	63.43916	24.05006		COMMUNITY_VERIFIED	iNaturalist Suomi Finland
karvarousku (fi) — Lactarius torminosus	karvarousku (fi)	yleinen	2022-08-27 - 2022-08-28	Karvia	Satakunta (St)	Suomi	62.138419	22.403616	Sure	NEUTRAL	Notebook, general observations
karvarousku (fi) — Lactarius torminosus	karvarousku (fi)		2022-08-26	Kokkola	Keski-Pohjanmaa (KP)	Suomi	64.090651	23.404379	Sure	NEUTRAL	Notebook, general observations
karvarousku (fi) — Lactarius torminosus	karvarousku (fi)		2022-08-24	Utsjoki	Inarin Lappi (InL)	Suomi	69.75683	27.0084		COMMUNITY_VERIFIED	iNaturalist Suomi Finland
karvarousku (fi) — Lactarius torminosus	karvarousku (fi)		2022-08-24	Utsjoki	Inarin Lappi (InL)	Suomi	69.7533	26.98061		COMMUNITY_VERIFIED	iNaturalist Suomi Finland
karvarousku (fi) — Lactarius torminosus	karvarousku (fi)		2022-08-23	Pudasjärvi	Oulun Pohjanmaa (OP)	Suomi	65.640331	27.503392	Sure	NEUTRAL	The Atlas of Finnish Fungi
karvarousku (fi) — Lactarius torminosus	karvarousku (fi)	muutamia	2022-08-22 - 2022-09-23	Uusikaupunki	Varsinais-Suomi (V)	Suomi	60.92235	21.363679	Sure	NEUTRAL	Notebook, general observations
karvarousku (fi) — Lactarius torminosus	karvarousku (fi)		2022-08-21	Kuhmo	Kainuu (Kn)	Suomi	64.462795	28.858143	Sure	NEUTRAL	Notebook, general observations
karvarousku (fi) — Lactarius torminosus	karvarousku (fi)		2022-08-17	Oulu	Oulun Pohjanmaa (OP)	Suomi	65.09514	25.39618		NEUTRAL	iNaturalist Suomi Finland
karvarousku (fi) — Lactarius torminosus	karvarousku (fi)		2022-08-15	Vihti	Varsinais-Suomi (V)	Suomi	60.542397	24.483546	Sure	NEUTRAL	The Atlas of Finnish Fungi
karvarousku (fi) — Lactarius torminosus	karvarousku (fi)		2022-08-14	Utsjoki	Inarin Lappi (InL)	Suomi	69.76961	27.01596		COMMUNITY_VERIFIED	iNaturalist Suomi Finland
karvarousku (fi) — Lactarius torminosus	karvarousku (fi)		2022-08-14	Utsjoki	Inarin Lappi (InL)	Suomi	69.75637	27.00839		COMMUNITY_VERIFIED	iNaturalist Suomi Finland
karvarousku (fi) — Lactarius torminosus	karvarousku (fi)		2022-08-14	Tampere	Etelä-Häme (EH)	Suomi	61.486	23.694	Sure	NEUTRAL	The Atlas of Finnish Fungi
karvarousku (fi) — Lactarius torminosus	karvarousku (fi)		2022-08-13	Keminmaa	Perä-Pohjanmaa (PeP)	Suomi	65.87231	24.99475		COMMUNITY_VERIFIED	iNaturalist Suomi Finland
karvarousku (fi) — Lactarius torminosus	karvarousku (fi)	yleinen	2022-08-10	Enontekiö	Enontekiön Lappi (EnL)	Suomi	69.00547	20.959555	Sure	NEUTRAL	Notebook, general observations
karvarousku (fi) — Lactarius torminosus	karvarousku (fi)		2022-08-10	Kuusamo	Koillismaa (Ks)	Suomi	66.31994	29.58973		COMMUNITY_VERIFIED	iNaturalist Suomi Finland
karvarousku (fi) — Lactarius torminosus	karvarousku (fi)		2022-08-09	Mustasaari	Etelä-Pohjanmaa (EP)	Suomi	63.16832	21.56487		COMMUNITY_VERIFIED	iNaturalist Suomi Finland
karvarousku (fi) — Lactarius torminosus	karvarousku (fi)	yleinen	2022-08-08 - 2022-08-09	Kuusamo	Koillismaa (Ks)	Suomi	66.358671	29.37596	Sure	NEUTRAL	Notebook, general observations
karvarousku (fi) — Lactarius torminosus	karvarousku (fi)	1	2022-08-08	Rovaniemi	Perä-Pohjanmaa (PeP)	Suomi	66.20332	25.96715	Sure	NEUTRAL	The Atlas of Finnish Fungi
karvarousku (fi) — Lactarius torminosus	karvarousku (fi)	yleinen	2022-08-08	Kuusamo	Koillismaa (Ks)	Suomi	66.403634	29.412328	Sure	NEUTRAL	Notebook, general observations
karvarousku (fi) — Lactarius torminosus	karvarousku (fi)	1	2022-08-08	Rovaniemi	Perä-Pohjanmaa (PeP)	Suomi	66.20332	25.967149		NEUTRAL	Fungal collection of the Botanical Museum, University of Oulu (OULU)
karvarousku (fi) — Lactarius torminosus	karvarousku (fi)		2022-08-07	Vaasa	Etelä-Pohjanmaa (EP)	Suomi	63.11887	21.64037		COMMUNITY_VERIFIED	iNaturalist Suomi Finland
karvarousku (fi) — Lactarius torminosus	karvarousku (fi)		2022-08-07	Salla	Koillismaa (Ks)	Suomi	66.75967	28.62833		COMMUNITY_VERIFIED	iNaturalist Suomi Finland
karvarousku (fi) — Lactarius torminosus	karvarousku (fi)	20	2022-08-06	Rovaniemi	Perä-Pohjanmaa (PeP)	Suomi	66.415391	25.659522	Sure	NEUTRAL	The Atlas of Finnish Fungi
karvarousku (fi) — Lactarius torminosus	karvarousku (fi)		2022-08-06	Turku	Varsinais-Suomi (V)	Suomi	60.42752	22.11181		COMMUNITY_VERIFIED	iNaturalist Suomi Finland
karvarousku (fi) — Lactarius torminosus	karvarousku (fi)		2022-08-02	Utsjoki	Inarin Lappi (InL)	Suomi	69.75208	26.19476		NEUTRAL	iNaturalist Suomi Finland
karvarousku (fi) — Lactarius torminosus	karvarousku (fi)		2022-08-02	Kittilä	Kittilän Lappi (KiL)	Suomi	67.692771	24.374755	Sure	NEUTRAL	The Atlas of Finnish Fungi
karvarousku (fi) — Lactarius torminosus	karvarousku (fi)	1	2022-08-02	Rovaniemi	Perä-Pohjanmaa (PeP)	Suomi	66.57899	25.65702	Sure	NEUTRAL	The Atlas of Finnish Fungi
karvarousku (fi) — Lactarius torminosus	karvarousku (fi)	pari	2022-07-30 - 2022-08-03	Loviisa	Uusimaa (U)	Suomi	60.45767	26.071692	Sure	NEUTRAL	Notebook, general observations
karvarousku (fi) — Lactarius torminosus	karvarousku (fi)		2022-07-19	Äänekoski	Pohjois-Häme (PH)	Suomi	62.82155	25.70094		NEUTRAL	iNaturalist Suomi Finland
karvarousku (fi) — Lactarius torminosus	karvarousku (fi)		2021-10-04	Tohmajärvi	Pohjois-Karjala (PK)	Suomi	62.201169	30.286611	Sure	NEUTRAL	The Atlas of Finnish Fungi
karvarousku (fi) — Lactarius torminosus	karvarousku (fi)		2021-10-03	Salo	Varsinais-Suomi (V)	Suomi	60.34718	23.41822	Sure	NEUTRAL	The Atlas of Finnish Fungi
karvarousku (fi) — Lactarius torminosus	karvarousku (fi)		2021-09-29	Lohja	Varsinais-Suomi (V)	Suomi	60.252471	23.857479		NEUTRAL	LajiGIS: Species mapping and surveys
karvarousku (fi) — Lactarius torminosus	karvarousku (fi)		2021-09-28	Lohja	Varsinais-Suomi (V)	Suomi	60.24555	23.814054		NEUTRAL	LajiGIS: Species mapping and surveys
karvarousku (fi) — Lactarius torminosus	karvarousku (fi)		2021-09-28	Lohja	Varsinais-Suomi (V)	Suomi	60.247227	23.816168		NEUTRAL	LajiGIS: Species mapping and surveys
karvarousku (fi) — Lactarius torminosus	karvarousku (fi)		2021-09-27	Rovaniemi	Perä-Pohjanmaa (PeP)	Suomi	66.871958	25.625185	Sure	NEUTRAL	The Atlas of Finnish Fungi
karvarousku (fi) — Lactarius torminosus	karvarousku (fi)		2021-09-27	Raasepori	Varsinais-Suomi (V)	Suomi	60.07384	23.71658		COMMUNITY_VERIFIED	iNaturalist Suomi Finland
karvarousku (fi) — Lactarius torminosus	karvarousku (fi)		2021-09-26	Hausjärvi, Hyvinkää, Mäntsälä	Etelä-Häme (EH), Uusimaa (U)	Suomi	60.7	25.1		NEUTRAL	iNaturalist Suomi Finland
karvarousku (fi) — Lactarius torminosus	karvarousku (fi)		2021-09-25	Vantaa	Uusimaa (U)	Suomi	60.34497	24.91761		COMMUNITY_VERIFIED	iNaturalist Suomi Finland
karvarousku (fi) — Lactarius torminosus	karvarousku (fi)		2021-09-21 [16:48]	Salo	Varsinais-Suomi (V)	Suomi	60.254519	23.147311	Sure	NEUTRAL	The Atlas of Finnish Fungi
karvarousku (fi) — Lactarius torminosus	karvarousku (fi)		2021-09-21	Helsinki	Uusimaa (U)	Suomi	60.23039	24.94664		COMMUNITY_VERIFIED	iNaturalist Suomi Finland
karvarousku (fi) — Lactarius torminosus	karvarousku (fi)		2021-09-19	Nurmijärvi	Uusimaa (U)	Suomi	60.50504	24.70346		COMMUNITY_VERIFIED	iNaturalist Suomi Finland
karvarousku (fi) — Lactarius torminosus	karvarousku (fi)		2021-09-19	Porvoo	Uusimaa (U)	Suomi	60.4165	25.89589		NEUTRAL	iNaturalist Suomi Finland
karvarousku (fi) — Lactarius torminosus	karvarousku (fi)		2021-09-18	Tuusniemi	Pohjois-Savo (PS)	Suomi	62.632019	28.370126	Sure	NEUTRAL	Notebook, general observations
karvarousku (fi) — Lactarius torminosus	karvarousku (fi)	>10	2021-09-18	Kurikka	Etelä-Pohjanmaa (EP)	Suomi	62.760999	21.957006	Sure	NEUTRAL	The Atlas of Finnish Fungi
karvarousku (fi) — Lactarius torminosus	karvarousku (fi)		2021-09-18 [11:56]	Rautalampi	Pohjois-Häme (PH)	Suomi	62.553832	26.640906	Sure	NEUTRAL	The Atlas of Finnish Fungi
karvarousku (fi) — Lactarius torminosus	karvarousku (fi)		2021-09-18	Hämeenlinna	Etelä-Häme (EH)	Suomi	61.0694	24.11085		COMMUNITY_VERIFIED	iNaturalist Suomi Finland
karvarousku (fi) — Lactarius torminosus	karvarousku (fi)		2021-09-18	Utajärvi	Oulun Pohjanmaa (OP)	Suomi	64.73493	26.40185		COMMUNITY_VERIFIED	iNaturalist Suomi Finland
karvarousku (fi) — Lactarius torminosus	karvarousku (fi)		2021-09-18	Simo	Perä-Pohjanmaa (PeP)	Suomi	65.65584	24.75403		COMMUNITY_VERIFIED	iNaturalist Suomi Finland
karvarousku (fi) — Lactarius torminosus	karvarousku (fi)		2021-09-18	Jyväskylä	Pohjois-Häme (PH)	Suomi	62.227143	25.739132	Sure	NEUTRAL	Notebook, general observations
karvarousku (fi) — Lactarius torminosus	karvarousku (fi)		2021-09-18	Jyväskylä	Pohjois-Häme (PH)	Suomi	62.227143	25.739132	Sure	NEUTRAL	Notebook, general observations
karvarousku (fi) — Lactarius torminosus	karvarousku (fi)		2021-09-17	Helsinki	Uusimaa (U)	Suomi	60.17891	24.99319		COMMUNITY_VERIFIED	iNaturalist Suomi Finland
karvarousku (fi) — Lactarius torminosus	karvarousku (fi)		2021-09-16	Riihimäki	Etelä-Häme (EH)	Suomi	60.74408	24.79131		COMMUNITY_VERIFIED	iNaturalist Suomi Finland
karvarousku (fi) — Lactarius torminosus	karvarousku (fi)		2021-09-16	Espoo	Uusimaa (U)	Suomi	60.1926	24.68703		NEUTRAL	iNaturalist Suomi Finland
karvarousku (fi) — Lactarius torminosus	karvarousku (fi)		2021-09-15	Rovaniemi	Perä-Pohjanmaa (PeP)	Suomi	66.405359	24.935945	Sure	NEUTRAL	The Atlas of Finnish Fungi
karvarousku (fi) — Lactarius torminosus	karvarousku (fi)		2021-09-15	Iitti, Kouvola, Lapinjärvi, Loviisa, Orimattila	Etelä-Häme (EH), Uusimaa (U)	Suomi	60.7	26.3		NEUTRAL	iNaturalist Suomi Finland
karvarousku (fi) — Lactarius torminosus	karvarousku (fi)		2021-09-15	Mikkeli	Etelä-Savo (ES)	Suomi	61.68432	27.2747		COMMUNITY_VERIFIED	iNaturalist Suomi Finland
karvarousku (fi) — Lactarius torminosus	karvarousku (fi)		2021-09-15	Ylitornio	Perä-Pohjanmaa (PeP)	Suomi	66.445082	24.782167	Sure	NEUTRAL	The Atlas of Finnish Fungi
karvarousku (fi) — Lactarius torminosus	karvarousku (fi)		2021-09-14	Lohja	Varsinais-Suomi (V)	Suomi	60.227454	23.867301		NEUTRAL	LajiGIS: Species mapping and surveys
karvarousku (fi) — Lactarius torminosus	karvarousku (fi)		2021-09-14	Saarijärvi	Pohjois-Häme (PH)	Suomi	62.854528	25.478024	Sure	NEUTRAL	The Atlas of Finnish Fungi
karvarousku (fi) — Lactarius torminosus	karvarousku (fi)	Muutamia	2021-09-14	Toivakka	Pohjois-Häme (PH)	Suomi	62.166293	26.201577	Sure	NEUTRAL	The Atlas of Finnish Fungi
karvarousku (fi) — Lactarius torminosus	karvarousku (fi)		2021-09-14	Mikkeli	Etelä-Savo (ES)	Suomi	61.70085	27.4236		COMMUNITY_VERIFIED	iNaturalist Suomi Finland
karvarousku (fi) — Lactarius torminosus	karvarousku (fi)		2021-09-13	Tervola	Perä-Pohjanmaa (PeP)	Suomi	66.059884	24.726671	Sure	NEUTRAL	The Atlas of Finnish Fungi
karvarousku (fi) — Lactarius torminosus	karvarousku (fi)		2021-09-13	Kouvola	Etelä-Savo (ES)	Suomi	61.174372	26.874725	Sure	NEUTRAL	The Atlas of Finnish Fungi
karvarousku (fi) — Lactarius torminosus	karvarousku (fi)		2021-09-13			Suomi				COMMUNITY_VERIFIED	iNaturalist Suomi Finland
karvarousku (fi) — Lactarius torminosus	karvarousku (fi)	Yli 10	2021-09-12	Tervola	Perä-Pohjanmaa (PeP)	Suomi	66.213855	24.985424	Sure	NEUTRAL	The Atlas of Finnish Fungi
karvarousku (fi) — Lactarius torminosus	karvarousku (fi)		2021-09-12	Vantaa	Uusimaa (U)	Suomi	60.26661	25.13188		COMMUNITY_VERIFIED	iNaturalist Suomi Finland
karvarousku (fi) — Lactarius torminosus	karvarousku (fi)	1	2021-09-12	Tervola	Perä-Pohjanmaa (PeP)	Suomi	66.164604	25.001659	Sure	NEUTRAL	The Atlas of Finnish Fungi
karvarousku (fi) — Lactarius torminosus	karvarousku (fi)	Kymmeniä	2021-09-12	Tervola	Perä-Pohjanmaa (PeP)	Suomi	66.212859	24.990532	Sure	NEUTRAL	The Atlas of Finnish Fungi
karvarousku (fi) — Lactarius torminosus	karvarousku (fi)		2021-09-12	Tervola	Perä-Pohjanmaa (PeP)	Suomi	66.234036	24.999033	Sure	NEUTRAL	The Atlas of Finnish Fungi
karvarousku (fi) — Lactarius torminosus	karvarousku (fi)		2021-09-12	Tervola	Perä-Pohjanmaa (PeP)	Suomi	66.233411	25.006997	Sure	NEUTRAL	The Atlas of Finnish Fungi
karvarousku (fi) — Lactarius torminosus	karvarousku (fi)		2021-09-12	Tervola	Perä-Pohjanmaa (PeP)	Suomi	66.16095	25.001586	Sure	NEUTRAL	The Atlas of Finnish Fungi
karvarousku (fi) — Lactarius torminosus	karvarousku (fi)	useita	2021-09-12 - 2021-09-17	Turku	Varsinais-Suomi (V)	Suomi	60.434453	22.177812	Sure	NEUTRAL	Notebook, general observations
karvarousku (fi) — Lactarius torminosus	karvarousku (fi)		2021-09-12	Mäntyharju	Etelä-Savo (ES)	Suomi	61.44528	26.78306		COMMUNITY_VERIFIED	iNaturalist Suomi Finland
karvarousku (fi) — Lactarius torminosus	karvarousku (fi)		2021-09-11	Paltamo	Kainuu (Kn)	Suomi	64.335045	28.063177	Sure	NEUTRAL	Notebook, general observations
karvarousku (fi) — Lactarius torminosus	karvarousku (fi)		2021-09-11	Alajärvi, Soini, Ähtäri	Keski-Pohjanmaa (KP), Pohjois-Häme (PH)	Suomi	62.7	24.1		COMMUNITY_VERIFIED	iNaturalist Suomi Finland
karvarousku (fi) — Lactarius torminosus	karvarousku (fi)		2021-09-11	Vantaa	Uusimaa (U)	Suomi	60.344385	25.08624	Sure	NEUTRAL	The Atlas of Finnish Fungi
karvarousku (fi) — Lactarius torminosus	karvarousku (fi)		2021-09-11 [10:18-13:13]	Ylitornio	Perä-Pohjanmaa (PeP)	Suomi	66.313773	24.635104	Sure	NEUTRAL	The Atlas of Finnish Fungi
karvarousku (fi) — Lactarius torminosus	karvarousku (fi)	2	2021-09-11	Ylitornio	Perä-Pohjanmaa (PeP)	Suomi	66.357673	24.63173	Sure	NEUTRAL	The Atlas of Finnish Fungi
karvarousku (fi) — Lactarius torminosus	karvarousku (fi)		2021-09-11	Ylitornio	Perä-Pohjanmaa (PeP)	Suomi	66.361121	24.677577	Sure	NEUTRAL	The Atlas of Finnish Fungi
karvarousku (fi) — Lactarius torminosus	karvarousku (fi)		2021-09-11	Hartola	Etelä-Häme (EH)	Suomi	61.67641	25.92765		NEUTRAL	iNaturalist Suomi Finland
karvarousku (fi) — Lactarius torminosus	karvarousku (fi)		2021-09-11	Hausjärvi	Etelä-Häme (EH)	Suomi	60.75983	24.90809		NEUTRAL	iNaturalist Suomi Finland
karvarousku (fi) — Lactarius torminosus	karvarousku (fi)		2021-09-11	Tuusula	Uusimaa (U)	Suomi	60.4535	25.02895		COMMUNITY_VERIFIED	iNaturalist Suomi Finland
karvarousku (fi) — Lactarius torminosus	karvarousku (fi)		2021-09-11	Lahti	Etelä-Häme (EH)	Suomi	60.97936	25.56308		COMMUNITY_VERIFIED	iNaturalist Suomi Finland
karvarousku (fi) — Lactarius torminosus	karvarousku (fi)		2021-09-11	Pyhtää	Uusimaa (U)	Suomi	60.45548	26.56125		COMMUNITY_VERIFIED	iNaturalist Suomi Finland
karvarousku (fi) — Lactarius torminosus	karvarousku (fi)		2021-09-11	Akaa	Etelä-Häme (EH)	Suomi	61.15907	23.90487		COMMUNITY_VERIFIED	iNaturalist Suomi Finland
karvarousku (fi) — Lactarius torminosus	karvarousku (fi)		2021-09-11	Orimattila	Uusimaa (U)	Suomi	60.82536	25.8857		COMMUNITY_VERIFIED	iNaturalist Suomi Finland
karvarousku (fi) — Lactarius torminosus	karvarousku (fi)		2021-09-11	Lahti	Etelä-Häme (EH)	Suomi	60.97875	25.55906		COMMUNITY_VERIFIED	iNaturalist Suomi Finland
karvarousku (fi) — Lactarius torminosus	karvarousku (fi)		2021-09-11	Hausjärvi	Etelä-Häme (EH)	Suomi	60.68171	24.89078		NEUTRAL	iNaturalist Suomi Finland
karvarousku (fi) — Lactarius torminosus	karvarousku (fi)		2021-09-10	Vihti	Varsinais-Suomi (V)	Suomi	60.266089	24.350814	Sure	NEUTRAL	The Atlas of Finnish Fungi
karvarousku (fi) — Lactarius torminosus	karvarousku (fi)		2021-09-10	Tervola	Perä-Pohjanmaa (PeP)	Suomi	66.12869	24.70847	Sure	EXPERT_VERIFIED	The Atlas of Finnish Fungi
karvarousku (fi) — Lactarius torminosus	karvarousku (fi)		2021-09-10	Tornio	Perä-Pohjanmaa (PeP)	Suomi	66.248895	24.565878	Sure	EXPERT_VERIFIED	The Atlas of Finnish Fungi
karvarousku (fi) — Lactarius torminosus	karvarousku (fi)	1000	2021-09-10	Tervola	Perä-Pohjanmaa (PeP)	Suomi	66.118432	24.712924	Sure	NEUTRAL	The Atlas of Finnish Fungi
karvarousku (fi) — Lactarius torminosus	karvarousku (fi)		2021-09-10 [9:46-10:49]	Tervola	Perä-Pohjanmaa (PeP)	Suomi	66.128971	24.707401	Sure	NEUTRAL	The Atlas of Finnish Fungi
karvarousku (fi) — Lactarius torminosus	karvarousku (fi)	1	2021-09-10	Tervola	Perä-Pohjanmaa (PeP)	Suomi	66.129186	24.716545	Sure	NEUTRAL	The Atlas of Finnish Fungi
karvarousku (fi) — Lactarius torminosus	karvarousku (fi)		2021-09-10	Tervola	Perä-Pohjanmaa (PeP)	Suomi	66.06037	24.72418	Sure	NEUTRAL	The Atlas of Finnish Fungi
karvarousku (fi) — Lactarius torminosus	karvarousku (fi)		2021-09-10	Tervola	Perä-Pohjanmaa (PeP)	Suomi	66.058583	24.731683	Sure	NEUTRAL	The Atlas of Finnish Fungi
karvarousku (fi) — Lactarius torminosus	karvarousku (fi)		2021-09-10 [12:22-12:41]	Tornio	Perä-Pohjanmaa (PeP)	Suomi	66.252673	24.558322	Sure	NEUTRAL	The Atlas of Finnish Fungi
karvarousku (fi) — Lactarius torminosus	karvarousku (fi)	>5	2021-09-10	Tervola	Perä-Pohjanmaa (PeP)	Suomi	66.061061	24.71442	Sure	NEUTRAL	The Atlas of Finnish Fungi
karvarousku (fi) — Lactarius torminosus	karvarousku (fi)	30	2021-09-10	Tervola	Perä-Pohjanmaa (PeP)	Suomi	66.213698	24.942847	Sure	EXPERT_VERIFIED	The Atlas of Finnish Fungi
karvarousku (fi) — Lactarius torminosus	karvarousku (fi)	2	2021-09-10	Tervola, Tornio, Ylitornio	Perä-Pohjanmaa (PeP)	Suomi	66.259546	24.557168	Sure	NEUTRAL	The Atlas of Finnish Fungi
karvarousku (fi) — Lactarius torminosus	karvarousku (fi)	1	2021-09-10	Tervola, Tornio, Ylitornio	Perä-Pohjanmaa (PeP)	Suomi	66.259546	24.557168	Sure	NEUTRAL	The Atlas of Finnish Fungi
karvarousku (fi) — Lactarius torminosus	karvarousku (fi)	1	2021-09-10	Tervola	Perä-Pohjanmaa (PeP)	Suomi	66.118307	24.713611	Sure	NEUTRAL	The Atlas of Finnish Fungi
karvarousku (fi) — Lactarius torminosus	karvarousku (fi)		2021-09-10	Keuruu	Pohjois-Häme (PH)	Suomi	62.194828	24.78292	Sure	NEUTRAL	Notebook, general observations
karvarousku (fi) — Lactarius torminosus	karvarousku (fi)		2021-09-10 - 2021-09-12	Puolanka	Kainuu (Kn)	Suomi	64.979679	27.958974		NEUTRAL	LajiGIS: Species mapping and surveys
karvarousku (fi) — Lactarius torminosus	karvarousku (fi)		2021-09-09 [14:23]	Asikkala	Etelä-Häme (EH)	Suomi	61.220115	25.773514	Sure	NEUTRAL	The Atlas of Finnish Fungi
karvarousku (fi) — Lactarius torminosus	karvarousku (fi)	useita	2021-09-09	Asikkala	Etelä-Häme (EH)	Suomi	61.221677	25.766699	Sure	NEUTRAL	The Atlas of Finnish Fungi
karvarousku (fi) — Lactarius torminosus	karvarousku (fi)	muutama	2021-09-09	Asikkala	Etelä-Häme (EH)	Suomi	61.218494	25.776134	Sure	NEUTRAL	The Atlas of Finnish Fungi
karvarousku (fi) — Lactarius torminosus	karvarousku (fi)		2021-09-08 [9:04-12:16]	Jyväskylä	Pohjois-Häme (PH)	Suomi	62.252603	25.697266	Sure	NEUTRAL	The Atlas of Finnish Fungi
karvarousku (fi) — Lactarius torminosus	karvarousku (fi)		2021-09-08 [12:33]	Asikkala	Etelä-Häme (EH)	Suomi	61.222911	25.720821	Sure	NEUTRAL	The Atlas of Finnish Fungi
karvarousku (fi) — Lactarius torminosus	karvarousku (fi)		2021-09-08	Savonlinna	Etelä-Savo (ES)	Suomi	61.93251	28.84959		NEUTRAL	iNaturalist Suomi Finland
karvarousku (fi) — Lactarius torminosus	karvarousku (fi)		2021-09-08	Tampere	Etelä-Häme (EH)	Suomi	61.51855	23.84142		COMMUNITY_VERIFIED	iNaturalist Suomi Finland
karvarousku (fi) — Lactarius torminosus	karvarousku (fi)	3	2021-09-08	Asikkala	Etelä-Häme (EH)	Suomi	61.210614	25.731536	Sure	NEUTRAL	The Atlas of Finnish Fungi
karvarousku (fi) — Lactarius torminosus	karvarousku (fi)	1	2021-09-07	Asikkala	Etelä-Häme (EH)	Suomi	61.191259	25.688106	Sure	NEUTRAL	The Atlas of Finnish Fungi
karvarousku (fi) — Lactarius torminosus	karvarousku (fi)	2	2021-09-07	Asikkala	Etelä-Häme (EH)	Suomi	61.191259	25.688106	Sure	NEUTRAL	The Atlas of Finnish Fungi
karvarousku (fi) — Lactarius torminosus	karvarousku (fi)		2021-09-07 [10:21]	Asikkala	Etelä-Häme (EH)	Suomi	61.161497	25.631715	Sure	EXPERT_VERIFIED	The Atlas of Finnish Fungi
karvarousku (fi) — Lactarius torminosus	karvarousku (fi)		2021-09-07	Hartola	Etelä-Häme (EH)	Suomi	61.62893	26.09804		COMMUNITY_VERIFIED	iNaturalist Suomi Finland
karvarousku (fi) — Lactarius torminosus	karvarousku (fi)		2021-09-07	Hartola	Etelä-Häme (EH)	Suomi	61.6323	26.06013		COMMUNITY_VERIFIED	iNaturalist Suomi Finland
karvarousku (fi) — Lactarius torminosus	karvarousku (fi)		2021-09-07	Hartola	Etelä-Häme (EH)	Suomi	61.62212	26.10419		COMMUNITY_VERIFIED	iNaturalist Suomi Finland
karvarousku (fi) — Lactarius torminosus	karvarousku (fi)		2021-09-07	Hartola	Etelä-Häme (EH)	Suomi	61.6323	26.06013		COMMUNITY_VERIFIED	iNaturalist Suomi Finland
karvarousku (fi) — Lactarius torminosus	karvarousku (fi)		2021-09-07	Hartola	Etelä-Häme (EH)	Suomi	61.62888	26.09315		NEUTRAL	iNaturalist Suomi Finland
karvarousku (fi) — Lactarius torminosus	karvarousku (fi)		2021-09-07	Lappeenranta	Etelä-Savo (ES)	Suomi	60.97401	28.13954		COMMUNITY_VERIFIED	iNaturalist Suomi Finland
karvarousku (fi) — Lactarius torminosus	karvarousku (fi)		2021-09-07	Helsinki	Uusimaa (U)	Suomi	60.21327	25.00627		COMMUNITY_VERIFIED	iNaturalist Suomi Finland
karvarousku (fi) — Lactarius torminosus	karvarousku (fi)	muutama	2021-09-07	Asikkala	Etelä-Häme (EH)	Suomi	61.161672	25.634794	Sure	NEUTRAL	The Atlas of Finnish Fungi
karvarousku (fi) — Lactarius torminosus	karvarousku (fi)		2021-09-06	Suomussalmi	Kainuu (Kn)	Suomi	65.250385	28.279364		NEUTRAL	LajiGIS: Species mapping and surveys
karvarousku (fi) — Lactarius torminosus	karvarousku (fi)		2021-09-06	Karvia, Parkano	Satakunta (St)	Suomi	62.1	22.9		COMMUNITY_VERIFIED	iNaturalist Suomi Finland
karvarousku (fi) — Lactarius torminosus	karvarousku (fi)	yleinen	2021-09-06 - 2021-09-11	Porvoo	Uusimaa (U)	Suomi	60.421346	25.751106	Sure	NEUTRAL	Notebook, general observations
karvarousku (fi) — Lactarius torminosus	karvarousku (fi)	1	2021-09-06 [19:00]	Helsinki, Sipoo	Uusimaa (U)	Suomi	60.173105	25.105165	Sure	NEUTRAL	The Atlas of Finnish Fungi
karvarousku (fi) — Lactarius torminosus	karvarousku (fi)		2021-09-06 [17:24-17:47]	Asikkala	Etelä-Häme (EH)	Suomi	61.189557	25.680703	Sure	EXPERT_VERIFIED	The Atlas of Finnish Fungi
karvarousku (fi) — Lactarius torminosus	karvarousku (fi)		2021-09-06	Asikkala	Etelä-Häme (EH)	Suomi	61.28397	25.59531		COMMUNITY_VERIFIED	iNaturalist Suomi Finland
karvarousku (fi) — Lactarius torminosus	karvarousku (fi)		2021-09-06	Kitee	Pohjois-Karjala (PK)	Suomi	61.91923	30.14468		NEUTRAL	iNaturalist Suomi Finland
karvarousku (fi) — Lactarius torminosus	karvarousku (fi)		2021-09-06	Jyväskylä	Pohjois-Häme (PH)	Suomi	62.21376	25.7793		COMMUNITY_VERIFIED	iNaturalist Suomi Finland
karvarousku (fi) — Lactarius torminosus	karvarousku (fi)	2	2021-09-06	Asikkala	Etelä-Häme (EH)	Suomi	61.18652	25.715113	Sure	NEUTRAL	The Atlas of Finnish Fungi
karvarousku (fi) — Lactarius torminosus	karvarousku (fi)		2021-09-05	Hausjärvi, Hämeenlinna, Janakkala, Riihimäki	Etelä-Häme (EH)	Suomi	60.9	24.7		COMMUNITY_VERIFIED	iNaturalist Suomi Finland
karvarousku (fi) — Lactarius torminosus	karvarousku (fi)	2 litraa	2021-09-05	Keminmaa	Perä-Pohjanmaa (PeP)	Suomi	65.779718	24.454753		NEUTRAL	Löydös Open Finnish Observation Database
karvarousku (fi) — Lactarius torminosus	karvarousku (fi)	muutama	2021-09-05	Äänekoski	Pohjois-Häme (PH)	Suomi	62.554182	25.912316	Sure	NEUTRAL	The Atlas of Finnish Fungi
karvarousku (fi) — Lactarius torminosus	karvarousku (fi)		2021-09-05	Kaarina	Varsinais-Suomi (V)	Suomi	60.4176	22.35465		COMMUNITY_VERIFIED	iNaturalist Suomi Finland
karvarousku (fi) — Lactarius torminosus	karvarousku (fi)		2021-09-05	Ruovesi	Etelä-Häme (EH)	Suomi	62.05538	23.8666		COMMUNITY_VERIFIED	iNaturalist Suomi Finland
karvarousku (fi) — Lactarius torminosus	karvarousku (fi)		2021-09-05	Helsinki	Uusimaa (U)	Suomi	60.26626	24.9273		COMMUNITY_VERIFIED	iNaturalist Suomi Finland
karvarousku (fi) — Lactarius torminosus	karvarousku (fi)		2021-09-05	Sipoo	Uusimaa (U)	Suomi	60.301829	25.19785	Sure	NEUTRAL	The Atlas of Finnish Fungi
karvarousku (fi) — Lactarius torminosus	karvarousku (fi)		2021-09-04	Lappeenranta	Etelä-Savo (ES)	Suomi	61.04139	28.25167		COMMUNITY_VERIFIED	iNaturalist Suomi Finland
karvarousku (fi) — Lactarius torminosus	karvarousku (fi)		2021-09-04	Vihti	Varsinais-Suomi (V)	Suomi	60.529166	24.560095	Sure	EXPERT_VERIFIED	The Atlas of Finnish Fungi
karvarousku (fi) — Lactarius torminosus	karvarousku (fi)	3	2021-09-04 [13:00]	Helsinki, Sipoo, Vantaa	Uusimaa (U)	Suomi	60.262809	25.09998	Sure	EXPERT_VERIFIED	The Atlas of Finnish Fungi
karvarousku (fi) — Lactarius torminosus	karvarousku (fi)		2021-09-04	Kuusamo	Koillismaa (Ks)	Suomi	66.130284	29.316053		NEUTRAL	LajiGIS: Species mapping and surveys
karvarousku (fi) — Lactarius torminosus	karvarousku (fi)		2021-09-04	Lohja, Raasepori, Salo	Varsinais-Suomi (V)	Suomi	60.3	23.5		COMMUNITY_VERIFIED	iNaturalist Suomi Finland
karvarousku (fi) — Lactarius torminosus	karvarousku (fi)		2021-09-04	Espoo	Uusimaa (U)	Suomi	60.289085	24.600995	Sure	NEUTRAL	The Atlas of Finnish Fungi
karvarousku (fi) — Lactarius torminosus	karvarousku (fi)		2021-09-04 [17:19-17:42]	Helsinki	Uusimaa (U)	Suomi	60.253106	25.064115	Sure	EXPERT_VERIFIED	The Atlas of Finnish Fungi
karvarousku (fi) — Lactarius torminosus	karvarousku (fi)	2	2021-09-04 - 2021-09-05	Jyväskylä	Pohjois-Häme (PH)	Suomi	62.218474	25.803807	Sure	EXPERT_VERIFIED	The Atlas of Finnish Fungi
karvarousku (fi) — Lactarius torminosus	karvarousku (fi)	9	2021-09-04 - 2021-09-05	Jyväskylä	Pohjois-Häme (PH)	Suomi	62.218479	25.803045	Sure	EXPERT_VERIFIED	The Atlas of Finnish Fungi
karvarousku (fi) — Lactarius torminosus	karvarousku (fi)		2021-09-04	Asikkala	Etelä-Häme (EH)	Suomi	61.18457	25.71653		COMMUNITY_VERIFIED	iNaturalist Suomi Finland
karvarousku (fi) — Lactarius torminosus	karvarousku (fi)		2021-09-04	Kalajoki	Keski-Pohjanmaa (KP)	Suomi	64.26815	23.84413		COMMUNITY_VERIFIED	iNaturalist Suomi Finland
karvarousku (fi) — Lactarius torminosus	karvarousku (fi)		2021-09-04	Espoo	Uusimaa (U)	Suomi	60.15796	24.6741		COMMUNITY_VERIFIED	iNaturalist Suomi Finland
karvarousku (fi) — Lactarius torminosus	karvarousku (fi)		2021-09-04	Vantaa	Uusimaa (U)	Suomi	60.28675	25.15583		NEUTRAL	iNaturalist Suomi Finland
karvarousku (fi) — Lactarius torminosus	karvarousku (fi)		2021-09-04	Espoo	Uusimaa (U)	Suomi	60.31211	24.68526		COMMUNITY_VERIFIED	iNaturalist Suomi Finland
karvarousku (fi) — Lactarius torminosus	karvarousku (fi)		2021-09-04	Taipalsaari	Etelä-Savo (ES)	Suomi	61.29543	27.857		COMMUNITY_VERIFIED	iNaturalist Suomi Finland
karvarousku (fi) — Lactarius torminosus	karvarousku (fi)		2021-09-04	Mikkeli	Etelä-Savo (ES)	Suomi	61.62968	27.26807		COMMUNITY_VERIFIED	iNaturalist Suomi Finland
karvarousku (fi) — Lactarius torminosus	karvarousku (fi)	Noin 10	2021-09-04	Rovaniemi	Perä-Pohjanmaa (PeP)	Suomi	66.401338	25.174322	Sure	EXPERT_VERIFIED	The Atlas of Finnish Fungi
karvarousku (fi) — Lactarius torminosus	karvarousku (fi)		2021-09-04	Jyväskylä	Pohjois-Häme (PH)	Suomi	62.254694	25.686434	Sure	NEUTRAL	Notebook, general observations
karvarousku (fi) — Lactarius torminosus	karvarousku (fi)	3	2021-09-04	Vaasa	Etelä-Pohjanmaa (EP)	Suomi	63.07361	22.07692	Sure	NEUTRAL	The Atlas of Finnish Fungi
karvarousku (fi) — Lactarius torminosus	karvarousku (fi)		2021-09-03	Hirvensalmi, Mikkeli	Etelä-Savo (ES)	Suomi	61.7	26.9		NEUTRAL	iNaturalist Suomi Finland
karvarousku (fi) — Lactarius torminosus	karvarousku (fi)		2021-09-03	Forssa	Etelä-Häme (EH)	Suomi	60.8143	23.61626		COMMUNITY_VERIFIED	iNaturalist Suomi Finland
karvarousku (fi) — Lactarius torminosus	karvarousku (fi)		2021-09-03	Forssa	Etelä-Häme (EH)	Suomi	60.81436	23.61627		COMMUNITY_VERIFIED	iNaturalist Suomi Finland
karvarousku (fi) — Lactarius torminosus	karvarousku (fi)		2021-09-03	Forssa	Etelä-Häme (EH)	Suomi	60.81445	23.61643		COMMUNITY_VERIFIED	iNaturalist Suomi Finland
karvarousku (fi) — Lactarius torminosus	karvarousku (fi)		2021-09-03	Kaskinen	Etelä-Pohjanmaa (EP)	Suomi	62.34112	21.2173		COMMUNITY_VERIFIED	iNaturalist Suomi Finland
karvarousku (fi) — Lactarius torminosus	karvarousku (fi)		2021-09-03	Kempele	Oulun Pohjanmaa (OP)	Suomi	64.92904	25.56528		COMMUNITY_VERIFIED	iNaturalist Suomi Finland
karvarousku (fi) — Lactarius torminosus	karvarousku (fi)		2021-09-03	Kuusamo	Koillismaa (Ks)	Suomi	66.127355	29.300675		NEUTRAL	LajiGIS: Species mapping and surveys
karvarousku (fi) — Lactarius torminosus	karvarousku (fi)	useita n. 10 itiöemän kasvustoja pitkin järveä ympäröiviä metsiä	2021-09-02	Heinola	Etelä-Häme (EH)	Suomi	61.1977	26.087714	Sure	EXPERT_VERIFIED	The Atlas of Finnish Fungi
karvarousku (fi) — Lactarius torminosus	karvarousku (fi)	useita	2021-09-02 - 2021-09-09	Loviisa	Uusimaa (U)	Suomi	60.453996	25.945734	Sure	NEUTRAL	Notebook, general observations
karvarousku (fi) — Lactarius torminosus	karvarousku (fi)		2021-09-02	Helsinki	Uusimaa (U)	Suomi	60.24182	24.84084		COMMUNITY_VERIFIED	iNaturalist Suomi Finland
karvarousku (fi) — Lactarius torminosus	karvarousku (fi)		2021-09-02	Tampere	Etelä-Häme (EH)	Suomi	61.517536	23.841356		NEUTRAL	Notebook, general observations
karvarousku (fi) — Lactarius torminosus	karvarousku (fi)		2021-09-02	Tampere	Etelä-Häme (EH)	Suomi	61.518361	23.834312		NEUTRAL	Notebook, general observations
karvarousku (fi) — Lactarius torminosus	karvarousku (fi)		2021-09-01	Kontiolahti	Pohjois-Karjala (PK)	Suomi	63.039383	29.847501	Sure	NEUTRAL	Notebook, general observations
karvarousku (fi) — Lactarius torminosus	karvarousku (fi)		2021-09-01	Kuusamo	Koillismaa (Ks)	Suomi	66.194608	29.689449		NEUTRAL	LajiGIS: Species mapping and surveys
karvarousku (fi) — Lactarius torminosus	karvarousku (fi)		2021-09-01	Oulu	Oulun Pohjanmaa (OP)	Suomi	65.167821	25.229824	Sure	EXPERT_VERIFIED	The Atlas of Finnish Fungi
karvarousku (fi) — Lactarius torminosus	karvarousku (fi)		2021-09-01	Maalahti	Etelä-Pohjanmaa (EP)	Suomi	62.92069	21.52887		COMMUNITY_VERIFIED	iNaturalist Suomi Finland
karvarousku (fi) — Lactarius torminosus	karvarousku (fi)		2021-09-01	Mikkeli	Etelä-Savo (ES)	Suomi	61.65658	27.25573		COMMUNITY_VERIFIED	iNaturalist Suomi Finland
karvarousku (fi) — Lactarius torminosus	karvarousku (fi)		2021-09-01	Pälkäne	Etelä-Häme (EH)	Suomi	61.27606	24.7077		COMMUNITY_VERIFIED	iNaturalist Suomi Finland
karvarousku (fi) — Lactarius torminosus	karvarousku (fi)		2021-09-01	Kaarina	Varsinais-Suomi (V)	Suomi	60.401	22.31338		COMMUNITY_VERIFIED	iNaturalist Suomi Finland
karvarousku (fi) — Lactarius torminosus	karvarousku (fi)		2021-09-01	Siuntio	Uusimaa (U)	Suomi	60.25477	24.28084		COMMUNITY_VERIFIED	iNaturalist Suomi Finland
karvarousku (fi) — Lactarius torminosus	karvarousku (fi)		2021-09-01	Helsinki	Uusimaa (U)	Suomi	60.18176	24.99799		COMMUNITY_VERIFIED	iNaturalist Suomi Finland
karvarousku (fi) — Lactarius torminosus	karvarousku (fi)		2021-08-31	Mustasaari	Etelä-Pohjanmaa (EP)	Suomi	63.13075	21.96877		COMMUNITY_VERIFIED	iNaturalist Suomi Finland
karvarousku (fi) — Lactarius torminosus	karvarousku (fi)		2021-08-31	Kokkola	Keski-Pohjanmaa (KP)	Suomi	64.09169	23.40548		COMMUNITY_VERIFIED	iNaturalist Suomi Finland
karvarousku (fi) — Lactarius torminosus	karvarousku (fi)		2021-08-31			Suomi				COMMUNITY_VERIFIED	iNaturalist Suomi Finland
karvarousku (fi) — Lactarius torminosus	karvarousku (fi)		2021-08-31	Kokemäki	Satakunta (St)	Suomi	61.24479	22.4773		COMMUNITY_VERIFIED	iNaturalist Suomi Finland
karvarousku (fi) — Lactarius torminosus	karvarousku (fi)		2021-08-31	Eurajoki	Satakunta (St)	Suomi	61.22402	21.7274		COMMUNITY_VERIFIED	iNaturalist Suomi Finland
karvarousku (fi) — Lactarius torminosus	karvarousku (fi)		2021-08-31	Kuopio	Pohjois-Savo (PS)	Suomi	62.86752	27.65845		COMMUNITY_VERIFIED	iNaturalist Suomi Finland
karvarousku (fi) — Lactarius torminosus	karvarousku (fi)		2021-08-31	Helsinki	Uusimaa (U)	Suomi	60.2361	24.88232		COMMUNITY_VERIFIED	iNaturalist Suomi Finland
karvarousku (fi) — Lactarius torminosus	karvarousku (fi)		2021-08-31	Helsinki	Uusimaa (U)	Suomi	60.2361	24.88232		NEUTRAL	iNaturalist Suomi Finland
karvarousku (fi) — Lactarius torminosus	karvarousku (fi)	4	2021-08-30	Tuusula	Uusimaa (U)	Suomi	60.447674	24.9799	Sure	NEUTRAL	The Atlas of Finnish Fungi
karvarousku (fi) — Lactarius torminosus	karvarousku (fi)		2021-08-30	Jyväskylä	Pohjois-Häme (PH)	Suomi	62.2495	25.81267		COMMUNITY_VERIFIED	iNaturalist Suomi Finland
karvarousku (fi) — Lactarius torminosus	karvarousku (fi)		2021-08-30	Hattula	Etelä-Häme (EH)	Suomi	61.03226	24.38058		COMMUNITY_VERIFIED	iNaturalist Suomi Finland
karvarousku (fi) — Lactarius torminosus	karvarousku (fi)		2021-08-30	Muurame	Etelä-Häme (EH)	Suomi	62.1025	25.62944		COMMUNITY_VERIFIED	iNaturalist Suomi Finland
karvarousku (fi) — Lactarius torminosus	karvarousku (fi)		2021-08-30	Kuusamo	Koillismaa (Ks)	Suomi	66.184026	29.64284		NEUTRAL	LajiGIS: Species mapping and surveys
karvarousku (fi) — Lactarius torminosus	karvarousku (fi)		2021-08-29	Janakkala	Etelä-Häme (EH)	Suomi	60.89603	24.88857		COMMUNITY_VERIFIED	iNaturalist Suomi Finland
karvarousku (fi) — Lactarius torminosus	karvarousku (fi)		2021-08-29	Jyväskylä	Pohjois-Häme (PH)	Suomi	62.30671	25.7812		COMMUNITY_VERIFIED	iNaturalist Suomi Finland
karvarousku (fi) — Lactarius torminosus	karvarousku (fi)		2021-08-29	Jyväskylä	Pohjois-Häme (PH)	Suomi	62.30672	25.78118		COMMUNITY_VERIFIED	iNaturalist Suomi Finland
karvarousku (fi) — Lactarius torminosus	karvarousku (fi)		2021-08-29	Asikkala	Etelä-Häme (EH)	Suomi	61.231603	25.635838	Sure	EXPERT_VERIFIED	The Atlas of Finnish Fungi
karvarousku (fi) — Lactarius torminosus	karvarousku (fi)	yleinen	2021-08-29 - 2021-09-26	Kirkkonummi	Uusimaa (U)	Suomi	60.2981	24.454326	Sure	NEUTRAL	Notebook, general observations
karvarousku (fi) — Lactarius torminosus	karvarousku (fi)		2021-08-29	Lahti	Etelä-Häme (EH)	Suomi	60.98707	25.88765		COMMUNITY_VERIFIED	iNaturalist Suomi Finland
karvarousku (fi) — Lactarius torminosus	karvarousku (fi)		2021-08-29	Keminmaa	Perä-Pohjanmaa (PeP)	Suomi	65.82239	24.51457		COMMUNITY_VERIFIED	iNaturalist Suomi Finland
karvarousku (fi) — Lactarius torminosus	karvarousku (fi)		2021-08-29	Nokia	Etelä-Häme (EH)	Suomi	61.46516	23.53113		COMMUNITY_VERIFIED	iNaturalist Suomi Finland
karvarousku (fi) — Lactarius torminosus	karvarousku (fi)		2021-08-29	Salo	Varsinais-Suomi (V)	Suomi	60.27211	22.95941		COMMUNITY_VERIFIED	iNaturalist Suomi Finland
karvarousku (fi) — Lactarius torminosus	karvarousku (fi)		2021-08-29	Karkkila	Varsinais-Suomi (V)	Suomi	60.53376	24.15857		COMMUNITY_VERIFIED	iNaturalist Suomi Finland
karvarousku (fi) — Lactarius torminosus	karvarousku (fi)		2021-08-29	Kirkkonummi	Uusimaa (U)	Suomi	60.08991	24.5195		COMMUNITY_VERIFIED	iNaturalist Suomi Finland
karvarousku (fi) — Lactarius torminosus	karvarousku (fi)		2021-08-29	Tampere	Etelä-Häme (EH)	Suomi	61.5073	23.82634		COMMUNITY_VERIFIED	iNaturalist Suomi Finland
karvarousku (fi) — Lactarius torminosus	karvarousku (fi)		2021-08-29	Helsinki	Uusimaa (U)	Suomi	60.2765	25.20992		COMMUNITY_VERIFIED	iNaturalist Suomi Finland
karvarousku (fi) — Lactarius torminosus	karvarousku (fi)		2021-08-29	Kärsämäki	Keski-Pohjanmaa (KP)	Suomi	63.98054	25.67941		COMMUNITY_VERIFIED	iNaturalist Suomi Finland
karvarousku (fi) — Lactarius torminosus	karvarousku (fi)		2021-08-29	Järvenpää	Uusimaa (U)	Suomi	60.48401	25.13255		COMMUNITY_VERIFIED	iNaturalist Suomi Finland
karvarousku (fi) — Lactarius torminosus	karvarousku (fi)		2021-08-28	Hartola, Joutsa	Etelä-Häme (EH), Etelä-Savo (ES)	Suomi	61.7	26.1		COMMUNITY_VERIFIED	iNaturalist Suomi Finland
karvarousku (fi) — Lactarius torminosus	karvarousku (fi)		2021-08-28	Hartola, Sysmä	Etelä-Häme (EH)	Suomi	61.5	25.9		COMMUNITY_VERIFIED	iNaturalist Suomi Finland
karvarousku (fi) — Lactarius torminosus	karvarousku (fi)		2021-08-28	Alavieska	Keski-Pohjanmaa (KP)	Suomi	64.17945	24.17858		COMMUNITY_VERIFIED	iNaturalist Suomi Finland
karvarousku (fi) — Lactarius torminosus	karvarousku (fi)		2021-08-28 - 2021-09-02	Espoo	Uusimaa (U)	Suomi	60.326028	24.729606	Sure	NEUTRAL	The Atlas of Finnish Fungi
karvarousku (fi) — Lactarius torminosus	karvarousku (fi)		2021-08-28 [14:23]	Parainen	Varsinais-Suomi (V)	Suomi	60.365793	22.331296	Sure	EXPERT_VERIFIED	The Atlas of Finnish Fungi
karvarousku (fi) — Lactarius torminosus	karvarousku (fi)		2021-08-28	Espoo	Uusimaa (U)	Suomi	60.332865	24.613746	Sure	EXPERT_VERIFIED	The Atlas of Finnish Fungi
karvarousku (fi) — Lactarius torminosus	karvarousku (fi)		2021-08-28	Hamina	Etelä-Karjala (EK)	Suomi	60.76525	27.37613		COMMUNITY_VERIFIED	iNaturalist Suomi Finland
karvarousku (fi) — Lactarius torminosus	karvarousku (fi)		2021-08-28	Lahti	Etelä-Häme (EH)	Suomi	60.97946	25.57432		NEUTRAL	iNaturalist Suomi Finland
karvarousku (fi) — Lactarius torminosus	karvarousku (fi)		2021-08-28	Espoo	Uusimaa (U)	Suomi	60.28839	24.5135		COMMUNITY_VERIFIED	iNaturalist Suomi Finland
karvarousku (fi) — Lactarius torminosus	karvarousku (fi)		2021-08-28	Kemiönsaari	Varsinais-Suomi (V)	Suomi	59.88489	22.47929		COMMUNITY_VERIFIED	iNaturalist Suomi Finland
karvarousku (fi) — Lactarius torminosus	karvarousku (fi)		2021-08-28	Vihti	Varsinais-Suomi (V)	Suomi	60.29868	24.37041		NEUTRAL	iNaturalist Suomi Finland
karvarousku (fi) — Lactarius torminosus	karvarousku (fi)		2021-08-28	Espoo	Uusimaa (U)	Suomi	60.32392	24.66224		COMMUNITY_VERIFIED	iNaturalist Suomi Finland
karvarousku (fi) — Lactarius torminosus	karvarousku (fi)		2021-08-28	Kaarina	Varsinais-Suomi (V)	Suomi	60.39582	22.41751		COMMUNITY_VERIFIED	iNaturalist Suomi Finland
karvarousku (fi) — Lactarius torminosus	karvarousku (fi)		2021-08-28	Karkkila	Varsinais-Suomi (V)	Suomi	60.53204	24.16612		NEUTRAL	iNaturalist Suomi Finland
karvarousku (fi) — Lactarius torminosus	karvarousku (fi)		2021-08-28	Karkkila	Varsinais-Suomi (V)	Suomi	60.53187	24.16605		COMMUNITY_VERIFIED	iNaturalist Suomi Finland
karvarousku (fi) — Lactarius torminosus	karvarousku (fi)		2021-08-28	Rauma	Satakunta (St)	Suomi	61.14335	21.53436		COMMUNITY_VERIFIED	iNaturalist Suomi Finland
karvarousku (fi) — Lactarius torminosus	karvarousku (fi)		2021-08-28	Tuusula	Uusimaa (U)	Suomi	60.38013	25.00926		NEUTRAL	iNaturalist Suomi Finland
karvarousku (fi) — Lactarius torminosus	karvarousku (fi)		2021-08-28	Helsinki	Uusimaa (U)	Suomi	60.16136	25.04374		COMMUNITY_VERIFIED	iNaturalist Suomi Finland
karvarousku (fi) — Lactarius torminosus	karvarousku (fi)		2021-08-28	Hämeenlinna	Etelä-Häme (EH)	Suomi	61.19082	25.08145		COMMUNITY_VERIFIED	iNaturalist Suomi Finland
karvarousku (fi) — Lactarius torminosus	karvarousku (fi)		2021-08-28	Kaarina	Varsinais-Suomi (V)	Suomi	60.40039	22.55091		COMMUNITY_VERIFIED	iNaturalist Suomi Finland
karvarousku (fi) — Lactarius torminosus	karvarousku (fi)		2021-08-28	Vihti	Varsinais-Suomi (V)	Suomi	60.32626	24.53221		COMMUNITY_VERIFIED	iNaturalist Suomi Finland
karvarousku (fi) — Lactarius torminosus	karvarousku (fi)		2021-08-28	Lempäälä	Etelä-Häme (EH)	Suomi	61.35095	23.80237		COMMUNITY_VERIFIED	iNaturalist Suomi Finland
karvarousku (fi) — Lactarius torminosus	karvarousku (fi)		2021-08-28	Kuusamo	Koillismaa (Ks)	Suomi	66.041256	28.831727		NEUTRAL	LajiGIS: Species mapping and surveys
karvarousku (fi) — Lactarius torminosus	karvarousku (fi)		2021-08-27	Juuka	Pohjois-Karjala (PK)	Suomi	63.091099	29.546998	Sure	NEUTRAL	Notebook, general observations
karvarousku (fi) — Lactarius torminosus	karvarousku (fi)		2021-08-27 [19:34]	Oulu	Oulun Pohjanmaa (OP)	Suomi	65.113767	25.354818	Sure	NEUTRAL	Notebook, general observations
karvarousku (fi) — Lactarius torminosus	karvarousku (fi)		2021-08-27	Jyväskylä	Pohjois-Häme (PH)	Suomi	62.24525	25.81983		COMMUNITY_VERIFIED	iNaturalist Suomi Finland
karvarousku (fi) — Lactarius torminosus	karvarousku (fi)		2021-08-27	Jyväskylä	Pohjois-Häme (PH)	Suomi	62.25934	25.81376		COMMUNITY_VERIFIED	iNaturalist Suomi Finland
karvarousku (fi) — Lactarius torminosus	karvarousku (fi)		2021-08-27	Rovaniemi	Perä-Pohjanmaa (PeP)	Suomi	66.20272	25.96667	Sure	NEUTRAL	The Atlas of Finnish Fungi
karvarousku (fi) — Lactarius torminosus	karvarousku (fi)		2021-08-27 [15:08]	Kaarina	Varsinais-Suomi (V)	Suomi	60.38076	22.351706	Sure	EXPERT_VERIFIED	The Atlas of Finnish Fungi
karvarousku (fi) — Lactarius torminosus	karvarousku (fi)		2021-08-27	Mikkeli	Etelä-Savo (ES)	Suomi	61.6993	27.4228		COMMUNITY_VERIFIED	iNaturalist Suomi Finland
karvarousku (fi) — Lactarius torminosus	karvarousku (fi)		2021-08-27	Mikkeli	Etelä-Savo (ES)	Suomi	61.69873	27.25281		COMMUNITY_VERIFIED	iNaturalist Suomi Finland
karvarousku (fi) — Lactarius torminosus	karvarousku (fi)		2021-08-27	Nousiainen	Varsinais-Suomi (V)	Suomi	60.6248	22.1598		COMMUNITY_VERIFIED	iNaturalist Suomi Finland
karvarousku (fi) — Lactarius torminosus	karvarousku (fi)		2021-08-27	Hankasalmi	Pohjois-Häme (PH)	Suomi	62.52309	26.20657		COMMUNITY_VERIFIED	iNaturalist Suomi Finland
karvarousku (fi) — Lactarius torminosus	karvarousku (fi)		2021-08-27	Hämeenlinna	Etelä-Häme (EH)	Suomi	60.99872	24.42178		COMMUNITY_VERIFIED	iNaturalist Suomi Finland
karvarousku (fi) — Lactarius torminosus	karvarousku (fi)		2021-08-27	Kuusamo	Koillismaa (Ks)	Suomi	66.05626	28.843873		NEUTRAL	LajiGIS: Species mapping and surveys
karvarousku (fi) — Lactarius torminosus	karvarousku (fi)		2021-08-26	Savonlinna	Etelä-Savo (ES)	Suomi	61.847072	29.202148	Sure	NEUTRAL	The Atlas of Finnish Fungi
karvarousku (fi) — Lactarius torminosus	karvarousku (fi)		2021-08-26	Oulu	Oulun Pohjanmaa (OP)	Suomi	65.15817	25.99289		COMMUNITY_VERIFIED	iNaturalist Suomi Finland
karvarousku (fi) — Lactarius torminosus	karvarousku (fi)		2021-08-26	Kangasala	Etelä-Häme (EH)	Suomi	61.52875	23.97715		COMMUNITY_VERIFIED	iNaturalist Suomi Finland
karvarousku (fi) — Lactarius torminosus	karvarousku (fi)		2021-08-26	Lieto	Varsinais-Suomi (V)	Suomi	60.58061	22.77574		COMMUNITY_VERIFIED	iNaturalist Suomi Finland
karvarousku (fi) — Lactarius torminosus	karvarousku (fi)		2021-08-25	Juva	Etelä-Savo (ES)	Suomi	61.8975	27.82093		COMMUNITY_VERIFIED	iNaturalist Suomi Finland
karvarousku (fi) — Lactarius torminosus	karvarousku (fi)		2021-08-25 [0:00]	Nokia	Etelä-Häme (EH)	Suomi	61.526587	23.519755		NEUTRAL	Notebook, general observations
karvarousku (fi) — Lactarius torminosus	karvarousku (fi)	yleinen	2021-08-25 - 2021-08-26	Keitele	Pohjois-Häme (PH)	Suomi	63.152997	26.283875	Sure	NEUTRAL	Notebook, general observations
karvarousku (fi) — Lactarius torminosus	karvarousku (fi)		2021-08-25 [13:58-14:07]	Joensuu	Pohjois-Karjala (PK)	Suomi	62.628919	29.864913	Sure	NEUTRAL	The Atlas of Finnish Fungi
karvarousku (fi) — Lactarius torminosus	karvarousku (fi)		2021-08-25	Parainen	Varsinais-Suomi (V)	Suomi	60.28837	22.29555		NEUTRAL	iNaturalist Suomi Finland
karvarousku (fi) — Lactarius torminosus	karvarousku (fi)		2021-08-24	Imatra	Etelä-Savo (ES)	Suomi	61.18929	28.74808		COMMUNITY_VERIFIED	iNaturalist Suomi Finland
karvarousku (fi) — Lactarius torminosus	karvarousku (fi)		2021-08-24	Lohja, Salo	Varsinais-Suomi (V)	Suomi	60.3	23.7		COMMUNITY_VERIFIED	iNaturalist Suomi Finland
karvarousku (fi) — Lactarius torminosus	karvarousku (fi)		2021-08-24	Kauniainen	Uusimaa (U)	Suomi	60.213593	24.682613	Sure	NEUTRAL	The Atlas of Finnish Fungi
karvarousku (fi) — Lactarius torminosus	karvarousku (fi)		2021-08-24	Nurmes	Pohjois-Karjala (PK)	Suomi	63.54951	29.12707		COMMUNITY_VERIFIED	iNaturalist Suomi Finland
karvarousku (fi) — Lactarius torminosus	karvarousku (fi)		2021-08-24	Kuopio	Pohjois-Savo (PS)	Suomi	62.89066	27.60931		COMMUNITY_VERIFIED	iNaturalist Suomi Finland
karvarousku (fi) — Lactarius torminosus	karvarousku (fi)		2021-08-24	Tampere	Etelä-Häme (EH)	Suomi	61.57154	23.94418		COMMUNITY_VERIFIED	iNaturalist Suomi Finland
karvarousku (fi) — Lactarius torminosus	karvarousku (fi)		2021-08-24	Kuusamo	Koillismaa (Ks)	Suomi	66.23995	29.243283		NEUTRAL	LajiGIS: Species mapping and surveys
karvarousku (fi) — Lactarius torminosus	karvarousku (fi)	useita	2021-08-23	Rovaniemi	Perä-Pohjanmaa (PeP)	Suomi	66.405249	25.682327	Sure	NEUTRAL	The Atlas of Finnish Fungi
karvarousku (fi) — Lactarius torminosus	karvarousku (fi)	muutama	2021-08-23	Rovaniemi	Perä-Pohjanmaa (PeP)	Suomi	66.40055	25.639787	Sure	NEUTRAL	The Atlas of Finnish Fungi
karvarousku (fi) — Lactarius torminosus	karvarousku (fi)	yleinen	2021-08-23	Enontekiö	Enontekiön Lappi (EnL)	Suomi	69.087017	20.712094	Sure	NEUTRAL	Notebook, general observations
karvarousku (fi) — Lactarius torminosus	karvarousku (fi)	1	2021-08-23	Heinola	Etelä-Häme (EH)	Suomi	61.191986	26.053207	Sure	NEUTRAL	The Atlas of Finnish Fungi
karvarousku (fi) — Lactarius torminosus	karvarousku (fi)		2021-08-23	Rovaniemi	Perä-Pohjanmaa (PeP)	Suomi	66.61948	25.57121	Sure	NEUTRAL	The Atlas of Finnish Fungi
karvarousku (fi) — Lactarius torminosus	karvarousku (fi)		2021-08-22	Hankasalmi, Pieksämäki, Rautalampi	Pohjois-Häme (PH), Pohjois-Savo (PS)	Suomi	62.5	26.7		COMMUNITY_VERIFIED	iNaturalist Suomi Finland
karvarousku (fi) — Lactarius torminosus	karvarousku (fi)	1	2021-08-22	Porvoo	Uusimaa (U)	Suomi	60.354129	25.735118	Sure	NEUTRAL	The Atlas of Finnish Fungi
karvarousku (fi) — Lactarius torminosus	karvarousku (fi)		2021-08-22 [13:50]	Kaarina	Varsinais-Suomi (V)	Suomi	60.381187	22.355439	Sure	NEUTRAL	The Atlas of Finnish Fungi
karvarousku (fi) — Lactarius torminosus	karvarousku (fi)		2021-08-22	Helsinki	Uusimaa (U)	Suomi	60.216498	24.941744	Sure	NEUTRAL	The Atlas of Finnish Fungi
karvarousku (fi) — Lactarius torminosus	karvarousku (fi)	1	2021-08-22	Parainen	Varsinais-Suomi (V)	Suomi	60.293465	22.234282	Sure	NEUTRAL	The Atlas of Finnish Fungi
karvarousku (fi) — Lactarius torminosus	karvarousku (fi)		2021-08-22	Liperi	Pohjois-Karjala (PK)	Suomi	62.64907	29.54253		COMMUNITY_VERIFIED	iNaturalist Suomi Finland
karvarousku (fi) — Lactarius torminosus	karvarousku (fi)		2021-08-22	Jyväskylä	Etelä-Häme (EH)	Suomi	62.08568	25.38617		COMMUNITY_VERIFIED	iNaturalist Suomi Finland
karvarousku (fi) — Lactarius torminosus	karvarousku (fi)		2021-08-22	Kirkkonummi	Uusimaa (U)	Suomi	60.23928	24.3452		COMMUNITY_VERIFIED	iNaturalist Suomi Finland
karvarousku (fi) — Lactarius torminosus	karvarousku (fi)		2021-08-22	Kuopio	Pohjois-Savo (PS)	Suomi	62.84993	27.59312		COMMUNITY_VERIFIED	iNaturalist Suomi Finland
karvarousku (fi) — Lactarius torminosus	karvarousku (fi)		2021-08-22	Jyväskylä	Pohjois-Häme (PH)	Suomi	62.250216	25.689351	Sure	NEUTRAL	Notebook, general observations
karvarousku (fi) — Lactarius torminosus	karvarousku (fi)		2021-08-21	Kuhmoinen	Etelä-Häme (EH)	Suomi	61.709	24.945	Sure	NEUTRAL	The Atlas of Finnish Fungi
karvarousku (fi) — Lactarius torminosus	karvarousku (fi)		2021-08-21	Leppävirta	Pohjois-Savo (PS)	Suomi	62.560724	27.696883	Sure	NEUTRAL	The Atlas of Finnish Fungi
karvarousku (fi) — Lactarius torminosus	karvarousku (fi)	yleinen	2021-08-21	Kuusamo	Koillismaa (Ks)	Suomi	66.378702	29.291851	Sure	NEUTRAL	Notebook, general observations
karvarousku (fi) — Lactarius torminosus	karvarousku (fi)	n 10	2021-08-21	Rovaniemi	Perä-Pohjanmaa (PeP)	Suomi	66.591991	26.114893	Sure	NEUTRAL	The Atlas of Finnish Fungi
karvarousku (fi) — Lactarius torminosus	karvarousku (fi)	1	2021-08-21	Rovaniemi	Perä-Pohjanmaa (PeP)	Suomi	66.590672	26.118252	Sure	NEUTRAL	The Atlas of Finnish Fungi
karvarousku (fi) — Lactarius torminosus	karvarousku (fi)		2021-08-21	Vesanto	Pohjois-Häme (PH)	Suomi	62.81645	26.30256		COMMUNITY_VERIFIED	iNaturalist Suomi Finland
karvarousku (fi) — Lactarius torminosus	karvarousku (fi)		2021-08-21	Hankasalmi	Pohjois-Häme (PH)	Suomi	62.45151	26.54778		NEUTRAL	iNaturalist Suomi Finland
karvarousku (fi) — Lactarius torminosus	karvarousku (fi)		2021-08-21	Kouvola	Etelä-Savo (ES)	Suomi	60.96643	27.23222		COMMUNITY_VERIFIED	iNaturalist Suomi Finland
karvarousku (fi) — Lactarius torminosus	karvarousku (fi)		2021-08-21	Helsinki	Uusimaa (U)	Suomi	60.20119	25.10571		COMMUNITY_VERIFIED	iNaturalist Suomi Finland
karvarousku (fi) — Lactarius torminosus	karvarousku (fi)		2021-08-21	Vantaa	Uusimaa (U)	Suomi	60.27394	24.89917		COMMUNITY_VERIFIED	iNaturalist Suomi Finland
karvarousku (fi) — Lactarius torminosus	karvarousku (fi)		2021-08-21	Turku	Varsinais-Suomi (V)	Suomi	60.4791	22.21152		COMMUNITY_VERIFIED	iNaturalist Suomi Finland
karvarousku (fi) — Lactarius torminosus	karvarousku (fi)		2021-08-21	Jyväskylä	Pohjois-Häme (PH)	Suomi	62.2268	25.74069		COMMUNITY_VERIFIED	iNaturalist Suomi Finland
karvarousku (fi) — Lactarius torminosus	karvarousku (fi)		2021-08-21	Kangasala	Etelä-Häme (EH)	Suomi	61.47731	24.023		COMMUNITY_VERIFIED	iNaturalist Suomi Finland
karvarousku (fi) — Lactarius torminosus	karvarousku (fi)		2021-08-21	Kangasala	Etelä-Häme (EH)	Suomi	61.3873	24.09362		COMMUNITY_VERIFIED	iNaturalist Suomi Finland
karvarousku (fi) — Lactarius torminosus	karvarousku (fi)	1	2021-08-21	Rovaniemi	Perä-Pohjanmaa (PeP)	Suomi	66.590669	26.118258		NEUTRAL	Fungal collection of the Botanical Museum, University of Oulu (OULU)
karvarousku (fi) — Lactarius torminosus	karvarousku (fi)		2021-08-21	Sotkamo	Kainuu (Kn)	Suomi	64.167693	27.874682		NEUTRAL	LajiGIS: Species mapping and surveys
karvarousku (fi) — Lactarius torminosus	karvarousku (fi)		2021-08-20	Vihti	Varsinais-Suomi (V)	Suomi	60.542288	24.486213	Sure	NEUTRAL	The Atlas of Finnish Fungi
karvarousku (fi) — Lactarius torminosus	karvarousku (fi)	yleinen	2021-08-20 - 2021-08-21	Kuusamo	Koillismaa (Ks)	Suomi	66.401279	29.399223	Sure	NEUTRAL	Notebook, general observations
karvarousku (fi) — Lactarius torminosus	karvarousku (fi)		2021-08-20	Jyväskylä	Pohjois-Häme (PH)	Suomi	62.22916	25.76388		COMMUNITY_VERIFIED	iNaturalist Suomi Finland
karvarousku (fi) — Lactarius torminosus	karvarousku (fi)		2021-08-20	Äänekoski	Pohjois-Häme (PH)	Suomi	62.63224	25.51807		COMMUNITY_VERIFIED	iNaturalist Suomi Finland
karvarousku (fi) — Lactarius torminosus	karvarousku (fi)		2021-08-20	Jyväskylä	Pohjois-Häme (PH)	Suomi	62.230329	25.653171	Sure	NEUTRAL	Notebook, general observations
karvarousku (fi) — Lactarius torminosus	karvarousku (fi)		2021-08-19 [17:29-17:58]	Ylöjärvi	Etelä-Häme (EH)	Suomi	61.996183	23.653767	Sure	NEUTRAL	The Atlas of Finnish Fungi
karvarousku (fi) — Lactarius torminosus	karvarousku (fi)		2021-08-19	Taivalkoski	Koillismaa (Ks)	Suomi	65.284369	28.367788	Sure	NEUTRAL	The Atlas of Finnish Fungi
karvarousku (fi) — Lactarius torminosus	karvarousku (fi)		2021-08-19	Sotkamo	Kainuu (Kn)	Suomi	64.165745	27.888011		NEUTRAL	LajiGIS: Species mapping and surveys
karvarousku (fi) — Lactarius torminosus	karvarousku (fi)		2021-08-18	Tervola	Perä-Pohjanmaa (PeP)	Suomi	66.147526	25.915647	Sure	NEUTRAL	The Atlas of Finnish Fungi
karvarousku (fi) — Lactarius torminosus	karvarousku (fi)		2021-08-18	Hollola	Etelä-Häme (EH)	Suomi	61.00021	25.48882		COMMUNITY_VERIFIED	iNaturalist Suomi Finland
karvarousku (fi) — Lactarius torminosus	karvarousku (fi)		2021-08-18	Laukaa	Pohjois-Häme (PH)	Suomi	62.25276	26.11628		COMMUNITY_VERIFIED	iNaturalist Suomi Finland
karvarousku (fi) — Lactarius torminosus	karvarousku (fi)		2021-08-18	Sotkamo	Kainuu (Kn)	Suomi	64.181356	27.90483		NEUTRAL	LajiGIS: Species mapping and surveys
karvarousku (fi) — Lactarius torminosus	karvarousku (fi)	yleinen	2021-08-17 - 2021-09-21	Pyhtää	Uusimaa (U)	Suomi	60.413643	26.59644	Sure	NEUTRAL	Notebook, general observations
karvarousku (fi) — Lactarius torminosus	karvarousku (fi)	2	2021-08-16	Rovaniemi	Perä-Pohjanmaa (PeP)	Suomi	66.417008	25.164365	Sure	NEUTRAL	The Atlas of Finnish Fungi
karvarousku (fi) — Lactarius torminosus	karvarousku (fi)	yleinen	2021-08-16 - 2021-09-15	Loviisa	Uusimaa (U)	Suomi	60.458868	26.342419	Sure	NEUTRAL	Notebook, general observations
karvarousku (fi) — Lactarius torminosus	karvarousku (fi)	1	2021-08-16	Somero	Etelä-Häme (EH)	Suomi	60.497154	23.650558	Sure	NEUTRAL	The Atlas of Finnish Fungi
karvarousku (fi) — Lactarius torminosus	karvarousku (fi)		2021-08-16	Sotkamo	Kainuu (Kn)	Suomi	64.164819	27.892712		NEUTRAL	LajiGIS: Species mapping and surveys
karvarousku (fi) — Lactarius torminosus	karvarousku (fi)		2021-08-16	Sotkamo	Kainuu (Kn)	Suomi	64.167312	27.89454		NEUTRAL	LajiGIS: Species mapping and surveys
karvarousku (fi) — Lactarius torminosus	karvarousku (fi)		2021-08-15	Sotkamo	Kainuu (Kn)	Suomi	64.160238	27.862068		NEUTRAL	LajiGIS: Species mapping and surveys
karvarousku (fi) — Lactarius torminosus	karvarousku (fi)	1	2021-08-15	Kemijärvi	Perä-Pohjanmaa (PeP)	Suomi	66.705553	27.418175	Sure	NEUTRAL	The Atlas of Finnish Fungi
karvarousku (fi) — Lactarius torminosus	karvarousku (fi)		2021-08-14	Inari	Inarin Lappi (InL)	Suomi	68.65768	27.53971		COMMUNITY_VERIFIED	iNaturalist Suomi Finland
karvarousku (fi) — Lactarius torminosus	karvarousku (fi)		2021-08-13	Sotkamo	Kainuu (Kn)	Suomi	64.162082	27.885364		NEUTRAL	LajiGIS: Species mapping and surveys
karvarousku (fi) — Lactarius torminosus	karvarousku (fi)	muutamia	2021-08-13 - 2021-09-03	Joensuu, Tohmajärvi	Pohjois-Karjala (PK)	Suomi	62.336686	30.669658	Sure	NEUTRAL	Notebook, general observations
karvarousku (fi) — Lactarius torminosus	karvarousku (fi)	pari	2021-08-13 - 2021-09-03	Tohmajärvi	Pohjois-Karjala (PK)	Suomi	62.316031	30.565375	Sure	NEUTRAL	Notebook, general observations
karvarousku (fi) — Lactarius torminosus	karvarousku (fi)	1	2021-08-12	Rovaniemi	Perä-Pohjanmaa (PeP)	Suomi	66.397544	26.178376	Sure	NEUTRAL	The Atlas of Finnish Fungi
karvarousku (fi) — Lactarius torminosus	karvarousku (fi)		2021-08-09	Taivalkoski	Koillismaa (Ks)	Suomi	65.284369	28.367788	Sure	NEUTRAL	The Atlas of Finnish Fungi
karvarousku (fi) — Lactarius torminosus	karvarousku (fi)	yleinen	2021-08-07 - 2021-09-04	Kitee	Pohjois-Karjala (PK)	Suomi	62.098029	30.344033	Sure	NEUTRAL	Notebook, general observations
karvarousku (fi) — Lactarius torminosus	karvarousku (fi)	yleinen	2021-08-07 - 2021-08-19	Sotkamo	Kainuu (Kn)	Suomi	63.874302	29.069676	Sure	NEUTRAL	Notebook, general observations
karvarousku (fi) — Lactarius torminosus	karvarousku (fi)	yleinen	2021-08-06 - 2021-08-19	Nurmes	Pohjois-Karjala (PK)	Suomi	63.564769	29.245042	Sure	NEUTRAL	Notebook, general observations
karvarousku (fi) — Lactarius torminosus	karvarousku (fi)	yleinen	2021-08-01 - 2021-09-13	Loviisa	Uusimaa (U)	Suomi	60.352228	26.03876	Sure	NEUTRAL	Notebook, general observations
karvarousku (fi) — Lactarius torminosus	karvarousku (fi)		2021-07-26 - 2021-08-30	Hollola	Etelä-Häme (EH)	Suomi	60.899499	25.439862	Sure	NEUTRAL	Notebook, general observations
karvarousku (fi) — Lactarius torminosus	karvarousku (fi)		2020-11-07	Joensuu	Pohjois-Karjala (PK)	Suomi	62.62232	29.87065		NEUTRAL	iNaturalist Suomi Finland
karvarousku (fi) — Lactarius torminosus	karvarousku (fi)		2020-10-12	Mikkeli	Etelä-Savo (ES)	Suomi	61.70231	27.4248		COMMUNITY_VERIFIED	iNaturalist Suomi Finland
karvarousku (fi) — Lactarius torminosus	karvarousku (fi)		2020-10-10	Alavus, Seinäjoki	Etelä-Pohjanmaa (EP)	Suomi	62.7	23.1		COMMUNITY_VERIFIED	iNaturalist Suomi Finland
karvarousku (fi) — Lactarius torminosus	karvarousku (fi)		2020-10-10	Turku	Varsinais-Suomi (V)	Suomi	60.42045	22.3063		COMMUNITY_VERIFIED	iNaturalist Suomi Finland
karvarousku (fi) — Lactarius torminosus	karvarousku (fi)		2020-10-04	Salo	Varsinais-Suomi (V)	Suomi	60.17647	23.27721		COMMUNITY_VERIFIED	iNaturalist Suomi Finland
karvarousku (fi) — Lactarius torminosus	karvarousku (fi)		2020-10-04	Masku, Mynämäki, Naantali	Varsinais-Suomi (V)	Suomi	60.5	21.9		COMMUNITY_VERIFIED	iNaturalist Suomi Finland
karvarousku (fi) — Lactarius torminosus	karvarousku (fi)		2020-10-04	Kirkkonummi	Uusimaa (U)	Suomi	60.238354	24.495739	Sure	NEUTRAL	The Atlas of Finnish Fungi
karvarousku (fi) — Lactarius torminosus	karvarousku (fi)		2020-10-04	Jyväskylä	Pohjois-Häme (PH)	Suomi	62.266033	25.649719	Sure	NEUTRAL	The Atlas of Finnish Fungi
karvarousku (fi) — Lactarius torminosus	karvarousku (fi)		2020-10-04	Karkkila	Varsinais-Suomi (V)	Suomi	60.5652	24.14748		COMMUNITY_VERIFIED	iNaturalist Suomi Finland
karvarousku (fi) — Lactarius torminosus	karvarousku (fi)		2020-10-03	Kokkola	Keski-Pohjanmaa (KP)	Suomi	63.843861	23.150641	Sure	NEUTRAL	The Atlas of Finnish Fungi
karvarousku (fi) — Lactarius torminosus	karvarousku (fi)	Yksittäinen	2020-10-03	Mänttä-Vilppula	Etelä-Häme (EH)	Suomi	61.993911	24.620825	Sure	NEUTRAL	The Atlas of Finnish Fungi
karvarousku (fi) — Lactarius torminosus	karvarousku (fi)	Yksittäinen	2020-10-03	Jämsä	Etelä-Häme (EH)	Suomi	61.99185	24.628664	Sure	NEUTRAL	The Atlas of Finnish Fungi
karvarousku (fi) — Lactarius torminosus	karvarousku (fi)		2020-10-03	Hämeenlinna	Etelä-Häme (EH)	Suomi	61.238689	25.063278	Sure	NEUTRAL	The Atlas of Finnish Fungi
karvarousku (fi) — Lactarius torminosus	karvarousku (fi)	Vähän	2020-10-03 [11:30]	Kangasniemi, Mikkeli	Pohjois-Savo (PS)	Suomi	61.981459	27.092114	Sure	NEUTRAL	The Atlas of Finnish Fungi
karvarousku (fi) — Lactarius torminosus	karvarousku (fi)		2020-10-03	Jämsä	Etelä-Häme (EH)	Suomi	61.9915	24.62789		NEUTRAL	iNaturalist Suomi Finland
karvarousku (fi) — Lactarius torminosus	karvarousku (fi)		2020-10-03	Mänttä-Vilppula	Etelä-Häme (EH)	Suomi	61.99378	24.62007		COMMUNITY_VERIFIED	iNaturalist Suomi Finland
karvarousku (fi) — Lactarius torminosus	karvarousku (fi)		2020-10-03	Nousiainen	Varsinais-Suomi (V)	Suomi	60.6126	22.08272		COMMUNITY_VERIFIED	iNaturalist Suomi Finland
karvarousku (fi) — Lactarius torminosus	karvarousku (fi)		2020-10-03	Äänekoski	Pohjois-Häme (PH)	Suomi	62.53129	25.84143		COMMUNITY_VERIFIED	iNaturalist Suomi Finland
karvarousku (fi) — Lactarius torminosus	karvarousku (fi)		2020-10-02 - 2020-10-03	Nurmijärvi	Uusimaa (U)	Suomi	60.496994	24.695608	Sure	NEUTRAL	The Atlas of Finnish Fungi
karvarousku (fi) — Lactarius torminosus	karvarousku (fi)	1	2020-10-02 [14:30]	Mikkeli	Pohjois-Savo (PS)	Suomi	62.071188	27.092385	Sure	NEUTRAL	The Atlas of Finnish Fungi
karvarousku (fi) — Lactarius torminosus	karvarousku (fi)		2020-10-02	Eckerö	Ahvenanmaa (A)	Suomi	60.284315	19.607274	Sure	NEUTRAL	The Atlas of Finnish Fungi
karvarousku (fi) — Lactarius torminosus	karvarousku (fi)		2020-10-02	Hollola	Etelä-Häme (EH)	Suomi	61.00699	25.38864		COMMUNITY_VERIFIED	iNaturalist Suomi Finland
karvarousku (fi) — Lactarius torminosus	karvarousku (fi)		2020-10-01	Pyhäjärvi	Keski-Pohjanmaa (KP)	Suomi	63.820163	26.186191	Sure	NEUTRAL	The Atlas of Finnish Fungi
karvarousku (fi) — Lactarius torminosus	karvarousku (fi)		2020-10-01	Salo	Varsinais-Suomi (V)	Suomi	60.22009	23.57671		COMMUNITY_VERIFIED	iNaturalist Suomi Finland
karvarousku (fi) — Lactarius torminosus	karvarousku (fi)		2020-09-30	Mikkeli	Etelä-Savo (ES)	Suomi	61.50603	27.28545		COMMUNITY_VERIFIED	iNaturalist Suomi Finland
karvarousku (fi) — Lactarius torminosus	karvarousku (fi)		2020-09-30	Mikkeli	Etelä-Savo (ES)	Suomi	61.50607	27.28538		COMMUNITY_VERIFIED	iNaturalist Suomi Finland
karvarousku (fi) — Lactarius torminosus	karvarousku (fi)		2020-09-30	Nurmijärvi	Uusimaa (U)	Suomi	60.39748	24.74695		COMMUNITY_VERIFIED	iNaturalist Suomi Finland
karvarousku (fi) — Lactarius torminosus	karvarousku (fi)		2020-09-29	Espoo	Uusimaa (U)	Suomi	60.267551	24.640023	Sure	NEUTRAL	The Atlas of Finnish Fungi
karvarousku (fi) — Lactarius torminosus	karvarousku (fi)	runsaasti	2020-09-29	Kangasniemi	Etelä-Savo (ES)	Suomi	62.002047	26.66283	Sure	NEUTRAL	The Atlas of Finnish Fungi
karvarousku (fi) — Lactarius torminosus	karvarousku (fi)	useita	2020-09-29	Mynämäki	Varsinais-Suomi (V)	Suomi	60.649721	21.799651	Sure	NEUTRAL	The Atlas of Finnish Fungi
karvarousku (fi) — Lactarius torminosus	karvarousku (fi)		2020-09-28	Kotka, Kouvola, Pyhtää	Etelä-Karjala (EK), Uusimaa (U)	Suomi	60.5	26.7		COMMUNITY_VERIFIED	iNaturalist Suomi Finland
karvarousku (fi) — Lactarius torminosus	karvarousku (fi)	useita	2020-09-28	Salo	Varsinais-Suomi (V)	Suomi	60.20206	22.935298	Sure	NEUTRAL	The Atlas of Finnish Fungi
karvarousku (fi) — Lactarius torminosus	karvarousku (fi)		2020-09-28	Viitasaari	Pohjois-Häme (PH)	Suomi	63.16753	25.6415		COMMUNITY_VERIFIED	iNaturalist Suomi Finland
karvarousku (fi) — Lactarius torminosus	karvarousku (fi)		2020-09-27	Salo	Varsinais-Suomi (V)	Suomi	60.25954	23.02173		NEUTRAL	iNaturalist Suomi Finland
karvarousku (fi) — Lactarius torminosus	karvarousku (fi)	Yksittäin	2020-09-27	Hämeenkyrö	Satakunta (St)	Suomi	61.526255	23.360406	Sure	NEUTRAL	The Atlas of Finnish Fungi
karvarousku (fi) — Lactarius torminosus	karvarousku (fi)	Muutama	2020-09-27 [12:30]	Helsinki, Sipoo	Uusimaa (U)	Suomi	60.173105	25.105165	Sure	NEUTRAL	The Atlas of Finnish Fungi
karvarousku (fi) — Lactarius torminosus	karvarousku (fi)		2020-09-27	Jyväskylä	Etelä-Häme (EH)	Suomi	61.96424	25.68766		COMMUNITY_VERIFIED	iNaturalist Suomi Finland
karvarousku (fi) — Lactarius torminosus	karvarousku (fi)		2020-09-26	Naantali	Varsinais-Suomi (V)	Suomi	60.46405	21.93175		COMMUNITY_VERIFIED	iNaturalist Suomi Finland
karvarousku (fi) — Lactarius torminosus	karvarousku (fi)		2020-09-26	Orimattila	Uusimaa (U)	Suomi	60.823414	25.79805	Sure	NEUTRAL	The Atlas of Finnish Fungi
karvarousku (fi) — Lactarius torminosus	karvarousku (fi)		2020-09-26	Espoo	Uusimaa (U)	Suomi	60.179453	24.664658	Sure	EXPERT_VERIFIED	The Atlas of Finnish Fungi
karvarousku (fi) — Lactarius torminosus	karvarousku (fi)		2020-09-26	Hausjärvi	Etelä-Häme (EH)	Suomi	60.722708	24.848436	Sure	NEUTRAL	The Atlas of Finnish Fungi
karvarousku (fi) — Lactarius torminosus	karvarousku (fi)		2020-09-26	Valkeakoski	Etelä-Häme (EH)	Suomi	61.31566	24.09251		NEUTRAL	iNaturalist Suomi Finland
karvarousku (fi) — Lactarius torminosus	karvarousku (fi)		2020-09-26	Kaarina	Varsinais-Suomi (V)	Suomi	60.40137	22.31078		COMMUNITY_VERIFIED	iNaturalist Suomi Finland
karvarousku (fi) — Lactarius torminosus	karvarousku (fi)		2020-09-26	Kemiönsaari	Varsinais-Suomi (V)	Suomi	60.02725	22.58735		NEUTRAL	iNaturalist Suomi Finland
karvarousku (fi) — Lactarius torminosus	karvarousku (fi)		2020-09-26	Kaarina	Varsinais-Suomi (V)	Suomi	60.40225	22.30803		COMMUNITY_VERIFIED	iNaturalist Suomi Finland
karvarousku (fi) — Lactarius torminosus	karvarousku (fi)	6	2020-09-26	Urjala	Etelä-Häme (EH)	Suomi	60.994	23.444	Sure	NEUTRAL	The Atlas of Finnish Fungi
karvarousku (fi) — Lactarius torminosus	karvarousku (fi)		2020-09-25	Oulu	Oulun Pohjanmaa (OP)	Suomi	65.16365	25.33295	Sure	NEUTRAL	The Atlas of Finnish Fungi
karvarousku (fi) — Lactarius torminosus	karvarousku (fi)		2020-09-25	Akaa	Etelä-Häme (EH)	Suomi	61.119744	23.817909	Sure	NEUTRAL	The Atlas of Finnish Fungi
karvarousku (fi) — Lactarius torminosus	karvarousku (fi)	Yleinen havaintoalueella	2020-09-25	Lohja	Varsinais-Suomi (V)	Suomi	60.318988	24.03823	Sure	NEUTRAL	The Atlas of Finnish Fungi
karvarousku (fi) — Lactarius torminosus	karvarousku (fi)	1	2020-09-25 [12:00]	Helsinki, Sipoo	Uusimaa (U)	Suomi	60.173105	25.105165	Sure	NEUTRAL	The Atlas of Finnish Fungi
karvarousku (fi) — Lactarius torminosus	karvarousku (fi)		2020-09-25	Helsinki	Uusimaa (U)	Suomi	60.191854	25.049621	Sure	NEUTRAL	The Atlas of Finnish Fungi
karvarousku (fi) — Lactarius torminosus	karvarousku (fi)	5	2020-09-24	Loppi	Etelä-Häme (EH)	Suomi	60.681446	24.424261	Sure	NEUTRAL	The Atlas of Finnish Fungi
karvarousku (fi) — Lactarius torminosus	karvarousku (fi)		2020-09-24	Joensuu	Pohjois-Karjala (PK)	Suomi	62.60072	29.72838		COMMUNITY_VERIFIED	iNaturalist Suomi Finland
karvarousku (fi) — Lactarius torminosus	karvarousku (fi)		2020-09-23 [16:23]	Jyväskylä	Etelä-Häme (EH)	Suomi	61.964935	25.687141		NEUTRAL	Notebook, general observations
karvarousku (fi) — Lactarius torminosus	karvarousku (fi)	8	2020-09-23	Heinola	Etelä-Häme (EH)	Suomi	61.228205	26.08408	Sure	NEUTRAL	The Atlas of Finnish Fungi
karvarousku (fi) — Lactarius torminosus	karvarousku (fi)		2020-09-23	Vihti	Varsinais-Suomi (V)	Suomi	60.551292	24.488785	Sure	NEUTRAL	The Atlas of Finnish Fungi
karvarousku (fi) — Lactarius torminosus	karvarousku (fi)		2020-09-23	Loviisa	Uusimaa (U)	Suomi	60.50838	26.43822		COMMUNITY_VERIFIED	iNaturalist Suomi Finland
karvarousku (fi) — Lactarius torminosus	karvarousku (fi)		2020-09-22	Helsinki	Uusimaa (U)	Suomi	60.22141	25.002053	Sure	NEUTRAL	The Atlas of Finnish Fungi
karvarousku (fi) — Lactarius torminosus	karvarousku (fi)		2020-09-21	Helsinki	Uusimaa (U)	Suomi	60.193519	24.927893	Sure	NEUTRAL	The Atlas of Finnish Fungi
karvarousku (fi) — Lactarius torminosus	karvarousku (fi)		2020-09-21	Helsinki	Uusimaa (U)	Suomi	60.22305	24.88607		COMMUNITY_VERIFIED	iNaturalist Suomi Finland
karvarousku (fi) — Lactarius torminosus	karvarousku (fi)		2020-09-21	Nokia	Etelä-Häme (EH)	Suomi	61.46601	23.5306		COMMUNITY_VERIFIED	iNaturalist Suomi Finland
karvarousku (fi) — Lactarius torminosus	karvarousku (fi)		2020-09-21	Turku	Varsinais-Suomi (V)	Suomi	60.45941	22.15884		COMMUNITY_VERIFIED	iNaturalist Suomi Finland
karvarousku (fi) — Lactarius torminosus	karvarousku (fi)		2020-09-21	Espoo	Uusimaa (U)	Suomi	60.18281	24.80993		COMMUNITY_VERIFIED	iNaturalist Suomi Finland
karvarousku (fi) — Lactarius torminosus	karvarousku (fi)		2020-09-20	Kitee	Pohjois-Karjala (PK)	Suomi	62.120149	29.918869	Sure	NEUTRAL	The Atlas of Finnish Fungi
karvarousku (fi) — Lactarius torminosus	karvarousku (fi)	1	2020-09-20	Joensuu	Pohjois-Karjala (PK)	Suomi	62.60005	29.775802	Sure	NEUTRAL	The Atlas of Finnish Fungi
karvarousku (fi) — Lactarius torminosus	karvarousku (fi)		2020-09-20	Parikkala	Laatokan Karjala (LK)	Suomi	61.603611	29.481769	Sure	NEUTRAL	The Atlas of Finnish Fungi
karvarousku (fi) — Lactarius torminosus	karvarousku (fi)		2020-09-20	Sipoo	Uusimaa (U)	Suomi	60.424137	25.326094	Sure	NEUTRAL	The Atlas of Finnish Fungi
karvarousku (fi) — Lactarius torminosus	karvarousku (fi)		2020-09-20	Kouvola	Etelä-Savo (ES)	Suomi	60.893826	26.910307	Sure	NEUTRAL	The Atlas of Finnish Fungi
karvarousku (fi) — Lactarius torminosus	karvarousku (fi)		2020-09-20	Raasepori	Uusimaa (U)	Suomi	59.90429	23.72719		COMMUNITY_VERIFIED	iNaturalist Suomi Finland
karvarousku (fi) — Lactarius torminosus	karvarousku (fi)		2020-09-20	Tammela	Etelä-Häme (EH)	Suomi	60.76631	23.88714		COMMUNITY_VERIFIED	iNaturalist Suomi Finland
karvarousku (fi) — Lactarius torminosus	karvarousku (fi)		2020-09-20	Helsinki	Uusimaa (U)	Suomi	60.23702	25.13011		COMMUNITY_VERIFIED	iNaturalist Suomi Finland
karvarousku (fi) — Lactarius torminosus	karvarousku (fi)		2020-09-20	Raasepori	Uusimaa (U)	Suomi	59.96982	23.76305		COMMUNITY_VERIFIED	iNaturalist Suomi Finland
karvarousku (fi) — Lactarius torminosus	karvarousku (fi)		2020-09-20	Tervo	Pohjois-Savo (PS)	Suomi	63.07245	27.02535		COMMUNITY_VERIFIED	iNaturalist Suomi Finland
karvarousku (fi) — Lactarius torminosus	karvarousku (fi)		2020-09-20	Hämeenkyrö, Ikaalinen	Satakunta (St)	Suomi	61.746979	23.114795	Sure	NEUTRAL	The Atlas of Finnish Fungi
karvarousku (fi) — Lactarius torminosus	karvarousku (fi)		2020-09-19	Nurmijärvi	Uusimaa (U)	Suomi	60.38915	24.75318		NEUTRAL	iNaturalist Suomi Finland
karvarousku (fi) — Lactarius torminosus	karvarousku (fi)		2020-09-19	Helsinki	Uusimaa (U)	Suomi	60.2361	24.88232		NEUTRAL	iNaturalist Suomi Finland
karvarousku (fi) — Lactarius torminosus	karvarousku (fi)	Yksittäisiä	2020-09-19	Kitee	Pohjois-Karjala (PK)	Suomi	62.044781	30.257485	Sure	NEUTRAL	The Atlas of Finnish Fungi
karvarousku (fi) — Lactarius torminosus	karvarousku (fi)	3	2020-09-19	Kustavi	Varsinais-Suomi (V)	Suomi	60.544609	21.355155	Sure	NEUTRAL	The Atlas of Finnish Fungi
karvarousku (fi) — Lactarius torminosus	karvarousku (fi)		2020-09-19	Vehmaa	Varsinais-Suomi (V)	Suomi	60.74541	21.75739		COMMUNITY_VERIFIED	iNaturalist Suomi Finland
karvarousku (fi) — Lactarius torminosus	karvarousku (fi)		2020-09-19	Tohmajärvi	Pohjois-Karjala (PK)	Suomi	62.231504	30.279147	Sure	NEUTRAL	The Atlas of Finnish Fungi
karvarousku (fi) — Lactarius torminosus	karvarousku (fi)		2020-09-19	Kitee	Pohjois-Karjala (PK)	Suomi	62.044589	30.254571	Sure	NEUTRAL	The Atlas of Finnish Fungi
karvarousku (fi) — Lactarius torminosus	karvarousku (fi)	2	2020-09-19	Kitee	Pohjois-Karjala (PK)	Suomi	62.048575	30.265344	Sure	NEUTRAL	The Atlas of Finnish Fungi
karvarousku (fi) — Lactarius torminosus	karvarousku (fi)		2020-09-19	Tohmajärvi	Pohjois-Karjala (PK)	Suomi	62.194348	30.376175	Sure	NEUTRAL	The Atlas of Finnish Fungi
karvarousku (fi) — Lactarius torminosus	karvarousku (fi)		2020-09-19	Kitee	Pohjois-Karjala (PK)	Suomi	62.177849	29.943131	Sure	NEUTRAL	The Atlas of Finnish Fungi
karvarousku (fi) — Lactarius torminosus	karvarousku (fi)	Yksittäin	2020-09-19	Kitee	Pohjois-Karjala (PK)	Suomi	62.048437	30.254787	Sure	NEUTRAL	The Atlas of Finnish Fungi
karvarousku (fi) — Lactarius torminosus	karvarousku (fi)	Noin 10	2020-09-19	Kemijärvi	Perä-Pohjanmaa (PeP)	Suomi	66.708922	27.419814	Sure	NEUTRAL	The Atlas of Finnish Fungi
karvarousku (fi) — Lactarius torminosus	karvarousku (fi)		2020-09-19	Tohmajärvi	Pohjois-Karjala (PK)	Suomi	62.184949	30.446039	Sure	NEUTRAL	The Atlas of Finnish Fungi
karvarousku (fi) — Lactarius torminosus	karvarousku (fi)		2020-09-19	Espoo	Uusimaa (U)	Suomi	60.28379	24.72444		COMMUNITY_VERIFIED	iNaturalist Suomi Finland
karvarousku (fi) — Lactarius torminosus	karvarousku (fi)		2020-09-19	Sipoo	Uusimaa (U)	Suomi	60.32956	25.15464		COMMUNITY_VERIFIED	iNaturalist Suomi Finland
karvarousku (fi) — Lactarius torminosus	karvarousku (fi)		2020-09-19	Tuusula	Uusimaa (U)	Suomi	60.36377	25.01732		COMMUNITY_VERIFIED	iNaturalist Suomi Finland
karvarousku (fi) — Lactarius torminosus	karvarousku (fi)		2020-09-18	Kitee	Pohjois-Karjala (PK)	Suomi	62.087735	30.157534	Sure	NEUTRAL	The Atlas of Finnish Fungi
karvarousku (fi) — Lactarius torminosus	karvarousku (fi)		2020-09-18	Kitee	Pohjois-Karjala (PK)	Suomi	62.081	29.928	Sure	NEUTRAL	The Atlas of Finnish Fungi
karvarousku (fi) — Lactarius torminosus	karvarousku (fi)		2020-09-18	Kitee	Pohjois-Karjala (PK)	Suomi	62.095008	30.137529	Sure	NEUTRAL	The Atlas of Finnish Fungi
karvarousku (fi) — Lactarius torminosus	karvarousku (fi)		2020-09-18	Kitee	Pohjois-Karjala (PK)	Suomi	62.09302	29.87506	Sure	NEUTRAL	The Atlas of Finnish Fungi
karvarousku (fi) — Lactarius torminosus	karvarousku (fi)		2020-09-18	Kitee	Pohjois-Karjala (PK)	Suomi	62.089897	30.159982	Sure	NEUTRAL	The Atlas of Finnish Fungi
karvarousku (fi) — Lactarius torminosus	karvarousku (fi)	Yleinen	2020-09-18 - 2020-09-19	Loviisa, Porvoo	Uusimaa (U)	Suomi	60.376786	25.937424	Sure	NEUTRAL	Notebook, general observations
karvarousku (fi) — Lactarius torminosus	karvarousku (fi)		2020-09-18	Karkkila	Varsinais-Suomi (V)	Suomi	60.52546	24.17708		COMMUNITY_VERIFIED	iNaturalist Suomi Finland
karvarousku (fi) — Lactarius torminosus	karvarousku (fi)		2020-09-18	Helsinki	Uusimaa (U)	Suomi	60.1809	24.98834		COMMUNITY_VERIFIED	iNaturalist Suomi Finland
karvarousku (fi) — Lactarius torminosus	karvarousku (fi)	Yksittäin	2020-09-18	Kitee	Pohjois-Karjala (PK)	Suomi	62.08713	30.15735	Sure	NEUTRAL	The Atlas of Finnish Fungi
karvarousku (fi) — Lactarius torminosus	karvarousku (fi)	30	2020-09-16	Helsinki	Uusimaa (U)	Suomi	60.200329	25.050192	Sure	NEUTRAL	The Atlas of Finnish Fungi
karvarousku (fi) — Lactarius torminosus	karvarousku (fi)		2020-09-16	Nurmijärvi	Uusimaa (U)	Suomi	60.39596	24.74679		COMMUNITY_VERIFIED	iNaturalist Suomi Finland
karvarousku (fi) — Lactarius torminosus	karvarousku (fi)		2020-09-16	Tuusula	Uusimaa (U)	Suomi	60.42278	25.07327		COMMUNITY_VERIFIED	iNaturalist Suomi Finland
karvarousku (fi) — Lactarius torminosus	karvarousku (fi)		2020-09-16	Lieto	Varsinais-Suomi (V)	Suomi	60.5951	22.42047		COMMUNITY_VERIFIED	iNaturalist Suomi Finland
karvarousku (fi) — Lactarius torminosus	karvarousku (fi)		2020-09-15	Hankasalmi	Pohjois-Häme (PH)	Suomi	62.318649	26.344256	Sure	NEUTRAL	The Atlas of Finnish Fungi
karvarousku (fi) — Lactarius torminosus	karvarousku (fi)	useita	2020-09-15	Salo	Varsinais-Suomi (V)	Suomi	60.354836	23.563155	Sure	NEUTRAL	The Atlas of Finnish Fungi
karvarousku (fi) — Lactarius torminosus	karvarousku (fi)	muutama	2020-09-15	Salo	Varsinais-Suomi (V)	Suomi	60.358239	23.646256	Sure	NEUTRAL	The Atlas of Finnish Fungi
karvarousku (fi) — Lactarius torminosus	karvarousku (fi)		2020-09-15	Kitee	Pohjois-Karjala (PK)	Suomi	62.082319	30.165197	Sure	EXPERT_VERIFIED	The Atlas of Finnish Fungi
karvarousku (fi) — Lactarius torminosus	karvarousku (fi)		2020-09-15	Vantaa	Uusimaa (U)	Suomi	60.2414	25.12698		COMMUNITY_VERIFIED	iNaturalist Suomi Finland
karvarousku (fi) — Lactarius torminosus	karvarousku (fi)		2020-09-14	Kirkkonummi, Vihti	Uusimaa (U), Varsinais-Suomi (V)	Suomi	60.282	24.487032	Sure	NEUTRAL	The Atlas of Finnish Fungi
karvarousku (fi) — Lactarius torminosus	karvarousku (fi)		2020-09-14	Helsinki	Uusimaa (U)	Suomi	60.234863	25.024938	Sure	NEUTRAL	The Atlas of Finnish Fungi
karvarousku (fi) — Lactarius torminosus	karvarousku (fi)		2020-09-14	Kemiönsaari	Varsinais-Suomi (V)	Suomi	60.06638	22.76093		COMMUNITY_VERIFIED	iNaturalist Suomi Finland
karvarousku (fi) — Lactarius torminosus	karvarousku (fi)		2020-09-14	Espoo	Uusimaa (U)	Suomi	60.19189	24.70046		COMMUNITY_VERIFIED	iNaturalist Suomi Finland
karvarousku (fi) — Lactarius torminosus	karvarousku (fi)		2020-09-13	Mikkeli	Pohjois-Savo (PS)	Suomi	62.063204	26.979462	Sure	NEUTRAL	The Atlas of Finnish Fungi
karvarousku (fi) — Lactarius torminosus	karvarousku (fi)		2020-09-13	Orimattila	Uusimaa (U)	Suomi	60.78608	25.68045		COMMUNITY_VERIFIED	iNaturalist Suomi Finland
karvarousku (fi) — Lactarius torminosus	karvarousku (fi)		2020-09-13	Urjala	Etelä-Häme (EH)	Suomi	61.04555	23.46068		COMMUNITY_VERIFIED	iNaturalist Suomi Finland
karvarousku (fi) — Lactarius torminosus	karvarousku (fi)		2020-09-13	Helsinki	Uusimaa (U)	Suomi	60.22198	24.89284		COMMUNITY_VERIFIED	iNaturalist Suomi Finland
karvarousku (fi) — Lactarius torminosus	karvarousku (fi)		2020-09-13	Nurmijärvi	Uusimaa (U)	Suomi	60.40825	24.75568		COMMUNITY_VERIFIED	iNaturalist Suomi Finland
karvarousku (fi) — Lactarius torminosus	karvarousku (fi)		2020-09-12	Kontiolahti	Pohjois-Karjala (PK)	Suomi	62.688461	29.790301	Sure	NEUTRAL	Notebook, general observations
karvarousku (fi) — Lactarius torminosus	karvarousku (fi)	Kymmeniä	2020-09-12	Kittilä	Kittilän Lappi (KiL)	Suomi	67.801791	24.805477	Sure	NEUTRAL	The Atlas of Finnish Fungi
karvarousku (fi) — Lactarius torminosus	karvarousku (fi)	6	2020-09-12	Kemijärvi	Perä-Pohjanmaa (PeP)	Suomi	66.650161	27.357453	Sure	NEUTRAL	The Atlas of Finnish Fungi
karvarousku (fi) — Lactarius torminosus	karvarousku (fi)		2020-09-12 - 2020-09-24	Lempäälä	Etelä-Häme (EH)	Suomi	61.332	23.871	Sure	NEUTRAL	The Atlas of Finnish Fungi
karvarousku (fi) — Lactarius torminosus	karvarousku (fi)		2020-09-12	Helsinki	Uusimaa (U)	Suomi	60.212211	24.959461	Sure	NEUTRAL	The Atlas of Finnish Fungi
karvarousku (fi) — Lactarius torminosus	karvarousku (fi)		2020-09-12	Sipoo	Uusimaa (U)	Suomi	60.25623	25.39189		COMMUNITY_VERIFIED	iNaturalist Suomi Finland
karvarousku (fi) — Lactarius torminosus	karvarousku (fi)		2020-09-11	Virolahti	Etelä-Karjala (EK)	Suomi	60.530601	27.554082	Sure	NEUTRAL	The Atlas of Finnish Fungi
karvarousku (fi) — Lactarius torminosus	karvarousku (fi)		2020-09-11	Asikkala	Etelä-Häme (EH)	Suomi	61.169428	25.868662	Sure	NEUTRAL	Notebook, general observations
karvarousku (fi) — Lactarius torminosus	karvarousku (fi)		2020-09-10	Helsinki	Uusimaa (U)	Suomi	60.19627	25.0162		COMMUNITY_VERIFIED	iNaturalist Suomi Finland
karvarousku (fi) — Lactarius torminosus	karvarousku (fi)		2020-09-10	Helsinki	Uusimaa (U)	Suomi	60.2633	24.91764		COMMUNITY_VERIFIED	iNaturalist Suomi Finland
karvarousku (fi) — Lactarius torminosus	karvarousku (fi)	1	2020-09-09	Lappeenranta	Etelä-Savo (ES)	Suomi	61.029002	28.157019	Sure	NEUTRAL	The Atlas of Finnish Fungi
karvarousku (fi) — Lactarius torminosus	karvarousku (fi)	5	2020-09-09	Kangasala, Pälkäne	Etelä-Häme (EH)	Suomi	61.415931	24.280836	Sure	NEUTRAL	The Atlas of Finnish Fungi
karvarousku (fi) — Lactarius torminosus	karvarousku (fi)	3	2020-09-09	Porvoo	Uusimaa (U)	Suomi	60.382642	25.696635	Sure	NEUTRAL	The Atlas of Finnish Fungi
karvarousku (fi) — Lactarius torminosus	karvarousku (fi)		2020-09-09	Enontekiö	Enontekiön Lappi (EnL)	Suomi	68.391259	24.082195	Sure	NEUTRAL	The Atlas of Finnish Fungi
karvarousku (fi) — Lactarius torminosus	karvarousku (fi)		2020-09-06	Sodankylä	Sompion Lappi (SoL)	Suomi	67.144273	26.940539	Sure	EXPERT_VERIFIED	The Atlas of Finnish Fungi
karvarousku (fi) — Lactarius torminosus	karvarousku (fi)		2020-09-06	Rovaniemi	Perä-Pohjanmaa (PeP)	Suomi	66.419568	25.173201	Sure	EXPERT_VERIFIED	The Atlas of Finnish Fungi
karvarousku (fi) — Lactarius torminosus	karvarousku (fi)		2020-09-06	Mikkeli	Etelä-Savo (ES)	Suomi	61.69199	27.29772		COMMUNITY_VERIFIED	iNaturalist Suomi Finland
karvarousku (fi) — Lactarius torminosus	karvarousku (fi)		2020-09-05	Sastamala	Satakunta (St)	Suomi	61.52205	22.61835		NEUTRAL	iNaturalist Suomi Finland
karvarousku (fi) — Lactarius torminosus	karvarousku (fi)	2	2020-09-05	Salo	Varsinais-Suomi (V)	Suomi	60.496337	23.06597	Sure	EXPERT_VERIFIED	The Atlas of Finnish Fungi
karvarousku (fi) — Lactarius torminosus	karvarousku (fi)	3	2020-09-05	Riihimäki	Etelä-Häme (EH)	Suomi	60.72286	24.812046	Sure	NEUTRAL	The Atlas of Finnish Fungi
karvarousku (fi) — Lactarius torminosus	karvarousku (fi)		2020-09-05	Rovaniemi	Perä-Pohjanmaa (PeP)	Suomi	66.87129	25.8079	Sure	NEUTRAL	The Atlas of Finnish Fungi
karvarousku (fi) — Lactarius torminosus	karvarousku (fi)		2020-09-05	Helsinki	Uusimaa (U)	Suomi	60.22968	25.04954		COMMUNITY_VERIFIED	iNaturalist Suomi Finland
karvarousku (fi) — Lactarius torminosus	karvarousku (fi)		2020-09-05	Helsinki	Uusimaa (U)	Suomi	60.19664	25.01668		COMMUNITY_VERIFIED	iNaturalist Suomi Finland
karvarousku (fi) — Lactarius torminosus	karvarousku (fi)	yleinen	2020-09-03 - 2020-09-06	Loviisa	Uusimaa (U)	Suomi	60.421346	25.953543	Sure	NEUTRAL	Notebook, general observations
karvarousku (fi) — Lactarius torminosus	karvarousku (fi)	1	2020-09-03	Oulu	Oulun Pohjanmaa (OP)	Suomi	65.01655	25.817502	Sure	NEUTRAL	The Atlas of Finnish Fungi
karvarousku (fi) — Lactarius torminosus	karvarousku (fi)		2020-09-03	Liminka	Oulun Pohjanmaa (OP)	Suomi	64.61251	25.75654		COMMUNITY_VERIFIED	iNaturalist Suomi Finland
karvarousku (fi) — Lactarius torminosus	karvarousku (fi)		2020-09-03	Viitasaari	Pohjois-Häme (PH)	Suomi	63.06819	25.84556		COMMUNITY_VERIFIED	iNaturalist Suomi Finland
karvarousku (fi) — Lactarius torminosus	karvarousku (fi)	muutama	2020-09-02	Salo	Varsinais-Suomi (V)	Suomi	60.317236	23.571418	Sure	NEUTRAL	The Atlas of Finnish Fungi
karvarousku (fi) — Lactarius torminosus	karvarousku (fi)		2020-09-01	Veteli	Keski-Pohjanmaa (KP)	Suomi	63.4163	23.94622		COMMUNITY_VERIFIED	iNaturalist Suomi Finland
karvarousku (fi) — Lactarius torminosus	karvarousku (fi)		2020-08-31	Rovaniemi	Perä-Pohjanmaa (PeP)	Suomi	66.84235	25.78882	Sure	NEUTRAL	The Atlas of Finnish Fungi
karvarousku (fi) — Lactarius torminosus	karvarousku (fi)		2020-08-31	Nurmes	Pohjois-Karjala (PK)	Suomi	63.62616	28.96606		COMMUNITY_VERIFIED	iNaturalist Suomi Finland
karvarousku (fi) — Lactarius torminosus	karvarousku (fi)		2020-08-30	Vantaa	Uusimaa (U)	Suomi	60.26658	25.13199		COMMUNITY_VERIFIED	iNaturalist Suomi Finland
karvarousku (fi) — Lactarius torminosus	karvarousku (fi)		2020-08-29	Kuusamo, Posio	Koillismaa (Ks)	Suomi	66.009365	28.648776	Sure	NEUTRAL	The Atlas of Finnish Fungi
karvarousku (fi) — Lactarius torminosus	karvarousku (fi)		2020-08-27	Uusikaarlepyy	Keski-Pohjanmaa (KP)	Suomi	63.39047	22.38957		COMMUNITY_VERIFIED	iNaturalist Suomi Finland
karvarousku (fi) — Lactarius torminosus	karvarousku (fi)	yleinen	2020-08-26	Enontekiö	Enontekiön Lappi (EnL)	Suomi	68.923159	20.921285	Sure	NEUTRAL	Notebook, general observations
karvarousku (fi) — Lactarius torminosus	karvarousku (fi)	1	2020-08-25	Kannus	Keski-Pohjanmaa (KP)	Suomi	63.988181	23.762133	Sure	NEUTRAL	The Atlas of Finnish Fungi
karvarousku (fi) — Lactarius torminosus	karvarousku (fi)	yleisehkö	2020-08-24	Enontekiö	Enontekiön Lappi (EnL)	Suomi	68.926389	20.971152	Sure	NEUTRAL	Notebook, general observations
karvarousku (fi) — Lactarius torminosus	karvarousku (fi)		2020-08-24	Vihti	Varsinais-Suomi (V)	Suomi	60.52942	24.559522	Sure	NEUTRAL	The Atlas of Finnish Fungi
karvarousku (fi) — Lactarius torminosus	karvarousku (fi)		2020-08-24	Ylöjärvi	Etelä-Häme (EH)	Suomi	61.54956	23.5961		COMMUNITY_VERIFIED	iNaturalist Suomi Finland
karvarousku (fi) — Lactarius torminosus	karvarousku (fi)		2020-08-24	Oulu	Oulun Pohjanmaa (OP)	Suomi	65.02084	25.4521		COMMUNITY_VERIFIED	iNaturalist Suomi Finland
karvarousku (fi) — Lactarius torminosus	karvarousku (fi)	yleinen	2020-08-23	Ylitornio	Perä-Pohjanmaa (PeP)	Suomi	66.469031	24.75829	Sure	NEUTRAL	Notebook, general observations
karvarousku (fi) — Lactarius torminosus	karvarousku (fi)		2020-08-22	Rovaniemi	Perä-Pohjanmaa (PeP)	Suomi	66.62244	25.56859	Sure	NEUTRAL	The Atlas of Finnish Fungi
karvarousku (fi) — Lactarius torminosus	karvarousku (fi)		2020-08-22	Hollola	Etelä-Häme (EH)	Suomi	60.98714	25.49412		COMMUNITY_VERIFIED	iNaturalist Suomi Finland
karvarousku (fi) — Lactarius torminosus	karvarousku (fi)	2	2020-08-21	Salla	Koillismaa (Ks)	Suomi	67.518773	29.701597	Sure	NEUTRAL	The Atlas of Finnish Fungi
karvarousku (fi) — Lactarius torminosus	karvarousku (fi)	yleinen	2020-08-21	Ristijärvi	Kainuu (Kn)	Suomi	64.451283	28.191642	Sure	NEUTRAL	Notebook, general observations
karvarousku (fi) — Lactarius torminosus	karvarousku (fi)	Muutamia	2020-08-19	Kontiolahti	Pohjois-Karjala (PK)	Suomi	62.63308	29.871763	Sure	EXPERT_VERIFIED	The Atlas of Finnish Fungi
karvarousku (fi) — Lactarius torminosus	karvarousku (fi)	1	2020-08-19	Mustasaari	Etelä-Pohjanmaa (EP)	Suomi	63.24215	21.569106	Sure	NEUTRAL	The Atlas of Finnish Fungi
karvarousku (fi) — Lactarius torminosus	karvarousku (fi)	1	2020-08-17	Oulu	Oulun Pohjanmaa (OP)	Suomi	65.146575	25.381335	Sure	EXPERT_VERIFIED	The Atlas of Finnish Fungi
karvarousku (fi) — Lactarius torminosus	karvarousku (fi)		2020-08-16	Rovaniemi	Perä-Pohjanmaa (PeP)	Suomi	66.58421	25.70088	Sure	EXPERT_VERIFIED	The Atlas of Finnish Fungi
karvarousku (fi) — Lactarius torminosus	karvarousku (fi)		2020-08-16	Vantaa	Uusimaa (U)	Suomi	60.27652	25.06392		COMMUNITY_VERIFIED	iNaturalist Suomi Finland
karvarousku (fi) — Lactarius torminosus	karvarousku (fi)	1	2020-08-15	Kalajoki, Kokkola	Keski-Pohjanmaa (KP)	Suomi	64.092905	23.503537	Sure	EXPERT_VERIFIED	The Atlas of Finnish Fungi
karvarousku (fi) — Lactarius torminosus	karvarousku (fi)		2020-08-15	Porvoo	Uusimaa (U)	Suomi	60.47211	25.78045		COMMUNITY_VERIFIED	iNaturalist Suomi Finland
karvarousku (fi) — Lactarius torminosus	karvarousku (fi)		2020-08-14	Jyväskylä	Pohjois-Häme (PH)	Suomi	62.205738	25.821724		NEUTRAL	Agaricales Fennoscandiae orientalis
karvarousku (fi) — Lactarius torminosus	karvarousku (fi)	1	2020-08-14	Keuruu	Pohjois-Häme (PH)	Suomi	62.194826	24.783106	Sure	NEUTRAL	Notebook, general observations
karvarousku (fi) — Lactarius torminosus	karvarousku (fi)		2020-08-13	Ylöjärvi	Etelä-Häme (EH)	Suomi	61.54956	23.5961		COMMUNITY_VERIFIED	iNaturalist Suomi Finland
karvarousku (fi) — Lactarius torminosus	karvarousku (fi)		2020-08-13	Joensuu	Pohjois-Karjala (PK)	Suomi	62.6169	29.69105		COMMUNITY_VERIFIED	iNaturalist Suomi Finland
karvarousku (fi) — Lactarius torminosus	karvarousku (fi)		2020-08-12	Paltamo	Kainuu (Kn)	Suomi	64.52247	27.7923	Sure	NEUTRAL	The Atlas of Finnish Fungi
karvarousku (fi) — Lactarius torminosus	karvarousku (fi)	useita	2020-08-12	Nurmijärvi	Uusimaa (U)	Suomi	60.445241	24.845361	Sure	NEUTRAL	The Atlas of Finnish Fungi
karvarousku (fi) — Lactarius torminosus	karvarousku (fi)		2020-08-12	Helsinki	Uusimaa (U)	Suomi	60.24315	25.21647		COMMUNITY_VERIFIED	iNaturalist Suomi Finland
karvarousku (fi) — Lactarius torminosus	karvarousku (fi)	1	2020-08-12	Heinävesi	Pohjois-Savo (PS)	Suomi	62.620544	28.683361	Sure	NEUTRAL	Notebook, general observations
karvarousku (fi) — Lactarius torminosus	karvarousku (fi)	1	2020-08-11	Oulu	Oulun Pohjanmaa (OP)	Suomi	65.013045	25.431193	Sure	EXPERT_VERIFIED	The Atlas of Finnish Fungi
karvarousku (fi) — Lactarius torminosus	karvarousku (fi)		2020-08-11	Joensuu	Pohjois-Karjala (PK)	Suomi	62.61787	29.70263		COMMUNITY_VERIFIED	iNaturalist Suomi Finland
karvarousku (fi) — Lactarius torminosus	karvarousku (fi)	2	2020-08-09	Rautalampi	Pohjois-Häme (PH)	Suomi	62.562618	26.625182	Sure	EXPERT_VERIFIED	The Atlas of Finnish Fungi
karvarousku (fi) — Lactarius torminosus	karvarousku (fi)		2020-08-09	Lappeenranta	Etelä-Savo (ES)	Suomi	61.16517	28.60159		COMMUNITY_VERIFIED	iNaturalist Suomi Finland
karvarousku (fi) — Lactarius torminosus	karvarousku (fi)		2020-08-07	Pelkosenniemi	Sompion Lappi (SoL)	Suomi	67.023431	27.087812	Sure	NEUTRAL	Notebook, general observations
karvarousku (fi) — Lactarius torminosus	karvarousku (fi)		2020-08-07	Sotkamo	Kainuu (Kn)	Suomi	63.96044	28.36352	Sure	NEUTRAL	The Atlas of Finnish Fungi
karvarousku (fi) — Lactarius torminosus	karvarousku (fi)	4	2020-08-06	Heinola	Etelä-Häme (EH)	Suomi	61.207441	26.086371	Sure	NEUTRAL	The Atlas of Finnish Fungi
karvarousku (fi) — Lactarius torminosus	karvarousku (fi)		2020-08-05	Espoo	Uusimaa (U)	Suomi	60.20299	24.81895		COMMUNITY_VERIFIED	iNaturalist Suomi Finland
karvarousku (fi) — Lactarius torminosus	karvarousku (fi)		2020-08-04	Joensuu	Pohjois-Karjala (PK)	Suomi	62.62804	29.649		COMMUNITY_VERIFIED	iNaturalist Suomi Finland
karvarousku (fi) — Lactarius torminosus	karvarousku (fi)		2020-08-04	Taipalsaari	Etelä-Savo (ES)	Suomi	61.11079	28.19002		COMMUNITY_VERIFIED	iNaturalist Suomi Finland
karvarousku (fi) — Lactarius torminosus	karvarousku (fi)	1	2020-07-31	Mäntyharju	Etelä-Savo (ES)	Suomi	61.425744	26.84821	Sure	NEUTRAL	The Atlas of Finnish Fungi
karvarousku (fi) — Lactarius torminosus	karvarousku (fi)		2020-07-30	Karkkila	Varsinais-Suomi (V)	Suomi	60.529564	24.39666	Sure	NEUTRAL	The Atlas of Finnish Fungi
karvarousku (fi) — Lactarius torminosus	karvarousku (fi)	1	2020-04-20	Hausjärvi	Etelä-Häme (EH)	Suomi	60.723031	24.848964	Sure	NEUTRAL	The Atlas of Finnish Fungi
karvarousku (fi) — Lactarius torminosus	karvarousku (fi)		2019-10-23	Lohja	Varsinais-Suomi (V)	Suomi	60.233652	23.82691		NEUTRAL	LajiGIS: Species mapping and surveys
karvarousku (fi) — Lactarius torminosus	karvarousku (fi)		2019-10-23	Lohja	Varsinais-Suomi (V)	Suomi	60.237738	23.823601		NEUTRAL	LajiGIS: Species mapping and surveys
karvarousku (fi) — Lactarius torminosus	karvarousku (fi)		2019-10-21	Vehmaa	Varsinais-Suomi (V)	Suomi	60.745361	21.755503	Sure	NEUTRAL	Notebook, general observations
karvarousku (fi) — Lactarius torminosus	karvarousku (fi)		2019-10-19	Kustavi	Varsinais-Suomi (V)	Suomi	60.623652	21.31919		NEUTRAL	LajiGIS: Species mapping and surveys
karvarousku (fi) — Lactarius torminosus	karvarousku (fi)		2019-10-16	Salo	Varsinais-Suomi (V)	Suomi	60.432841	23.064479		NEUTRAL	LajiGIS: Species mapping and surveys
karvarousku (fi) — Lactarius torminosus	karvarousku (fi)	2	2019-10-13	Jyväskylä	Pohjois-Häme (PH)	Suomi	62.282756	25.635263	Sure	NEUTRAL	The Atlas of Finnish Fungi
karvarousku (fi) — Lactarius torminosus	karvarousku (fi)	Useita	2019-10-13	Vantaa	Uusimaa (U)	Suomi	60.29571	25.14986	Sure	NEUTRAL	Notebook, general observations
karvarousku (fi) — Lactarius torminosus	karvarousku (fi)		2019-10-13	Lohja	Varsinais-Suomi (V)	Suomi	60.242604	23.808149		NEUTRAL	LajiGIS: Species mapping and surveys
karvarousku (fi) — Lactarius torminosus	karvarousku (fi)		2019-10-11	Sysmä	Etelä-Häme (EH)	Suomi	61.521541	25.531846	Sure	NEUTRAL	The Atlas of Finnish Fungi
karvarousku (fi) — Lactarius torminosus	karvarousku (fi)	1	2019-10-09	Jyväskylä	Pohjois-Häme (PH)	Suomi	62.188569	25.877101	Sure	NEUTRAL	The Atlas of Finnish Fungi
karvarousku (fi) — Lactarius torminosus	karvarousku (fi)	1	2019-10-09 [15:00-18:00]	Jyväskylä	Pohjois-Häme (PH)	Suomi	62.187017	25.877555	Sure	NEUTRAL	The Atlas of Finnish Fungi
karvarousku (fi) — Lactarius torminosus	karvarousku (fi)		2019-10-09	Jyväskylä	Pohjois-Häme (PH)	Suomi	62.188373	25.877311	Sure	NEUTRAL	The Atlas of Finnish Fungi
karvarousku (fi) — Lactarius torminosus	karvarousku (fi)		2019-10-09	Parainen	Varsinais-Suomi (V)	Suomi	60.283879	21.319021		NEUTRAL	LajiGIS: Species mapping and surveys
karvarousku (fi) — Lactarius torminosus	karvarousku (fi)		2019-10-06	Turku	Varsinais-Suomi (V)	Suomi	60.428637	22.314925	Sure	NEUTRAL	The Atlas of Finnish Fungi
karvarousku (fi) — Lactarius torminosus	karvarousku (fi)		2019-10-05	Turku	Varsinais-Suomi (V)	Suomi	60.430191	22.160958	Sure	NEUTRAL	The Atlas of Finnish Fungi
karvarousku (fi) — Lactarius torminosus	karvarousku (fi)		2019-10-05	Loviisa	Uusimaa (U)	Suomi	60.447258	26.250839	Sure	NEUTRAL	The Atlas of Finnish Fungi
karvarousku (fi) — Lactarius torminosus	karvarousku (fi)		2019-10-04	Espoo	Uusimaa (U)	Suomi	60.170547	24.66244	Sure	NEUTRAL	Notebook, general observations
karvarousku (fi) — Lactarius torminosus	karvarousku (fi)		2019-10-04	Espoo	Uusimaa (U)	Suomi	60.17458	24.6614		COMMUNITY_VERIFIED	iNaturalist Suomi Finland
karvarousku (fi) — Lactarius torminosus	karvarousku (fi)	3	2019-10-02	Juupajoki, Orivesi	Etelä-Häme (EH)	Suomi	61.688483	24.445903	Sure	NEUTRAL	The Atlas of Finnish Fungi
karvarousku (fi) — Lactarius torminosus	karvarousku (fi)	3	2019-09-29	Pori	Satakunta (St)	Suomi	61.610214	21.4341	Sure	NEUTRAL	The Atlas of Finnish Fungi
karvarousku (fi) — Lactarius torminosus	karvarousku (fi)		2019-09-29	Pori	Satakunta (St)	Suomi	61.608775	21.444578	Sure	EXPERT_VERIFIED	The Atlas of Finnish Fungi
karvarousku (fi) — Lactarius torminosus	karvarousku (fi)		2019-09-29	Espoo	Uusimaa (U)	Suomi	60.182486	24.661817	Sure	NEUTRAL	Notebook, general observations
karvarousku (fi) — Lactarius torminosus	karvarousku (fi)	1	2019-09-28	Rovaniemi	Perä-Pohjanmaa (PeP)	Suomi	66.39824	25.20251	Sure	NEUTRAL	The Atlas of Finnish Fungi
karvarousku (fi) — Lactarius torminosus	karvarousku (fi)	Harvakseltaan	2019-09-28	Jyväskylä	Pohjois-Häme (PH)	Suomi	62.232799	25.933709	Sure	NEUTRAL	The Atlas of Finnish Fungi
karvarousku (fi) — Lactarius torminosus	karvarousku (fi)	10	2019-09-28	Pori	Satakunta (St)	Suomi	61.589883	21.503737	Sure	NEUTRAL	The Atlas of Finnish Fungi
karvarousku (fi) — Lactarius torminosus	karvarousku (fi)		2019-09-28	Espoo	Uusimaa (U)	Suomi	60.32083	24.60552		COMMUNITY_VERIFIED	iNaturalist Suomi Finland
karvarousku (fi) — Lactarius torminosus	karvarousku (fi)		2019-09-27	Pori	Satakunta (St)	Suomi	61.623	21.421	Sure	EXPERT_VERIFIED	The Atlas of Finnish Fungi
karvarousku (fi) — Lactarius torminosus	karvarousku (fi)		2019-09-27	Pori	Satakunta (St)	Suomi	61.563985	21.526021	Sure	EXPERT_VERIFIED	The Atlas of Finnish Fungi
karvarousku (fi) — Lactarius torminosus	karvarousku (fi)	muutama	2019-09-27	Loppi	Etelä-Häme (EH)	Suomi	60.744575	24.366488	Sure	NEUTRAL	The Atlas of Finnish Fungi
karvarousku (fi) — Lactarius torminosus	karvarousku (fi)	useita	2019-09-27	Pori	Satakunta (St)	Suomi	61.564642	21.527363	Sure	EXPERT_VERIFIED	The Atlas of Finnish Fungi
karvarousku (fi) — Lactarius torminosus	karvarousku (fi)		2019-09-27	Lohja	Varsinais-Suomi (V)	Suomi	60.197891	23.664211		NEUTRAL	LajiGIS: Species mapping and surveys
karvarousku (fi) — Lactarius torminosus	karvarousku (fi)		2019-09-26	Lohja	Varsinais-Suomi (V)	Suomi	60.261112	23.829801		NEUTRAL	LajiGIS: Species mapping and surveys
karvarousku (fi) — Lactarius torminosus	karvarousku (fi)		2019-09-25	Espoo	Uusimaa (U)	Suomi	60.22748	24.80564		COMMUNITY_VERIFIED	iNaturalist Suomi Finland
karvarousku (fi) — Lactarius torminosus	karvarousku (fi)	1	2019-09-25	Turku	Varsinais-Suomi (V)	Suomi	60.415501	22.175885	Sure	NEUTRAL	Notebook, general observations
karvarousku (fi) — Lactarius torminosus	karvarousku (fi)		2019-09-24	Kokkola	Keski-Pohjanmaa (KP)	Suomi	63.76708	23.2631		COMMUNITY_VERIFIED	iNaturalist Suomi Finland
karvarousku (fi) — Lactarius torminosus	karvarousku (fi)	1	2019-09-24	Jyväskylä	Pohjois-Häme (PH)	Suomi	62.2556	25.669086	Sure	NEUTRAL	Notebook, general observations
karvarousku (fi) — Lactarius torminosus	karvarousku (fi)		2019-09-23	Helsinki	Uusimaa (U)	Suomi	60.238424	24.979273	Sure	NEUTRAL	The Atlas of Finnish Fungi
karvarousku (fi) — Lactarius torminosus	karvarousku (fi)	1	2019-09-23	Liminka	Oulun Pohjanmaa (OP)	Suomi	64.825831	25.313063	Sure	NEUTRAL	The Atlas of Finnish Fungi
karvarousku (fi) — Lactarius torminosus	karvarousku (fi)		2019-09-22	Janakkala	Etelä-Häme (EH)	Suomi	60.828983	24.582345	Sure	NEUTRAL	Notebook, general observations
karvarousku (fi) — Lactarius torminosus	karvarousku (fi)	runsas	2019-09-22	Helsinki	Uusimaa (U)	Suomi	60.101129	25.055045	Sure	NEUTRAL	Notebook, general observations
karvarousku (fi) — Lactarius torminosus	karvarousku (fi)		2019-09-22	Helsinki	Uusimaa (U)	Suomi	60.20583	25.05889		COMMUNITY_VERIFIED	iNaturalist Suomi Finland
karvarousku (fi) — Lactarius torminosus	karvarousku (fi)	4	2019-09-21	Kalajoki	Keski-Pohjanmaa (KP)	Suomi	64.021004	23.730867	Sure	NEUTRAL	The Atlas of Finnish Fungi
karvarousku (fi) — Lactarius torminosus	karvarousku (fi)		2019-09-21	Kirkkonummi	Uusimaa (U)	Suomi	59.982699	24.439034	Sure	NEUTRAL	Notebook, general observations
karvarousku (fi) — Lactarius torminosus	karvarousku (fi)		2019-09-21	Kuopio	Pohjois-Savo (PS)	Suomi	62.877887	27.487955	Sure	NEUTRAL	Notebook, general observations
karvarousku (fi) — Lactarius torminosus	karvarousku (fi)		2019-09-20	Lohja	Varsinais-Suomi (V)	Suomi	60.205652	23.70159		NEUTRAL	LajiGIS: Species mapping and surveys
karvarousku (fi) — Lactarius torminosus	karvarousku (fi)		2019-09-18	Lohja	Varsinais-Suomi (V)	Suomi	60.226802	23.886072	Sure	NEUTRAL	The Atlas of Finnish Fungi
karvarousku (fi) — Lactarius torminosus	karvarousku (fi)	2	2019-09-18	Turku	Varsinais-Suomi (V)	Suomi	60.426763	22.206345	Sure	NEUTRAL	Notebook, general observations
karvarousku (fi) — Lactarius torminosus	karvarousku (fi)	2	2019-09-18	Turku	Varsinais-Suomi (V)	Suomi	60.426763	22.206345	Sure	NEUTRAL	Notebook, general observations
karvarousku (fi) — Lactarius torminosus	karvarousku (fi)		2019-09-17	Loimaa	Satakunta (St)	Suomi	60.908973	23.144672	Sure	NEUTRAL	The Atlas of Finnish Fungi
karvarousku (fi) — Lactarius torminosus	karvarousku (fi)	2	2019-09-17	Hattula, Hämeenlinna	Etelä-Häme (EH)	Suomi	61.060929	24.496611	Sure	NEUTRAL	The Atlas of Finnish Fungi
karvarousku (fi) — Lactarius torminosus	karvarousku (fi)	1	2019-09-17	Jyväskylä	Pohjois-Häme (PH)	Suomi	62.261094	25.70113	Sure	NEUTRAL	Notebook, general observations
karvarousku (fi) — Lactarius torminosus	karvarousku (fi)		2019-09-15	Hämeenkyrö	Satakunta (St)	Suomi	61.66154	23.472071	Sure	NEUTRAL	The Atlas of Finnish Fungi
karvarousku (fi) — Lactarius torminosus	karvarousku (fi)	1	2019-09-15	Leppävirta	Pohjois-Savo (PS)	Suomi	62.49031	27.87128	Sure	NEUTRAL	The Atlas of Finnish Fungi
karvarousku (fi) — Lactarius torminosus	karvarousku (fi)		2019-09-14	Kuopio	Pohjois-Savo (PS)	Suomi	62.899	27.607	Sure	NEUTRAL	The Atlas of Finnish Fungi
karvarousku (fi) — Lactarius torminosus	karvarousku (fi)	3	2019-09-14	Rovaniemi	Perä-Pohjanmaa (PeP)	Suomi	66.311486	26.207848	Sure	NEUTRAL	The Atlas of Finnish Fungi
karvarousku (fi) — Lactarius torminosus	karvarousku (fi)	4	2019-09-14	Petäjävesi	Pohjois-Häme (PH)	Suomi	62.420229	25.081331	Sure	NEUTRAL	The Atlas of Finnish Fungi
karvarousku (fi) — Lactarius torminosus	karvarousku (fi)	2	2019-09-14	Kalajoki	Keski-Pohjanmaa (KP)	Suomi	64.056911	23.632384	Sure	NEUTRAL	The Atlas of Finnish Fungi
karvarousku (fi) — Lactarius torminosus	karvarousku (fi)		2019-09-14	Keuruu	Pohjois-Häme (PH)	Suomi	62.194852	24.783143	Sure	NEUTRAL	Notebook, general observations
karvarousku (fi) — Lactarius torminosus	karvarousku (fi)		2019-09-13	Harjavalta	Satakunta (St)	Suomi	61.292289	22.152113	Sure	NEUTRAL	The Atlas of Finnish Fungi
karvarousku (fi) — Lactarius torminosus	karvarousku (fi)		2019-09-13 [9:00-14:00]	Helsinki, Vantaa	Uusimaa (U)	Suomi	60.275456	25.161291	Sure	NEUTRAL	Notebook, general observations
karvarousku (fi) — Lactarius torminosus	karvarousku (fi)	2 itiöemää	2019-09-13	Nakkila	Satakunta (St)	Suomi	61.373177	22.043626	Sure	NEUTRAL	The Atlas of Finnish Fungi
karvarousku (fi) — Lactarius torminosus	karvarousku (fi)		2019-09-13 - 2019-09-14	Taivalkoski	Koillismaa (Ks)	Suomi	65.284369	28.367788	Sure	NEUTRAL	The Atlas of Finnish Fungi
karvarousku (fi) — Lactarius torminosus	karvarousku (fi)		2019-09-12	Kirkkonummi	Uusimaa (U)	Suomi	60.102754	24.351658	Sure	NEUTRAL	Notebook, general observations
karvarousku (fi) — Lactarius torminosus	karvarousku (fi)		2019-09-12	Lohja	Varsinais-Suomi (V)	Suomi	60.241293	23.798119		NEUTRAL	LajiGIS: Species mapping and surveys
karvarousku (fi) — Lactarius torminosus	karvarousku (fi)	10	2019-09-11 [14:10]	Jyväskylä, Muurame	Etelä-Häme (EH), Pohjois-Häme (PH)	Suomi	62.24307	25.577577		NEUTRAL	Notebook, general observations
karvarousku (fi) — Lactarius torminosus	karvarousku (fi)		2019-09-11	Oulu	Oulun Pohjanmaa (OP)	Suomi	65.042405	25.668318	Sure	NEUTRAL	The Atlas of Finnish Fungi
karvarousku (fi) — Lactarius torminosus	karvarousku (fi)	8	2019-09-09 [10:30-12:30]	Kokkola	Keski-Pohjanmaa (KP)	Suomi	64.028738	23.391233	Sure	NEUTRAL	The Atlas of Finnish Fungi
karvarousku (fi) — Lactarius torminosus	karvarousku (fi)		2019-09-08	Vantaa	Uusimaa (U)	Suomi	60.301734	24.796383	Sure	NEUTRAL	The Atlas of Finnish Fungi
karvarousku (fi) — Lactarius torminosus	karvarousku (fi)		2019-09-08	Kuhmo	Kainuu (Kn)	Suomi	64.264141	29.048544	Sure	NEUTRAL	Notebook, general observations
karvarousku (fi) — Lactarius torminosus	karvarousku (fi)	yksittäisiä	2019-09-06	Hämeenkyrö	Satakunta (St)	Suomi	61.64787	23.170945	Sure	NEUTRAL	The Atlas of Finnish Fungi
karvarousku (fi) — Lactarius torminosus	karvarousku (fi)		2019-09-06	Mikkeli	Etelä-Savo (ES)	Suomi	61.693399	27.410503	Sure	NEUTRAL	The Atlas of Finnish Fungi
karvarousku (fi) — Lactarius torminosus	karvarousku (fi)	1	2019-09-06	Rovaniemi	Perä-Pohjanmaa (PeP)	Suomi	66.24881	26.04769	Sure	NEUTRAL	The Atlas of Finnish Fungi
karvarousku (fi) — Lactarius torminosus	karvarousku (fi)		2019-09-06 - 2019-10-10	Inkoo	Uusimaa (U)	Suomi	60.07033	23.857508	Sure	NEUTRAL	Notebook, general observations
karvarousku (fi) — Lactarius torminosus	karvarousku (fi)	useita	2019-09-05	Salo	Varsinais-Suomi (V)	Suomi	60.335881	23.207506	Sure	NEUTRAL	The Atlas of Finnish Fungi
karvarousku (fi) — Lactarius torminosus	karvarousku (fi)	lukuisia	2019-09-05	Hämeenkyrö	Satakunta (St)	Suomi	61.571887	23.175132	Sure	NEUTRAL	The Atlas of Finnish Fungi
karvarousku (fi) — Lactarius torminosus	karvarousku (fi)		2019-09-05	Lestijärvi	Keski-Pohjanmaa (KP)	Suomi	63.52749	24.6637		COMMUNITY_VERIFIED	iNaturalist Suomi Finland
karvarousku (fi) — Lactarius torminosus	karvarousku (fi)	2	2019-09-03	Tuusula	Uusimaa (U)	Suomi	60.447372	24.979173	Sure	NEUTRAL	The Atlas of Finnish Fungi
karvarousku (fi) — Lactarius torminosus	karvarousku (fi)		2019-09-01	Humppila	Etelä-Häme (EH)	Suomi	60.927848	23.451834	Sure	NEUTRAL	The Atlas of Finnish Fungi
karvarousku (fi) — Lactarius torminosus	karvarousku (fi)		2019-09-01	Espoo	Uusimaa (U)	Suomi	60.317366	24.667769	Sure	NEUTRAL	Notebook, general observations
karvarousku (fi) — Lactarius torminosus	karvarousku (fi)		2019-08-31	Vantaa	Uusimaa (U)	Suomi	60.33919	25.03473	Sure	NEUTRAL	The Atlas of Finnish Fungi
karvarousku (fi) — Lactarius torminosus	karvarousku (fi)		2019-08-29 - 2019-09-11	Suomussalmi	Kainuu (Kn)	Suomi	65.247144	28.270868	Sure	NEUTRAL	The Atlas of Finnish Fungi
karvarousku (fi) — Lactarius torminosus	karvarousku (fi)	1	2019-08-29	Rovaniemi	Perä-Pohjanmaa (PeP)	Suomi	66.413271	25.828258	Sure	NEUTRAL	The Atlas of Finnish Fungi
karvarousku (fi) — Lactarius torminosus	karvarousku (fi)		2019-08-22	Kolari	Kittilän Lappi (KiL)	Suomi	67.591479	24.214784	Sure	NEUTRAL	The Atlas of Finnish Fungi
karvarousku (fi) — Lactarius torminosus	karvarousku (fi)		2019-07-18	Ähtäri	Pohjois-Häme (PH)	Suomi	62.655824	24.060259	Sure	NEUTRAL	The Atlas of Finnish Fungi
karvarousku (fi) — Lactarius torminosus	karvarousku (fi)		2018-10-13	Vehmaa	Varsinais-Suomi (V)	Suomi	60.745361	21.755503	Sure	NEUTRAL	Notebook, general observations
karvarousku (fi) — Lactarius torminosus	karvarousku (fi)	2	2018-10-07	Lappeenranta	Etelä-Savo (ES)	Suomi	61.089109	28.374151	Sure	EXPERT_VERIFIED	The Atlas of Finnish Fungi
karvarousku (fi) — Lactarius torminosus	karvarousku (fi)		2018-10-07	Porvoo	Uusimaa (U)	Suomi	60.32621	25.589936	Sure	EXPERT_VERIFIED	The Atlas of Finnish Fungi
karvarousku (fi) — Lactarius torminosus	karvarousku (fi)	melko runsaasti	2018-10-07	Rautalampi	Pohjois-Häme (PH)	Suomi	62.558935	26.622838	Sure	EXPERT_VERIFIED	The Atlas of Finnish Fungi
karvarousku (fi) — Lactarius torminosus	karvarousku (fi)	2	2018-10-06	Espoo	Uusimaa (U)	Suomi	60.239447	24.631045	Sure	EXPERT_VERIFIED	The Atlas of Finnish Fungi
karvarousku (fi) — Lactarius torminosus	karvarousku (fi)	1	2018-10-05	Lahti	Etelä-Häme (EH)	Suomi	61.01393	25.658905	Sure	EXPERT_VERIFIED	The Atlas of Finnish Fungi
karvarousku (fi) — Lactarius torminosus	karvarousku (fi)		2018-10-04	Salo	Varsinais-Suomi (V)	Suomi	60.313952	23.567693		NEUTRAL	LajiGIS: Species mapping and surveys
karvarousku (fi) — Lactarius torminosus	karvarousku (fi)		2018-10-02	Helsinki	Uusimaa (U)	Suomi	60.23212	24.91208		COMMUNITY_VERIFIED	iNaturalist Suomi Finland
karvarousku (fi) — Lactarius torminosus	karvarousku (fi)	1	2018-10-02	Kuopio	Pohjois-Savo (PS)	Suomi	62.875946	27.881112	Sure	NEUTRAL	The Atlas of Finnish Fungi
karvarousku (fi) — Lactarius torminosus	karvarousku (fi)	30	2018-10-02	Kaarina, Lieto, Turku	Varsinais-Suomi (V)	Suomi	60.464862	22.359115	Sure	NEUTRAL	The Atlas of Finnish Fungi
karvarousku (fi) — Lactarius torminosus	karvarousku (fi)	siellä täällä havaintoalueella	2018-10-01	Espoo	Uusimaa (U)	Suomi	60.28286	24.658814	Sure	NEUTRAL	The Atlas of Finnish Fungi
karvarousku (fi) — Lactarius torminosus	karvarousku (fi)	useita	2018-10-01	Loviisa	Uusimaa (U)	Suomi	60.499668	26.224021	Sure	NEUTRAL	Notebook, general observations
karvarousku (fi) — Lactarius torminosus	karvarousku (fi)		2018-09-30	Espoo	Uusimaa (U)	Suomi	60.185621	24.693451	Sure	EXPERT_VERIFIED	The Atlas of Finnish Fungi
karvarousku (fi) — Lactarius torminosus	karvarousku (fi)		2018-09-30	Lohja	Varsinais-Suomi (V)	Suomi	60.2412	23.80935		COMMUNITY_VERIFIED	iNaturalist Suomi Finland
karvarousku (fi) — Lactarius torminosus	karvarousku (fi)		2018-09-30	Espoo	Uusimaa (U)	Suomi	60.1813	24.6517		COMMUNITY_VERIFIED	iNaturalist Suomi Finland
karvarousku (fi) — Lactarius torminosus	karvarousku (fi)	1	2018-09-29 - 2018-10-01	Pieksämäki	Pohjois-Savo (PS)	Suomi	62.249853	27.47778	Sure	NEUTRAL	The Atlas of Finnish Fungi
karvarousku (fi) — Lactarius torminosus	karvarousku (fi)		2018-09-27	Vihti	Varsinais-Suomi (V)	Suomi	60.33167	24.46204		COMMUNITY_VERIFIED	iNaturalist Suomi Finland
karvarousku (fi) — Lactarius torminosus	karvarousku (fi)	10	2018-09-27	Petäjävesi	Pohjois-Häme (PH)	Suomi	62.321022	25.168858	Sure	NEUTRAL	The Atlas of Finnish Fungi
karvarousku (fi) — Lactarius torminosus	karvarousku (fi)	paljon	2018-09-26	Forssa	Etelä-Häme (EH)	Suomi	60.976627	23.727565	Sure	EXPERT_VERIFIED	The Atlas of Finnish Fungi
karvarousku (fi) — Lactarius torminosus	karvarousku (fi)	1	2018-09-25	Oulu	Oulun Pohjanmaa (OP)	Suomi	64.963691	25.63865	Sure	NEUTRAL	The Atlas of Finnish Fungi
karvarousku (fi) — Lactarius torminosus	karvarousku (fi)	runsaasti	2018-09-24	Loviisa	Uusimaa (U)	Suomi	60.386811	26.008361	Sure	NEUTRAL	The Atlas of Finnish Fungi
karvarousku (fi) — Lactarius torminosus	karvarousku (fi)		2018-09-24	Joensuu	Pohjois-Karjala (PK)	Suomi	62.613093	29.839306	Sure	NEUTRAL	The Atlas of Finnish Fungi
karvarousku (fi) — Lactarius torminosus	karvarousku (fi)	15	2018-09-24	Oulu	Oulun Pohjanmaa (OP)	Suomi	65.204443	25.289217	Sure	NEUTRAL	The Atlas of Finnish Fungi
karvarousku (fi) — Lactarius torminosus	karvarousku (fi)		2018-09-23	Mustasaari	Etelä-Pohjanmaa (EP)	Suomi	63.2429	21.568	Sure	NEUTRAL	The Atlas of Finnish Fungi
karvarousku (fi) — Lactarius torminosus	karvarousku (fi)		2018-09-23	Mustasaari	Etelä-Pohjanmaa (EP)	Suomi	63.2429	21.5686	Sure	NEUTRAL	The Atlas of Finnish Fungi
karvarousku (fi) — Lactarius torminosus	karvarousku (fi)		2018-09-23	Mustasaari	Etelä-Pohjanmaa (EP)	Suomi	63.2426	21.5692	Sure	NEUTRAL	The Atlas of Finnish Fungi
karvarousku (fi) — Lactarius torminosus	karvarousku (fi)		2018-09-23	Tammela	Etelä-Häme (EH)	Suomi	60.654229	23.900073	Sure	NEUTRAL	The Atlas of Finnish Fungi
karvarousku (fi) — Lactarius torminosus	karvarousku (fi)		2018-09-23	Raasepori	Varsinais-Suomi (V)	Suomi	60.014443	23.096749		NEUTRAL	LajiGIS: Species mapping and surveys
karvarousku (fi) — Lactarius torminosus	karvarousku (fi)		2018-09-23	Hartola, Sysmä	Etelä-Häme (EH)	Suomi	61.618573	25.959908	Sure	NEUTRAL	The Atlas of Finnish Fungi
karvarousku (fi) — Lactarius torminosus	karvarousku (fi)	2	2018-09-22	Hankasalmi	Pohjois-Häme (PH)	Suomi	62.235247	26.353696	Sure	NEUTRAL	The Atlas of Finnish Fungi
karvarousku (fi) — Lactarius torminosus	karvarousku (fi)		2018-09-21	Hankasalmi	Pohjois-Häme (PH)	Suomi	62.291894	26.424389	Sure	NEUTRAL	The Atlas of Finnish Fungi
karvarousku (fi) — Lactarius torminosus	karvarousku (fi)	1	2018-09-21	Tammela	Etelä-Häme (EH)	Suomi	60.777056	23.84314	Sure	NEUTRAL	The Atlas of Finnish Fungi
karvarousku (fi) — Lactarius torminosus	karvarousku (fi)		2018-09-21	Helsinki	Uusimaa (U)	Suomi	60.21428	24.99235		COMMUNITY_VERIFIED	iNaturalist Suomi Finland
karvarousku (fi) — Lactarius torminosus	karvarousku (fi)		2018-09-20	Helsinki	Uusimaa (U)	Suomi	60.231609	24.973853	Sure	NEUTRAL	The Atlas of Finnish Fungi
karvarousku (fi) — Lactarius torminosus	karvarousku (fi)		2018-09-19	Janakkala	Etelä-Häme (EH)	Suomi	60.97972	24.77306		COMMUNITY_VERIFIED	iNaturalist Suomi Finland
karvarousku (fi) — Lactarius torminosus	karvarousku (fi)	1	2018-09-18	Turku	Varsinais-Suomi (V)	Suomi	60.426763	22.206345	Sure	NEUTRAL	Notebook, general observations
karvarousku (fi) — Lactarius torminosus	karvarousku (fi)	1	2018-09-18	Kangasala	Etelä-Häme (EH)	Suomi	61.514469	24.023301	Sure	NEUTRAL	Notebook, general observations
karvarousku (fi) — Lactarius torminosus	karvarousku (fi)	1	2018-09-17	Oulu	Oulun Pohjanmaa (OP)	Suomi	65.076281	25.477923		NEUTRAL	Natura Magazine Collection Contest
karvarousku (fi) — Lactarius torminosus	karvarousku (fi)	1	2018-09-17	Oulu	Oulun Pohjanmaa (OP)	Suomi	65.067882	25.49378		NEUTRAL	Natura Magazine Collection Contest
karvarousku (fi) — Lactarius torminosus	karvarousku (fi)		2018-09-17	Kirkkonummi	Uusimaa (U)	Suomi	60.145338	24.35041	Sure	EXPERT_VERIFIED	The Atlas of Finnish Fungi
karvarousku (fi) — Lactarius torminosus	karvarousku (fi)	20	2018-09-17	Kuopio, Siilinjärvi	Pohjois-Savo (PS)	Suomi	62.966748	27.686712	Sure	NEUTRAL	The Atlas of Finnish Fungi
karvarousku (fi) — Lactarius torminosus	karvarousku (fi)	pari itiöemää	2018-09-16	Pieksämäki, Suonenjoki	Pohjois-Savo (PS)	Suomi	62.42983	27.287065	Sure	NEUTRAL	The Atlas of Finnish Fungi
karvarousku (fi) — Lactarius torminosus	karvarousku (fi)	1	2018-09-16	Oulu	Oulun Pohjanmaa (OP)	Suomi	65.07712	25.48762	Sure	EXPERT_VERIFIED	The Atlas of Finnish Fungi
karvarousku (fi) — Lactarius torminosus	karvarousku (fi)	1	2018-09-16	Espoo	Uusimaa (U)	Suomi	60.16805	24.826215	Sure	NEUTRAL	The Atlas of Finnish Fungi
karvarousku (fi) — Lactarius torminosus	karvarousku (fi)	100	2018-09-16 - 2018-09-18	Orimattila	Uusimaa (U)	Suomi	60.823411	25.799954	Sure	EXPERT_VERIFIED	The Atlas of Finnish Fungi
karvarousku (fi) — Lactarius torminosus	karvarousku (fi)		2018-09-16	Jyväskylä	Pohjois-Häme (PH)	Suomi	62.25111	25.71148		COMMUNITY_VERIFIED	iNaturalist Suomi Finland
karvarousku (fi) — Lactarius torminosus	karvarousku (fi)	paljon	2018-09-15	Pieksämäki	Pohjois-Savo (PS)	Suomi	62.501458	27.084638	Sure	NEUTRAL	The Atlas of Finnish Fungi
karvarousku (fi) — Lactarius torminosus	karvarousku (fi)	Kymmeniä	2018-09-15	Hyrynsalmi, Kuhmo	Kainuu (Kn)	Suomi	64.474109	29.387669	Sure	NEUTRAL	The Atlas of Finnish Fungi
karvarousku (fi) — Lactarius torminosus	karvarousku (fi)		2018-09-15	Sipoo	Uusimaa (U)	Suomi	60.258634	25.391952	Sure	NEUTRAL	The Atlas of Finnish Fungi
karvarousku (fi) — Lactarius torminosus	karvarousku (fi)		2018-09-15	Liperi	Pohjois-Karjala (PK)	Suomi	62.607157	29.532317	Sure	NEUTRAL	The Atlas of Finnish Fungi
karvarousku (fi) — Lactarius torminosus	karvarousku (fi)		2018-09-15	Helsinki	Uusimaa (U)	Suomi	60.22778	25.12194		COMMUNITY_VERIFIED	iNaturalist Suomi Finland
karvarousku (fi) — Lactarius torminosus	karvarousku (fi)		2018-09-14	Sipoo	Uusimaa (U)	Suomi	60.420322	25.212154	Sure	NEUTRAL	The Atlas of Finnish Fungi
karvarousku (fi) — Lactarius torminosus	karvarousku (fi)	3	2018-09-14	Joensuu	Pohjois-Karjala (PK)	Suomi	62.627791	29.861138	Subspecies unsure	EXPERT_VERIFIED	The Atlas of Finnish Fungi
karvarousku (fi) — Lactarius torminosus	karvarousku (fi)	3	2018-09-14	Joensuu	Pohjois-Karjala (PK)	Suomi	62.625064	29.860162	Sure	NEUTRAL	The Atlas of Finnish Fungi
karvarousku (fi) — Lactarius torminosus	karvarousku (fi)	50+	2018-09-13	Lapua	Etelä-Pohjanmaa (EP)	Suomi	62.954343	22.942859	Sure	NEUTRAL	The Atlas of Finnish Fungi
karvarousku (fi) — Lactarius torminosus	karvarousku (fi)	1	2018-09-11	Joensuu	Pohjois-Karjala (PK)	Suomi	62.618613	29.829593	Sure	NEUTRAL	The Atlas of Finnish Fungi
karvarousku (fi) — Lactarius torminosus	karvarousku (fi)	4	2018-09-11	Joensuu	Pohjois-Karjala (PK)	Suomi	62.612339	29.809885	Sure	NEUTRAL	The Atlas of Finnish Fungi
karvarousku (fi) — Lactarius torminosus	karvarousku (fi)	1	2018-09-11	Joensuu	Pohjois-Karjala (PK)	Suomi	62.61821	29.82523	Sure	NEUTRAL	The Atlas of Finnish Fungi
karvarousku (fi) — Lactarius torminosus	karvarousku (fi)	5	2018-09-11	Oulu	Oulun Pohjanmaa (OP)	Suomi	65.003256	25.493826	Sure	NEUTRAL	The Atlas of Finnish Fungi
karvarousku (fi) — Lactarius torminosus	karvarousku (fi)	esiintymä	2018-09-11	Ylöjärvi	Satakunta (St)	Suomi	61.673119	23.369031	Sure	NEUTRAL	The Atlas of Finnish Fungi
karvarousku (fi) — Lactarius torminosus	karvarousku (fi)		2018-09-11	Siikalatva	Keski-Pohjanmaa (KP)	Suomi	64.2187	26.0091	Sure	NEUTRAL	The Atlas of Finnish Fungi
karvarousku (fi) — Lactarius torminosus	karvarousku (fi)	1	2018-09-11	Kangasala	Etelä-Häme (EH)	Suomi	61.514469	24.023301	Sure	NEUTRAL	Notebook, general observations
karvarousku (fi) — Lactarius torminosus	karvarousku (fi)	runsaasti	2018-09-11 - 2018-09-13	Hausjärvi	Etelä-Häme (EH)	Suomi	60.670231	24.914988	Sure	NEUTRAL	The Atlas of Finnish Fungi
karvarousku (fi) — Lactarius torminosus	karvarousku (fi)	3	2018-09-10	Joensuu	Pohjois-Karjala (PK)	Suomi	62.620325	29.849779	Sure	NEUTRAL	The Atlas of Finnish Fungi
karvarousku (fi) — Lactarius torminosus	karvarousku (fi)		2018-09-09	Rovaniemi	Perä-Pohjanmaa (PeP)	Suomi	66.289541	25.111409	Sure	NEUTRAL	The Atlas of Finnish Fungi
karvarousku (fi) — Lactarius torminosus	karvarousku (fi)		2018-09-09	Siilinjärvi	Pohjois-Savo (PS)	Suomi	63.17902	27.55215	Sure	NEUTRAL	The Atlas of Finnish Fungi
karvarousku (fi) — Lactarius torminosus	karvarousku (fi)	2	2018-09-09	Oulu	Oulun Pohjanmaa (OP)	Suomi	65.246457	25.338419	Sure	EXPERT_VERIFIED	The Atlas of Finnish Fungi
karvarousku (fi) — Lactarius torminosus	karvarousku (fi)	10 >	2018-09-08	Pieksämäki	Pohjois-Savo (PS)	Suomi	62.071016	27.393342	Sure	NEUTRAL	The Atlas of Finnish Fungi
karvarousku (fi) — Lactarius torminosus	karvarousku (fi)	1	2018-09-08	Hämeenlinna, Pälkäne	Etelä-Häme (EH)	Suomi	61.240238	24.48236	Sure	NEUTRAL	The Atlas of Finnish Fungi
karvarousku (fi) — Lactarius torminosus	karvarousku (fi)		2018-09-08	Pieksämäki	Pohjois-Savo (PS)	Suomi	62.080809	27.385083	Sure	NEUTRAL	The Atlas of Finnish Fungi
karvarousku (fi) — Lactarius torminosus	karvarousku (fi)		2018-09-08	Porvoo	Uusimaa (U)	Suomi	60.3719	25.680204	Sure	EXPERT_VERIFIED	The Atlas of Finnish Fungi
karvarousku (fi) — Lactarius torminosus	karvarousku (fi)		2018-09-08	Sastamala	Satakunta (St)	Suomi	61.415095	22.631522	Sure	NEUTRAL	Notebook, general observations
karvarousku (fi) — Lactarius torminosus	karvarousku (fi)		2018-09-08	Espoo	Uusimaa (U)	Suomi	60.31016	24.60429		COMMUNITY_VERIFIED	iNaturalist Suomi Finland
karvarousku (fi) — Lactarius torminosus	karvarousku (fi)		2018-09-08	Espoo	Uusimaa (U)	Suomi	60.31251	24.5766		COMMUNITY_VERIFIED	iNaturalist Suomi Finland
karvarousku (fi) — Lactarius torminosus	karvarousku (fi)		2018-09-07	Kemijärvi	Perä-Pohjanmaa (PeP)	Suomi	66.4058	27.386471	Sure	NEUTRAL	The Atlas of Finnish Fungi
karvarousku (fi) — Lactarius torminosus	karvarousku (fi)	20-30	2018-09-07	Kouvola	Etelä-Savo (ES)	Suomi	60.904354	26.720474	Sure	EXPERT_VERIFIED	The Atlas of Finnish Fungi
karvarousku (fi) — Lactarius torminosus	karvarousku (fi)		2018-09-06	Salla	Koillismaa (Ks)	Suomi	66.907495	28.972293	Sure	NEUTRAL	The Atlas of Finnish Fungi
karvarousku (fi) — Lactarius torminosus	karvarousku (fi)	4	2018-09-06 [17:00-20:30]	Tammela	Etelä-Häme (EH)	Suomi	60.774012	23.851829	Sure	NEUTRAL	Notebook, general observations
karvarousku (fi) — Lactarius torminosus	karvarousku (fi)	lukuisia	2018-09-05	Nurmijärvi	Uusimaa (U)	Suomi	60.447588	24.846458	Sure	NEUTRAL	The Atlas of Finnish Fungi
karvarousku (fi) — Lactarius torminosus	karvarousku (fi)		2018-09-05	Heinävesi	Pohjois-Savo (PS)	Suomi	62.39339	28.81834	Sure	NEUTRAL	The Atlas of Finnish Fungi
karvarousku (fi) — Lactarius torminosus	karvarousku (fi)		2018-09-04	Heinävesi	Pohjois-Savo (PS)	Suomi	62.406628	28.772354	Sure	EXPERT_VERIFIED	The Atlas of Finnish Fungi
karvarousku (fi) — Lactarius torminosus	karvarousku (fi)		2018-09-04	Tampere	Etelä-Häme (EH)	Suomi	61.51043	23.67002		COMMUNITY_VERIFIED	iNaturalist Suomi Finland
karvarousku (fi) — Lactarius torminosus	karvarousku (fi)	4	2018-09-03	Kangasniemi	Etelä-Savo (ES)	Suomi	62.030676	26.764049	Sure	EXPERT_VERIFIED	The Atlas of Finnish Fungi
karvarousku (fi) — Lactarius torminosus	karvarousku (fi)	7	2018-09-03 [12:00-13:30]	Forssa	Etelä-Häme (EH)	Suomi	60.832142	23.606512	Sure	NEUTRAL	Notebook, general observations
karvarousku (fi) — Lactarius torminosus	karvarousku (fi)	10	2018-09-02	Oulu	Oulun Pohjanmaa (OP)	Suomi	65.081827	25.532309	Sure	NEUTRAL	The Atlas of Finnish Fungi
karvarousku (fi) — Lactarius torminosus	karvarousku (fi)	Muutamia	2018-09-02	Rovaniemi	Perä-Pohjanmaa (PeP)	Suomi	66.499874	25.9243	Sure	NEUTRAL	The Atlas of Finnish Fungi
karvarousku (fi) — Lactarius torminosus	karvarousku (fi)	3	2018-09-02	Utsjoki	Inarin Lappi (InL)	Suomi	70.088384	27.960465	Sure	NEUTRAL	The Atlas of Finnish Fungi
karvarousku (fi) — Lactarius torminosus	karvarousku (fi)		2018-09-02	Mäntsälä	Uusimaa (U)	Suomi	60.550259	25.20312	Sure	NEUTRAL	The Atlas of Finnish Fungi
karvarousku (fi) — Lactarius torminosus	karvarousku (fi)	Kohtalainen	2018-09-02 - 2018-09-03	Kuopio	Pohjois-Savo (PS)	Suomi	62.877037	27.684615	Sure	NEUTRAL	The Atlas of Finnish Fungi
karvarousku (fi) — Lactarius torminosus	karvarousku (fi)		2018-09-01 [11:00-15:00]	Inari	Inarin Lappi (InL)	Suomi	68.93404	26.345017	Sure	NEUTRAL	The Atlas of Finnish Fungi
karvarousku (fi) — Lactarius torminosus	karvarousku (fi)		2018-09-01	Inari	Inarin Lappi (InL)	Suomi	68.9342	26.34616	Sure	NEUTRAL	The Atlas of Finnish Fungi
karvarousku (fi) — Lactarius torminosus	karvarousku (fi)	5	2018-09-01	Oulu	Oulun Pohjanmaa (OP)	Suomi	65.141841	25.422163	Sure	NEUTRAL	The Atlas of Finnish Fungi
karvarousku (fi) — Lactarius torminosus	karvarousku (fi)	6	2018-09-01	Inari	Inarin Lappi (InL)	Suomi	68.925406	26.294168	Sure	NEUTRAL	The Atlas of Finnish Fungi
karvarousku (fi) — Lactarius torminosus	karvarousku (fi)	10	2018-08-31	Joensuu, Kontiolahti, Liperi, Polvijärvi	Pohjois-Karjala (PK)	Suomi	62.674605	29.632062	Sure	NEUTRAL	The Atlas of Finnish Fungi
karvarousku (fi) — Lactarius torminosus	karvarousku (fi)	3	2018-08-31	Inari	Inarin Lappi (InL)	Suomi	68.892245	26.842783	Sure	NEUTRAL	The Atlas of Finnish Fungi
karvarousku (fi) — Lactarius torminosus	karvarousku (fi)	1	2018-08-31	Joensuu	Pohjois-Karjala (PK)	Suomi	62.606493	29.787327	Sure	NEUTRAL	The Atlas of Finnish Fungi
karvarousku (fi) — Lactarius torminosus	karvarousku (fi)		2018-08-31 [13:30-15:00]	Inari	Inarin Lappi (InL)	Suomi	69.001625	26.998173	Sure	NEUTRAL	The Atlas of Finnish Fungi
karvarousku (fi) — Lactarius torminosus	karvarousku (fi)		2018-08-31	Inari	Inarin Lappi (InL)	Suomi	69.000467	27.00188	Sure	NEUTRAL	The Atlas of Finnish Fungi
karvarousku (fi) — Lactarius torminosus	karvarousku (fi)	2	2018-08-31	Inari	Inarin Lappi (InL)	Suomi	68.883409	26.808338	Sure	NEUTRAL	The Atlas of Finnish Fungi
karvarousku (fi) — Lactarius torminosus	karvarousku (fi)	useita	2018-08-31	Ylitornio	Perä-Pohjanmaa (PeP)	Suomi	66.604105	24.524625	Sure	NEUTRAL	The Atlas of Finnish Fungi
karvarousku (fi) — Lactarius torminosus	karvarousku (fi)	10	2018-08-30 - 2018-08-31	Keminmaa, Tornio	Perä-Pohjanmaa (PeP)	Suomi	65.861273	24.531406	Subspecies unsure	NEUTRAL	The Atlas of Finnish Fungi
karvarousku (fi) — Lactarius torminosus	karvarousku (fi)	2	2018-08-29	Rovaniemi	Perä-Pohjanmaa (PeP)	Suomi	66.501464	25.729144	Sure	NEUTRAL	The Atlas of Finnish Fungi
karvarousku (fi) — Lactarius torminosus	karvarousku (fi)	1	2018-08-29	Rovaniemi	Perä-Pohjanmaa (PeP)	Suomi	66.58088	25.65738	Sure	EXPERT_VERIFIED	The Atlas of Finnish Fungi
karvarousku (fi) — Lactarius torminosus	karvarousku (fi)	10	2018-08-29	Ylöjärvi	Satakunta (St)	Suomi	61.668543	23.297813	Sure	NEUTRAL	The Atlas of Finnish Fungi
karvarousku (fi) — Lactarius torminosus	karvarousku (fi)	Useita	2018-08-28 - 2018-08-29	Suomussalmi	Kainuu (Kn)	Suomi	64.896321	28.84998	Sure	NEUTRAL	The Atlas of Finnish Fungi
karvarousku (fi) — Lactarius torminosus	karvarousku (fi)	Runsaasti	2018-08-26	Rovaniemi	Perä-Pohjanmaa (PeP)	Suomi	66.501114	25.763024	Sure	EXPERT_VERIFIED	The Atlas of Finnish Fungi
karvarousku (fi) — Lactarius torminosus	karvarousku (fi)	10	2018-08-26	Kuusamo	Koillismaa (Ks)	Suomi	66.367126	29.322787	Sure	EXPERT_VERIFIED	The Atlas of Finnish Fungi
karvarousku (fi) — Lactarius torminosus	karvarousku (fi)	1	2018-08-24	Rovaniemi	Perä-Pohjanmaa (PeP)	Suomi	66.87196	25.62497	Sure	EXPERT_VERIFIED	The Atlas of Finnish Fungi
karvarousku (fi) — Lactarius torminosus	karvarousku (fi)		2018-08-20	Kontiolahti	Pohjois-Karjala (PK)	Suomi	62.703677	29.739145	Sure	NEUTRAL	Notebook, general observations
karvarousku (fi) — Lactarius torminosus	karvarousku (fi)	yksittäin	2018-08-16 - 2018-08-17	Rovaniemi	Perä-Pohjanmaa (PeP)	Suomi	66.415423	25.816039	Sure	NEUTRAL	Notebook, general observations
karvarousku (fi) — Lactarius torminosus	karvarousku (fi)	1	2018-08-12	Rovaniemi	Perä-Pohjanmaa (PeP)	Suomi	66.644889	26.4312	Sure	NEUTRAL	The Atlas of Finnish Fungi
karvarousku (fi) — Lactarius torminosus	karvarousku (fi)		2018-08-07 - 2018-08-08	Vehmaa	Varsinais-Suomi (V)	Suomi	60.745404	21.755966	Sure	NEUTRAL	Notebook, general observations
karvarousku (fi) — Lactarius torminosus	karvarousku (fi)	50	2018-08-01 - 2018-09-16	Enontekiö	Enontekiön Lappi (EnL)	Suomi	68.485966	23.208006	Sure	NEUTRAL	The Atlas of Finnish Fungi
karvarousku (fi) — Lactarius torminosus	karvarousku (fi)	20	2018-08-01 - 2018-09-16	Enontekiö	Enontekiön Lappi (EnL)	Suomi	68.415653	24.194903	Sure	NEUTRAL	The Atlas of Finnish Fungi
karvarousku (fi) — Lactarius torminosus	karvarousku (fi)	20	2018-08-01 - 2018-09-16	Enontekiö	Enontekiön Lappi (EnL)	Suomi	68.485966	23.208006	Sure	NEUTRAL	The Atlas of Finnish Fungi
karvarousku (fi) — Lactarius torminosus	karvarousku (fi)		2017-10-19	Salo	Varsinais-Suomi (V)	Suomi	60.219891	22.902438	Sure	EXPERT_VERIFIED	The Atlas of Finnish Fungi
karvarousku (fi) — Lactarius torminosus	karvarousku (fi)	2	2017-10-17	Turku	Varsinais-Suomi (V)	Suomi	60.484553	22.237745		EXPERT_VERIFIED	Hatikka.fi observations
karvarousku (fi) — Lactarius torminosus	karvarousku (fi)		2017-10-17	Lohja	Varsinais-Suomi (V)	Suomi	60.227311	23.864425		NEUTRAL	LajiGIS: Species mapping and surveys
karvarousku (fi) — Lactarius torminosus	karvarousku (fi)		2017-10-07	Raisio	Varsinais-Suomi (V)	Suomi	60.473807	22.104996	Sure	EXPERT_VERIFIED	The Atlas of Finnish Fungi
karvarousku (fi) — Lactarius torminosus	karvarousku (fi)		2017-10-04	Helsinki	Uusimaa (U)	Suomi	60.191545	25.138846	Sure	EXPERT_VERIFIED	The Atlas of Finnish Fungi
karvarousku (fi) — Lactarius torminosus	karvarousku (fi)		2017-10-01 [18:00]	Kokemäki, Sastamala	Satakunta (St)	Suomi	61.461371	22.587169	Sure	NEUTRAL	The Atlas of Finnish Fungi
karvarousku (fi) — Lactarius torminosus	karvarousku (fi)		2017-09-24	Espoo	Uusimaa (U)	Suomi	60.337343	24.684542	Sure	EXPERT_VERIFIED	The Atlas of Finnish Fungi
karvarousku (fi) — Lactarius torminosus	karvarousku (fi)		2017-09-23	Kokemäki, Sastamala	Satakunta (St)	Suomi	61.371899	22.599805	Sure	NEUTRAL	The Atlas of Finnish Fungi
karvarousku (fi) — Lactarius torminosus	karvarousku (fi)	1	2017-09-23	Turku	Varsinais-Suomi (V)	Suomi	60.427924	22.210731	Sure	NEUTRAL	Hatikka.fi observations
karvarousku (fi) — Lactarius torminosus	karvarousku (fi)	few	2017-09-23	Masku	Varsinais-Suomi (V)	Suomi	60.595721	22.178432		NEUTRAL	Hatikka.fi observations
karvarousku (fi) — Lactarius torminosus	karvarousku (fi)		2017-09-22	Pyhäjärvi	Keski-Pohjanmaa (KP)	Suomi	63.77231	26.0643	Sure	EXPERT_VERIFIED	The Atlas of Finnish Fungi
karvarousku (fi) — Lactarius torminosus	karvarousku (fi)		2017-09-22	Helsinki	Uusimaa (U)	Suomi	60.203889	25.176635	Sure	EXPERT_VERIFIED	The Atlas of Finnish Fungi
karvarousku (fi) — Lactarius torminosus	karvarousku (fi)	2	2017-09-21	Tuusula	Uusimaa (U)	Suomi	60.447188	24.980422	Sure	EXPERT_VERIFIED	The Atlas of Finnish Fungi
karvarousku (fi) — Lactarius torminosus	karvarousku (fi)		2017-09-21	Hankasalmi	Pohjois-Häme (PH)	Suomi	62.320349	26.322113	Sure	NEUTRAL	The Atlas of Finnish Fungi
karvarousku (fi) — Lactarius torminosus	karvarousku (fi)	1	2017-09-21	Turku	Varsinais-Suomi (V)	Suomi	60.476872	22.231887		NEUTRAL	Hatikka.fi observations
karvarousku (fi) — Lactarius torminosus	karvarousku (fi)		2017-09-19	Loimaa	Satakunta (St)	Suomi	60.852947	23.047624	Sure	EXPERT_VERIFIED	The Atlas of Finnish Fungi
karvarousku (fi) — Lactarius torminosus	karvarousku (fi)		2017-09-19	Heinävesi	Pohjois-Savo (PS)	Suomi	62.43748	28.82468	Sure	EXPERT_VERIFIED	The Atlas of Finnish Fungi
karvarousku (fi) — Lactarius torminosus	karvarousku (fi)	2	2017-09-19	Suomussalmi	Kainuu (Kn)	Suomi	64.835855	29.208894	Sure	EXPERT_VERIFIED	The Atlas of Finnish Fungi
karvarousku (fi) — Lactarius torminosus	karvarousku (fi)	4	2017-09-17	Joensuu	Pohjois-Karjala (PK)	Suomi	62.527838	29.850873	Sure	NEUTRAL	The Atlas of Finnish Fungi
karvarousku (fi) — Lactarius torminosus	karvarousku (fi)		2017-09-16	Rovaniemi	Perä-Pohjanmaa (PeP)	Suomi	66.374235	25.369032	Sure	EXPERT_VERIFIED	The Atlas of Finnish Fungi
karvarousku (fi) — Lactarius torminosus	karvarousku (fi)	5	2017-09-16	Rautalampi	Pohjois-Häme (PH)	Suomi	62.515582	26.746786	Sure	EXPERT_VERIFIED	The Atlas of Finnish Fungi
karvarousku (fi) — Lactarius torminosus	karvarousku (fi)	yksi	2017-09-16	Simo	Perä-Pohjanmaa (PeP)	Suomi	65.634941	25.114403	Sure	EXPERT_VERIFIED	The Atlas of Finnish Fungi
karvarousku (fi) — Lactarius torminosus	karvarousku (fi)		2017-09-16	Rovaniemi	Perä-Pohjanmaa (PeP)	Suomi	66.591641	26.119452	Sure	EXPERT_VERIFIED	The Atlas of Finnish Fungi
karvarousku (fi) — Lactarius torminosus	karvarousku (fi)		2017-09-15	Rautalampi	Pohjois-Häme (PH)	Suomi	62.581559	26.662875	Sure	NEUTRAL	The Atlas of Finnish Fungi
karvarousku (fi) — Lactarius torminosus	karvarousku (fi)		2017-09-15	Rautalampi	Pohjois-Häme (PH)	Suomi	62.580749	26.66164	Sure	EXPERT_VERIFIED	The Atlas of Finnish Fungi
karvarousku (fi) — Lactarius torminosus	karvarousku (fi)	Vähäinen	2017-09-14	Tampere	Etelä-Häme (EH)	Suomi	61.499864	23.611825	Sure	EXPERT_VERIFIED	The Atlas of Finnish Fungi
karvarousku (fi) — Lactarius torminosus	karvarousku (fi)	useita	2017-09-14	Pieksämäki	Pohjois-Savo (PS)	Suomi	62.473588	27.313417	Sure	EXPERT_VERIFIED	The Atlas of Finnish Fungi
karvarousku (fi) — Lactarius torminosus	karvarousku (fi)		2017-09-13	Kajaani	Kainuu (Kn)	Suomi	64.233652	27.727577	Sure	NEUTRAL	The Atlas of Finnish Fungi
karvarousku (fi) — Lactarius torminosus	karvarousku (fi)	Runsas	2017-09-13	Nokia	Etelä-Häme (EH)	Suomi	61.495973	23.557621	Sure	EXPERT_VERIFIED	The Atlas of Finnish Fungi
karvarousku (fi) — Lactarius torminosus	karvarousku (fi)	Runsas	2017-09-12	Ylöjärvi	Etelä-Häme (EH)	Suomi	61.547061	23.545932	Sure	EXPERT_VERIFIED	The Atlas of Finnish Fungi
karvarousku (fi) — Lactarius torminosus	karvarousku (fi)	3	2017-09-12	Nurmijärvi	Uusimaa (U)	Suomi	60.555629	24.751551	Sure	NEUTRAL	The Atlas of Finnish Fungi
karvarousku (fi) — Lactarius torminosus	karvarousku (fi)		2017-09-11	Hyvinkää	Uusimaa (U)	Suomi	60.545303	24.647091		NEUTRAL	LajiGIS: Species mapping and surveys
karvarousku (fi) — Lactarius torminosus	karvarousku (fi)	2	2017-09-11	Raisio	Varsinais-Suomi (V)	Suomi	60.497916	22.20841		NEUTRAL	Hatikka.fi observations
karvarousku (fi) — Lactarius torminosus	karvarousku (fi)		2017-09-10	Helsinki	Uusimaa (U)	Suomi	60.286293	25.210361	Sure	EXPERT_VERIFIED	The Atlas of Finnish Fungi
karvarousku (fi) — Lactarius torminosus	karvarousku (fi)	1	2017-09-10	Hämeenkyrö, Ylöjärvi	Satakunta (St)	Suomi	61.67164	23.374175	Sure	NEUTRAL	The Atlas of Finnish Fungi
karvarousku (fi) — Lactarius torminosus	karvarousku (fi)	2	2017-09-10	Hyvinkää, Nurmijärvi	Uusimaa (U)	Suomi	60.563483	24.740057	Sure	NEUTRAL	The Atlas of Finnish Fungi
karvarousku (fi) — Lactarius torminosus	karvarousku (fi)	useita	2017-09-10	Helsinki	Uusimaa (U)	Suomi	60.212604	24.974323	Sure	NEUTRAL	The Atlas of Finnish Fungi
karvarousku (fi) — Lactarius torminosus	karvarousku (fi)		2017-09-09	Raisio	Varsinais-Suomi (V)	Suomi	60.475255	22.101241	Sure	EXPERT_VERIFIED	The Atlas of Finnish Fungi
karvarousku (fi) — Lactarius torminosus	karvarousku (fi)	useita kymmeniä	2017-09-05	Raahe	Keski-Pohjanmaa (KP)	Suomi	64.553973	24.393134	Sure	NEUTRAL	The Atlas of Finnish Fungi
karvarousku (fi) — Lactarius torminosus	karvarousku (fi)		2017-09-02	Rovaniemi	Perä-Pohjanmaa (PeP)	Suomi	66.319904	26.714396	Sure	EXPERT_VERIFIED	The Atlas of Finnish Fungi
karvarousku (fi) — Lactarius torminosus	karvarousku (fi)	useita	2017-09-02	Hankasalmi	Pohjois-Häme (PH)	Suomi	62.317388	26.356489	Sure	NEUTRAL	The Atlas of Finnish Fungi
karvarousku (fi) — Lactarius torminosus	karvarousku (fi)		2017-09-02 - 2017-09-04	Puolanka	Kainuu (Kn)	Suomi	64.867021	27.673875	Sure	EXPERT_VERIFIED	The Atlas of Finnish Fungi
karvarousku (fi) — Lactarius torminosus	karvarousku (fi)	useita	2017-09-01	Paltamo	Kainuu (Kn)	Suomi	64.348321	28.039435	Sure	NEUTRAL	The Atlas of Finnish Fungi
karvarousku (fi) — Lactarius torminosus	karvarousku (fi)	1	2017-09-01	Turku	Varsinais-Suomi (V)	Suomi	60.487826	22.247054		NEUTRAL	Hatikka.fi observations
karvarousku (fi) — Lactarius torminosus	karvarousku (fi)		2017-08-29	Vaala	Kainuu (Kn)	Suomi	64.415991	27.141351	Sure	NEUTRAL	The Atlas of Finnish Fungi
karvarousku (fi) — Lactarius torminosus	karvarousku (fi)		2017-08-29	Paltamo	Kainuu (Kn)	Suomi	64.427038	27.595385	Sure	NEUTRAL	The Atlas of Finnish Fungi
karvarousku (fi) — Lactarius torminosus	karvarousku (fi)		2017-08-28	Puolanka	Kainuu (Kn)	Suomi	64.80898	27.821526	Sure	NEUTRAL	The Atlas of Finnish Fungi
karvarousku (fi) — Lactarius torminosus	karvarousku (fi)	4	2017-08-24	Turku	Varsinais-Suomi (V)	Suomi	60.488769	22.235194		NEUTRAL	Hatikka.fi observations
karvarousku (fi) — Lactarius torminosus	karvarousku (fi)		2017-08-23	Porvoo	Uusimaa (U)	Suomi	60.36018	25.744087	Sure	EXPERT_VERIFIED	The Atlas of Finnish Fungi
karvarousku (fi) — Lactarius torminosus	karvarousku (fi)		2017-08-22	Turku	Varsinais-Suomi (V)	Suomi	60.431827	22.165939	Sure	EXPERT_VERIFIED	The Atlas of Finnish Fungi
karvarousku (fi) — Lactarius torminosus	karvarousku (fi)		2017-08-15	Rovaniemi	Perä-Pohjanmaa (PeP)	Suomi	66.581633	25.672867	Sure	EXPERT_VERIFIED	The Atlas of Finnish Fungi
karvarousku (fi) — Lactarius torminosus	karvarousku (fi)	useita itiöemiä n. 10 m matkalla	2017-08-13	Leppävirta	Pohjois-Savo (PS)	Suomi	62.515906	27.910429	Sure	NEUTRAL	The Atlas of Finnish Fungi
karvarousku (fi) — Lactarius torminosus	karvarousku (fi)		2017-08-05 [15:30-18:30]	Kuhmoinen	Etelä-Häme (EH)	Suomi	61.676748	25.009239	Sure	EXPERT_VERIFIED	The Atlas of Finnish Fungi
karvarousku (fi) — Lactarius torminosus	karvarousku (fi)		2017-08-05	Kuhmoinen	Etelä-Häme (EH)	Suomi	61.67481	25.00262		COMMUNITY_VERIFIED	iNaturalist Suomi Finland
karvarousku (fi) — Lactarius torminosus	karvarousku (fi)		2017-07-29	Helsinki	Uusimaa (U)	Suomi	60.213538	24.974784	Sure	EXPERT_VERIFIED	The Atlas of Finnish Fungi
karvarousku (fi) — Lactarius torminosus	karvarousku (fi)	4	2016-09-25	Espoo	Uusimaa (U)	Suomi	60.325896	24.686043		NEUTRAL	Löydös Open Finnish Observation Database
karvarousku (fi) — Lactarius torminosus	karvarousku (fi)		2016-09-23	Espoo	Uusimaa (U)	Suomi	60.195733	24.609651	Sure	NEUTRAL	Notebook, general observations
karvarousku (fi) — Lactarius torminosus	karvarousku (fi)		2016-09-22	Espoo	Uusimaa (U)	Suomi	60.254716	24.606991	Sure	NEUTRAL	Notebook, general observations
karvarousku (fi) — Lactarius torminosus	karvarousku (fi)		2016-09-21	Joensuu	Pohjois-Karjala (PK)	Suomi	62.48553	30.186383	Sure	NEUTRAL	The Atlas of Finnish Fungi
karvarousku (fi) — Lactarius torminosus	karvarousku (fi)		2016-09-14	Lieksa	Pohjois-Karjala (PK)	Suomi	63.145867	30.607095	Sure	NEUTRAL	The Atlas of Finnish Fungi
karvarousku (fi) — Lactarius torminosus	karvarousku (fi)	1	2016-09-13	Turku	Varsinais-Suomi (V)	Suomi	60.427153	22.201	Sure	NEUTRAL	Hatikka.fi observations
karvarousku (fi) — Lactarius torminosus	karvarousku (fi)	3	2016-09-13	Kontiolahti	Pohjois-Karjala (PK)	Suomi	62.60803	30.028107	Sure	NEUTRAL	The Atlas of Finnish Fungi
karvarousku (fi) — Lactarius torminosus	karvarousku (fi)		2016-09-08	Kuhmo	Kainuu (Kn)	Suomi	64.168575	30.346473	Sure	NEUTRAL	Notebook, general observations
karvarousku (fi) — Lactarius torminosus	karvarousku (fi)		2016-09-04	Espoo	Uusimaa (U)	Suomi	60.297086	24.560573	Sure	EXPERT_VERIFIED	The Atlas of Finnish Fungi
karvarousku (fi) — Lactarius torminosus	karvarousku (fi)	1	2016-09-03	Espoo	Uusimaa (U)	Suomi	60.22259	24.79278		NEUTRAL	Hatikka.fi observations
karvarousku (fi) — Lactarius torminosus	karvarousku (fi)	2	2016-09-02	Espoo	Uusimaa (U)	Suomi	60.20504	24.817411		NEUTRAL	Hatikka.fi observations
karvarousku (fi) — Lactarius torminosus	karvarousku (fi)		2016-09-02	Tuusula	Uusimaa (U)	Suomi	60.447356	24.980509	Sure	EXPERT_VERIFIED	The Atlas of Finnish Fungi
karvarousku (fi) — Lactarius torminosus	karvarousku (fi)	2	2016-08-24 - 2016-08-30	Kuopio	Pohjois-Savo (PS)	Suomi	62.882924	27.68977	Sure	NEUTRAL	The Atlas of Finnish Fungi
karvarousku (fi) — Lactarius torminosus	karvarousku (fi)		2016-08-23	Hollola	Etelä-Häme (EH)	Suomi	61.019098	25.541632	Sure	NEUTRAL	The Atlas of Finnish Fungi
karvarousku (fi) — Lactarius torminosus	karvarousku (fi)	1	2016-08-20 [14:32-16:02]	Somero	Etelä-Häme (EH)	Suomi	60.665817	23.597285	Sure	EXPERT_VERIFIED	Hatikka.fi observations
karvarousku (fi) — Lactarius torminosus	karvarousku (fi)		2016-08-19	Rovaniemi	Perä-Pohjanmaa (PeP)	Suomi	66.305156	25.113212		NEUTRAL	LajiGIS: Species mapping and surveys
karvarousku (fi) — Lactarius torminosus	karvarousku (fi)		2015-09-30	Salo	Varsinais-Suomi (V)	Suomi	60.24691	23.476658	Sure	NEUTRAL	The Atlas of Finnish Fungi
karvarousku (fi) — Lactarius torminosus	karvarousku (fi)		2015-09-26	Kajaani	Kainuu (Kn)	Suomi	64.292044	27.665479	Sure	NEUTRAL	The Atlas of Finnish Fungi
karvarousku (fi) — Lactarius torminosus	karvarousku (fi)	1	2015-09-22		Uusimaa (U)	Suomi				NEUTRAL	Hatikka.fi observations
karvarousku (fi) — Lactarius torminosus	karvarousku (fi)	1	2015-09-20	Espoo	Uusimaa (U)	Suomi	60.21353	24.838013		NEUTRAL	Hatikka.fi observations
karvarousku (fi) — Lactarius torminosus	karvarousku (fi)		2015-08-16	Helsinki	Uusimaa (U)	Suomi	60.281432	25.218187	Sure	EXPERT_VERIFIED	The Atlas of Finnish Fungi
karvarousku (fi) — Lactarius torminosus	karvarousku (fi)	few	2015-08-11	Turku	Varsinais-Suomi (V)	Suomi	60.507599	22.243256		EXPERT_VERIFIED	Hatikka.fi observations
