Species	Vernacular name	Number	Time	Municipality	Biogeographical Province	Country	WGS84 N	WGS84 E	The stated certainty of the observation	Observation Reliability	Collection
keltavahvero (fi) — Cantharellus cibarius	keltavahvero (fi)		2026-09-15	Sievi	Keski-Pohjanmaa (KP)	Suomi	63.76425	24.77197		NEUTRAL	iNaturalist Suomi Finland
keltavahvero (fi) — Cantharellus cibarius	keltavahvero (fi)		2026-09-14	Lohja	Varsinais-Suomi (V)	Suomi	60.307986	24.192174	Sure	NEUTRAL	The Atlas of Finnish Fungi
keltavahvero (fi) — Cantharellus cibarius	keltavahvero (fi)		2026-09-14	Masku, Mynämäki, Nousiainen, Pöytyä, Rusko, Turku	Satakunta (St), Varsinais-Suomi (V)	Suomi	60.7	22.3		COMMUNITY_VERIFIED	iNaturalist Suomi Finland
keltavahvero (fi) — Cantharellus cibarius	keltavahvero (fi)		2026-09-13	Vihti	Varsinais-Suomi (V)	Suomi	60.30198	24.49065		COMMUNITY_VERIFIED	iNaturalist Suomi Finland
keltavahvero (fi) — Cantharellus cibarius	keltavahvero (fi)		2026-09-13 [15:19-16:52]	Tampere	Etelä-Häme (EH)	Suomi	61.470333	23.811439	Sure	NEUTRAL	The Atlas of Finnish Fungi
keltavahvero (fi) — Cantharellus cibarius	keltavahvero (fi)		2026-09-13	Kirkkonummi	Uusimaa (U)	Suomi	60.10831	24.40357		COMMUNITY_VERIFIED	iNaturalist Suomi Finland
keltavahvero (fi) — Cantharellus cibarius	keltavahvero (fi)		2026-09-12	Espoo	Uusimaa (U)	Suomi	60.23107	24.67727		COMMUNITY_VERIFIED	iNaturalist Suomi Finland
keltavahvero (fi) — Cantharellus cibarius	keltavahvero (fi)		2026-09-12	Kirkkonummi	Uusimaa (U)	Suomi	60.073294	24.580225	Sure	NEUTRAL	The Atlas of Finnish Fungi
keltavahvero (fi) — Cantharellus cibarius	keltavahvero (fi)		2026-09-12 [9:42-11:15]	Helsinki	Uusimaa (U)	Suomi	60.244817	25.173147	Sure	NEUTRAL	The Atlas of Finnish Fungi
keltavahvero (fi) — Cantharellus cibarius	keltavahvero (fi)		2026-09-12	Porvoo	Uusimaa (U)	Suomi	60.36768	25.73402		NEUTRAL	iNaturalist Suomi Finland
keltavahvero (fi) — Cantharellus cibarius	keltavahvero (fi)		2026-09-11	Savonlinna	Etelä-Savo (ES)	Suomi	61.56162	29.09271		COMMUNITY_VERIFIED	iNaturalist Suomi Finland
keltavahvero (fi) — Cantharellus cibarius	keltavahvero (fi)		2026-09-10	Porvoo	Uusimaa (U)	Suomi	60.37156	25.68117		COMMUNITY_VERIFIED	iNaturalist Suomi Finland
keltavahvero (fi) — Cantharellus cibarius	keltavahvero (fi)		2026-09-10	Espoo	Uusimaa (U)	Suomi	60.19314	24.78189		NEUTRAL	iNaturalist Suomi Finland
keltavahvero (fi) — Cantharellus cibarius	keltavahvero (fi)		2026-09-07	Raasepori	Varsinais-Suomi (V)	Suomi	60.13026	23.5012	Sure	NEUTRAL	The Atlas of Finnish Fungi
keltavahvero (fi) — Cantharellus cibarius	keltavahvero (fi)		2026-09-07	Espoo	Uusimaa (U)	Suomi	60.29041	24.57741		COMMUNITY_VERIFIED	iNaturalist Suomi Finland
keltavahvero (fi) — Cantharellus cibarius	keltavahvero (fi)		2026-09-06	Kouvola	Etelä-Savo (ES)	Suomi	60.88144	26.75174		COMMUNITY_VERIFIED	iNaturalist Suomi Finland
keltavahvero (fi) — Cantharellus cibarius	keltavahvero (fi)		2026-09-06 [17:39] - 2026-09-07 [18:14]	Espoo	Uusimaa (U)	Suomi	60.192008	24.660904	Sure	NEUTRAL	Notebook, general observations
keltavahvero (fi) — Cantharellus cibarius	keltavahvero (fi)		2026-09-06 [12:55]	Tampere	Etelä-Häme (EH)	Suomi	61.468525	23.814743	Sure	NEUTRAL	The Atlas of Finnish Fungi
keltavahvero (fi) — Cantharellus cibarius	keltavahvero (fi)		2026-09-05 - 2026-09-06	Asikkala	Etelä-Häme (EH)	Suomi	61.169459	25.867302	Sure	NEUTRAL	Notebook, general observations
keltavahvero (fi) — Cantharellus cibarius	keltavahvero (fi)		2026-09-05	Helsinki	Uusimaa (U)	Suomi	60.23413	25.14018		COMMUNITY_VERIFIED	iNaturalist Suomi Finland
keltavahvero (fi) — Cantharellus cibarius	keltavahvero (fi)		2026-09-05	Tampere	Etelä-Häme (EH)	Suomi	61.5117	23.8178		COMMUNITY_VERIFIED	iNaturalist Suomi Finland
keltavahvero (fi) — Cantharellus cibarius	keltavahvero (fi)		2026-09-05	Espoo	Uusimaa (U)	Suomi	60.306825	24.711637	Sure	NEUTRAL	The Atlas of Finnish Fungi
keltavahvero (fi) — Cantharellus cibarius	keltavahvero (fi)		2026-09-04	Turku	Varsinais-Suomi (V)	Suomi	60.412043	22.116489	Sure	NEUTRAL	The Atlas of Finnish Fungi
keltavahvero (fi) — Cantharellus cibarius	keltavahvero (fi)		2026-09-04	Salo	Varsinais-Suomi (V)	Suomi	60.367948	23.375102	Sure	NEUTRAL	The Atlas of Finnish Fungi
keltavahvero (fi) — Cantharellus cibarius	keltavahvero (fi)		2026-09-04	Lohja	Varsinais-Suomi (V)	Suomi	60.40297	23.810083	Sure	NEUTRAL	The Atlas of Finnish Fungi
keltavahvero (fi) — Cantharellus cibarius	keltavahvero (fi)		2026-09-03	Orimattila	Uusimaa (U)	Suomi	60.76348	25.89414		COMMUNITY_VERIFIED	iNaturalist Suomi Finland
keltavahvero (fi) — Cantharellus cibarius	keltavahvero (fi)		2026-09-03	Imatra	Etelä-Savo (ES)	Suomi	61.20029	28.72214		COMMUNITY_VERIFIED	iNaturalist Suomi Finland
keltavahvero (fi) — Cantharellus cibarius	keltavahvero (fi)		2026-09-02	Ruokolahti	Etelä-Savo (ES)	Suomi	61.42153	28.41806		COMMUNITY_VERIFIED	iNaturalist Suomi Finland
keltavahvero (fi) — Cantharellus cibarius	keltavahvero (fi)		2026-09-02 [18:26]	Jyväskylä	Pohjois-Häme (PH)	Suomi	62.247218	25.699993	Sure	NEUTRAL	The Atlas of Finnish Fungi
keltavahvero (fi) — Cantharellus cibarius	keltavahvero (fi)		2026-09-01	Kouvola	Etelä-Savo (ES)	Suomi	60.88983	26.78528		COMMUNITY_VERIFIED	iNaturalist Suomi Finland
keltavahvero (fi) — Cantharellus cibarius	keltavahvero (fi)		2026-08-31	Kouvola	Etelä-Savo (ES)	Suomi	60.87495	26.73062		COMMUNITY_VERIFIED	iNaturalist Suomi Finland
keltavahvero (fi) — Cantharellus cibarius	keltavahvero (fi)		2026-08-31	Kirkkonummi	Uusimaa (U)	Suomi	60.15226	24.56484		COMMUNITY_VERIFIED	iNaturalist Suomi Finland
keltavahvero (fi) — Cantharellus cibarius	keltavahvero (fi)		2026-08-30	Vantaa	Uusimaa (U)	Suomi	60.27639	24.90267		NEUTRAL	iNaturalist Suomi Finland
keltavahvero (fi) — Cantharellus cibarius	keltavahvero (fi)		2026-08-30	Hyvinkää	Uusimaa (U)	Suomi	60.61853	24.84363		COMMUNITY_VERIFIED	iNaturalist Suomi Finland
keltavahvero (fi) — Cantharellus cibarius	keltavahvero (fi)		2026-08-30	Orimattila	Uusimaa (U)	Suomi	60.814224	25.866412	Sure	NEUTRAL	Notebook, general observations
keltavahvero (fi) — Cantharellus cibarius	keltavahvero (fi)		2026-08-29	Hämeenlinna	Etelä-Häme (EH)	Suomi	61.05641	23.78147		COMMUNITY_VERIFIED	iNaturalist Suomi Finland
keltavahvero (fi) — Cantharellus cibarius	keltavahvero (fi)		2026-08-29	Espoo, Helsinki, Nurmijärvi, Tuusula, Vantaa	Uusimaa (U)	Suomi	60.3	24.9		COMMUNITY_VERIFIED	iNaturalist Suomi Finland
keltavahvero (fi) — Cantharellus cibarius	keltavahvero (fi)		2026-08-29	Hartola	Etelä-Häme (EH)	Suomi	61.65315	26.0705		COMMUNITY_VERIFIED	iNaturalist Suomi Finland
keltavahvero (fi) — Cantharellus cibarius	keltavahvero (fi)		2026-08-29	Joensuu	Pohjois-Karjala (PK)	Suomi	62.40928	30.17657		NEUTRAL	iNaturalist Suomi Finland
keltavahvero (fi) — Cantharellus cibarius	keltavahvero (fi)		2026-08-28	Joutsa	Etelä-Savo (ES)	Suomi	61.92567	25.99224		COMMUNITY_VERIFIED	iNaturalist Suomi Finland
keltavahvero (fi) — Cantharellus cibarius	keltavahvero (fi)		2026-08-28	Hyvinkää	Uusimaa (U)	Suomi	60.5835	24.721863	Sure	NEUTRAL	The Atlas of Finnish Fungi
keltavahvero (fi) — Cantharellus cibarius	keltavahvero (fi)		2026-08-28	Kolari	Kittilän Lappi (KiL)	Suomi	67.57852	24.14627		COMMUNITY_VERIFIED	iNaturalist Suomi Finland
keltavahvero (fi) — Cantharellus cibarius	keltavahvero (fi)		2026-08-28	Hartola, Joutsa	Etelä-Häme (EH), Etelä-Savo (ES)	Suomi	61.7	26.1		COMMUNITY_VERIFIED	iNaturalist Suomi Finland
keltavahvero (fi) — Cantharellus cibarius	keltavahvero (fi)		2026-08-28	Tampere	Etelä-Häme (EH)	Suomi	61.5231	23.95098		COMMUNITY_VERIFIED	iNaturalist Suomi Finland
keltavahvero (fi) — Cantharellus cibarius	keltavahvero (fi)		2026-08-28	Janakkala	Etelä-Häme (EH)	Suomi	60.9588	24.62745		NEUTRAL	iNaturalist Suomi Finland
keltavahvero (fi) — Cantharellus cibarius	keltavahvero (fi)		2026-08-26	Salo	Varsinais-Suomi (V)	Suomi	60.25664	23.38967		COMMUNITY_VERIFIED	iNaturalist Suomi Finland
keltavahvero (fi) — Cantharellus cibarius	keltavahvero (fi)		2026-08-26	Ylöjärvi	Etelä-Häme (EH)	Suomi	61.525897	23.626301	Sure	NEUTRAL	Notebook, general observations
keltavahvero (fi) — Cantharellus cibarius	keltavahvero (fi)	60	2026-08-26	Savonlinna	Etelä-Savo (ES)	Suomi	61.824279	29.626456	Sure	NEUTRAL	The Atlas of Finnish Fungi
keltavahvero (fi) — Cantharellus cibarius	keltavahvero (fi)		2026-08-25	Kouvola	Etelä-Savo (ES)	Suomi	61.18844	26.86181		NEUTRAL	iNaturalist Suomi Finland
keltavahvero (fi) — Cantharellus cibarius	keltavahvero (fi)		2026-08-25	Kouvola	Etelä-Savo (ES)	Suomi	61.18734	26.86078		COMMUNITY_VERIFIED	iNaturalist Suomi Finland
keltavahvero (fi) — Cantharellus cibarius	keltavahvero (fi)		2026-08-25	Mäntyharju	Etelä-Savo (ES)	Suomi	61.19707	26.95219		COMMUNITY_VERIFIED	iNaturalist Suomi Finland
keltavahvero (fi) — Cantharellus cibarius	keltavahvero (fi)		2026-08-25	Hirvensalmi	Etelä-Savo (ES)	Suomi	61.73507	26.77487		COMMUNITY_VERIFIED	iNaturalist Suomi Finland
keltavahvero (fi) — Cantharellus cibarius	keltavahvero (fi)		2026-08-25	Kouvola	Etelä-Savo (ES)	Suomi	61.19363	26.87056		COMMUNITY_VERIFIED	iNaturalist Suomi Finland
keltavahvero (fi) — Cantharellus cibarius	keltavahvero (fi)		2026-08-25	Kouvola	Etelä-Savo (ES)	Suomi	61.19366	26.87053		COMMUNITY_VERIFIED	iNaturalist Suomi Finland
keltavahvero (fi) — Cantharellus cibarius	keltavahvero (fi)		2026-08-25	Kouvola	Etelä-Savo (ES)	Suomi	61.1937	26.87081		NEUTRAL	iNaturalist Suomi Finland
keltavahvero (fi) — Cantharellus cibarius	keltavahvero (fi)		2026-08-25	Kouvola	Etelä-Savo (ES)	Suomi	61.19346	26.87009		COMMUNITY_VERIFIED	iNaturalist Suomi Finland
keltavahvero (fi) — Cantharellus cibarius	keltavahvero (fi)		2026-08-25	Turku	Varsinais-Suomi (V)	Suomi	60.43419	22.18844		COMMUNITY_VERIFIED	iNaturalist Suomi Finland
keltavahvero (fi) — Cantharellus cibarius	keltavahvero (fi)		2026-08-25	Pirkkala	Etelä-Häme (EH)	Suomi	61.47352	23.66198		COMMUNITY_VERIFIED	iNaturalist Suomi Finland
keltavahvero (fi) — Cantharellus cibarius	keltavahvero (fi)		2026-08-25	Kouvola	Etelä-Savo (ES)	Suomi	61.19365	26.87067		COMMUNITY_VERIFIED	iNaturalist Suomi Finland
keltavahvero (fi) — Cantharellus cibarius	keltavahvero (fi)		2026-08-25	Masku, Naantali, Nousiainen, Raisio, Rusko, Turku	Varsinais-Suomi (V)	Suomi	60.5	22.1		COMMUNITY_VERIFIED	iNaturalist Suomi Finland
keltavahvero (fi) — Cantharellus cibarius	keltavahvero (fi)		2026-08-24	Hirvensalmi	Etelä-Savo (ES)	Suomi	61.7939	26.63208		COMMUNITY_VERIFIED	iNaturalist Suomi Finland
keltavahvero (fi) — Cantharellus cibarius	keltavahvero (fi)		2026-08-24	Kouvola	Etelä-Savo (ES)	Suomi	61.17417	26.86669		COMMUNITY_VERIFIED	iNaturalist Suomi Finland
keltavahvero (fi) — Cantharellus cibarius	keltavahvero (fi)		2026-08-24	Kouvola	Etelä-Savo (ES)	Suomi	61.17847	26.86789		COMMUNITY_VERIFIED	iNaturalist Suomi Finland
keltavahvero (fi) — Cantharellus cibarius	keltavahvero (fi)		2026-08-24	Kouvola	Etelä-Savo (ES)	Suomi	61.17838	26.8687		COMMUNITY_VERIFIED	iNaturalist Suomi Finland
keltavahvero (fi) — Cantharellus cibarius	keltavahvero (fi)		2026-08-24	Kouvola	Etelä-Savo (ES)	Suomi	61.17748	26.86901		COMMUNITY_VERIFIED	iNaturalist Suomi Finland
keltavahvero (fi) — Cantharellus cibarius	keltavahvero (fi)		2026-08-24	Espoo	Uusimaa (U)	Suomi	60.252338	24.602893	Sure	NEUTRAL	The Atlas of Finnish Fungi
keltavahvero (fi) — Cantharellus cibarius	keltavahvero (fi)		2026-08-24	Kouvola	Etelä-Savo (ES)	Suomi	61.17506	26.86901		COMMUNITY_VERIFIED	iNaturalist Suomi Finland
keltavahvero (fi) — Cantharellus cibarius	keltavahvero (fi)		2026-08-24	Polvijärvi	Pohjois-Karjala (PK)	Suomi	62.80796	29.5317		COMMUNITY_VERIFIED	iNaturalist Suomi Finland
keltavahvero (fi) — Cantharellus cibarius	keltavahvero (fi)		2026-08-24	Kouvola	Etelä-Savo (ES)	Suomi	61.17557	26.86936		COMMUNITY_VERIFIED	iNaturalist Suomi Finland
keltavahvero (fi) — Cantharellus cibarius	keltavahvero (fi)		2026-08-24	Jyväskylä	Pohjois-Häme (PH)	Suomi	62.18137	25.71288		COMMUNITY_VERIFIED	iNaturalist Suomi Finland
keltavahvero (fi) — Cantharellus cibarius	keltavahvero (fi)		2026-08-24	Kouvola	Etelä-Savo (ES)	Suomi	61.17684	26.86964		COMMUNITY_VERIFIED	iNaturalist Suomi Finland
keltavahvero (fi) — Cantharellus cibarius	keltavahvero (fi)		2026-08-24	Jyväskylä	Etelä-Häme (EH)	Suomi	62.12814	25.76106		NEUTRAL	iNaturalist Suomi Finland
keltavahvero (fi) — Cantharellus cibarius	keltavahvero (fi)		2026-08-23	Kuusamo, Suomussalmi, Taivalkoski	Kainuu (Kn), Koillismaa (Ks)	Suomi	65.5	28.9		COMMUNITY_VERIFIED	iNaturalist Suomi Finland
keltavahvero (fi) — Cantharellus cibarius	keltavahvero (fi)		2026-08-23	Espoo	Uusimaa (U)	Suomi	60.299829	24.661981	Sure	NEUTRAL	The Atlas of Finnish Fungi
keltavahvero (fi) — Cantharellus cibarius	keltavahvero (fi)		2026-08-22	Tampere	Etelä-Häme (EH)	Suomi	61.433242	23.746701	Sure	NEUTRAL	Notebook, general observations
keltavahvero (fi) — Cantharellus cibarius	keltavahvero (fi)		2026-08-22	Parkano	Satakunta (St)	Suomi	61.96492	23.01786		COMMUNITY_VERIFIED	iNaturalist Suomi Finland
keltavahvero (fi) — Cantharellus cibarius	keltavahvero (fi)	3	2026-08-22 [14:24-14:24]	Sodankylä	Sompion Lappi (SoL)	Suomi	67.37381	26.894956	Sure	NEUTRAL	Notebook, general observations
keltavahvero (fi) — Cantharellus cibarius	keltavahvero (fi)		2026-08-22	Kaarina	Varsinais-Suomi (V)	Suomi	60.47838	22.5333		COMMUNITY_VERIFIED	iNaturalist Suomi Finland
keltavahvero (fi) — Cantharellus cibarius	keltavahvero (fi)		2026-08-22	Naantali	Varsinais-Suomi (V)	Suomi	60.41131	21.8018		NEUTRAL	iNaturalist Suomi Finland
keltavahvero (fi) — Cantharellus cibarius	keltavahvero (fi)		2026-08-22 [10:00-11:00]	Sysmä	Etelä-Häme (EH)	Suomi	61.42114	25.739584	Sure	NEUTRAL	The Atlas of Finnish Fungi
keltavahvero (fi) — Cantharellus cibarius	keltavahvero (fi)		2026-08-21	Espoo	Uusimaa (U)	Suomi	60.18148	24.69798		COMMUNITY_VERIFIED	iNaturalist Suomi Finland
keltavahvero (fi) — Cantharellus cibarius	keltavahvero (fi)		2026-08-21	Espoo	Uusimaa (U)	Suomi	60.18163	24.69794		COMMUNITY_VERIFIED	iNaturalist Suomi Finland
keltavahvero (fi) — Cantharellus cibarius	keltavahvero (fi)		2026-08-21	Laitila	Varsinais-Suomi (V)	Suomi	60.87277	21.72218		COMMUNITY_VERIFIED	iNaturalist Suomi Finland
keltavahvero (fi) — Cantharellus cibarius	keltavahvero (fi)	9	2026-08-20	Inari	Inarin Lappi (InL)	Suomi	68.621065	28.322832		NEUTRAL	Löydös Open Finnish Observation Database
keltavahvero (fi) — Cantharellus cibarius	keltavahvero (fi)		2026-08-20	Turku	Varsinais-Suomi (V)	Suomi	60.43538	22.26554		COMMUNITY_VERIFIED	iNaturalist Suomi Finland
keltavahvero (fi) — Cantharellus cibarius	keltavahvero (fi)		2026-08-20	Rantasalmi	Etelä-Savo (ES)	Suomi	62.11009	28.48466		COMMUNITY_VERIFIED	iNaturalist Suomi Finland
keltavahvero (fi) — Cantharellus cibarius	keltavahvero (fi)		2026-08-20	Rantasalmi	Etelä-Savo (ES)	Suomi	62.10889	28.4919		COMMUNITY_VERIFIED	iNaturalist Suomi Finland
keltavahvero (fi) — Cantharellus cibarius	keltavahvero (fi)		2026-08-20	Loviisa	Uusimaa (U)	Suomi	60.37921	26.03493		NEUTRAL	iNaturalist Suomi Finland
keltavahvero (fi) — Cantharellus cibarius	keltavahvero (fi)		2026-08-20	Rantasalmi	Etelä-Savo (ES)	Suomi	62.10183	28.50832		COMMUNITY_VERIFIED	iNaturalist Suomi Finland
keltavahvero (fi) — Cantharellus cibarius	keltavahvero (fi)		2026-08-19	Tampere	Etelä-Häme (EH)	Suomi	61.468229	23.892592	Sure	NEUTRAL	Notebook, general observations
keltavahvero (fi) — Cantharellus cibarius	keltavahvero (fi)		2026-08-19	Huittinen	Satakunta (St)	Suomi	61.18589	22.67987		COMMUNITY_VERIFIED	iNaturalist Suomi Finland
keltavahvero (fi) — Cantharellus cibarius	keltavahvero (fi)		2026-08-19	Kouvola	Etelä-Savo (ES)	Suomi	61.18562	26.8725		COMMUNITY_VERIFIED	iNaturalist Suomi Finland
keltavahvero (fi) — Cantharellus cibarius	keltavahvero (fi)		2026-08-19	Laihia	Etelä-Pohjanmaa (EP)	Suomi	62.90771	22.07102		NEUTRAL	iNaturalist Suomi Finland
keltavahvero (fi) — Cantharellus cibarius	keltavahvero (fi)		2026-08-19	Kemiönsaari	Varsinais-Suomi (V)	Suomi	60.23716	22.72926		COMMUNITY_VERIFIED	iNaturalist Suomi Finland
keltavahvero (fi) — Cantharellus cibarius	keltavahvero (fi)		2026-08-18	Rauma	Satakunta (St)	Suomi	61.11979	21.57034		COMMUNITY_VERIFIED	iNaturalist Suomi Finland
keltavahvero (fi) — Cantharellus cibarius	keltavahvero (fi)		2026-08-18	Vihti	Varsinais-Suomi (V)	Suomi	60.31506	24.45129		COMMUNITY_VERIFIED	iNaturalist Suomi Finland
keltavahvero (fi) — Cantharellus cibarius	keltavahvero (fi)		2026-08-18	Vihti	Varsinais-Suomi (V)	Suomi	60.31432	24.45115		COMMUNITY_VERIFIED	iNaturalist Suomi Finland
keltavahvero (fi) — Cantharellus cibarius	keltavahvero (fi)		2026-08-18	Vihti	Varsinais-Suomi (V)	Suomi	60.3129	24.45156		COMMUNITY_VERIFIED	iNaturalist Suomi Finland
keltavahvero (fi) — Cantharellus cibarius	keltavahvero (fi)		2026-08-18	Tampere	Etelä-Häme (EH)	Suomi	61.49129	23.74556		COMMUNITY_VERIFIED	iNaturalist Suomi Finland
keltavahvero (fi) — Cantharellus cibarius	keltavahvero (fi)		2026-08-18	Vihti	Varsinais-Suomi (V)	Suomi	60.374688	24.273918	Sure	NEUTRAL	Notebook, general observations
keltavahvero (fi) — Cantharellus cibarius	keltavahvero (fi)		2026-08-18	Vihti	Varsinais-Suomi (V)	Suomi	60.31235	24.45147		COMMUNITY_VERIFIED	iNaturalist Suomi Finland
keltavahvero (fi) — Cantharellus cibarius	keltavahvero (fi)		2026-08-18	Vihti	Varsinais-Suomi (V)	Suomi	60.31435	24.45111		NEUTRAL	iNaturalist Suomi Finland
keltavahvero (fi) — Cantharellus cibarius	keltavahvero (fi)		2026-08-18	Vihti	Varsinais-Suomi (V)	Suomi	60.31234	24.45144		NEUTRAL	iNaturalist Suomi Finland
keltavahvero (fi) — Cantharellus cibarius	keltavahvero (fi)		2026-08-18	Vihti	Varsinais-Suomi (V)	Suomi	60.31232	24.45148		NEUTRAL	iNaturalist Suomi Finland
keltavahvero (fi) — Cantharellus cibarius	keltavahvero (fi)		2026-08-17	Helsinki	Uusimaa (U)	Suomi	60.25666	24.91751		COMMUNITY_VERIFIED	iNaturalist Suomi Finland
keltavahvero (fi) — Cantharellus cibarius	keltavahvero (fi)		2026-08-17	Vihti	Varsinais-Suomi (V)	Suomi	60.31601	24.45232		NEUTRAL	iNaturalist Suomi Finland
keltavahvero (fi) — Cantharellus cibarius	keltavahvero (fi)		2026-08-17	Vihti	Varsinais-Suomi (V)	Suomi	60.31601	24.45232		COMMUNITY_VERIFIED	iNaturalist Suomi Finland
keltavahvero (fi) — Cantharellus cibarius	keltavahvero (fi)		2026-08-17	Vihti	Varsinais-Suomi (V)	Suomi	60.31601	24.45233		COMMUNITY_VERIFIED	iNaturalist Suomi Finland
keltavahvero (fi) — Cantharellus cibarius	keltavahvero (fi)		2026-08-17	Vihti	Varsinais-Suomi (V)	Suomi	60.31605	24.45248		NEUTRAL	iNaturalist Suomi Finland
keltavahvero (fi) — Cantharellus cibarius	keltavahvero (fi)		2026-08-17	Kouvola	Etelä-Savo (ES)	Suomi	60.87386	26.74508		COMMUNITY_VERIFIED	iNaturalist Suomi Finland
keltavahvero (fi) — Cantharellus cibarius	keltavahvero (fi)	muutama	2026-08-16	Sievi	Keski-Pohjanmaa (KP)	Suomi	63.897021	24.534046	Sure	NEUTRAL	Notebook, general observations
keltavahvero (fi) — Cantharellus cibarius	keltavahvero (fi)		2026-08-16	Paimio	Varsinais-Suomi (V)	Suomi	60.43341	22.79875		COMMUNITY_VERIFIED	iNaturalist Suomi Finland
keltavahvero (fi) — Cantharellus cibarius	keltavahvero (fi)		2026-08-16	Lieto	Varsinais-Suomi (V)	Suomi	60.58843	22.62533		COMMUNITY_VERIFIED	iNaturalist Suomi Finland
keltavahvero (fi) — Cantharellus cibarius	keltavahvero (fi)		2026-08-16	Tampere	Etelä-Häme (EH)	Suomi	61.45169	23.85817		COMMUNITY_VERIFIED	iNaturalist Suomi Finland
keltavahvero (fi) — Cantharellus cibarius	keltavahvero (fi)		2026-08-15	Muurame	Etelä-Häme (EH)	Suomi	62.102849	25.750235	Sure	NEUTRAL	Notebook, general observations
keltavahvero (fi) — Cantharellus cibarius	keltavahvero (fi)		2026-08-15	Vaala	Kainuu (Kn)	Suomi	64.39069	27.02487		COMMUNITY_VERIFIED	iNaturalist Suomi Finland
keltavahvero (fi) — Cantharellus cibarius	keltavahvero (fi)		2026-08-15	Kustavi	Varsinais-Suomi (V)	Suomi	60.53328	21.37581		NEUTRAL	iNaturalist Suomi Finland
keltavahvero (fi) — Cantharellus cibarius	keltavahvero (fi)		2026-08-15	Janakkala	Etelä-Häme (EH)	Suomi	60.88428	24.8843		COMMUNITY_VERIFIED	iNaturalist Suomi Finland
keltavahvero (fi) — Cantharellus cibarius	keltavahvero (fi)		2026-08-15	Tampere	Etelä-Häme (EH)	Suomi	61.45664	23.89832		NEUTRAL	iNaturalist Suomi Finland
keltavahvero (fi) — Cantharellus cibarius	keltavahvero (fi)		2026-08-15	Jyväskylä	Pohjois-Häme (PH)	Suomi	62.23955	25.66842		COMMUNITY_VERIFIED	iNaturalist Suomi Finland
keltavahvero (fi) — Cantharellus cibarius	keltavahvero (fi)		2026-08-14	Pudasjärvi	Oulun Pohjanmaa (OP)	Suomi	65.65191	27.7837		COMMUNITY_VERIFIED	iNaturalist Suomi Finland
keltavahvero (fi) — Cantharellus cibarius	keltavahvero (fi)		2026-08-14	Kaarina	Varsinais-Suomi (V)	Suomi	60.46832	22.36095		NEUTRAL	iNaturalist Suomi Finland
keltavahvero (fi) — Cantharellus cibarius	keltavahvero (fi)		2026-08-14	Espoo	Uusimaa (U)	Suomi	60.14971	24.75102		COMMUNITY_VERIFIED	iNaturalist Suomi Finland
keltavahvero (fi) — Cantharellus cibarius	keltavahvero (fi)		2026-08-13	Pudasjärvi	Oulun Pohjanmaa (OP)	Suomi	65.28693	27.56025		NEUTRAL	iNaturalist Suomi Finland
keltavahvero (fi) — Cantharellus cibarius	keltavahvero (fi)		2026-08-13	Porvoo	Uusimaa (U)	Suomi	60.27607	25.792581	Sure	NEUTRAL	The Atlas of Finnish Fungi
keltavahvero (fi) — Cantharellus cibarius	keltavahvero (fi)		2026-08-13	Tampere	Etelä-Häme (EH)	Suomi	61.52426	23.95289		COMMUNITY_VERIFIED	iNaturalist Suomi Finland
keltavahvero (fi) — Cantharellus cibarius	keltavahvero (fi)		2026-08-13	Laihia	Etelä-Pohjanmaa (EP)	Suomi	62.95549	21.91336		COMMUNITY_VERIFIED	iNaturalist Suomi Finland
keltavahvero (fi) — Cantharellus cibarius	keltavahvero (fi)		2026-08-13	Turku	Varsinais-Suomi (V)	Suomi	60.54037	22.31512		NEUTRAL	iNaturalist Suomi Finland
keltavahvero (fi) — Cantharellus cibarius	keltavahvero (fi)		2026-08-13	Ylöjärvi	Etelä-Häme (EH)	Suomi	61.54513	23.57002		COMMUNITY_VERIFIED	iNaturalist Suomi Finland
keltavahvero (fi) — Cantharellus cibarius	keltavahvero (fi)	8-10	2026-08-11	Pälkäne	Etelä-Häme (EH)	Suomi	61.349038	24.249753	Sure	NEUTRAL	Notebook, general observations
keltavahvero (fi) — Cantharellus cibarius	keltavahvero (fi)		2026-08-11	Turku	Varsinais-Suomi (V)	Suomi	60.42471	22.2649		COMMUNITY_VERIFIED	iNaturalist Suomi Finland
keltavahvero (fi) — Cantharellus cibarius	keltavahvero (fi)		2026-08-10	Karstula	Pohjois-Häme (PH)	Suomi	62.79074	24.84727		COMMUNITY_VERIFIED	iNaturalist Suomi Finland
keltavahvero (fi) — Cantharellus cibarius	keltavahvero (fi)		2026-08-09	Jyväskylä	Pohjois-Häme (PH)	Suomi	62.26655	25.86487		COMMUNITY_VERIFIED	iNaturalist Suomi Finland
keltavahvero (fi) — Cantharellus cibarius	keltavahvero (fi)		2026-08-08	Espoo	Uusimaa (U)	Suomi	60.30423	24.55766		NEUTRAL	iNaturalist Suomi Finland
keltavahvero (fi) — Cantharellus cibarius	keltavahvero (fi)		2026-08-08	Orivesi	Etelä-Häme (EH)	Suomi	61.60906	24.21587		COMMUNITY_VERIFIED	iNaturalist Suomi Finland
keltavahvero (fi) — Cantharellus cibarius	keltavahvero (fi)		2026-08-07	Hankasalmi	Pohjois-Häme (PH)	Suomi	62.34373	26.31315		COMMUNITY_VERIFIED	iNaturalist Suomi Finland
keltavahvero (fi) — Cantharellus cibarius	keltavahvero (fi)		2026-08-07	Espoo	Uusimaa (U)	Suomi	60.26193	24.564088	Sure	NEUTRAL	The Atlas of Finnish Fungi
keltavahvero (fi) — Cantharellus cibarius	keltavahvero (fi)		2026-08-06	Pieksämäki	Pohjois-Savo (PS)	Suomi	62.22727	26.98808		COMMUNITY_VERIFIED	iNaturalist Suomi Finland
keltavahvero (fi) — Cantharellus cibarius	keltavahvero (fi)		2026-08-06	Jyväskylä	Pohjois-Häme (PH)	Suomi	62.24641	25.66284		NEUTRAL	iNaturalist Suomi Finland
keltavahvero (fi) — Cantharellus cibarius	keltavahvero (fi)		2026-08-05	Lieto	Varsinais-Suomi (V)	Suomi	60.48107	22.50942		COMMUNITY_VERIFIED	iNaturalist Suomi Finland
keltavahvero (fi) — Cantharellus cibarius	keltavahvero (fi)		2026-08-05	Hämeenlinna	Etelä-Häme (EH)	Suomi	61.22981	25.1827		NEUTRAL	iNaturalist Suomi Finland
keltavahvero (fi) — Cantharellus cibarius	keltavahvero (fi)		2026-08-04	Espoo	Uusimaa (U)	Suomi	60.268483	24.646152	Sure	NEUTRAL	The Atlas of Finnish Fungi
keltavahvero (fi) — Cantharellus cibarius	keltavahvero (fi)		2026-08-04	Tampere	Etelä-Häme (EH)	Suomi	61.52651	23.95242		COMMUNITY_VERIFIED	iNaturalist Suomi Finland
keltavahvero (fi) — Cantharellus cibarius	keltavahvero (fi)		2026-08-04 [14:03]	Espoo	Uusimaa (U)	Suomi	60.274795	24.597781	Sure	NEUTRAL	Notebook, general observations
keltavahvero (fi) — Cantharellus cibarius	keltavahvero (fi)	3	2026-08-04	Joensuu	Pohjois-Karjala (PK)	Suomi	62.581705	29.820889	Sure	NEUTRAL	Notebook, general observations
keltavahvero (fi) — Cantharellus cibarius	keltavahvero (fi)		2026-08-04	Alavieska, Merijärvi, Oulainen, Ylivieska	Keski-Pohjanmaa (KP)	Suomi	64.1	24.5		COMMUNITY_VERIFIED	iNaturalist Suomi Finland
keltavahvero (fi) — Cantharellus cibarius	keltavahvero (fi)		2026-08-03	Merijärvi	Keski-Pohjanmaa (KP)	Suomi	64.30132	24.62308		COMMUNITY_VERIFIED	iNaturalist Suomi Finland
keltavahvero (fi) — Cantharellus cibarius	keltavahvero (fi)		2026-08-03	Hämeenlinna, Pälkäne	Etelä-Häme (EH)	Suomi	61.3	24.7		COMMUNITY_VERIFIED	iNaturalist Suomi Finland
keltavahvero (fi) — Cantharellus cibarius	keltavahvero (fi)		2026-08-03	Kaarina	Varsinais-Suomi (V)	Suomi	60.42507	22.38487		COMMUNITY_VERIFIED	iNaturalist Suomi Finland
keltavahvero (fi) — Cantharellus cibarius	keltavahvero (fi)		2026-08-03	Kaarina	Varsinais-Suomi (V)	Suomi	60.42504	22.38578		COMMUNITY_VERIFIED	iNaturalist Suomi Finland
keltavahvero (fi) — Cantharellus cibarius	keltavahvero (fi)		2026-08-03	Kaarina	Varsinais-Suomi (V)	Suomi	60.42518	22.38241		COMMUNITY_VERIFIED	iNaturalist Suomi Finland
keltavahvero (fi) — Cantharellus cibarius	keltavahvero (fi)		2026-08-03	Kaarina	Varsinais-Suomi (V)	Suomi	60.42634	22.38351		COMMUNITY_VERIFIED	iNaturalist Suomi Finland
keltavahvero (fi) — Cantharellus cibarius	keltavahvero (fi)		2026-08-02	Espoo	Uusimaa (U)	Suomi	60.18928	24.80065		NEUTRAL	iNaturalist Suomi Finland
keltavahvero (fi) — Cantharellus cibarius	keltavahvero (fi)		2026-08-02	Helsinki	Uusimaa (U)	Suomi	60.22887	25.14452		COMMUNITY_VERIFIED	iNaturalist Suomi Finland
keltavahvero (fi) — Cantharellus cibarius	keltavahvero (fi)		2026-08-02	Hollola	Etelä-Häme (EH)	Suomi	60.99599	25.51841		COMMUNITY_VERIFIED	iNaturalist Suomi Finland
keltavahvero (fi) — Cantharellus cibarius	keltavahvero (fi)		2026-08-02	Hyvinkää	Uusimaa (U)	Suomi	60.64072	24.75952		NEUTRAL	iNaturalist Suomi Finland
keltavahvero (fi) — Cantharellus cibarius	keltavahvero (fi)		2026-08-02	Padasjoki	Etelä-Häme (EH)	Suomi	61.2432	25.17522		COMMUNITY_VERIFIED	iNaturalist Suomi Finland
keltavahvero (fi) — Cantharellus cibarius	keltavahvero (fi)		2026-08-02	Kustavi	Varsinais-Suomi (V)	Suomi	60.48098	21.32145		COMMUNITY_VERIFIED	iNaturalist Suomi Finland
keltavahvero (fi) — Cantharellus cibarius	keltavahvero (fi)		2026-08-02	Rauma	Satakunta (St)	Suomi	61.10928	21.62803		COMMUNITY_VERIFIED	iNaturalist Suomi Finland
keltavahvero (fi) — Cantharellus cibarius	keltavahvero (fi)		2026-08-02	Hämeenlinna	Etelä-Häme (EH)	Suomi	60.998681	24.405731	Sure	NEUTRAL	The Atlas of Finnish Fungi
keltavahvero (fi) — Cantharellus cibarius	keltavahvero (fi)		2026-08-01	Vaasa	Etelä-Pohjanmaa (EP)	Suomi	63.035906	21.598028	Sure	NEUTRAL	The Atlas of Finnish Fungi
keltavahvero (fi) — Cantharellus cibarius	keltavahvero (fi)		2026-08-01	Helsinki	Uusimaa (U)	Suomi	60.26758	24.93427		NEUTRAL	iNaturalist Suomi Finland
keltavahvero (fi) — Cantharellus cibarius	keltavahvero (fi)	3	2026-08-01	Tampere	Etelä-Häme (EH)	Suomi	61.519203	23.857618	Sure	NEUTRAL	Notebook, general observations
keltavahvero (fi) — Cantharellus cibarius	keltavahvero (fi)		2026-08-01	Jyväskylä	Etelä-Häme (EH)	Suomi	62.01112	25.40918		COMMUNITY_VERIFIED	iNaturalist Suomi Finland
keltavahvero (fi) — Cantharellus cibarius	keltavahvero (fi)		2026-08-01	Orivesi	Etelä-Häme (EH)	Suomi	61.63591	24.48373		NEUTRAL	iNaturalist Suomi Finland
keltavahvero (fi) — Cantharellus cibarius	keltavahvero (fi)		2026-08-01	Helsinki	Uusimaa (U)	Suomi	60.26952	24.92997		COMMUNITY_VERIFIED	iNaturalist Suomi Finland
keltavahvero (fi) — Cantharellus cibarius	keltavahvero (fi)		2026-08-01	Raasepori	Varsinais-Suomi (V)	Suomi	60.13467	23.53709		COMMUNITY_VERIFIED	iNaturalist Suomi Finland
keltavahvero (fi) — Cantharellus cibarius	keltavahvero (fi)		2026-08-01	Tampere	Etelä-Häme (EH)	Suomi	61.45173	23.8581		NEUTRAL	iNaturalist Suomi Finland
keltavahvero (fi) — Cantharellus cibarius	keltavahvero (fi)		2026-07-31	Paltamo	Kainuu (Kn)	Suomi	64.4702	27.55555		NEUTRAL	iNaturalist Suomi Finland
keltavahvero (fi) — Cantharellus cibarius	keltavahvero (fi)		2026-07-31	Vantaa	Uusimaa (U)	Suomi	60.27197	25.13396		COMMUNITY_VERIFIED	iNaturalist Suomi Finland
keltavahvero (fi) — Cantharellus cibarius	keltavahvero (fi)		2026-07-31	Kangasala	Etelä-Häme (EH)	Suomi	61.38615	24.19673		COMMUNITY_VERIFIED	iNaturalist Suomi Finland
keltavahvero (fi) — Cantharellus cibarius	keltavahvero (fi)		2026-07-31	Tampere	Etelä-Häme (EH)	Suomi	61.44874	23.84399		COMMUNITY_VERIFIED	iNaturalist Suomi Finland
keltavahvero (fi) — Cantharellus cibarius	keltavahvero (fi)		2026-07-31	Oulu	Oulun Pohjanmaa (OP)	Suomi	64.99987	25.48569		NEUTRAL	iNaturalist Suomi Finland
keltavahvero (fi) — Cantharellus cibarius	keltavahvero (fi)		2026-07-31	Kirkkonummi	Uusimaa (U)	Suomi	60.15485	24.36642		COMMUNITY_VERIFIED	iNaturalist Suomi Finland
keltavahvero (fi) — Cantharellus cibarius	keltavahvero (fi)		2026-07-30	Hämeenlinna	Etelä-Häme (EH)	Suomi	61.19677	25.21009		NEUTRAL	iNaturalist Suomi Finland
keltavahvero (fi) — Cantharellus cibarius	keltavahvero (fi)		2026-07-30	Loppi	Etelä-Häme (EH)	Suomi	60.7352	24.05026		COMMUNITY_VERIFIED	iNaturalist Suomi Finland
keltavahvero (fi) — Cantharellus cibarius	keltavahvero (fi)		2026-07-29	Tampere	Etelä-Häme (EH)	Suomi	61.461134	23.825354	Sure	NEUTRAL	Notebook, general observations
keltavahvero (fi) — Cantharellus cibarius	keltavahvero (fi)		2026-07-29	Espoo	Uusimaa (U)	Suomi	60.15316	24.62699		COMMUNITY_VERIFIED	iNaturalist Suomi Finland
keltavahvero (fi) — Cantharellus cibarius	keltavahvero (fi)		2026-07-29	Kangasala	Etelä-Häme (EH)	Suomi	61.51828	24.14404		NEUTRAL	iNaturalist Suomi Finland
keltavahvero (fi) — Cantharellus cibarius	keltavahvero (fi)		2026-07-29	Lieto	Varsinais-Suomi (V)	Suomi	60.58335	22.42631		NEUTRAL	iNaturalist Suomi Finland
keltavahvero (fi) — Cantharellus cibarius	keltavahvero (fi)		2026-07-29	Ikaalinen	Satakunta (St)	Suomi	61.91283	23.44586		NEUTRAL	iNaturalist Suomi Finland
keltavahvero (fi) — Cantharellus cibarius	keltavahvero (fi)		2026-07-27	Mikkeli	Etelä-Savo (ES)	Suomi	61.67371	27.25909		NEUTRAL	iNaturalist Suomi Finland
keltavahvero (fi) — Cantharellus cibarius	keltavahvero (fi)		2026-07-27	Kouvola	Etelä-Savo (ES)	Suomi	60.88162	26.7316		COMMUNITY_VERIFIED	iNaturalist Suomi Finland
keltavahvero (fi) — Cantharellus cibarius	keltavahvero (fi)		2026-07-27	Turku	Varsinais-Suomi (V)	Suomi	60.35597	22.22545		NEUTRAL	iNaturalist Suomi Finland
keltavahvero (fi) — Cantharellus cibarius	keltavahvero (fi)		2026-07-26	Kuhmo	Kainuu (Kn)	Suomi	64.346968	29.096927	Sure	NEUTRAL	Notebook, general observations
keltavahvero (fi) — Cantharellus cibarius	keltavahvero (fi)		2026-07-26	Mäntyharju	Etelä-Savo (ES)	Suomi	61.42057	26.84249		COMMUNITY_VERIFIED	iNaturalist Suomi Finland
keltavahvero (fi) — Cantharellus cibarius	keltavahvero (fi)		2026-07-26	Lahti	Etelä-Häme (EH)	Suomi	60.93216	25.98197		NEUTRAL	iNaturalist Suomi Finland
keltavahvero (fi) — Cantharellus cibarius	keltavahvero (fi)		2026-07-26	Mänttä-Vilppula	Etelä-Häme (EH)	Suomi	62.00053	24.3364		NEUTRAL	iNaturalist Suomi Finland
keltavahvero (fi) — Cantharellus cibarius	keltavahvero (fi)	80	2026-07-26 [10:00-12:00]	Parikkala	Laatokan Karjala (LK)	Suomi	61.618867	29.474582	Sure	NEUTRAL	Notebook, general observations
keltavahvero (fi) — Cantharellus cibarius	keltavahvero (fi)		2026-07-25	Mikkeli	Etelä-Savo (ES)	Suomi	61.81492	27.06215		COMMUNITY_VERIFIED	iNaturalist Suomi Finland
keltavahvero (fi) — Cantharellus cibarius	keltavahvero (fi)		2026-07-25	Espoo	Uusimaa (U)	Suomi	60.30137	24.55514		COMMUNITY_VERIFIED	iNaturalist Suomi Finland
keltavahvero (fi) — Cantharellus cibarius	keltavahvero (fi)		2026-07-25	Jyväskylä	Pohjois-Häme (PH)	Suomi	62.26127	25.68103		NEUTRAL	iNaturalist Suomi Finland
keltavahvero (fi) — Cantharellus cibarius	keltavahvero (fi)		2026-07-25	Luumäki	Etelä-Savo (ES)	Suomi	60.95683	27.62486		NEUTRAL	iNaturalist Suomi Finland
keltavahvero (fi) — Cantharellus cibarius	keltavahvero (fi)		2026-07-25	Helsinki	Uusimaa (U)	Suomi	60.24615	25.16036		NEUTRAL	iNaturalist Suomi Finland
keltavahvero (fi) — Cantharellus cibarius	keltavahvero (fi)		2026-07-25	Joensuu	Pohjois-Karjala (PK)	Suomi	62.62955	29.6722		NEUTRAL	iNaturalist Suomi Finland
keltavahvero (fi) — Cantharellus cibarius	keltavahvero (fi)		2026-07-24	Raasepori	Varsinais-Suomi (V)	Suomi	60.17155	23.51118		COMMUNITY_VERIFIED	iNaturalist Suomi Finland
keltavahvero (fi) — Cantharellus cibarius	keltavahvero (fi)		2026-07-24	Lahti	Etelä-Häme (EH)	Suomi	61.02179	25.7737		COMMUNITY_VERIFIED	iNaturalist Suomi Finland
keltavahvero (fi) — Cantharellus cibarius	keltavahvero (fi)		2026-07-24	Tampere	Etelä-Häme (EH)	Suomi	61.52838	23.94485		COMMUNITY_VERIFIED	iNaturalist Suomi Finland
keltavahvero (fi) — Cantharellus cibarius	keltavahvero (fi)		2026-07-24	Savonlinna	Etelä-Savo (ES)	Suomi	61.78059	29.54736		NEUTRAL	iNaturalist Suomi Finland
keltavahvero (fi) — Cantharellus cibarius	keltavahvero (fi)		2026-07-24	Kaarina	Varsinais-Suomi (V)	Suomi	60.46906	22.37115		NEUTRAL	iNaturalist Suomi Finland
keltavahvero (fi) — Cantharellus cibarius	keltavahvero (fi)		2026-07-24	Nurmijärvi	Uusimaa (U)	Suomi	60.38691	24.75064		NEUTRAL	iNaturalist Suomi Finland
keltavahvero (fi) — Cantharellus cibarius	keltavahvero (fi)		2026-07-24	Jyväskylä	Etelä-Häme (EH)	Suomi	62.1405	25.7733		COMMUNITY_VERIFIED	iNaturalist Suomi Finland
keltavahvero (fi) — Cantharellus cibarius	keltavahvero (fi)		2026-07-24	Kirkkonummi	Uusimaa (U)	Suomi	60.09415	24.56806		NEUTRAL	iNaturalist Suomi Finland
keltavahvero (fi) — Cantharellus cibarius	keltavahvero (fi)		2026-07-23	Lempäälä	Etelä-Häme (EH)	Suomi	61.40163	23.73872		COMMUNITY_VERIFIED	iNaturalist Suomi Finland
keltavahvero (fi) — Cantharellus cibarius	keltavahvero (fi)		2026-07-22	Kaarina	Varsinais-Suomi (V)	Suomi	60.44826	22.42528		COMMUNITY_VERIFIED	iNaturalist Suomi Finland
keltavahvero (fi) — Cantharellus cibarius	keltavahvero (fi)		2026-07-22	Kaarina	Varsinais-Suomi (V)	Suomi	60.44902	22.42359		COMMUNITY_VERIFIED	iNaturalist Suomi Finland
keltavahvero (fi) — Cantharellus cibarius	keltavahvero (fi)		2026-07-21	Jyväskylä	Etelä-Häme (EH)	Suomi	61.93597	25.70305		NEUTRAL	iNaturalist Suomi Finland
keltavahvero (fi) — Cantharellus cibarius	keltavahvero (fi)		2026-07-21	Hämeenkyrö	Satakunta (St)	Suomi	61.56044	23.09345		COMMUNITY_VERIFIED	iNaturalist Suomi Finland
keltavahvero (fi) — Cantharellus cibarius	keltavahvero (fi)	15	2026-07-21 [9:30-12:30]	Kontiolahti	Pohjois-Karjala (PK)	Suomi	62.85298	29.980425	Sure	NEUTRAL	Notebook, general observations
keltavahvero (fi) — Cantharellus cibarius	keltavahvero (fi)		2026-07-21	Helsinki	Uusimaa (U)	Suomi	60.25972	25.20818		COMMUNITY_VERIFIED	iNaturalist Suomi Finland
keltavahvero (fi) — Cantharellus cibarius	keltavahvero (fi)		2026-07-21	Orivesi	Etelä-Häme (EH)	Suomi	61.65791	24.32939		NEUTRAL	iNaturalist Suomi Finland
keltavahvero (fi) — Cantharellus cibarius	keltavahvero (fi)		2026-07-21	Kaarina	Varsinais-Suomi (V)	Suomi	60.39705	22.30031		COMMUNITY_VERIFIED	iNaturalist Suomi Finland
keltavahvero (fi) — Cantharellus cibarius	keltavahvero (fi)		2026-07-20	Hämeenlinna	Etelä-Häme (EH)	Suomi	61.27669	24.53215		COMMUNITY_VERIFIED	iNaturalist Suomi Finland
keltavahvero (fi) — Cantharellus cibarius	keltavahvero (fi)		2026-07-20	Raisio	Varsinais-Suomi (V)	Suomi	60.46542	22.16003		COMMUNITY_VERIFIED	iNaturalist Suomi Finland
keltavahvero (fi) — Cantharellus cibarius	keltavahvero (fi)		2026-07-20	Saarijärvi	Pohjois-Häme (PH)	Suomi	62.70192	25.27037		COMMUNITY_VERIFIED	iNaturalist Suomi Finland
keltavahvero (fi) — Cantharellus cibarius	keltavahvero (fi)		2026-07-20	Lieksa	Pohjois-Karjala (PK)	Suomi	63.09718	29.80417		COMMUNITY_VERIFIED	iNaturalist Suomi Finland
keltavahvero (fi) — Cantharellus cibarius	keltavahvero (fi)		2026-07-20	Kaarina	Varsinais-Suomi (V)	Suomi	60.42905	22.36255		COMMUNITY_VERIFIED	iNaturalist Suomi Finland
keltavahvero (fi) — Cantharellus cibarius	keltavahvero (fi)		2026-07-20	Valkeakoski	Etelä-Häme (EH)	Suomi	61.26953	23.97577		COMMUNITY_VERIFIED	iNaturalist Suomi Finland
keltavahvero (fi) — Cantharellus cibarius	keltavahvero (fi)		2026-07-19	Lahti	Etelä-Häme (EH)	Suomi	60.96233	25.882504	Sure	NEUTRAL	The Atlas of Finnish Fungi
keltavahvero (fi) — Cantharellus cibarius	keltavahvero (fi)	20 itiöemää	2026-07-19	Uusikaupunki	Varsinais-Suomi (V)	Suomi	60.859635	21.4653	Sure	NEUTRAL	Notebook, general observations
keltavahvero (fi) — Cantharellus cibarius	keltavahvero (fi)		2026-07-19	Hanko	Uusimaa (U)	Suomi	59.855037	23.072997	Sure	NEUTRAL	The Atlas of Finnish Fungi
keltavahvero (fi) — Cantharellus cibarius	keltavahvero (fi)		2026-07-19	Parkano	Satakunta (St)	Suomi	62.06163	23.35639		NEUTRAL	iNaturalist Suomi Finland
keltavahvero (fi) — Cantharellus cibarius	keltavahvero (fi)		2026-07-19	Inkoo	Uusimaa (U)	Suomi	60.06124	24.25804		NEUTRAL	iNaturalist Suomi Finland
keltavahvero (fi) — Cantharellus cibarius	keltavahvero (fi)		2026-07-18	Jyväskylä	Pohjois-Häme (PH)	Suomi	62.24873	25.69809		COMMUNITY_VERIFIED	iNaturalist Suomi Finland
keltavahvero (fi) — Cantharellus cibarius	keltavahvero (fi)		2026-07-18	Kouvola	Etelä-Savo (ES)	Suomi	61.16975	26.8361		NEUTRAL	iNaturalist Suomi Finland
keltavahvero (fi) — Cantharellus cibarius	keltavahvero (fi)		2026-07-17	Uusikaupunki	Varsinais-Suomi (V)	Suomi	60.88529	21.27866		COMMUNITY_VERIFIED	iNaturalist Suomi Finland
keltavahvero (fi) — Cantharellus cibarius	keltavahvero (fi)		2026-07-15	Sipoo	Uusimaa (U)	Suomi	60.29245	25.19575		NEUTRAL	iNaturalist Suomi Finland
keltavahvero (fi) — Cantharellus cibarius	keltavahvero (fi)	7	2026-07-15 [17:00]	Joensuu	Pohjois-Karjala (PK)	Suomi	62.588554	29.811968	Sure	NEUTRAL	Notebook, general observations
keltavahvero (fi) — Cantharellus cibarius	keltavahvero (fi)		2026-07-15	Helsinki	Uusimaa (U)	Suomi	60.17163	24.90864		COMMUNITY_VERIFIED	iNaturalist Suomi Finland
keltavahvero (fi) — Cantharellus cibarius	keltavahvero (fi)		2026-07-14	Kouvola	Etelä-Savo (ES)	Suomi	60.87775	26.74031		COMMUNITY_VERIFIED	iNaturalist Suomi Finland
keltavahvero (fi) — Cantharellus cibarius	keltavahvero (fi)		2026-07-14	Salo	Varsinais-Suomi (V)	Suomi	60.10814	22.88808		COMMUNITY_VERIFIED	iNaturalist Suomi Finland
keltavahvero (fi) — Cantharellus cibarius	keltavahvero (fi)		2026-07-14	Masku, Mynämäki, Nousiainen	Varsinais-Suomi (V)	Suomi	60.7	22.1		COMMUNITY_VERIFIED	iNaturalist Suomi Finland
keltavahvero (fi) — Cantharellus cibarius	keltavahvero (fi)		2026-07-14	Sonkajärvi	Pohjois-Savo (PS)	Suomi	63.75658	27.77989		COMMUNITY_VERIFIED	iNaturalist Suomi Finland
keltavahvero (fi) — Cantharellus cibarius	keltavahvero (fi)		2026-07-14	Taipalsaari	Etelä-Savo (ES)	Suomi	61.3035	28.21588		COMMUNITY_VERIFIED	iNaturalist Suomi Finland
keltavahvero (fi) — Cantharellus cibarius	keltavahvero (fi)		2026-07-13	Marttila	Varsinais-Suomi (V)	Suomi	60.59046	22.87728		COMMUNITY_VERIFIED	iNaturalist Suomi Finland
keltavahvero (fi) — Cantharellus cibarius	keltavahvero (fi)		2026-07-13	Tuusula	Uusimaa (U)	Suomi	60.42185	25.07469		COMMUNITY_VERIFIED	iNaturalist Suomi Finland
keltavahvero (fi) — Cantharellus cibarius	keltavahvero (fi)		2026-07-13	Heinola	Etelä-Häme (EH)	Suomi	61.33176	26.29296		COMMUNITY_VERIFIED	iNaturalist Suomi Finland
keltavahvero (fi) — Cantharellus cibarius	keltavahvero (fi)		2026-07-12	Tampere	Etelä-Häme (EH)	Suomi	61.49937	23.61197		COMMUNITY_VERIFIED	iNaturalist Suomi Finland
keltavahvero (fi) — Cantharellus cibarius	keltavahvero (fi)		2026-07-12	Espoo	Uusimaa (U)	Suomi	60.202036	24.822702	Sure	NEUTRAL	The Atlas of Finnish Fungi
keltavahvero (fi) — Cantharellus cibarius	keltavahvero (fi)		2026-07-12	Tuusula	Uusimaa (U)	Suomi	60.43065	25.02385		COMMUNITY_VERIFIED	iNaturalist Suomi Finland
keltavahvero (fi) — Cantharellus cibarius	keltavahvero (fi)		2026-07-12 [10:23]	Mustasaari	Etelä-Pohjanmaa (EP)	Suomi	63.156764	21.291289	Sure	NEUTRAL	The Atlas of Finnish Fungi
keltavahvero (fi) — Cantharellus cibarius	keltavahvero (fi)		2026-07-11	Kauniainen	Uusimaa (U)	Suomi	60.212966	24.682636	Sure	NEUTRAL	The Atlas of Finnish Fungi
keltavahvero (fi) — Cantharellus cibarius	keltavahvero (fi)		2026-07-11	Helsinki	Uusimaa (U)	Suomi	60.20438	25.05733		COMMUNITY_VERIFIED	iNaturalist Suomi Finland
keltavahvero (fi) — Cantharellus cibarius	keltavahvero (fi)		2026-07-10	Masku, Mynämäki, Nousiainen, Pöytyä, Rusko, Turku	Satakunta (St), Varsinais-Suomi (V)	Suomi	60.7	22.3		COMMUNITY_VERIFIED	iNaturalist Suomi Finland
keltavahvero (fi) — Cantharellus cibarius	keltavahvero (fi)		2026-07-10	Hollola	Etelä-Häme (EH)	Suomi	60.99725	25.51688		NEUTRAL	iNaturalist Suomi Finland
keltavahvero (fi) — Cantharellus cibarius	keltavahvero (fi)		2026-07-10	Porvoo, Sipoo	Uusimaa (U)	Suomi	60.3	25.5		COMMUNITY_VERIFIED	iNaturalist Suomi Finland
keltavahvero (fi) — Cantharellus cibarius	keltavahvero (fi)		2026-07-10	Janakkala	Etelä-Häme (EH)	Suomi	60.98232	24.80482		COMMUNITY_VERIFIED	iNaturalist Suomi Finland
keltavahvero (fi) — Cantharellus cibarius	keltavahvero (fi)		2026-07-09	Tampere	Etelä-Häme (EH)	Suomi	61.58852	23.9173		COMMUNITY_VERIFIED	iNaturalist Suomi Finland
keltavahvero (fi) — Cantharellus cibarius	keltavahvero (fi)		2026-07-09	Varkaus	Pohjois-Savo (PS)	Suomi	62.32522	27.99142		COMMUNITY_VERIFIED	iNaturalist Suomi Finland
keltavahvero (fi) — Cantharellus cibarius	keltavahvero (fi)		2026-07-09	Lappeenranta	Etelä-Karjala (EK)	Suomi	60.74499	27.92186		COMMUNITY_VERIFIED	iNaturalist Suomi Finland
keltavahvero (fi) — Cantharellus cibarius	keltavahvero (fi)		2026-07-08	Loviisa	Uusimaa (U)	Suomi	60.4785	25.8419		COMMUNITY_VERIFIED	iNaturalist Suomi Finland
keltavahvero (fi) — Cantharellus cibarius	keltavahvero (fi)		2026-07-08	Salo	Varsinais-Suomi (V)	Suomi	60.17728	23.27752		NEUTRAL	iNaturalist Suomi Finland
keltavahvero (fi) — Cantharellus cibarius	keltavahvero (fi)		2026-07-08	Helsinki	Uusimaa (U)	Suomi	60.22182	24.9928		COMMUNITY_VERIFIED	iNaturalist Suomi Finland
keltavahvero (fi) — Cantharellus cibarius	keltavahvero (fi)		2026-07-08	Helsinki	Uusimaa (U)	Suomi	60.20351	25.16789		COMMUNITY_VERIFIED	iNaturalist Suomi Finland
keltavahvero (fi) — Cantharellus cibarius	keltavahvero (fi)	Vähän	2026-07-08	Rauma	Satakunta (St)	Suomi	61.135848	21.362984	Sure	NEUTRAL	Notebook, general observations
keltavahvero (fi) — Cantharellus cibarius	keltavahvero (fi)		2026-07-08	Helsinki	Uusimaa (U)	Suomi	60.2416	25.20954		COMMUNITY_VERIFIED	iNaturalist Suomi Finland
keltavahvero (fi) — Cantharellus cibarius	keltavahvero (fi)		2026-07-08	Porvoo	Uusimaa (U)	Suomi	60.29677	25.89133		COMMUNITY_VERIFIED	iNaturalist Suomi Finland
keltavahvero (fi) — Cantharellus cibarius	keltavahvero (fi)		2026-07-08	Ruovesi	Etelä-Häme (EH)	Suomi	61.84156	24.15823		NEUTRAL	iNaturalist Suomi Finland
keltavahvero (fi) — Cantharellus cibarius	keltavahvero (fi)		2026-07-08	Vaasa	Etelä-Pohjanmaa (EP)	Suomi	63.12037	21.64366		NEUTRAL	iNaturalist Suomi Finland
keltavahvero (fi) — Cantharellus cibarius	keltavahvero (fi)		2026-07-08	Helsinki	Uusimaa (U)	Suomi	60.20126	25.14854		COMMUNITY_VERIFIED	iNaturalist Suomi Finland
keltavahvero (fi) — Cantharellus cibarius	keltavahvero (fi)		2026-07-07	Hämeenlinna	Etelä-Häme (EH)	Suomi	61.0538	25.04559		COMMUNITY_VERIFIED	iNaturalist Suomi Finland
keltavahvero (fi) — Cantharellus cibarius	keltavahvero (fi)		2026-07-07	Porvoo	Uusimaa (U)	Suomi	60.277185	25.789978	Sure	NEUTRAL	The Atlas of Finnish Fungi
keltavahvero (fi) — Cantharellus cibarius	keltavahvero (fi)		2026-07-07	Kuhmoinen	Etelä-Häme (EH)	Suomi	61.66859	25.11101		COMMUNITY_VERIFIED	iNaturalist Suomi Finland
keltavahvero (fi) — Cantharellus cibarius	keltavahvero (fi)		2026-07-07	Aura, Kaarina, Lieto, Paimio, Turku	Varsinais-Suomi (V)	Suomi	60.5	22.5		COMMUNITY_VERIFIED	iNaturalist Suomi Finland
keltavahvero (fi) — Cantharellus cibarius	keltavahvero (fi)		2026-07-07 [10:00-11:00]	Eurajoki	Satakunta (St)	Suomi	61.223999	21.709182	Sure	NEUTRAL	Notebook, general observations
keltavahvero (fi) — Cantharellus cibarius	keltavahvero (fi)		2026-07-07	Parainen	Varsinais-Suomi (V)	Suomi	60.13473	21.65579		NEUTRAL	iNaturalist Suomi Finland
keltavahvero (fi) — Cantharellus cibarius	keltavahvero (fi)		2026-07-07	Ilmajoki	Etelä-Pohjanmaa (EP)	Suomi	62.74925	22.20725		COMMUNITY_VERIFIED	iNaturalist Suomi Finland
keltavahvero (fi) — Cantharellus cibarius	keltavahvero (fi)		2026-07-07	Iitti	Etelä-Häme (EH)	Suomi	61.10244	26.20808		NEUTRAL	iNaturalist Suomi Finland
keltavahvero (fi) — Cantharellus cibarius	keltavahvero (fi)		2026-07-06	Padasjoki	Etelä-Häme (EH)	Suomi	61.30679	25.30317		NEUTRAL	iNaturalist Suomi Finland
keltavahvero (fi) — Cantharellus cibarius	keltavahvero (fi)		2026-07-06	Jyväskylä	Pohjois-Häme (PH)	Suomi	62.22207	25.70393		NEUTRAL	iNaturalist Suomi Finland
keltavahvero (fi) — Cantharellus cibarius	keltavahvero (fi)		2026-07-06	Helsinki	Uusimaa (U)	Suomi	60.22128	25.00218		NEUTRAL	iNaturalist Suomi Finland
keltavahvero (fi) — Cantharellus cibarius	keltavahvero (fi)		2026-07-06	Uusikaarlepyy	Keski-Pohjanmaa (KP)	Suomi	63.48993	22.37019		COMMUNITY_VERIFIED	iNaturalist Suomi Finland
keltavahvero (fi) — Cantharellus cibarius	keltavahvero (fi)		2026-07-06	Helsinki	Uusimaa (U)	Suomi	60.21618	24.8862		COMMUNITY_VERIFIED	iNaturalist Suomi Finland
keltavahvero (fi) — Cantharellus cibarius	keltavahvero (fi)		2026-07-06	Salo	Varsinais-Suomi (V)	Suomi	60.20733	22.91044		NEUTRAL	iNaturalist Suomi Finland
keltavahvero (fi) — Cantharellus cibarius	keltavahvero (fi)		2026-07-06	Helsinki, Kerava, Sipoo, Tuusula, Vantaa	Uusimaa (U)	Suomi	60.3	25.1		NEUTRAL	iNaturalist Suomi Finland
keltavahvero (fi) — Cantharellus cibarius	keltavahvero (fi)		2026-07-05	Vaasa	Etelä-Pohjanmaa (EP)	Suomi	63.035936	21.594436	Sure	NEUTRAL	The Atlas of Finnish Fungi
keltavahvero (fi) — Cantharellus cibarius	keltavahvero (fi)		2026-07-05	Pyhtää	Uusimaa (U)	Suomi	60.592174	26.605051	Sure	NEUTRAL	The Atlas of Finnish Fungi
keltavahvero (fi) — Cantharellus cibarius	keltavahvero (fi)	60	2026-07-05 [8:00-11:30]	Savonlinna	Etelä-Savo (ES)	Suomi	61.820171	29.645984	Sure	NEUTRAL	Notebook, general observations
keltavahvero (fi) — Cantharellus cibarius	keltavahvero (fi)		2026-07-05	Masku, Mynämäki, Naantali	Varsinais-Suomi (V)	Suomi	60.5	21.9		COMMUNITY_VERIFIED	iNaturalist Suomi Finland
keltavahvero (fi) — Cantharellus cibarius	keltavahvero (fi)		2026-07-04	Espoo	Uusimaa (U)	Suomi	60.252715	24.540452	Sure	NEUTRAL	The Atlas of Finnish Fungi
keltavahvero (fi) — Cantharellus cibarius	keltavahvero (fi)	40	2026-07-04 [13:45-15:30]	Savonlinna	Etelä-Savo (ES)	Suomi	61.825558	29.633623	Sure	NEUTRAL	Notebook, general observations
keltavahvero (fi) — Cantharellus cibarius	keltavahvero (fi)		2026-07-04	Helsinki	Uusimaa (U)	Suomi	60.19643	24.91022		COMMUNITY_VERIFIED	iNaturalist Suomi Finland
keltavahvero (fi) — Cantharellus cibarius	keltavahvero (fi)		2026-07-04	Rauma	Satakunta (St)	Suomi	61.06884	21.50762		NEUTRAL	iNaturalist Suomi Finland
keltavahvero (fi) — Cantharellus cibarius	keltavahvero (fi)		2026-07-04	Närpiö	Etelä-Pohjanmaa (EP)	Suomi	62.52632	21.11557		COMMUNITY_VERIFIED	iNaturalist Suomi Finland
keltavahvero (fi) — Cantharellus cibarius	keltavahvero (fi)		2026-07-04	Espoo	Uusimaa (U)	Suomi	60.30153	24.7169		NEUTRAL	iNaturalist Suomi Finland
keltavahvero (fi) — Cantharellus cibarius	keltavahvero (fi)		2026-07-03	Helsinki	Uusimaa (U)	Suomi	60.184904	24.930325	Sure	NEUTRAL	The Atlas of Finnish Fungi
keltavahvero (fi) — Cantharellus cibarius	keltavahvero (fi)		2026-07-03	Hamina, Kotka	Etelä-Karjala (EK)	Suomi	60.5	27.1		COMMUNITY_VERIFIED	iNaturalist Suomi Finland
keltavahvero (fi) — Cantharellus cibarius	keltavahvero (fi)		2026-07-03	Raisio	Varsinais-Suomi (V)	Suomi	60.48264	22.20399		NEUTRAL	iNaturalist Suomi Finland
keltavahvero (fi) — Cantharellus cibarius	keltavahvero (fi)		2026-07-02	Askola	Uusimaa (U)	Suomi	60.57926	25.59408		NEUTRAL	iNaturalist Suomi Finland
keltavahvero (fi) — Cantharellus cibarius	keltavahvero (fi)		2026-07-02	Helsinki	Uusimaa (U)	Suomi	60.19911	25.11055		COMMUNITY_VERIFIED	iNaturalist Suomi Finland
keltavahvero (fi) — Cantharellus cibarius	keltavahvero (fi)		2026-07-02	Helsinki	Uusimaa (U)	Suomi	60.15496	25.01301		COMMUNITY_VERIFIED	iNaturalist Suomi Finland
keltavahvero (fi) — Cantharellus cibarius	keltavahvero (fi)	1	2026-07-01 [16:45-18:00]	Joensuu	Pohjois-Karjala (PK)	Suomi	62.580933	29.819884	Sure	NEUTRAL	Notebook, general observations
keltavahvero (fi) — Cantharellus cibarius	keltavahvero (fi)	Esiintymä	2026-07-01	Hämeenkyrö	Satakunta (St)	Suomi	61.658941	23.47276	Sure	NEUTRAL	The Atlas of Finnish Fungi
keltavahvero (fi) — Cantharellus cibarius	keltavahvero (fi)		2026-06-30	Mustasaari, Vöyri	Etelä-Pohjanmaa (EP)	Suomi	63.3	21.9		NEUTRAL	iNaturalist Suomi Finland
keltavahvero (fi) — Cantharellus cibarius	keltavahvero (fi)		2026-06-29	Kirkkonummi	Uusimaa (U)	Suomi	60.26515	24.50345		COMMUNITY_VERIFIED	iNaturalist Suomi Finland
keltavahvero (fi) — Cantharellus cibarius	keltavahvero (fi)		2026-06-28	Espoo, Helsinki, Nurmijärvi, Tuusula, Vantaa	Uusimaa (U)	Suomi	60.3	24.9		NEUTRAL	iNaturalist Suomi Finland
keltavahvero (fi) — Cantharellus cibarius	keltavahvero (fi)		2026-06-27	Hamina	Etelä-Karjala (EK)	Suomi	60.4118	27.41654		COMMUNITY_VERIFIED	iNaturalist Suomi Finland
keltavahvero (fi) — Cantharellus cibarius	keltavahvero (fi)		2026-06-25 [9:21-12:37]	Kaarina	Varsinais-Suomi (V)	Suomi	60.428522	22.369649	Sure	NEUTRAL	The Atlas of Finnish Fungi
keltavahvero (fi) — Cantharellus cibarius	keltavahvero (fi)	+	2026-06-25 [14:02-19:58]	Ruokolahti	Etelä-Savo (ES)	Suomi	61.322899	28.568142		NEUTRAL	National Butterfly Recording Scheme in Finland
keltavahvero (fi) — Cantharellus cibarius	keltavahvero (fi)		2026-06-25	Eurajoki	Satakunta (St)	Suomi	61.18202	21.67188		NEUTRAL	iNaturalist Suomi Finland
keltavahvero (fi) — Cantharellus cibarius	keltavahvero (fi)	10-15	2026-06-24 [14:40]	Hamina	Etelä-Karjala (EK)	Suomi	60.602145	27.111718	Sure	NEUTRAL	Notebook, general observations
keltavahvero (fi) — Cantharellus cibarius	keltavahvero (fi)		2026-06-24	Rantasalmi, Savonlinna	Etelä-Savo (ES)	Suomi	62.1	28.3		NEUTRAL	iNaturalist Suomi Finland
keltavahvero (fi) — Cantharellus cibarius	keltavahvero (fi)	Useita	2026-06-23	Porvoo	Uusimaa (U)	Suomi	60.371081	25.754261	Sure	NEUTRAL	The Atlas of Finnish Fungi
keltavahvero (fi) — Cantharellus cibarius	keltavahvero (fi)	15-20	2026-06-22 [16:25]	Hamina	Etelä-Karjala (EK)	Suomi	60.550722	27.229001	Sure	NEUTRAL	Notebook, general observations
keltavahvero (fi) — Cantharellus cibarius	keltavahvero (fi)		2026-06-21	Imatra	Etelä-Savo (ES)	Suomi	61.20583	28.73383		NEUTRAL	iNaturalist Suomi Finland
keltavahvero (fi) — Cantharellus cibarius	keltavahvero (fi)		2026-06-20	Mäntyharju	Etelä-Savo (ES)	Suomi	61.40598	26.91879		COMMUNITY_VERIFIED	iNaturalist Suomi Finland
keltavahvero (fi) — Cantharellus cibarius	keltavahvero (fi)		2026-06-08	Hollola	Etelä-Häme (EH)	Suomi	61.02568	25.04283		NEUTRAL	iNaturalist Suomi Finland
keltavahvero (fi) — Cantharellus cibarius	keltavahvero (fi)		2026-05-25	Vaasa	Etelä-Pohjanmaa (EP)	Suomi	63.0935	21.70833		NEUTRAL	iNaturalist Suomi Finland
keltavahvero (fi) — Cantharellus cibarius	keltavahvero (fi)		2025-12-25	Kotka, Pyhtää	Etelä-Karjala (EK), Uusimaa (U)	Suomi	60.5	26.9		COMMUNITY_VERIFIED	iNaturalist Suomi Finland
keltavahvero (fi) — Cantharellus cibarius	keltavahvero (fi)		2025-12-21	Vaasa	Etelä-Pohjanmaa (EP)	Suomi	63.037008	21.554389	Sure	NEUTRAL	The Atlas of Finnish Fungi
keltavahvero (fi) — Cantharellus cibarius	keltavahvero (fi)		2025-11-19	Vantaa	Uusimaa (U)	Suomi	60.29907	24.87923		COMMUNITY_VERIFIED	iNaturalist Suomi Finland
keltavahvero (fi) — Cantharellus cibarius	keltavahvero (fi)		2025-11-18	Eurajoki	Satakunta (St)	Suomi	61.18934	21.6189		COMMUNITY_VERIFIED	iNaturalist Suomi Finland
keltavahvero (fi) — Cantharellus cibarius	keltavahvero (fi)		2025-11-16	Loppi	Etelä-Häme (EH)	Suomi	60.72727	24.20595		COMMUNITY_VERIFIED	iNaturalist Suomi Finland
keltavahvero (fi) — Cantharellus cibarius	keltavahvero (fi)		2025-11-16	Vantaa	Uusimaa (U)	Suomi	60.2718	24.83474		NEUTRAL	iNaturalist Suomi Finland
keltavahvero (fi) — Cantharellus cibarius	keltavahvero (fi)		2025-11-14	Imatra	Etelä-Savo (ES)	Suomi	61.20188	28.73353		NEUTRAL	iNaturalist Suomi Finland
keltavahvero (fi) — Cantharellus cibarius	keltavahvero (fi)		2025-11-11	Lappeenranta	Etelä-Savo (ES)	Suomi	61.098203	28.225241	Sure	NEUTRAL	Notebook, general observations
keltavahvero (fi) — Cantharellus cibarius	keltavahvero (fi)		2025-11-10	Kirkkonummi	Uusimaa (U)	Suomi	60.155569	24.591213	Sure	NEUTRAL	Notebook, general observations
keltavahvero (fi) — Cantharellus cibarius	keltavahvero (fi)		2025-11-09	Helsinki	Uusimaa (U)	Suomi	60.22058	24.97393		NEUTRAL	iNaturalist Suomi Finland
keltavahvero (fi) — Cantharellus cibarius	keltavahvero (fi)		2025-11-09	Vaasa	Etelä-Pohjanmaa (EP)	Suomi	63.08524	21.76699		COMMUNITY_VERIFIED	iNaturalist Suomi Finland
keltavahvero (fi) — Cantharellus cibarius	keltavahvero (fi)		2025-11-07	Espoo	Uusimaa (U)	Suomi	60.20004	24.73983		COMMUNITY_VERIFIED	iNaturalist Suomi Finland
keltavahvero (fi) — Cantharellus cibarius	keltavahvero (fi)		2025-11-07	Närpiö	Etelä-Pohjanmaa (EP)	Suomi	62.53928	21.12448		COMMUNITY_VERIFIED	iNaturalist Suomi Finland
keltavahvero (fi) — Cantharellus cibarius	keltavahvero (fi)		2025-11-06	Parainen	Varsinais-Suomi (V)	Suomi	60.33424	22.14528		COMMUNITY_VERIFIED	iNaturalist Suomi Finland
keltavahvero (fi) — Cantharellus cibarius	keltavahvero (fi)		2025-10-30	Hämeenlinna	Etelä-Häme (EH)	Suomi	61.1961	25.14887		COMMUNITY_VERIFIED	iNaturalist Suomi Finland
keltavahvero (fi) — Cantharellus cibarius	keltavahvero (fi)	20	2025-10-30	Oulu	Oulun Pohjanmaa (OP)	Suomi	65.118249	26.038195	Sure	NEUTRAL	Notebook, general observations
keltavahvero (fi) — Cantharellus cibarius	keltavahvero (fi)		2025-10-29	Lieto	Varsinais-Suomi (V)	Suomi	60.48291	22.41622		COMMUNITY_VERIFIED	iNaturalist Suomi Finland
keltavahvero (fi) — Cantharellus cibarius	keltavahvero (fi)		2025-10-27	Porvoo	Uusimaa (U)	Suomi	60.394	25.61391		COMMUNITY_VERIFIED	iNaturalist Suomi Finland
keltavahvero (fi) — Cantharellus cibarius	keltavahvero (fi)	4	2025-10-26	Oulu	Oulun Pohjanmaa (OP)	Suomi	65.112791	25.399672	Sure	NEUTRAL	Notebook, general observations
keltavahvero (fi) — Cantharellus cibarius	keltavahvero (fi)		2025-10-25 [12:24-16:05]	Kaarina	Varsinais-Suomi (V)	Suomi	60.428387	22.357892	Sure	NEUTRAL	The Atlas of Finnish Fungi
keltavahvero (fi) — Cantharellus cibarius	keltavahvero (fi)		2025-10-22	Tuusniemi	Pohjois-Savo (PS)	Suomi	62.87564	28.46925		COMMUNITY_VERIFIED	iNaturalist Suomi Finland
keltavahvero (fi) — Cantharellus cibarius	keltavahvero (fi)		2025-10-21	Espoo	Uusimaa (U)	Suomi	60.191997	24.556706		NEUTRAL	Kastikka Floristic Archives (H)
keltavahvero (fi) — Cantharellus cibarius	keltavahvero (fi)		2025-10-20	Vihti	Varsinais-Suomi (V)	Suomi	60.308121	24.44044		NEUTRAL	Kastikka Floristic Archives (H)
keltavahvero (fi) — Cantharellus cibarius	keltavahvero (fi)		2025-10-19	Kuopio, Lapinlahti	Pohjois-Savo (PS)	Suomi	63.3	27.3		COMMUNITY_VERIFIED	iNaturalist Suomi Finland
keltavahvero (fi) — Cantharellus cibarius	keltavahvero (fi)		2025-10-19	Kirkkonummi	Uusimaa (U)	Suomi	60.082024	24.592594	Sure	NEUTRAL	The Atlas of Finnish Fungi
keltavahvero (fi) — Cantharellus cibarius	keltavahvero (fi)		2025-10-16	Hanko	Uusimaa (U)	Suomi	59.830045	23.031747	Sure	NEUTRAL	The Atlas of Finnish Fungi
keltavahvero (fi) — Cantharellus cibarius	keltavahvero (fi)	muutama	2025-10-16	Kustavi	Varsinais-Suomi (V)	Suomi	60.589843	21.390136	Sure	NEUTRAL	The Atlas of Finnish Fungi
keltavahvero (fi) — Cantharellus cibarius	keltavahvero (fi)		2025-10-15	Hanko	Uusimaa (U)	Suomi	59.905111	23.195263	Sure	NEUTRAL	The Atlas of Finnish Fungi
keltavahvero (fi) — Cantharellus cibarius	keltavahvero (fi)	82	2025-10-15	Oulu	Oulun Pohjanmaa (OP)	Suomi	65.112791	25.399672	Sure	NEUTRAL	Notebook, general observations
keltavahvero (fi) — Cantharellus cibarius	keltavahvero (fi)		2025-10-14	Hanko	Uusimaa (U)	Suomi	59.890651	23.215977	Sure	NEUTRAL	The Atlas of Finnish Fungi
keltavahvero (fi) — Cantharellus cibarius	keltavahvero (fi)		2025-10-14	Porvoo	Uusimaa (U)	Suomi	60.36164	25.72228		COMMUNITY_VERIFIED	iNaturalist Suomi Finland
keltavahvero (fi) — Cantharellus cibarius	keltavahvero (fi)		2025-10-13	Sastamala	Satakunta (St)	Suomi	61.379508	23.161705	Sure	NEUTRAL	The Atlas of Finnish Fungi
keltavahvero (fi) — Cantharellus cibarius	keltavahvero (fi)		2025-10-12	Sastamala	Satakunta (St)	Suomi	61.392426	23.075609	Sure	NEUTRAL	The Atlas of Finnish Fungi
keltavahvero (fi) — Cantharellus cibarius	keltavahvero (fi)		2025-10-12	Salo	Varsinais-Suomi (V)	Suomi	60.17675	23.27672		COMMUNITY_VERIFIED	iNaturalist Suomi Finland
keltavahvero (fi) — Cantharellus cibarius	keltavahvero (fi)		2025-10-11	Espoo	Uusimaa (U)	Suomi	60.3396	24.691825	Sure	NEUTRAL	The Atlas of Finnish Fungi
keltavahvero (fi) — Cantharellus cibarius	keltavahvero (fi)		2025-10-11	Heinola	Etelä-Häme (EH)	Suomi	61.34029	26.18438		COMMUNITY_VERIFIED	iNaturalist Suomi Finland
keltavahvero (fi) — Cantharellus cibarius	keltavahvero (fi)		2025-10-11	Juuka	Pohjois-Karjala (PK)	Suomi	63.41423	29.09317		COMMUNITY_VERIFIED	iNaturalist Suomi Finland
keltavahvero (fi) — Cantharellus cibarius	keltavahvero (fi)		2025-10-11	Orimattila	Uusimaa (U)	Suomi	60.73995	26.11322		COMMUNITY_VERIFIED	iNaturalist Suomi Finland
keltavahvero (fi) — Cantharellus cibarius	keltavahvero (fi)		2025-10-11 [11:43]	Tampere	Etelä-Häme (EH)	Suomi	61.465549	23.811758	Sure	NEUTRAL	Notebook, general observations
keltavahvero (fi) — Cantharellus cibarius	keltavahvero (fi)		2025-10-10	Hämeenkyrö	Satakunta (St)	Suomi	61.56464	23.09355		COMMUNITY_VERIFIED	iNaturalist Suomi Finland
keltavahvero (fi) — Cantharellus cibarius	keltavahvero (fi)		2025-10-10	Jyväskylä	Pohjois-Häme (PH)	Suomi	62.20566	25.67308		COMMUNITY_VERIFIED	iNaturalist Suomi Finland
keltavahvero (fi) — Cantharellus cibarius	keltavahvero (fi)		2025-10-10	Jyväskylä	Pohjois-Häme (PH)	Suomi	62.20146	25.67223		NEUTRAL	iNaturalist Suomi Finland
keltavahvero (fi) — Cantharellus cibarius	keltavahvero (fi)	Useita	2025-10-10	Raahe	Keski-Pohjanmaa (KP)	Suomi	64.563606	24.597339	Sure	NEUTRAL	The Atlas of Finnish Fungi
keltavahvero (fi) — Cantharellus cibarius	keltavahvero (fi)		2025-10-07	Hämeenkyrö	Satakunta (St)	Suomi	61.56449	23.0967		COMMUNITY_VERIFIED	iNaturalist Suomi Finland
keltavahvero (fi) — Cantharellus cibarius	keltavahvero (fi)		2025-10-06	Salo	Varsinais-Suomi (V)	Suomi	60.17673	23.27678		COMMUNITY_VERIFIED	iNaturalist Suomi Finland
keltavahvero (fi) — Cantharellus cibarius	keltavahvero (fi)		2025-10-06	Jyväskylä	Pohjois-Häme (PH)	Suomi	62.23525	25.63319		COMMUNITY_VERIFIED	iNaturalist Suomi Finland
keltavahvero (fi) — Cantharellus cibarius	keltavahvero (fi)		2025-10-06	Närpiö	Etelä-Pohjanmaa (EP)	Suomi	62.53912	21.12351		COMMUNITY_VERIFIED	iNaturalist Suomi Finland
keltavahvero (fi) — Cantharellus cibarius	keltavahvero (fi)		2025-10-04	Aura, Lieto, Masku, Mynämäki, Nousiainen, Pöytyä, Rusko, Turku	Satakunta (St), Varsinais-Suomi (V)	Suomi	60.7	22.5		NEUTRAL	iNaturalist Suomi Finland
keltavahvero (fi) — Cantharellus cibarius	keltavahvero (fi)	10+	2025-10-02	Loppi	Etelä-Häme (EH)	Suomi	60.666524	24.336276	Sure	NEUTRAL	Notebook, general observations
keltavahvero (fi) — Cantharellus cibarius	keltavahvero (fi)		2025-10-02	Raasepori	Uusimaa (U)	Suomi	59.943998	23.509586	Sure	NEUTRAL	The Atlas of Finnish Fungi
keltavahvero (fi) — Cantharellus cibarius	keltavahvero (fi)		2025-10-02	Finström	Ahvenanmaa (A)	Suomi	60.33898	19.90868		NEUTRAL	iNaturalist Suomi Finland
keltavahvero (fi) — Cantharellus cibarius	keltavahvero (fi)		2025-10-02	Närpiö	Etelä-Pohjanmaa (EP)	Suomi	62.47284	21.33715		COMMUNITY_VERIFIED	iNaturalist Suomi Finland
keltavahvero (fi) — Cantharellus cibarius	keltavahvero (fi)		2025-10-01	Raasepori	Uusimaa (U), Varsinais-Suomi (V)	Suomi	60.008326	23.494959	Sure	NEUTRAL	The Atlas of Finnish Fungi
keltavahvero (fi) — Cantharellus cibarius	keltavahvero (fi)		2025-10-01	Joensuu	Pohjois-Karjala (PK)	Suomi	62.55837	30.17677		COMMUNITY_VERIFIED	iNaturalist Suomi Finland
keltavahvero (fi) — Cantharellus cibarius	keltavahvero (fi)		2025-10-01 [13:21-14:08]	Hanko	Uusimaa (U)	Suomi	59.896513	23.221756	Sure	NEUTRAL	The Atlas of Finnish Fungi
keltavahvero (fi) — Cantharellus cibarius	keltavahvero (fi)		2025-09-30	Hanko	Uusimaa (U)	Suomi	59.892484	23.220066	Sure	NEUTRAL	The Atlas of Finnish Fungi
keltavahvero (fi) — Cantharellus cibarius	keltavahvero (fi)		2025-09-30	Virrat	Pohjois-Häme (PH)	Suomi	62.26526	23.72218		COMMUNITY_VERIFIED	iNaturalist Suomi Finland
keltavahvero (fi) — Cantharellus cibarius	keltavahvero (fi)		2025-09-30	Lieto	Varsinais-Suomi (V)	Suomi	60.51164	22.40603		COMMUNITY_VERIFIED	iNaturalist Suomi Finland
keltavahvero (fi) — Cantharellus cibarius	keltavahvero (fi)		2025-09-29	Vihti	Varsinais-Suomi (V)	Suomi	60.540357	24.556897	Sure	NEUTRAL	The Atlas of Finnish Fungi
keltavahvero (fi) — Cantharellus cibarius	keltavahvero (fi)		2025-09-29	Raasepori	Uusimaa (U), Varsinais-Suomi (V)	Suomi	60.006156	23.492708	Sure	NEUTRAL	The Atlas of Finnish Fungi
keltavahvero (fi) — Cantharellus cibarius	keltavahvero (fi)		2025-09-28	Espoo	Uusimaa (U)	Suomi	60.19833	24.73109		COMMUNITY_VERIFIED	iNaturalist Suomi Finland
keltavahvero (fi) — Cantharellus cibarius	keltavahvero (fi)		2025-09-28	Kuopio, Lapinlahti	Pohjois-Savo (PS)	Suomi	63.3	27.3		COMMUNITY_VERIFIED	iNaturalist Suomi Finland
keltavahvero (fi) — Cantharellus cibarius	keltavahvero (fi)		2025-09-28	Espoo	Uusimaa (U)	Suomi	60.29736	24.58386		COMMUNITY_VERIFIED	iNaturalist Suomi Finland
keltavahvero (fi) — Cantharellus cibarius	keltavahvero (fi)		2025-09-28	Raasepori	Uusimaa (U)	Suomi	59.99543	23.65057		COMMUNITY_VERIFIED	iNaturalist Suomi Finland
keltavahvero (fi) — Cantharellus cibarius	keltavahvero (fi)		2025-09-28	Vantaa	Uusimaa (U)	Suomi	60.29389	25.14594		COMMUNITY_VERIFIED	iNaturalist Suomi Finland
keltavahvero (fi) — Cantharellus cibarius	keltavahvero (fi)		2025-09-28	Helsinki	Uusimaa (U)	Suomi	60.20461	24.95791		COMMUNITY_VERIFIED	iNaturalist Suomi Finland
keltavahvero (fi) — Cantharellus cibarius	keltavahvero (fi)		2025-09-27	Helsinki	Uusimaa (U)	Suomi	60.24396	25.20281		COMMUNITY_VERIFIED	iNaturalist Suomi Finland
keltavahvero (fi) — Cantharellus cibarius	keltavahvero (fi)		2025-09-27 [10:32-16:48]	Pöytyä	Varsinais-Suomi (V)	Suomi	60.740989	22.455993	Sure	NEUTRAL	The Atlas of Finnish Fungi
keltavahvero (fi) — Cantharellus cibarius	keltavahvero (fi)		2025-09-26	Vihti	Varsinais-Suomi (V)	Suomi	60.544134	24.482722	Sure	NEUTRAL	The Atlas of Finnish Fungi
keltavahvero (fi) — Cantharellus cibarius	keltavahvero (fi)		2025-09-26	Salo	Varsinais-Suomi (V)	Suomi	60.462014	23.649239		NEUTRAL	Fungal collection of the Botanical Museum, University of Oulu (OULU)
keltavahvero (fi) — Cantharellus cibarius	keltavahvero (fi)		2025-09-26	Hyvinkää, Nurmijärvi, Tuusula, Vantaa	Uusimaa (U)	Suomi	60.5	24.9		COMMUNITY_VERIFIED	iNaturalist Suomi Finland
keltavahvero (fi) — Cantharellus cibarius	keltavahvero (fi)		2025-09-26	Hanko	Uusimaa (U)	Suomi	59.85204	23.21824		COMMUNITY_VERIFIED	iNaturalist Suomi Finland
keltavahvero (fi) — Cantharellus cibarius	keltavahvero (fi)		2025-09-26	Vihti	Varsinais-Suomi (V)	Suomi	60.542938	24.554379	Sure	NEUTRAL	The Atlas of Finnish Fungi
keltavahvero (fi) — Cantharellus cibarius	keltavahvero (fi)		2025-09-26	Kirkkonummi	Uusimaa (U)	Suomi	60.15475	24.56325		COMMUNITY_VERIFIED	iNaturalist Suomi Finland
keltavahvero (fi) — Cantharellus cibarius	keltavahvero (fi)		2025-09-26	Jyväskylä	Pohjois-Häme (PH)	Suomi	62.2593	25.6375		COMMUNITY_VERIFIED	iNaturalist Suomi Finland
keltavahvero (fi) — Cantharellus cibarius	keltavahvero (fi)		2025-09-26	Tohmajärvi	Pohjois-Karjala (PK)	Suomi	62.256344	30.479432	Sure	NEUTRAL	The Atlas of Finnish Fungi
keltavahvero (fi) — Cantharellus cibarius	keltavahvero (fi)		2025-09-25	Espoo	Uusimaa (U)	Suomi	60.15564	24.72389		COMMUNITY_VERIFIED	iNaturalist Suomi Finland
keltavahvero (fi) — Cantharellus cibarius	keltavahvero (fi)		2025-09-25	Kotka	Etelä-Karjala (EK)	Suomi	60.41709	26.97273		COMMUNITY_VERIFIED	iNaturalist Suomi Finland
keltavahvero (fi) — Cantharellus cibarius	keltavahvero (fi)		2025-09-23 - 2025-09-24	Kauniainen	Uusimaa (U)	Suomi	60.212966	24.682636	Sure	NEUTRAL	The Atlas of Finnish Fungi
keltavahvero (fi) — Cantharellus cibarius	keltavahvero (fi)		2025-09-21	Espoo, Helsinki	Uusimaa (U)	Suomi	60.1	24.9		COMMUNITY_VERIFIED	iNaturalist Suomi Finland
keltavahvero (fi) — Cantharellus cibarius	keltavahvero (fi)		2025-09-21	Raasepori	Varsinais-Suomi (V)	Suomi	60.13301	23.5373		COMMUNITY_VERIFIED	iNaturalist Suomi Finland
keltavahvero (fi) — Cantharellus cibarius	keltavahvero (fi)		2025-09-21	Siilinjärvi	Pohjois-Savo (PS)	Suomi	63.01457	27.43165		COMMUNITY_VERIFIED	iNaturalist Suomi Finland
keltavahvero (fi) — Cantharellus cibarius	keltavahvero (fi)		2025-09-21	Saltvik	Ahvenanmaa (A)	Suomi	60.31247	19.9402		NEUTRAL	iNaturalist Suomi Finland
keltavahvero (fi) — Cantharellus cibarius	keltavahvero (fi)	kymmeniä	2025-09-21 [12:30]	Ähtäri	Pohjois-Häme (PH)	Suomi	62.470401	23.992144	Sure	NEUTRAL	The Atlas of Finnish Fungi
keltavahvero (fi) — Cantharellus cibarius	keltavahvero (fi)	noin 10	2025-09-21 [12:03]	Ähtäri	Pohjois-Häme (PH)	Suomi	62.472302	23.98801	Sure	NEUTRAL	The Atlas of Finnish Fungi
keltavahvero (fi) — Cantharellus cibarius	keltavahvero (fi)		2025-09-20 [7:53]	Parainen	Varsinais-Suomi (V)	Suomi	60.138364	21.657185		NEUTRAL	Notebook, general observations
keltavahvero (fi) — Cantharellus cibarius	keltavahvero (fi)		2025-09-20	Salo	Varsinais-Suomi (V)	Suomi	60.45577	23.62628		COMMUNITY_VERIFIED	iNaturalist Suomi Finland
keltavahvero (fi) — Cantharellus cibarius	keltavahvero (fi)		2025-09-20	Salo	Varsinais-Suomi (V)	Suomi	60.45564	23.6262		COMMUNITY_VERIFIED	iNaturalist Suomi Finland
keltavahvero (fi) — Cantharellus cibarius	keltavahvero (fi)		2025-09-20	Salo	Varsinais-Suomi (V)	Suomi	60.45571	23.62611		COMMUNITY_VERIFIED	iNaturalist Suomi Finland
keltavahvero (fi) — Cantharellus cibarius	keltavahvero (fi)		2025-09-20	Haapavesi	Keski-Pohjanmaa (KP)	Suomi	64.06431	25.66017		COMMUNITY_VERIFIED	iNaturalist Suomi Finland
keltavahvero (fi) — Cantharellus cibarius	keltavahvero (fi)		2025-09-20	Turku	Varsinais-Suomi (V)	Suomi	60.41548	22.20321		NEUTRAL	iNaturalist Suomi Finland
keltavahvero (fi) — Cantharellus cibarius	keltavahvero (fi)		2025-09-20	Ii	Oulun Pohjanmaa (OP)	Suomi	65.56155	25.13123		NEUTRAL	iNaturalist Suomi Finland
keltavahvero (fi) — Cantharellus cibarius	keltavahvero (fi)		2025-09-20	Salo	Varsinais-Suomi (V)	Suomi	60.4566	23.62138		COMMUNITY_VERIFIED	iNaturalist Suomi Finland
keltavahvero (fi) — Cantharellus cibarius	keltavahvero (fi)		2025-09-20	Salo	Varsinais-Suomi (V)	Suomi	60.45655	23.62139		COMMUNITY_VERIFIED	iNaturalist Suomi Finland
keltavahvero (fi) — Cantharellus cibarius	keltavahvero (fi)	10	2025-09-18	Inari	Inarin Lappi (InL)	Suomi	68.705267	25.790553		NEUTRAL	Löydös Open Finnish Observation Database
keltavahvero (fi) — Cantharellus cibarius	keltavahvero (fi)		2025-09-18	Helsinki	Uusimaa (U)	Suomi	60.26655	25.15624		COMMUNITY_VERIFIED	iNaturalist Suomi Finland
keltavahvero (fi) — Cantharellus cibarius	keltavahvero (fi)		2025-09-18	Rauma	Satakunta (St)	Suomi	61.11471	21.58502		COMMUNITY_VERIFIED	iNaturalist Suomi Finland
keltavahvero (fi) — Cantharellus cibarius	keltavahvero (fi)		2025-09-18	Siilinjärvi	Pohjois-Savo (PS)	Suomi	63.01531	27.44383		COMMUNITY_VERIFIED	iNaturalist Suomi Finland
keltavahvero (fi) — Cantharellus cibarius	keltavahvero (fi)		2025-09-17	Parainen	Varsinais-Suomi (V)	Suomi	60.16486	21.68184		COMMUNITY_VERIFIED	iNaturalist Suomi Finland
keltavahvero (fi) — Cantharellus cibarius	keltavahvero (fi)		2025-09-16	Salo	Varsinais-Suomi (V)	Suomi	60.17679	23.27681		COMMUNITY_VERIFIED	iNaturalist Suomi Finland
keltavahvero (fi) — Cantharellus cibarius	keltavahvero (fi)		2025-09-16	Lappeenranta	Etelä-Savo (ES)	Suomi	61.00388	28.11614		COMMUNITY_VERIFIED	iNaturalist Suomi Finland
keltavahvero (fi) — Cantharellus cibarius	keltavahvero (fi)		2025-09-15	Parainen	Varsinais-Suomi (V)	Suomi	60.25286	22.10815		COMMUNITY_VERIFIED	iNaturalist Suomi Finland
keltavahvero (fi) — Cantharellus cibarius	keltavahvero (fi)		2025-09-14	Vesilahti	Etelä-Häme (EH)	Suomi	61.26969	23.49709		COMMUNITY_VERIFIED	iNaturalist Suomi Finland
keltavahvero (fi) — Cantharellus cibarius	keltavahvero (fi)		2025-09-14	Oulu	Oulun Pohjanmaa (OP)	Suomi	64.973	25.52339		COMMUNITY_VERIFIED	iNaturalist Suomi Finland
keltavahvero (fi) — Cantharellus cibarius	keltavahvero (fi)		2025-09-13	Joutsa	Etelä-Savo (ES)	Suomi	62.01369	26.20393		COMMUNITY_VERIFIED	iNaturalist Suomi Finland
keltavahvero (fi) — Cantharellus cibarius	keltavahvero (fi)		2025-09-13	Espoo	Uusimaa (U)	Suomi	60.35482	24.66516		COMMUNITY_VERIFIED	iNaturalist Suomi Finland
keltavahvero (fi) — Cantharellus cibarius	keltavahvero (fi)		2025-09-13	Vihti	Varsinais-Suomi (V)	Suomi	60.28446	24.51193		COMMUNITY_VERIFIED	iNaturalist Suomi Finland
keltavahvero (fi) — Cantharellus cibarius	keltavahvero (fi)		2025-09-13 [13:56]	Vihti	Varsinais-Suomi (V)	Suomi	60.2842	24.511922	Sure	NEUTRAL	Notebook, general observations
keltavahvero (fi) — Cantharellus cibarius	keltavahvero (fi)		2025-09-13 [10:22]	Tampere	Etelä-Häme (EH)	Suomi	61.468574	23.814458	Sure	NEUTRAL	Notebook, general observations
keltavahvero (fi) — Cantharellus cibarius	keltavahvero (fi)		2025-09-12	Finström	Ahvenanmaa (A)	Suomi	60.28858	19.89922		COMMUNITY_VERIFIED	iNaturalist Suomi Finland
keltavahvero (fi) — Cantharellus cibarius	keltavahvero (fi)	2	2025-09-12	Turku	Varsinais-Suomi (V)	Suomi	60.349698	22.19782	Sure	NEUTRAL	Notebook, general observations
keltavahvero (fi) — Cantharellus cibarius	keltavahvero (fi)		2025-09-11	Hämeenlinna	Etelä-Häme (EH)	Suomi	60.996008	24.414001	Sure	NEUTRAL	The Atlas of Finnish Fungi
keltavahvero (fi) — Cantharellus cibarius	keltavahvero (fi)		2025-09-11	Hämeenlinna	Etelä-Häme (EH)	Suomi	61.215045	25.17512	Sure	NEUTRAL	The Atlas of Finnish Fungi
keltavahvero (fi) — Cantharellus cibarius	keltavahvero (fi)		2025-09-11	Hämeenlinna	Etelä-Häme (EH)	Suomi	61.220636	25.149249	Sure	NEUTRAL	The Atlas of Finnish Fungi
keltavahvero (fi) — Cantharellus cibarius	keltavahvero (fi)		2025-09-11	Hämeenlinna	Etelä-Häme (EH)	Suomi	60.86741	24.37006		COMMUNITY_VERIFIED	iNaturalist Suomi Finland
keltavahvero (fi) — Cantharellus cibarius	keltavahvero (fi)		2025-09-11 [16:17]	Espoo	Uusimaa (U)	Suomi	60.185901	24.675826	Sure	NEUTRAL	Notebook, general observations
keltavahvero (fi) — Cantharellus cibarius	keltavahvero (fi)		2025-09-10	Hämeenlinna	Etelä-Häme (EH)	Suomi	61.202402	25.140293	Sure	NEUTRAL	The Atlas of Finnish Fungi
keltavahvero (fi) — Cantharellus cibarius	keltavahvero (fi)		2025-09-10	Hämeenlinna	Etelä-Häme (EH)	Suomi	61.209379	25.125021	Sure	NEUTRAL	The Atlas of Finnish Fungi
keltavahvero (fi) — Cantharellus cibarius	keltavahvero (fi)	5	2025-09-10	Valkeakoski	Etelä-Häme (EH)	Suomi	61.206805	24.057164	Sure	NEUTRAL	The Atlas of Finnish Fungi
keltavahvero (fi) — Cantharellus cibarius	keltavahvero (fi)		2025-09-10	Loimaa	Satakunta (St)	Suomi	60.85118	23.05521		NEUTRAL	iNaturalist Suomi Finland
keltavahvero (fi) — Cantharellus cibarius	keltavahvero (fi)	5	2025-09-09	Hämeenlinna	Etelä-Häme (EH)	Suomi	61.063582	25.037468	Sure	NEUTRAL	The Atlas of Finnish Fungi
keltavahvero (fi) — Cantharellus cibarius	keltavahvero (fi)		2025-09-09	Hämeenlinna	Etelä-Häme (EH)	Suomi	61.089742	25.004751	Sure	NEUTRAL	The Atlas of Finnish Fungi
keltavahvero (fi) — Cantharellus cibarius	keltavahvero (fi)		2025-09-09	Vaasa	Etelä-Pohjanmaa (EP)	Suomi	63.05838	21.696365	Sure	NEUTRAL	Notebook, general observations
keltavahvero (fi) — Cantharellus cibarius	keltavahvero (fi)		2025-09-09	Espoo	Uusimaa (U)	Suomi	60.200672	24.618402		NEUTRAL	Kastikka Floristic Archives (H)
keltavahvero (fi) — Cantharellus cibarius	keltavahvero (fi)		2025-09-09	Kärkölä	Etelä-Häme (EH)	Suomi	60.903027	25.239995	Sure	NEUTRAL	The Atlas of Finnish Fungi
keltavahvero (fi) — Cantharellus cibarius	keltavahvero (fi)	Muutama	2025-09-09	Raahe	Keski-Pohjanmaa (KP)	Suomi	64.71402	24.546718	Sure	NEUTRAL	The Atlas of Finnish Fungi
keltavahvero (fi) — Cantharellus cibarius	keltavahvero (fi)		2025-09-08	Lohja	Varsinais-Suomi (V)	Suomi	60.24879	24.01993		COMMUNITY_VERIFIED	iNaturalist Suomi Finland
keltavahvero (fi) — Cantharellus cibarius	keltavahvero (fi)		2025-09-07	Lahti	Etelä-Häme (EH)	Suomi	60.97583	25.741483	Sure	NEUTRAL	Notebook, general observations
keltavahvero (fi) — Cantharellus cibarius	keltavahvero (fi)		2025-09-07	Närpiö	Etelä-Pohjanmaa (EP)	Suomi	62.53932	21.12438		COMMUNITY_VERIFIED	iNaturalist Suomi Finland
keltavahvero (fi) — Cantharellus cibarius	keltavahvero (fi)		2025-09-07	Lahti	Etelä-Häme (EH)	Suomi	60.98209	25.66121		COMMUNITY_VERIFIED	iNaturalist Suomi Finland
keltavahvero (fi) — Cantharellus cibarius	keltavahvero (fi)		2025-09-07	Asikkala	Etelä-Häme (EH)	Suomi	61.169459	25.867302	Sure	NEUTRAL	Notebook, general observations
keltavahvero (fi) — Cantharellus cibarius	keltavahvero (fi)	26	2025-09-06	Jyväskylä	Pohjois-Häme (PH)	Suomi	62.283366	25.876488	Sure	NEUTRAL	Notebook, general observations
keltavahvero (fi) — Cantharellus cibarius	keltavahvero (fi)		2025-09-06	Loppi	Etelä-Häme (EH)	Suomi	60.65466	24.23224		COMMUNITY_VERIFIED	iNaturalist Suomi Finland
keltavahvero (fi) — Cantharellus cibarius	keltavahvero (fi)		2025-09-06	Hattula	Etelä-Häme (EH)	Suomi	60.93254	24.14507		COMMUNITY_VERIFIED	iNaturalist Suomi Finland
keltavahvero (fi) — Cantharellus cibarius	keltavahvero (fi)		2025-09-06	Mikkeli	Etelä-Savo (ES)	Suomi	61.42719	27.11279		NEUTRAL	iNaturalist Suomi Finland
keltavahvero (fi) — Cantharellus cibarius	keltavahvero (fi)		2025-09-06	Geta	Ahvenanmaa (A)	Suomi	60.36056	19.90499		NEUTRAL	iNaturalist Suomi Finland
keltavahvero (fi) — Cantharellus cibarius	keltavahvero (fi)		2025-09-06	Geta	Ahvenanmaa (A)	Suomi	60.35802	19.89951		NEUTRAL	iNaturalist Suomi Finland
keltavahvero (fi) — Cantharellus cibarius	keltavahvero (fi)		2025-09-06	Geta	Ahvenanmaa (A)	Suomi	60.36009	19.90097		NEUTRAL	iNaturalist Suomi Finland
keltavahvero (fi) — Cantharellus cibarius	keltavahvero (fi)		2025-09-06	Helsinki	Uusimaa (U)	Suomi	60.21687	24.88409		COMMUNITY_VERIFIED	iNaturalist Suomi Finland
keltavahvero (fi) — Cantharellus cibarius	keltavahvero (fi)		2025-09-06	Geta	Ahvenanmaa (A)	Suomi	60.3584	19.90691		NEUTRAL	iNaturalist Suomi Finland
keltavahvero (fi) — Cantharellus cibarius	keltavahvero (fi)		2025-09-06	Geta	Ahvenanmaa (A)	Suomi	60.35972	19.9079		NEUTRAL	iNaturalist Suomi Finland
keltavahvero (fi) — Cantharellus cibarius	keltavahvero (fi)		2025-09-06 [10:37]	Tampere	Etelä-Häme (EH)	Suomi	61.468222	23.816105	Sure	NEUTRAL	Notebook, general observations
keltavahvero (fi) — Cantharellus cibarius	keltavahvero (fi)	Kymmeniä	2025-09-04	Hämeenkyrö	Satakunta (St)	Suomi	61.670797	23.146026	Sure	NEUTRAL	The Atlas of Finnish Fungi
keltavahvero (fi) — Cantharellus cibarius	keltavahvero (fi)		2025-09-04	Eurajoki	Satakunta (St)	Suomi	61.47738	21.3522		NEUTRAL	iNaturalist Suomi Finland
keltavahvero (fi) — Cantharellus cibarius	keltavahvero (fi)		2025-09-03	Salo	Varsinais-Suomi (V)	Suomi	60.17681	23.27674		COMMUNITY_VERIFIED	iNaturalist Suomi Finland
keltavahvero (fi) — Cantharellus cibarius	keltavahvero (fi)		2025-09-02	Hattula	Etelä-Häme (EH)	Suomi	60.9321	24.14879		COMMUNITY_VERIFIED	iNaturalist Suomi Finland
keltavahvero (fi) — Cantharellus cibarius	keltavahvero (fi)		2025-09-02	Rauma	Satakunta (St)	Suomi	61.11393	21.58922		COMMUNITY_VERIFIED	iNaturalist Suomi Finland
keltavahvero (fi) — Cantharellus cibarius	keltavahvero (fi)		2025-09-02	Siuntio	Uusimaa (U)	Suomi	60.14141	24.20256		COMMUNITY_VERIFIED	iNaturalist Suomi Finland
keltavahvero (fi) — Cantharellus cibarius	keltavahvero (fi)	1	2025-09-01	Raasepori	Varsinais-Suomi (V)	Suomi	60.199101	23.894302		NEUTRAL	LajiGIS: Species mapping and surveys
keltavahvero (fi) — Cantharellus cibarius	keltavahvero (fi)		2025-09-01	Parainen	Varsinais-Suomi (V)	Suomi	59.95557	21.7775		COMMUNITY_VERIFIED	iNaturalist Suomi Finland
keltavahvero (fi) — Cantharellus cibarius	keltavahvero (fi)	n. 5	2025-09-01 [8:46]	Espoo	Uusimaa (U)	Suomi	60.183212	24.662965	Sure	NEUTRAL	Notebook, general observations
keltavahvero (fi) — Cantharellus cibarius	keltavahvero (fi)		2025-08-31	Forssa	Etelä-Häme (EH)	Suomi	60.83672	23.60836		NEUTRAL	iNaturalist Suomi Finland
keltavahvero (fi) — Cantharellus cibarius	keltavahvero (fi)		2025-08-31	Vihti	Varsinais-Suomi (V)	Suomi	60.36727	24.4628		COMMUNITY_VERIFIED	iNaturalist Suomi Finland
keltavahvero (fi) — Cantharellus cibarius	keltavahvero (fi)	1	2025-08-31	Lohja	Varsinais-Suomi (V)	Suomi	60.208538	23.703872		NEUTRAL	LajiGIS: Species mapping and surveys
keltavahvero (fi) — Cantharellus cibarius	keltavahvero (fi)		2025-08-31 - 2025-09-01	Hanko	Uusimaa (U)	Suomi	59.829485	23.032906	Sure	NEUTRAL	The Atlas of Finnish Fungi
keltavahvero (fi) — Cantharellus cibarius	keltavahvero (fi)		2025-08-31	Parainen	Varsinais-Suomi (V)	Suomi	60.16106	21.31127		COMMUNITY_VERIFIED	iNaturalist Suomi Finland
keltavahvero (fi) — Cantharellus cibarius	keltavahvero (fi)		2025-08-31	Vantaa	Uusimaa (U)	Suomi	60.26539	24.8378		COMMUNITY_VERIFIED	iNaturalist Suomi Finland
keltavahvero (fi) — Cantharellus cibarius	keltavahvero (fi)		2025-08-31	Finström	Ahvenanmaa (A)	Suomi	60.25642	19.93414		NEUTRAL	iNaturalist Suomi Finland
keltavahvero (fi) — Cantharellus cibarius	keltavahvero (fi)		2025-08-31	Helsinki	Uusimaa (U)	Suomi	60.28202	25.19581		COMMUNITY_VERIFIED	iNaturalist Suomi Finland
keltavahvero (fi) — Cantharellus cibarius	keltavahvero (fi)		2025-08-31	Uusikaupunki	Varsinais-Suomi (V)	Suomi	60.83986	21.25243		COMMUNITY_VERIFIED	iNaturalist Suomi Finland
keltavahvero (fi) — Cantharellus cibarius	keltavahvero (fi)		2025-08-30	Kuhmoinen	Etelä-Häme (EH)	Suomi	61.468	25.06351		COMMUNITY_VERIFIED	iNaturalist Suomi Finland
keltavahvero (fi) — Cantharellus cibarius	keltavahvero (fi)		2025-08-29	Raasepori	Varsinais-Suomi (V)	Suomi	59.98679	23.2193		COMMUNITY_VERIFIED	iNaturalist Suomi Finland
keltavahvero (fi) — Cantharellus cibarius	keltavahvero (fi)		2025-08-29	Nokia	Etelä-Häme (EH)	Suomi	61.35311	23.39677		NEUTRAL	iNaturalist Suomi Finland
keltavahvero (fi) — Cantharellus cibarius	keltavahvero (fi)		2025-08-29	Parainen	Varsinais-Suomi (V)	Suomi	60.15491	21.29874		COMMUNITY_VERIFIED	iNaturalist Suomi Finland
keltavahvero (fi) — Cantharellus cibarius	keltavahvero (fi)		2025-08-28	Laihia	Etelä-Pohjanmaa (EP)	Suomi	62.96943	21.9548		COMMUNITY_VERIFIED	iNaturalist Suomi Finland
keltavahvero (fi) — Cantharellus cibarius	keltavahvero (fi)		2025-08-28	Kirkkonummi	Uusimaa (U)	Suomi	60.2865	24.44946		COMMUNITY_VERIFIED	iNaturalist Suomi Finland
keltavahvero (fi) — Cantharellus cibarius	keltavahvero (fi)		2025-08-27	Joensuu, Kontiolahti, Liperi, Polvijärvi	Pohjois-Karjala (PK)	Suomi	62.7	29.7		COMMUNITY_VERIFIED	iNaturalist Suomi Finland
keltavahvero (fi) — Cantharellus cibarius	keltavahvero (fi)		2025-08-27	Kangasala, Pälkäne, Valkeakoski	Etelä-Häme (EH)	Suomi	61.3	24.1		COMMUNITY_VERIFIED	iNaturalist Suomi Finland
keltavahvero (fi) — Cantharellus cibarius	keltavahvero (fi)		2025-08-27	Vaasa	Etelä-Pohjanmaa (EP)	Suomi	63.052619	21.601469	Sure	NEUTRAL	The Atlas of Finnish Fungi
keltavahvero (fi) — Cantharellus cibarius	keltavahvero (fi)	Kymmeniä	2025-08-27	Ylöjärvi	Satakunta (St)	Suomi	61.688112	23.438826	Sure	NEUTRAL	The Atlas of Finnish Fungi
keltavahvero (fi) — Cantharellus cibarius	keltavahvero (fi)	5	2025-08-27	Raasepori	Varsinais-Suomi (V)	Suomi	59.943063	22.936356	Sure	NEUTRAL	Notebook, general observations
keltavahvero (fi) — Cantharellus cibarius	keltavahvero (fi)		2025-08-26	Hämeenlinna	Etelä-Häme (EH)	Suomi	60.875155	24.17817		NEUTRAL	LajiGIS: Miscellaneous occurrences
keltavahvero (fi) — Cantharellus cibarius	keltavahvero (fi)		2025-08-26	Hämeenlinna	Etelä-Häme (EH)	Suomi	60.884417	24.187546		NEUTRAL	LajiGIS: Miscellaneous occurrences
keltavahvero (fi) — Cantharellus cibarius	keltavahvero (fi)		2025-08-26	Hämeenlinna	Etelä-Häme (EH)	Suomi	60.883929	24.186575		NEUTRAL	LajiGIS: Miscellaneous occurrences
keltavahvero (fi) — Cantharellus cibarius	keltavahvero (fi)		2025-08-26	Parainen	Varsinais-Suomi (V)	Suomi	60.30296	22.42669		COMMUNITY_VERIFIED	iNaturalist Suomi Finland
keltavahvero (fi) — Cantharellus cibarius	keltavahvero (fi)	20	2025-08-26	Raasepori	Varsinais-Suomi (V)	Suomi	60.11076	23.548934	Sure	NEUTRAL	Notebook, general observations
keltavahvero (fi) — Cantharellus cibarius	keltavahvero (fi)	X	2025-08-26 [12:22-15:13]	Espoo	Uusimaa (U)	Suomi	60.102784	24.670313	Sure	NEUTRAL	Noteworthy macrofungi - complete lists
keltavahvero (fi) — Cantharellus cibarius	keltavahvero (fi)		2025-08-25	Lahti	Etelä-Häme (EH)	Suomi	60.98161	25.63046		COMMUNITY_VERIFIED	iNaturalist Suomi Finland
keltavahvero (fi) — Cantharellus cibarius	keltavahvero (fi)		2025-08-25	Lahti	Etelä-Häme (EH)	Suomi	60.98161	25.63045		COMMUNITY_VERIFIED	iNaturalist Suomi Finland
keltavahvero (fi) — Cantharellus cibarius	keltavahvero (fi)		2025-08-24	Helsinki	Uusimaa (U)	Suomi	60.23243	24.86826		COMMUNITY_VERIFIED	iNaturalist Suomi Finland
keltavahvero (fi) — Cantharellus cibarius	keltavahvero (fi)		2025-08-24	Parainen	Varsinais-Suomi (V)	Suomi	60.2268	21.38084		NEUTRAL	iNaturalist Suomi Finland
keltavahvero (fi) — Cantharellus cibarius	keltavahvero (fi)		2025-08-23	Saarijärvi	Pohjois-Häme (PH)	Suomi	62.865799	25.427596	Sure	NEUTRAL	Notebook, general observations
keltavahvero (fi) — Cantharellus cibarius	keltavahvero (fi)		2025-08-23	Mustasaari	Etelä-Pohjanmaa (EP)	Suomi	63.037219	21.612133	Sure	NEUTRAL	The Atlas of Finnish Fungi
keltavahvero (fi) — Cantharellus cibarius	keltavahvero (fi)	6	2025-08-23	Ruovesi	Etelä-Häme (EH)	Suomi	61.999727	23.960812	Sure	NEUTRAL	The Atlas of Finnish Fungi
keltavahvero (fi) — Cantharellus cibarius	keltavahvero (fi)		2025-08-23	Vaasa	Etelä-Pohjanmaa (EP)	Suomi	63.056787	21.703817	Sure	NEUTRAL	Notebook, general observations
keltavahvero (fi) — Cantharellus cibarius	keltavahvero (fi)		2025-08-23 [9:01-11:08]	Tampere	Etelä-Häme (EH)	Suomi	61.46855	23.814469	Sure	NEUTRAL	Notebook, general observations
keltavahvero (fi) — Cantharellus cibarius	keltavahvero (fi)		2025-08-20	Ruovesi	Etelä-Häme (EH)	Suomi	62.08535	24.16122		COMMUNITY_VERIFIED	iNaturalist Suomi Finland
keltavahvero (fi) — Cantharellus cibarius	keltavahvero (fi)		2025-08-19 [17:12] - 2025-08-22 [18:56]	Salo	Varsinais-Suomi (V)	Suomi	60.476231	23.07653	Sure	NEUTRAL	The Atlas of Finnish Fungi
keltavahvero (fi) — Cantharellus cibarius	keltavahvero (fi)	2	2025-08-19	Salo, Somero	Etelä-Häme (EH), Varsinais-Suomi (V)	Suomi	60.50868	23.541429	Sure	NEUTRAL	The Atlas of Finnish Fungi
keltavahvero (fi) — Cantharellus cibarius	keltavahvero (fi)		2025-08-19	Tampere	Etelä-Häme (EH)	Suomi	61.51239	23.78806		COMMUNITY_VERIFIED	iNaturalist Suomi Finland
keltavahvero (fi) — Cantharellus cibarius	keltavahvero (fi)		2025-08-18	Närpiö	Etelä-Pohjanmaa (EP)	Suomi	62.53815	21.12247		COMMUNITY_VERIFIED	iNaturalist Suomi Finland
keltavahvero (fi) — Cantharellus cibarius	keltavahvero (fi)	Esiintymä	2025-08-17	Ylöjärvi	Satakunta (St)	Suomi	61.70007	23.251145	Sure	NEUTRAL	The Atlas of Finnish Fungi
keltavahvero (fi) — Cantharellus cibarius	keltavahvero (fi)		2025-08-17	Helsinki	Uusimaa (U)	Suomi	60.26241	24.92584		COMMUNITY_VERIFIED	iNaturalist Suomi Finland
keltavahvero (fi) — Cantharellus cibarius	keltavahvero (fi)		2025-08-17	Nurmijärvi	Uusimaa (U)	Suomi	60.38444	24.75217		COMMUNITY_VERIFIED	iNaturalist Suomi Finland
keltavahvero (fi) — Cantharellus cibarius	keltavahvero (fi)		2025-08-16	Vehmaa	Varsinais-Suomi (V)	Suomi	60.74498	21.75743		COMMUNITY_VERIFIED	iNaturalist Suomi Finland
keltavahvero (fi) — Cantharellus cibarius	keltavahvero (fi)		2025-08-16	Espoo	Uusimaa (U)	Suomi	60.13578	24.67906		COMMUNITY_VERIFIED	iNaturalist Suomi Finland
keltavahvero (fi) — Cantharellus cibarius	keltavahvero (fi)		2025-08-16 [9:56]	Tampere	Etelä-Häme (EH)	Suomi	61.468227	23.815968	Sure	NEUTRAL	Notebook, general observations
keltavahvero (fi) — Cantharellus cibarius	keltavahvero (fi)	Muutamia	2025-08-15 - 2025-08-16	Sodankylä	Sompion Lappi (SoL)	Suomi	68.336202	27.58441	Sure	NEUTRAL	The Atlas of Finnish Fungi
keltavahvero (fi) — Cantharellus cibarius	keltavahvero (fi)		2025-08-15	Tohmajärvi	Pohjois-Karjala (PK)	Suomi	62.33473	30.49662		COMMUNITY_VERIFIED	iNaturalist Suomi Finland
keltavahvero (fi) — Cantharellus cibarius	keltavahvero (fi)		2025-08-12	Porvoo	Uusimaa (U)	Suomi	60.33506	25.46336		NEUTRAL	iNaturalist Suomi Finland
keltavahvero (fi) — Cantharellus cibarius	keltavahvero (fi)		2025-08-11	Pöytyä	Satakunta (St)	Suomi	60.8414	22.22453		COMMUNITY_VERIFIED	iNaturalist Suomi Finland
keltavahvero (fi) — Cantharellus cibarius	keltavahvero (fi)		2025-08-11	Rautjärvi	Etelä-Savo (ES)	Suomi	61.22978	29.12112		COMMUNITY_VERIFIED	iNaturalist Suomi Finland
keltavahvero (fi) — Cantharellus cibarius	keltavahvero (fi)		2025-08-11	Vöyri	Etelä-Pohjanmaa (EP)	Suomi	63.181906	22.156258	Sure	NEUTRAL	The Atlas of Finnish Fungi
keltavahvero (fi) — Cantharellus cibarius	keltavahvero (fi)		2025-08-10	Vihti	Varsinais-Suomi (V)	Suomi	60.325495	24.457676		NEUTRAL	Kastikka Floristic Archives (H)
keltavahvero (fi) — Cantharellus cibarius	keltavahvero (fi)		2025-08-10	Vihti	Varsinais-Suomi (V)	Suomi	60.325386	24.458536		NEUTRAL	Kastikka Floristic Archives (H)
keltavahvero (fi) — Cantharellus cibarius	keltavahvero (fi)		2025-08-10	Vihti	Varsinais-Suomi (V)	Suomi	60.323738	24.466305		NEUTRAL	Kastikka Floristic Archives (H)
keltavahvero (fi) — Cantharellus cibarius	keltavahvero (fi)		2025-08-10	Lohja	Varsinais-Suomi (V)	Suomi	60.24179	23.9567		COMMUNITY_VERIFIED	iNaturalist Suomi Finland
keltavahvero (fi) — Cantharellus cibarius	keltavahvero (fi)		2025-08-09	Aura, Lieto, Loimaa, Pöytyä	Satakunta (St), Varsinais-Suomi (V)	Suomi	60.7	22.7		NEUTRAL	iNaturalist Suomi Finland
keltavahvero (fi) — Cantharellus cibarius	keltavahvero (fi)		2025-08-09	Marttila	Varsinais-Suomi (V)	Suomi	60.58	23.04083		COMMUNITY_VERIFIED	iNaturalist Suomi Finland
keltavahvero (fi) — Cantharellus cibarius	keltavahvero (fi)		2025-08-08	Pori	Satakunta (St)	Suomi	61.552847	21.646399	Sure	NEUTRAL	Notebook, general observations
keltavahvero (fi) — Cantharellus cibarius	keltavahvero (fi)		2025-08-07	Mustasaari	Etelä-Pohjanmaa (EP)	Suomi	63.29674	21.74184		COMMUNITY_VERIFIED	iNaturalist Suomi Finland
keltavahvero (fi) — Cantharellus cibarius	keltavahvero (fi)		2025-08-06	Vantaa	Uusimaa (U)	Suomi	60.30992	25.1418		COMMUNITY_VERIFIED	iNaturalist Suomi Finland
keltavahvero (fi) — Cantharellus cibarius	keltavahvero (fi)		2025-08-06	Jyväskylä, Laukaa, Muurame	Etelä-Häme (EH), Pohjois-Häme (PH)	Suomi	62.3	25.7		COMMUNITY_VERIFIED	iNaturalist Suomi Finland
keltavahvero (fi) — Cantharellus cibarius	keltavahvero (fi)		2025-08-06	Forssa	Etelä-Häme (EH)	Suomi	60.94427	23.71793		COMMUNITY_VERIFIED	iNaturalist Suomi Finland
keltavahvero (fi) — Cantharellus cibarius	keltavahvero (fi)		2025-08-06 [18:55-19:06]	Salo	Varsinais-Suomi (V)	Suomi	60.473398	23.089962	Sure	NEUTRAL	The Atlas of Finnish Fungi
keltavahvero (fi) — Cantharellus cibarius	keltavahvero (fi)		2025-08-06	Espoo	Uusimaa (U)	Suomi	60.268342	24.650354	Sure	NEUTRAL	The Atlas of Finnish Fungi
keltavahvero (fi) — Cantharellus cibarius	keltavahvero (fi)	1	2025-08-04	Maalahti	Etelä-Pohjanmaa (EP)	Suomi	62.971708	21.587422	Sure	NEUTRAL	The Atlas of Finnish Fungi
keltavahvero (fi) — Cantharellus cibarius	keltavahvero (fi)		2025-08-04	Maalahti	Etelä-Pohjanmaa (EP)	Suomi	62.972608	21.587406	Sure	NEUTRAL	The Atlas of Finnish Fungi
keltavahvero (fi) — Cantharellus cibarius	keltavahvero (fi)		2025-08-04	Tampere	Etelä-Häme (EH)	Suomi	61.44047	23.84014		COMMUNITY_VERIFIED	iNaturalist Suomi Finland
keltavahvero (fi) — Cantharellus cibarius	keltavahvero (fi)	hyvin yleinen	2025-08-03	Loviisa	Uusimaa (U)	Suomi	60.52521	26.036746	Sure	NEUTRAL	The Atlas of Finnish Fungi
keltavahvero (fi) — Cantharellus cibarius	keltavahvero (fi)		2025-08-03	Espoo	Uusimaa (U)	Suomi	60.288906	24.601578	Sure	NEUTRAL	The Atlas of Finnish Fungi
keltavahvero (fi) — Cantharellus cibarius	keltavahvero (fi)		2025-08-02	Porvoo	Uusimaa (U)	Suomi	60.3849	25.6775		COMMUNITY_VERIFIED	iNaturalist Suomi Finland
keltavahvero (fi) — Cantharellus cibarius	keltavahvero (fi)		2025-08-02	Porvoo	Uusimaa (U)	Suomi	60.38496	25.67751		NEUTRAL	iNaturalist Suomi Finland
keltavahvero (fi) — Cantharellus cibarius	keltavahvero (fi)		2025-08-02	Pori	Satakunta (St)	Suomi	61.56432	21.54429		COMMUNITY_VERIFIED	iNaturalist Suomi Finland
keltavahvero (fi) — Cantharellus cibarius	keltavahvero (fi)		2025-08-02	Porvoo	Uusimaa (U)	Suomi	60.41516	25.667		COMMUNITY_VERIFIED	iNaturalist Suomi Finland
keltavahvero (fi) — Cantharellus cibarius	keltavahvero (fi)		2025-08-02 [10:57-12:31]	Lohja	Varsinais-Suomi (V)	Suomi	60.313909	24.037588	Sure	NEUTRAL	Notebook, general observations
keltavahvero (fi) — Cantharellus cibarius	keltavahvero (fi)		2025-08-02	Vantaa	Uusimaa (U)	Suomi	60.30574	25.13993		COMMUNITY_VERIFIED	iNaturalist Suomi Finland
keltavahvero (fi) — Cantharellus cibarius	keltavahvero (fi)		2025-08-02	Jämsä	Etelä-Häme (EH)	Suomi	61.84084	25.39598		COMMUNITY_VERIFIED	iNaturalist Suomi Finland
keltavahvero (fi) — Cantharellus cibarius	keltavahvero (fi)		2025-08-01	Jyväskylä	Etelä-Häme (EH)	Suomi	62.20247	25.45433		COMMUNITY_VERIFIED	iNaturalist Suomi Finland
keltavahvero (fi) — Cantharellus cibarius	keltavahvero (fi)	>20	2025-08-01 [17:03]	Espoo	Uusimaa (U)	Suomi	60.196394	24.681561	Sure	NEUTRAL	Notebook, general observations
keltavahvero (fi) — Cantharellus cibarius	keltavahvero (fi)		2025-07-31	Parainen	Varsinais-Suomi (V)	Suomi	60.28036	22.422		COMMUNITY_VERIFIED	iNaturalist Suomi Finland
keltavahvero (fi) — Cantharellus cibarius	keltavahvero (fi)	runsas	2025-07-31	Porvoo	Uusimaa (U)	Suomi	60.368177	25.754798	Sure	NEUTRAL	The Atlas of Finnish Fungi
keltavahvero (fi) — Cantharellus cibarius	keltavahvero (fi)		2025-07-30	Parainen	Varsinais-Suomi (V)	Suomi	60.28693	22.40636		COMMUNITY_VERIFIED	iNaturalist Suomi Finland
keltavahvero (fi) — Cantharellus cibarius	keltavahvero (fi)		2025-07-30	Parainen	Varsinais-Suomi (V)	Suomi	60.19977	21.73585		COMMUNITY_VERIFIED	iNaturalist Suomi Finland
keltavahvero (fi) — Cantharellus cibarius	keltavahvero (fi)		2025-07-30	Porvoo	Uusimaa (U)	Suomi	60.275861	25.787946	Sure	NEUTRAL	The Atlas of Finnish Fungi
keltavahvero (fi) — Cantharellus cibarius	keltavahvero (fi)		2025-07-30	Porvoo	Uusimaa (U)	Suomi	60.276103	25.787989	Sure	NEUTRAL	The Atlas of Finnish Fungi
keltavahvero (fi) — Cantharellus cibarius	keltavahvero (fi)		2025-07-29	Helsinki	Uusimaa (U)	Suomi	60.24364	25.21675		COMMUNITY_VERIFIED	iNaturalist Suomi Finland
keltavahvero (fi) — Cantharellus cibarius	keltavahvero (fi)	29	2025-07-29	Ruovesi	Etelä-Häme (EH)	Suomi	62.016722	23.923825	Sure	NEUTRAL	The Atlas of Finnish Fungi
keltavahvero (fi) — Cantharellus cibarius	keltavahvero (fi)		2025-07-29	Porvoo	Uusimaa (U)	Suomi	60.401911	25.744781	Sure	NEUTRAL	The Atlas of Finnish Fungi
keltavahvero (fi) — Cantharellus cibarius	keltavahvero (fi)		2025-07-27	Vantaa	Uusimaa (U)	Suomi	60.28192	24.89832		NEUTRAL	iNaturalist Suomi Finland
keltavahvero (fi) — Cantharellus cibarius	keltavahvero (fi)		2025-07-26	Espoo	Uusimaa (U)	Suomi	60.279803	24.621072	Sure	NEUTRAL	The Atlas of Finnish Fungi
keltavahvero (fi) — Cantharellus cibarius	keltavahvero (fi)		2025-07-26	Espoo	Uusimaa (U)	Suomi	60.2798	24.621074		NEUTRAL	Fungal collection of the Botanical Museum, University of Oulu (OULU)
keltavahvero (fi) — Cantharellus cibarius	keltavahvero (fi)		2025-07-26	Tuusula	Uusimaa (U)	Suomi	60.384862	25.084102	Sure	NEUTRAL	Notebook, general observations
keltavahvero (fi) — Cantharellus cibarius	keltavahvero (fi)		2025-07-26	Mynämäki	Varsinais-Suomi (V)	Suomi	60.84705	21.99758		NEUTRAL	iNaturalist Suomi Finland
keltavahvero (fi) — Cantharellus cibarius	keltavahvero (fi)		2025-07-24	Espoo	Uusimaa (U)	Suomi	60.318491	24.520287	Sure	NEUTRAL	The Atlas of Finnish Fungi
keltavahvero (fi) — Cantharellus cibarius	keltavahvero (fi)		2025-07-24 [14:26-14:43]	Salo	Varsinais-Suomi (V)	Suomi	60.427924	23.061906	Sure	NEUTRAL	The Atlas of Finnish Fungi
keltavahvero (fi) — Cantharellus cibarius	keltavahvero (fi)		2025-07-24 [18:55-22:27]	Turku	Varsinais-Suomi (V)	Suomi	60.46926	22.331347	Sure	NEUTRAL	The Atlas of Finnish Fungi
keltavahvero (fi) — Cantharellus cibarius	keltavahvero (fi)		2025-07-22	Lappeenranta	Etelä-Karjala (EK)	Suomi	60.98499	28.66771		COMMUNITY_VERIFIED	iNaturalist Suomi Finland
keltavahvero (fi) — Cantharellus cibarius	keltavahvero (fi)		2025-07-22	Jyväskylä	Pohjois-Häme (PH)	Suomi	62.24498	25.74598		NEUTRAL	iNaturalist Suomi Finland
keltavahvero (fi) — Cantharellus cibarius	keltavahvero (fi)		2025-07-22	Parainen	Varsinais-Suomi (V)	Suomi	60.24367	21.33691		COMMUNITY_VERIFIED	iNaturalist Suomi Finland
keltavahvero (fi) — Cantharellus cibarius	keltavahvero (fi)		2025-07-22	Vihti	Varsinais-Suomi (V)	Suomi	60.32894	24.45561		COMMUNITY_VERIFIED	iNaturalist Suomi Finland
keltavahvero (fi) — Cantharellus cibarius	keltavahvero (fi)		2025-07-21	Espoo	Uusimaa (U)	Suomi	60.187544	24.712212		NEUTRAL	Kastikka Floristic Archives (H)
keltavahvero (fi) — Cantharellus cibarius	keltavahvero (fi)		2025-07-20	Kauniainen	Uusimaa (U)	Suomi	60.212966	24.682636	Sure	NEUTRAL	The Atlas of Finnish Fungi
keltavahvero (fi) — Cantharellus cibarius	keltavahvero (fi)	runsas	2025-07-19	Akaa	Etelä-Häme (EH)	Suomi	61.171899	23.834168	Sure	NEUTRAL	Notebook, general observations
keltavahvero (fi) — Cantharellus cibarius	keltavahvero (fi)		2025-07-19	Rauma	Satakunta (St)	Suomi	61.15972	21.44116		COMMUNITY_VERIFIED	iNaturalist Suomi Finland
keltavahvero (fi) — Cantharellus cibarius	keltavahvero (fi)		2025-07-19 [7:58]	Hämeenlinna	Etelä-Häme (EH)	Suomi	60.878063	23.99336	Sure	NEUTRAL	Notebook, general observations
keltavahvero (fi) — Cantharellus cibarius	keltavahvero (fi)	useita	2025-07-18	Raasepori	Varsinais-Suomi (V)	Suomi	60.072095	23.663041	Sure	NEUTRAL	Notebook, general observations
keltavahvero (fi) — Cantharellus cibarius	keltavahvero (fi)		2025-07-18	Vaasa	Etelä-Pohjanmaa (EP)	Suomi	63.031083	21.576572	Sure	NEUTRAL	The Atlas of Finnish Fungi
keltavahvero (fi) — Cantharellus cibarius	keltavahvero (fi)		2025-07-18	Vantaa	Uusimaa (U)	Suomi	60.26419	24.83873		NEUTRAL	iNaturalist Suomi Finland
keltavahvero (fi) — Cantharellus cibarius	keltavahvero (fi)		2025-07-17	Janakkala	Etelä-Häme (EH)	Suomi	60.94534	24.93295		COMMUNITY_VERIFIED	iNaturalist Suomi Finland
keltavahvero (fi) — Cantharellus cibarius	keltavahvero (fi)		2025-07-16	Tuusula	Uusimaa (U)	Suomi	60.39898	24.95105		COMMUNITY_VERIFIED	iNaturalist Suomi Finland
keltavahvero (fi) — Cantharellus cibarius	keltavahvero (fi)		2025-07-16	Tuusula	Uusimaa (U)	Suomi	60.39906	24.951		COMMUNITY_VERIFIED	iNaturalist Suomi Finland
keltavahvero (fi) — Cantharellus cibarius	keltavahvero (fi)		2025-07-16	Savonlinna	Etelä-Savo (ES)	Suomi	61.87937	28.91813		COMMUNITY_VERIFIED	iNaturalist Suomi Finland
keltavahvero (fi) — Cantharellus cibarius	keltavahvero (fi)		2025-07-15	Savonlinna	Pohjois-Savo (PS)	Suomi	62.277996	29.011363	Sure	NEUTRAL	The Atlas of Finnish Fungi
keltavahvero (fi) — Cantharellus cibarius	keltavahvero (fi)		2025-07-14	Vantaa	Uusimaa (U)	Suomi	60.29431	24.97419		COMMUNITY_VERIFIED	iNaturalist Suomi Finland
keltavahvero (fi) — Cantharellus cibarius	keltavahvero (fi)		2025-07-14	Helsinki	Uusimaa (U)	Suomi	60.17846	25.04406		NEUTRAL	iNaturalist Suomi Finland
keltavahvero (fi) — Cantharellus cibarius	keltavahvero (fi)	X	2025-07-14 [10:00-11:16]	Raasepori	Varsinais-Suomi (V)	Suomi	60.04087	23.709612	Sure	NEUTRAL	Noteworthy macrofungi - complete lists
keltavahvero (fi) — Cantharellus cibarius	keltavahvero (fi)		2025-07-13	Raasepori	Uusimaa (U)	Suomi	59.89582	23.41587		COMMUNITY_VERIFIED	iNaturalist Suomi Finland
keltavahvero (fi) — Cantharellus cibarius	keltavahvero (fi)	useita	2025-07-13	Akaa	Etelä-Häme (EH)	Suomi	61.192959	23.896206	Sure	NEUTRAL	Notebook, general observations
keltavahvero (fi) — Cantharellus cibarius	keltavahvero (fi)	yleinen	2025-07-13	Porvoo	Uusimaa (U)	Suomi	60.393085	25.646909	Sure	NEUTRAL	The Atlas of Finnish Fungi
keltavahvero (fi) — Cantharellus cibarius	keltavahvero (fi)		2025-07-13	Vesilahti	Etelä-Häme (EH)	Suomi	61.33347	23.57629		COMMUNITY_VERIFIED	iNaturalist Suomi Finland
keltavahvero (fi) — Cantharellus cibarius	keltavahvero (fi)		2025-07-13	Helsinki	Uusimaa (U)	Suomi	60.21794	25.03922		COMMUNITY_VERIFIED	iNaturalist Suomi Finland
keltavahvero (fi) — Cantharellus cibarius	keltavahvero (fi)		2025-07-13	Tohmajärvi	Pohjois-Karjala (PK)	Suomi	62.21288	30.33614		NEUTRAL	iNaturalist Suomi Finland
keltavahvero (fi) — Cantharellus cibarius	keltavahvero (fi)	20	2025-07-12 [7:17]	Rauma	Satakunta (St)	Suomi	61.068626	21.61821	Sure	NEUTRAL	Notebook, general observations
keltavahvero (fi) — Cantharellus cibarius	keltavahvero (fi)		2025-07-12	Parainen	Varsinais-Suomi (V)	Suomi	60.19735	22.25908		COMMUNITY_VERIFIED	iNaturalist Suomi Finland
keltavahvero (fi) — Cantharellus cibarius	keltavahvero (fi)		2025-07-12	Helsinki	Uusimaa (U)	Suomi	60.24761	24.89401		COMMUNITY_VERIFIED	iNaturalist Suomi Finland
keltavahvero (fi) — Cantharellus cibarius	keltavahvero (fi)		2025-07-12	Heinola	Etelä-Häme (EH)	Suomi	61.22891	26.32211		COMMUNITY_VERIFIED	iNaturalist Suomi Finland
keltavahvero (fi) — Cantharellus cibarius	keltavahvero (fi)		2025-07-11	Pomarkku	Satakunta (St)	Suomi	61.70211	22.02763		COMMUNITY_VERIFIED	iNaturalist Suomi Finland
keltavahvero (fi) — Cantharellus cibarius	keltavahvero (fi)		2025-07-11	Keitele, Pielavesi, Tervo	Pohjois-Häme (PH), Pohjois-Savo (PS)	Suomi	63.1	26.7		COMMUNITY_VERIFIED	iNaturalist Suomi Finland
keltavahvero (fi) — Cantharellus cibarius	keltavahvero (fi)		2025-07-11	Heinävesi, Leppävirta, Tuusniemi	Pohjois-Savo (PS)	Suomi	62.7	28.5		COMMUNITY_VERIFIED	iNaturalist Suomi Finland
keltavahvero (fi) — Cantharellus cibarius	keltavahvero (fi)		2025-07-11	Espoo, Kirkkonummi, Nurmijärvi, Vihti	Uusimaa (U), Varsinais-Suomi (V)	Suomi	60.3	24.5		COMMUNITY_VERIFIED	iNaturalist Suomi Finland
keltavahvero (fi) — Cantharellus cibarius	keltavahvero (fi)		2025-07-11 [9:43]	Janakkala	Etelä-Häme (EH)	Suomi	60.959448	24.624905		NEUTRAL	Notebook, general observations
keltavahvero (fi) — Cantharellus cibarius	keltavahvero (fi)		2025-07-11 [14:13]	Hämeenlinna	Etelä-Häme (EH)	Suomi	61.104529	24.805431		NEUTRAL	Notebook, general observations
keltavahvero (fi) — Cantharellus cibarius	keltavahvero (fi)		2025-07-11	Helsinki	Uusimaa (U)	Suomi	60.21149	24.95309		COMMUNITY_VERIFIED	iNaturalist Suomi Finland
keltavahvero (fi) — Cantharellus cibarius	keltavahvero (fi)		2025-07-11	Kuhmoinen	Etelä-Häme (EH)	Suomi	61.71091	24.92967		COMMUNITY_VERIFIED	iNaturalist Suomi Finland
keltavahvero (fi) — Cantharellus cibarius	keltavahvero (fi)		2025-07-10	Vehmaa	Varsinais-Suomi (V)	Suomi	60.74542	21.75615		NEUTRAL	iNaturalist Suomi Finland
keltavahvero (fi) — Cantharellus cibarius	keltavahvero (fi)		2025-07-10 - 2025-07-14	Porvoo	Uusimaa (U)	Suomi	60.273665	25.777926	Sure	NEUTRAL	The Atlas of Finnish Fungi
keltavahvero (fi) — Cantharellus cibarius	keltavahvero (fi)		2025-07-10	Iitti	Etelä-Häme (EH)	Suomi	60.90879	26.23535		COMMUNITY_VERIFIED	iNaturalist Suomi Finland
keltavahvero (fi) — Cantharellus cibarius	keltavahvero (fi)		2025-07-10	Turku	Varsinais-Suomi (V)	Suomi	60.35696	22.15611		COMMUNITY_VERIFIED	iNaturalist Suomi Finland
keltavahvero (fi) — Cantharellus cibarius	keltavahvero (fi)		2025-07-10	Kangasala	Etelä-Häme (EH)	Suomi	61.44897	24.12362		COMMUNITY_VERIFIED	iNaturalist Suomi Finland
keltavahvero (fi) — Cantharellus cibarius	keltavahvero (fi)		2025-07-10	Salo	Varsinais-Suomi (V)	Suomi	60.40758	23.36174		COMMUNITY_VERIFIED	iNaturalist Suomi Finland
keltavahvero (fi) — Cantharellus cibarius	keltavahvero (fi)		2025-07-10	Kouvola	Etelä-Häme (EH)	Suomi	61.066	26.28345		NEUTRAL	iNaturalist Suomi Finland
keltavahvero (fi) — Cantharellus cibarius	keltavahvero (fi)		2025-07-10	Sipoo	Uusimaa (U)	Suomi	60.36206	25.15475		COMMUNITY_VERIFIED	iNaturalist Suomi Finland
keltavahvero (fi) — Cantharellus cibarius	keltavahvero (fi)	useita	2025-07-10	Valkeakoski	Etelä-Häme (EH)	Suomi	61.16855	24.046645	Sure	NEUTRAL	Notebook, general observations
keltavahvero (fi) — Cantharellus cibarius	keltavahvero (fi)		2025-07-09	Luumäki	Etelä-Savo (ES)	Suomi	60.807529	27.650742	Sure	NEUTRAL	Notebook, general observations
keltavahvero (fi) — Cantharellus cibarius	keltavahvero (fi)		2025-07-09	Naantali	Varsinais-Suomi (V)	Suomi	60.43235	21.98589		COMMUNITY_VERIFIED	iNaturalist Suomi Finland
keltavahvero (fi) — Cantharellus cibarius	keltavahvero (fi)		2025-07-09	Helsinki	Uusimaa (U)	Suomi	60.228	24.98479		COMMUNITY_VERIFIED	iNaturalist Suomi Finland
keltavahvero (fi) — Cantharellus cibarius	keltavahvero (fi)		2025-07-09	Ulvila	Satakunta (St)	Suomi	61.50622	22.23458		COMMUNITY_VERIFIED	iNaturalist Suomi Finland
keltavahvero (fi) — Cantharellus cibarius	keltavahvero (fi)		2025-07-09	Asikkala	Etelä-Häme (EH)	Suomi	61.15076	25.68895		COMMUNITY_VERIFIED	iNaturalist Suomi Finland
keltavahvero (fi) — Cantharellus cibarius	keltavahvero (fi)		2025-07-08	Pöytyä	Satakunta (St)	Suomi	60.89073	22.40782		COMMUNITY_VERIFIED	iNaturalist Suomi Finland
keltavahvero (fi) — Cantharellus cibarius	keltavahvero (fi)		2025-07-08	Närpiö	Etelä-Pohjanmaa (EP)	Suomi	62.52925	21.11369		COMMUNITY_VERIFIED	iNaturalist Suomi Finland
keltavahvero (fi) — Cantharellus cibarius	keltavahvero (fi)		2025-07-08	Vihti	Varsinais-Suomi (V)	Suomi	60.37064	24.26935		COMMUNITY_VERIFIED	iNaturalist Suomi Finland
keltavahvero (fi) — Cantharellus cibarius	keltavahvero (fi)	yleinen	2025-07-07 - 2025-10-28	Loviisa	Uusimaa (U)	Suomi	60.515757	25.874663	Sure	NEUTRAL	The Atlas of Finnish Fungi
keltavahvero (fi) — Cantharellus cibarius	keltavahvero (fi)		2025-07-07	Lieto	Varsinais-Suomi (V)	Suomi	60.51675	22.39741		COMMUNITY_VERIFIED	iNaturalist Suomi Finland
keltavahvero (fi) — Cantharellus cibarius	keltavahvero (fi)		2025-07-06	Rääkkylä	Pohjois-Karjala (PK)	Suomi	62.315946	29.502276	Sure	NEUTRAL	Notebook, general observations
keltavahvero (fi) — Cantharellus cibarius	keltavahvero (fi)		2025-07-06	Pori	Satakunta (St)	Suomi	61.49564	21.72411		COMMUNITY_VERIFIED	iNaturalist Suomi Finland
keltavahvero (fi) — Cantharellus cibarius	keltavahvero (fi)		2025-07-06	Rauma	Satakunta (St)	Suomi	61.1362	21.45382		NEUTRAL	iNaturalist Suomi Finland
keltavahvero (fi) — Cantharellus cibarius	keltavahvero (fi)		2025-07-06	Lahti	Etelä-Häme (EH)	Suomi	60.97873	25.58427		COMMUNITY_VERIFIED	iNaturalist Suomi Finland
keltavahvero (fi) — Cantharellus cibarius	keltavahvero (fi)		2025-07-06	Rantasalmi	Etelä-Savo (ES)	Suomi	62.11517	28.48827		NEUTRAL	iNaturalist Suomi Finland
keltavahvero (fi) — Cantharellus cibarius	keltavahvero (fi)		2025-07-06	Helsinki	Uusimaa (U)	Suomi	60.17566	25.02832		NEUTRAL	iNaturalist Suomi Finland
keltavahvero (fi) — Cantharellus cibarius	keltavahvero (fi)		2025-07-06	Porvoo	Uusimaa (U)	Suomi	60.39072	25.63976		COMMUNITY_VERIFIED	iNaturalist Suomi Finland
keltavahvero (fi) — Cantharellus cibarius	keltavahvero (fi)		2025-07-06	Rauma	Satakunta (St)	Suomi	61.098069	21.556639	Sure	NEUTRAL	Notebook, general observations
keltavahvero (fi) — Cantharellus cibarius	keltavahvero (fi)		2025-07-05	Lieto	Varsinais-Suomi (V)	Suomi	60.461806	22.391264	Sure	NEUTRAL	The Atlas of Finnish Fungi
keltavahvero (fi) — Cantharellus cibarius	keltavahvero (fi)		2025-07-05	Heinävesi, Leppävirta, Tuusniemi	Pohjois-Savo (PS)	Suomi	62.7	28.5		COMMUNITY_VERIFIED	iNaturalist Suomi Finland
keltavahvero (fi) — Cantharellus cibarius	keltavahvero (fi)	25	2025-07-05	Ruovesi	Etelä-Häme (EH)	Suomi	62.036337	23.948605	Sure	NEUTRAL	The Atlas of Finnish Fungi
keltavahvero (fi) — Cantharellus cibarius	keltavahvero (fi)		2025-07-05	Vantaa	Uusimaa (U)	Suomi	60.29666	25.055		COMMUNITY_VERIFIED	iNaturalist Suomi Finland
keltavahvero (fi) — Cantharellus cibarius	keltavahvero (fi)		2025-07-05	Kangasala	Etelä-Häme (EH)	Suomi	61.45872	24.13108		COMMUNITY_VERIFIED	iNaturalist Suomi Finland
keltavahvero (fi) — Cantharellus cibarius	keltavahvero (fi)	25	2025-07-05	Ruovesi	Etelä-Häme (EH)	Suomi	62.036434	23.948384	Sure	NEUTRAL	The Atlas of Finnish Fungi
keltavahvero (fi) — Cantharellus cibarius	keltavahvero (fi)		2025-07-05	Kauniainen	Uusimaa (U)	Suomi	60.212966	24.682636	Sure	NEUTRAL	The Atlas of Finnish Fungi
keltavahvero (fi) — Cantharellus cibarius	keltavahvero (fi)		2025-07-04 - 2025-07-12	Vantaa	Uusimaa (U)	Suomi	60.258417	24.785036	Sure	NEUTRAL	The Atlas of Finnish Fungi
keltavahvero (fi) — Cantharellus cibarius	keltavahvero (fi)		2025-07-04	Kihniö, Parkano, Virrat, Ylöjärvi	Etelä-Häme (EH), Pohjois-Häme (PH), Satakunta (St)	Suomi	62.1	23.3		NEUTRAL	iNaturalist Suomi Finland
keltavahvero (fi) — Cantharellus cibarius	keltavahvero (fi)		2025-07-04	Hollola	Etelä-Häme (EH)	Suomi	61.05147	25.44088		COMMUNITY_VERIFIED	iNaturalist Suomi Finland
keltavahvero (fi) — Cantharellus cibarius	keltavahvero (fi)		2025-07-04	Lieto	Varsinais-Suomi (V)	Suomi	60.56109	22.46046		COMMUNITY_VERIFIED	iNaturalist Suomi Finland
keltavahvero (fi) — Cantharellus cibarius	keltavahvero (fi)		2025-07-04	Lieto	Varsinais-Suomi (V)	Suomi	60.56108	22.46047		COMMUNITY_VERIFIED	iNaturalist Suomi Finland
keltavahvero (fi) — Cantharellus cibarius	keltavahvero (fi)		2025-07-04	Espoo	Uusimaa (U)	Suomi	60.295462	24.751898	Sure	NEUTRAL	The Atlas of Finnish Fungi
keltavahvero (fi) — Cantharellus cibarius	keltavahvero (fi)	Esiintymä	2025-07-03	Kitee	Pohjois-Karjala (PK)	Suomi	61.897	29.672	Sure	NEUTRAL	The Atlas of Finnish Fungi
keltavahvero (fi) — Cantharellus cibarius	keltavahvero (fi)		2025-07-03	Helsinki	Uusimaa (U)	Suomi	60.23515	24.88635		COMMUNITY_VERIFIED	iNaturalist Suomi Finland
keltavahvero (fi) — Cantharellus cibarius	keltavahvero (fi)		2025-07-03	Salo	Varsinais-Suomi (V)	Suomi	60.24605	23.026592	Sure	NEUTRAL	Notebook, general observations
keltavahvero (fi) — Cantharellus cibarius	keltavahvero (fi)		2025-07-03	Espoo	Uusimaa (U)	Suomi	60.256676	24.604309	Sure	NEUTRAL	The Atlas of Finnish Fungi
keltavahvero (fi) — Cantharellus cibarius	keltavahvero (fi)		2025-07-02	Helsinki	Uusimaa (U)	Suomi	60.22818	24.98577		COMMUNITY_VERIFIED	iNaturalist Suomi Finland
keltavahvero (fi) — Cantharellus cibarius	keltavahvero (fi)	Kymmeniä.	2025-07-02	Jyväskylä	Pohjois-Häme (PH)	Suomi	62.304715	25.695915	Sure	NEUTRAL	The Atlas of Finnish Fungi
keltavahvero (fi) — Cantharellus cibarius	keltavahvero (fi)		2025-07-02	Lieto	Varsinais-Suomi (V)	Suomi	60.49678	22.53529		COMMUNITY_VERIFIED	iNaturalist Suomi Finland
keltavahvero (fi) — Cantharellus cibarius	keltavahvero (fi)		2025-07-02	Helsinki	Uusimaa (U)	Suomi	60.22558	25.14214		COMMUNITY_VERIFIED	iNaturalist Suomi Finland
keltavahvero (fi) — Cantharellus cibarius	keltavahvero (fi)	5	2025-07-02	Mänttä-Vilppula, Ruovesi	Etelä-Häme (EH)	Suomi	62.039372	24.034069	Sure	NEUTRAL	The Atlas of Finnish Fungi
keltavahvero (fi) — Cantharellus cibarius	keltavahvero (fi)		2025-07-02	Helsinki	Uusimaa (U)	Suomi	60.22828	24.98574		COMMUNITY_VERIFIED	iNaturalist Suomi Finland
keltavahvero (fi) — Cantharellus cibarius	keltavahvero (fi)		2025-07-01	Ruovesi	Etelä-Häme (EH)	Suomi	61.84194	24.16858		COMMUNITY_VERIFIED	iNaturalist Suomi Finland
keltavahvero (fi) — Cantharellus cibarius	keltavahvero (fi)		2025-07-01	Lahti	Etelä-Häme (EH)	Suomi	60.96923	25.93329		COMMUNITY_VERIFIED	iNaturalist Suomi Finland
keltavahvero (fi) — Cantharellus cibarius	keltavahvero (fi)		2025-06-30	Vihti	Varsinais-Suomi (V)	Suomi	60.536911	24.522626	Sure	NEUTRAL	The Atlas of Finnish Fungi
keltavahvero (fi) — Cantharellus cibarius	keltavahvero (fi)		2025-06-30	Lohja	Varsinais-Suomi (V)	Suomi	60.27619	24.14505		NEUTRAL	iNaturalist Suomi Finland
keltavahvero (fi) — Cantharellus cibarius	keltavahvero (fi)		2025-06-30 [11:14-14:50]	Tampere	Etelä-Häme (EH)	Suomi	61.494289	23.634235	Sure	NEUTRAL	Notebook, general observations
keltavahvero (fi) — Cantharellus cibarius	keltavahvero (fi)		2025-06-29	Espoo	Uusimaa (U)	Suomi	60.3497	24.64909		COMMUNITY_VERIFIED	iNaturalist Suomi Finland
keltavahvero (fi) — Cantharellus cibarius	keltavahvero (fi)		2025-06-29	Pori	Satakunta (St)	Suomi	61.476221	21.86297	Sure	NEUTRAL	The Atlas of Finnish Fungi
keltavahvero (fi) — Cantharellus cibarius	keltavahvero (fi)		2025-06-28	Espoo	Uusimaa (U)	Suomi	60.2026	24.823267	Sure	NEUTRAL	The Atlas of Finnish Fungi
keltavahvero (fi) — Cantharellus cibarius	keltavahvero (fi)	yleinen	2025-06-28 - 2025-08-03	Loviisa	Uusimaa (U)	Suomi	60.547722	26.136942	Sure	NEUTRAL	The Atlas of Finnish Fungi
keltavahvero (fi) — Cantharellus cibarius	keltavahvero (fi)		2025-06-28	Hämeenlinna	Etelä-Häme (EH)	Suomi	60.88346	24.42707		NEUTRAL	iNaturalist Suomi Finland
keltavahvero (fi) — Cantharellus cibarius	keltavahvero (fi)		2025-06-28	Kaarina	Varsinais-Suomi (V)	Suomi	60.45449	22.37446		COMMUNITY_VERIFIED	iNaturalist Suomi Finland
keltavahvero (fi) — Cantharellus cibarius	keltavahvero (fi)		2025-06-28	Vihti	Varsinais-Suomi (V)	Suomi	60.35977	24.48887		COMMUNITY_VERIFIED	iNaturalist Suomi Finland
keltavahvero (fi) — Cantharellus cibarius	keltavahvero (fi)		2025-06-27	Hanko	Uusimaa (U)	Suomi	59.888056	23.212992	Sure	NEUTRAL	The Atlas of Finnish Fungi
keltavahvero (fi) — Cantharellus cibarius	keltavahvero (fi)		2025-06-27	Porvoo	Uusimaa (U)	Suomi	60.43501	25.70607		COMMUNITY_VERIFIED	iNaturalist Suomi Finland
keltavahvero (fi) — Cantharellus cibarius	keltavahvero (fi)		2025-06-27	Espoo	Uusimaa (U)	Suomi	60.11456	24.72838		NEUTRAL	iNaturalist Suomi Finland
keltavahvero (fi) — Cantharellus cibarius	keltavahvero (fi)	Muutama	2025-06-27 [9:30-10:10]	Vantaa	Uusimaa (U)	Suomi	60.296505	25.055292	Sure	NEUTRAL	Notebook, general observations
keltavahvero (fi) — Cantharellus cibarius	keltavahvero (fi)		2025-06-26 [14:54-17:36]	Porvoo	Uusimaa (U)	Suomi	60.341982	25.689771	Sure	NEUTRAL	Notebook, general observations
keltavahvero (fi) — Cantharellus cibarius	keltavahvero (fi)		2025-06-26	Espoo	Uusimaa (U)	Suomi	60.1486	24.63445		COMMUNITY_VERIFIED	iNaturalist Suomi Finland
keltavahvero (fi) — Cantharellus cibarius	keltavahvero (fi)		2025-06-26	Askola, Myrskylä, Porvoo	Uusimaa (U)	Suomi	60.5	25.7		COMMUNITY_VERIFIED	iNaturalist Suomi Finland
keltavahvero (fi) — Cantharellus cibarius	keltavahvero (fi)		2025-06-26	Turku	Varsinais-Suomi (V)	Suomi	60.35666	22.22294		COMMUNITY_VERIFIED	iNaturalist Suomi Finland
keltavahvero (fi) — Cantharellus cibarius	keltavahvero (fi)		2025-06-26	Hanko	Uusimaa (U)	Suomi	59.903137	23.195705	Sure	NEUTRAL	The Atlas of Finnish Fungi
keltavahvero (fi) — Cantharellus cibarius	keltavahvero (fi)		2025-06-26	Helsinki	Uusimaa (U)	Suomi	60.24325	25.20144		COMMUNITY_VERIFIED	iNaturalist Suomi Finland
keltavahvero (fi) — Cantharellus cibarius	keltavahvero (fi)		2025-06-26	Hollola	Etelä-Häme (EH)	Suomi	60.98662	25.49859		NEUTRAL	iNaturalist Suomi Finland
keltavahvero (fi) — Cantharellus cibarius	keltavahvero (fi)		2025-06-26	Rantasalmi	Etelä-Savo (ES)	Suomi	62.11455	28.48557		NEUTRAL	iNaturalist Suomi Finland
keltavahvero (fi) — Cantharellus cibarius	keltavahvero (fi)	Muutamis	2025-06-25	Tampere	Etelä-Häme (EH)	Suomi	61.491724	23.594478	Sure	NEUTRAL	Notebook, general observations
keltavahvero (fi) — Cantharellus cibarius	keltavahvero (fi)		2025-06-25	Lohja	Varsinais-Suomi (V)	Suomi	60.22656	23.93068		COMMUNITY_VERIFIED	iNaturalist Suomi Finland
keltavahvero (fi) — Cantharellus cibarius	keltavahvero (fi)		2025-06-24	Savitaipale	Etelä-Savo (ES)	Suomi	61.18806	27.48871		NEUTRAL	iNaturalist Suomi Finland
keltavahvero (fi) — Cantharellus cibarius	keltavahvero (fi)		2025-06-24	Nurmijärvi	Uusimaa (U)	Suomi	60.3907	24.75614		COMMUNITY_VERIFIED	iNaturalist Suomi Finland
keltavahvero (fi) — Cantharellus cibarius	keltavahvero (fi)		2025-06-24	Mynämäki	Varsinais-Suomi (V)	Suomi	60.74788	22.34972		NEUTRAL	iNaturalist Suomi Finland
keltavahvero (fi) — Cantharellus cibarius	keltavahvero (fi)		2025-06-24 [13:15]	Uusikaupunki	Varsinais-Suomi (V)	Suomi	60.973305	21.270635	Sure	NEUTRAL	Notebook, general observations
keltavahvero (fi) — Cantharellus cibarius	keltavahvero (fi)		2025-06-23	Vantaa	Uusimaa (U)	Suomi	60.3178	25.02636		COMMUNITY_VERIFIED	iNaturalist Suomi Finland
keltavahvero (fi) — Cantharellus cibarius	keltavahvero (fi)		2025-06-22	Espoo	Uusimaa (U)	Suomi	60.24908	24.61151		COMMUNITY_VERIFIED	iNaturalist Suomi Finland
keltavahvero (fi) — Cantharellus cibarius	keltavahvero (fi)		2025-06-22	Hamina	Etelä-Karjala (EK)	Suomi	60.65243	27.39313		COMMUNITY_VERIFIED	iNaturalist Suomi Finland
keltavahvero (fi) — Cantharellus cibarius	keltavahvero (fi)		2025-06-22	Marttila	Varsinais-Suomi (V)	Suomi	60.57692	23.00646		COMMUNITY_VERIFIED	iNaturalist Suomi Finland
keltavahvero (fi) — Cantharellus cibarius	keltavahvero (fi)		2025-06-22	Imatra	Etelä-Savo (ES)	Suomi	61.16736	28.77225		NEUTRAL	iNaturalist Suomi Finland
keltavahvero (fi) — Cantharellus cibarius	keltavahvero (fi)		2025-06-22	Porvoo	Uusimaa (U)	Suomi	60.27744	25.808562	Sure	NEUTRAL	The Atlas of Finnish Fungi
keltavahvero (fi) — Cantharellus cibarius	keltavahvero (fi)		2025-06-22	Helsinki	Uusimaa (U)	Suomi	60.20123	25.16983		NEUTRAL	iNaturalist Suomi Finland
keltavahvero (fi) — Cantharellus cibarius	keltavahvero (fi)		2025-06-21	Lappeenranta	Etelä-Savo (ES)	Suomi	61.19086	28.71517		NEUTRAL	iNaturalist Suomi Finland
keltavahvero (fi) — Cantharellus cibarius	keltavahvero (fi)		2025-06-21	Raasepori, Salo	Uusimaa (U), Varsinais-Suomi (V)	Suomi	60.1	23.3		COMMUNITY_VERIFIED	iNaturalist Suomi Finland
keltavahvero (fi) — Cantharellus cibarius	keltavahvero (fi)		2025-06-21	Karkkila	Varsinais-Suomi (V)	Suomi	60.50947	24.42781		NEUTRAL	iNaturalist Suomi Finland
keltavahvero (fi) — Cantharellus cibarius	keltavahvero (fi)		2025-06-20	Espoo	Uusimaa (U)	Suomi	60.30543	24.50862		NEUTRAL	iNaturalist Suomi Finland
keltavahvero (fi) — Cantharellus cibarius	keltavahvero (fi)		2025-06-20	Lahti	Etelä-Häme (EH)	Suomi	60.992592	25.556047	Sure	NEUTRAL	The Atlas of Finnish Fungi
keltavahvero (fi) — Cantharellus cibarius	keltavahvero (fi)		2025-06-18 [12:36-23:43]	Kaarina	Varsinais-Suomi (V)	Suomi	60.425484	22.361625	Sure	NEUTRAL	The Atlas of Finnish Fungi
keltavahvero (fi) — Cantharellus cibarius	keltavahvero (fi)		2025-06-18	Espoo	Uusimaa (U)	Suomi	60.22866	24.80133		COMMUNITY_VERIFIED	iNaturalist Suomi Finland
keltavahvero (fi) — Cantharellus cibarius	keltavahvero (fi)	5	2025-06-18 [16:00]	Hamina	Etelä-Karjala (EK)	Suomi	60.639758	27.289222	Sure	NEUTRAL	Notebook, general observations
keltavahvero (fi) — Cantharellus cibarius	keltavahvero (fi)		2025-06-17	Hamina	Etelä-Karjala (EK)	Suomi	60.576577	27.18701	Sure	NEUTRAL	Notebook, general observations
keltavahvero (fi) — Cantharellus cibarius	keltavahvero (fi)		2025-06-12	Masku, Mynämäki, Naantali	Varsinais-Suomi (V)	Suomi	60.5	21.9		COMMUNITY_VERIFIED	iNaturalist Suomi Finland
keltavahvero (fi) — Cantharellus cibarius	keltavahvero (fi)		2025-01-26	Helsinki	Uusimaa (U)	Suomi	60.23239	24.86826		COMMUNITY_VERIFIED	iNaturalist Suomi Finland
keltavahvero (fi) — Cantharellus cibarius	keltavahvero (fi)	3	2025-01-19	Hanko	Uusimaa (U)	Suomi	59.89483	23.230095	Sure	NEUTRAL	Notebook, general observations
keltavahvero (fi) — Cantharellus cibarius	keltavahvero (fi)		2025-01-18	Espoo	Uusimaa (U)	Suomi	60.200047	24.698006	Sure	NEUTRAL	The Atlas of Finnish Fungi
keltavahvero (fi) — Cantharellus cibarius	keltavahvero (fi)		2024-12-29	Espoo	Uusimaa (U)	Suomi	60.24748	24.65608		NEUTRAL	iNaturalist Suomi Finland
keltavahvero (fi) — Cantharellus cibarius	keltavahvero (fi)		2024-12-26	Espoo, Helsinki, Nurmijärvi, Tuusula, Vantaa	Uusimaa (U)	Suomi	60.3	24.9		NEUTRAL	iNaturalist Suomi Finland
keltavahvero (fi) — Cantharellus cibarius	keltavahvero (fi)		2024-12-04	Närpiö	Etelä-Pohjanmaa (EP)	Suomi	62.50639	21.2103		COMMUNITY_VERIFIED	iNaturalist Suomi Finland
keltavahvero (fi) — Cantharellus cibarius	keltavahvero (fi)		2024-12-01	Helsinki	Uusimaa (U)	Suomi	60.23248	24.8683		COMMUNITY_VERIFIED	iNaturalist Suomi Finland
keltavahvero (fi) — Cantharellus cibarius	keltavahvero (fi)		2024-12-01	Aura, Lieto, Loimaa, Pöytyä	Satakunta (St), Varsinais-Suomi (V)	Suomi	60.7	22.7		COMMUNITY_VERIFIED	iNaturalist Suomi Finland
keltavahvero (fi) — Cantharellus cibarius	keltavahvero (fi)		2024-12-01	Forssa	Etelä-Häme (EH)	Suomi	60.80524	23.63655		COMMUNITY_VERIFIED	iNaturalist Suomi Finland
keltavahvero (fi) — Cantharellus cibarius	keltavahvero (fi)		2024-11-30	Kangasala	Etelä-Häme (EH)	Suomi	61.44689	24.1319		COMMUNITY_VERIFIED	iNaturalist Suomi Finland
keltavahvero (fi) — Cantharellus cibarius	keltavahvero (fi)	1	2024-11-30	Raasepori	Varsinais-Suomi (V)	Suomi	60.040336	23.017789	Sure	NEUTRAL	Notebook, general observations
keltavahvero (fi) — Cantharellus cibarius	keltavahvero (fi)	2	2024-11-26 [12:29]	Akaa	Etelä-Häme (EH)	Suomi	61.173923	23.838586	Sure	NEUTRAL	Notebook, general observations
keltavahvero (fi) — Cantharellus cibarius	keltavahvero (fi)		2024-11-16	Imatra	Etelä-Savo (ES)	Suomi	61.21343	28.76637		COMMUNITY_VERIFIED	iNaturalist Suomi Finland
keltavahvero (fi) — Cantharellus cibarius	keltavahvero (fi)		2024-11-14	Porvoo	Uusimaa (U)	Suomi	60.389	25.39029		COMMUNITY_VERIFIED	iNaturalist Suomi Finland
keltavahvero (fi) — Cantharellus cibarius	keltavahvero (fi)		2024-11-09	Helsinki	Uusimaa (U)	Suomi	60.23241	24.86825		COMMUNITY_VERIFIED	iNaturalist Suomi Finland
keltavahvero (fi) — Cantharellus cibarius	keltavahvero (fi)		2024-11-09	Espoo	Uusimaa (U)	Suomi	60.30415	24.65689		COMMUNITY_VERIFIED	iNaturalist Suomi Finland
keltavahvero (fi) — Cantharellus cibarius	keltavahvero (fi)		2024-11-09	Kirkkonummi	Uusimaa (U)	Suomi	60.14526	24.58534		COMMUNITY_VERIFIED	iNaturalist Suomi Finland
keltavahvero (fi) — Cantharellus cibarius	keltavahvero (fi)		2024-11-08	Espoo	Uusimaa (U)	Suomi	60.13361	24.69611		COMMUNITY_VERIFIED	iNaturalist Suomi Finland
keltavahvero (fi) — Cantharellus cibarius	keltavahvero (fi)		2024-11-07	Järvenpää	Uusimaa (U)	Suomi	60.48504	25.13405		COMMUNITY_VERIFIED	iNaturalist Suomi Finland
keltavahvero (fi) — Cantharellus cibarius	keltavahvero (fi)		2024-11-04 [8:59-13:20]	Kirkkonummi	Uusimaa (U)	Suomi	60.141986	24.382141	Sure	NEUTRAL	Notebook, general observations
keltavahvero (fi) — Cantharellus cibarius	keltavahvero (fi)	1	2024-11-01 - 2024-11-20	Somero	Etelä-Häme (EH)	Suomi	60.665075	23.608322	Sure	NEUTRAL	Notebook, general observations
keltavahvero (fi) — Cantharellus cibarius	keltavahvero (fi)	3	2024-10-30 [11:30]	Forssa	Etelä-Häme (EH)	Suomi	60.792517	23.632806	Sure	NEUTRAL	Notebook, general observations
keltavahvero (fi) — Cantharellus cibarius	keltavahvero (fi)		2024-10-28	Mustasaari	Etelä-Pohjanmaa (EP)	Suomi	63.29674	21.74184		COMMUNITY_VERIFIED	iNaturalist Suomi Finland
keltavahvero (fi) — Cantharellus cibarius	keltavahvero (fi)		2024-10-27 [13:42-15:21]	Tampere	Etelä-Häme (EH)	Suomi	61.466573	23.812913	Sure	NEUTRAL	The Atlas of Finnish Fungi
keltavahvero (fi) — Cantharellus cibarius	keltavahvero (fi)		2024-10-25	Ylöjärvi	Etelä-Häme (EH)	Suomi	61.82603	23.67691		COMMUNITY_VERIFIED	iNaturalist Suomi Finland
keltavahvero (fi) — Cantharellus cibarius	keltavahvero (fi)		2024-10-22	Porvoo	Uusimaa (U)	Suomi	60.3777	25.73744		COMMUNITY_VERIFIED	iNaturalist Suomi Finland
keltavahvero (fi) — Cantharellus cibarius	keltavahvero (fi)		2024-10-19	Imatra	Etelä-Savo (ES)	Suomi	61.19985	28.73089		COMMUNITY_VERIFIED	iNaturalist Suomi Finland
keltavahvero (fi) — Cantharellus cibarius	keltavahvero (fi)		2024-10-19	Hanko	Uusimaa (U)	Suomi	59.854574	23.070532	Sure	NEUTRAL	The Atlas of Finnish Fungi
keltavahvero (fi) — Cantharellus cibarius	keltavahvero (fi)		2024-10-18	Lappeenranta	Etelä-Savo (ES)	Suomi	61.094245	28.426262	Sure	NEUTRAL	Notebook, general observations
keltavahvero (fi) — Cantharellus cibarius	keltavahvero (fi)		2024-10-18	Sastamala	Satakunta (St)	Suomi	61.31178	22.87954		COMMUNITY_VERIFIED	iNaturalist Suomi Finland
keltavahvero (fi) — Cantharellus cibarius	keltavahvero (fi)		2024-10-17	Lappeenranta	Etelä-Savo (ES)	Suomi	61.101008	28.32329	Sure	NEUTRAL	Notebook, general observations
keltavahvero (fi) — Cantharellus cibarius	keltavahvero (fi)		2024-10-17	Eurajoki	Satakunta (St)	Suomi	61.18465	21.66673		COMMUNITY_VERIFIED	iNaturalist Suomi Finland
keltavahvero (fi) — Cantharellus cibarius	keltavahvero (fi)		2024-10-17	Eurajoki	Satakunta (St)	Suomi	61.18447	21.65886		COMMUNITY_VERIFIED	iNaturalist Suomi Finland
keltavahvero (fi) — Cantharellus cibarius	keltavahvero (fi)		2024-10-17	Eurajoki	Satakunta (St)	Suomi	61.18396	21.64815		COMMUNITY_VERIFIED	iNaturalist Suomi Finland
keltavahvero (fi) — Cantharellus cibarius	keltavahvero (fi)		2024-10-16	Hämeenlinna	Etelä-Häme (EH)	Suomi	61.05368	25.0386		COMMUNITY_VERIFIED	iNaturalist Suomi Finland
keltavahvero (fi) — Cantharellus cibarius	keltavahvero (fi)		2024-10-16	Hyvinkää, Nurmijärvi, Tuusula, Vantaa	Uusimaa (U)	Suomi	60.5	24.9		COMMUNITY_VERIFIED	iNaturalist Suomi Finland
keltavahvero (fi) — Cantharellus cibarius	keltavahvero (fi)		2024-10-15	Porvoo	Uusimaa (U)	Suomi	60.3661	25.70737		COMMUNITY_VERIFIED	iNaturalist Suomi Finland
keltavahvero (fi) — Cantharellus cibarius	keltavahvero (fi)		2024-10-15	Eurajoki	Satakunta (St)	Suomi	61.19269	21.65285		COMMUNITY_VERIFIED	iNaturalist Suomi Finland
keltavahvero (fi) — Cantharellus cibarius	keltavahvero (fi)		2024-10-13 [15:09-17:23]	Tampere	Etelä-Häme (EH)	Suomi	61.470413	23.811455	Sure	NEUTRAL	The Atlas of Finnish Fungi
keltavahvero (fi) — Cantharellus cibarius	keltavahvero (fi)		2024-10-11	Kangasala	Etelä-Häme (EH)	Suomi	61.49366	24.02499		COMMUNITY_VERIFIED	iNaturalist Suomi Finland
keltavahvero (fi) — Cantharellus cibarius	keltavahvero (fi)		2024-10-11	Kangasala	Etelä-Häme (EH)	Suomi	61.49374	24.02432		COMMUNITY_VERIFIED	iNaturalist Suomi Finland
keltavahvero (fi) — Cantharellus cibarius	keltavahvero (fi)		2024-10-10	Iisalmi, Lapinlahti, Sonkajärvi	Pohjois-Savo (PS)	Suomi	63.5	27.7		NEUTRAL	iNaturalist Suomi Finland
keltavahvero (fi) — Cantharellus cibarius	keltavahvero (fi)		2024-10-07	Vaasa	Etelä-Pohjanmaa (EP)	Suomi	63.057414	21.592714	Sure	NEUTRAL	The Atlas of Finnish Fungi
keltavahvero (fi) — Cantharellus cibarius	keltavahvero (fi)	X	2024-10-05 [16:57-17:01]	Hyvinkää, Järvenpää, Mäntsälä, Sipoo, Tuusula	Uusimaa (U)	Suomi	60.531913	25.084225	Sure	NEUTRAL	Noteworthy macrofungi - complete lists
keltavahvero (fi) — Cantharellus cibarius	keltavahvero (fi)		2024-10-05 [14:39-17:06]	Tampere	Etelä-Häme (EH)	Suomi	61.468489	23.81464	Sure	NEUTRAL	The Atlas of Finnish Fungi
keltavahvero (fi) — Cantharellus cibarius	keltavahvero (fi)		2024-10-03	Kuhmoinen	Etelä-Häme (EH)	Suomi	61.591393	25.399056	Sure	NEUTRAL	The Atlas of Finnish Fungi
keltavahvero (fi) — Cantharellus cibarius	keltavahvero (fi)		2024-10-03	Helsinki	Uusimaa (U)	Suomi	60.22675	25.02364		COMMUNITY_VERIFIED	iNaturalist Suomi Finland
keltavahvero (fi) — Cantharellus cibarius	keltavahvero (fi)	>20	2024-10-01	Mustasaari	Etelä-Pohjanmaa (EP)	Suomi	63.124939	21.730899	Sure	NEUTRAL	The Atlas of Finnish Fungi
keltavahvero (fi) — Cantharellus cibarius	keltavahvero (fi)		2024-09-30	Närpiö	Etelä-Pohjanmaa (EP)	Suomi	62.52046	21.08036		COMMUNITY_VERIFIED	iNaturalist Suomi Finland
keltavahvero (fi) — Cantharellus cibarius	keltavahvero (fi)	X	2024-09-30 [15:53-17:54]	Espoo	Uusimaa (U)	Suomi	60.286175	24.587261	Sure	NEUTRAL	Noteworthy macrofungi - complete lists
keltavahvero (fi) — Cantharellus cibarius	keltavahvero (fi)		2024-09-29	Espoo, Helsinki, Nurmijärvi, Tuusula, Vantaa	Uusimaa (U)	Suomi	60.3	24.9		COMMUNITY_VERIFIED	iNaturalist Suomi Finland
keltavahvero (fi) — Cantharellus cibarius	keltavahvero (fi)		2024-09-29	Kerava	Uusimaa (U)	Suomi	60.3957	25.08295		COMMUNITY_VERIFIED	iNaturalist Suomi Finland
keltavahvero (fi) — Cantharellus cibarius	keltavahvero (fi)		2024-09-28	Iisalmi	Pohjois-Savo (PS)	Suomi	63.37023	27.06784		COMMUNITY_VERIFIED	iNaturalist Suomi Finland
keltavahvero (fi) — Cantharellus cibarius	keltavahvero (fi)		2024-09-28	Salo	Varsinais-Suomi (V)	Suomi	60.372646	23.658553	Sure	NEUTRAL	The Atlas of Finnish Fungi
keltavahvero (fi) — Cantharellus cibarius	keltavahvero (fi)		2024-09-27	Helsinki	Uusimaa (U)	Suomi	60.19969	25.14092		COMMUNITY_VERIFIED	iNaturalist Suomi Finland
keltavahvero (fi) — Cantharellus cibarius	keltavahvero (fi)		2024-09-26	Porvoo	Uusimaa (U)	Suomi	60.274316	25.794523	Sure	NEUTRAL	The Atlas of Finnish Fungi
keltavahvero (fi) — Cantharellus cibarius	keltavahvero (fi)		2024-09-26	Lieto	Varsinais-Suomi (V)	Suomi	60.4987	22.46597		COMMUNITY_VERIFIED	iNaturalist Suomi Finland
keltavahvero (fi) — Cantharellus cibarius	keltavahvero (fi)		2024-09-26	Lieto	Varsinais-Suomi (V)	Suomi	60.49898	22.46276		COMMUNITY_VERIFIED	iNaturalist Suomi Finland
keltavahvero (fi) — Cantharellus cibarius	keltavahvero (fi)		2024-09-22	Hartola	Etelä-Häme (EH)	Suomi	61.65593	26.05456		COMMUNITY_VERIFIED	iNaturalist Suomi Finland
keltavahvero (fi) — Cantharellus cibarius	keltavahvero (fi)		2024-09-22	Joensuu	Pohjois-Karjala (PK)	Suomi	62.61299	29.7453		COMMUNITY_VERIFIED	iNaturalist Suomi Finland
keltavahvero (fi) — Cantharellus cibarius	keltavahvero (fi)	2	2024-09-22	Turku	Varsinais-Suomi (V)	Suomi	60.426474	22.204831	Sure	NEUTRAL	Notebook, general observations
keltavahvero (fi) — Cantharellus cibarius	keltavahvero (fi)	X	2024-09-22 [12:53-14:14]	Raasepori	Varsinais-Suomi (V)	Suomi	60.041902	23.708689	Sure	NEUTRAL	Noteworthy macrofungi - complete lists
keltavahvero (fi) — Cantharellus cibarius	keltavahvero (fi)		2024-09-21	Nokia	Etelä-Häme (EH)	Suomi	61.466	23.464	Sure	NEUTRAL	The Atlas of Finnish Fungi
keltavahvero (fi) — Cantharellus cibarius	keltavahvero (fi)		2024-09-21	Nokia	Etelä-Häme (EH)	Suomi	61.467	23.467	Sure	NEUTRAL	The Atlas of Finnish Fungi
keltavahvero (fi) — Cantharellus cibarius	keltavahvero (fi)		2024-09-21	Kuhmoinen	Etelä-Häme (EH)	Suomi	61.675318	25.004309	Sure	NEUTRAL	Notebook, general observations
keltavahvero (fi) — Cantharellus cibarius	keltavahvero (fi)		2024-09-21	Loppi	Etelä-Häme (EH)	Suomi	60.67197	24.6013		COMMUNITY_VERIFIED	iNaturalist Suomi Finland
keltavahvero (fi) — Cantharellus cibarius	keltavahvero (fi)		2024-09-21	Inkoo	Uusimaa (U)	Suomi	59.97773	23.91659		COMMUNITY_VERIFIED	iNaturalist Suomi Finland
keltavahvero (fi) — Cantharellus cibarius	keltavahvero (fi)	1 pieni	2024-09-21 [10:24-11:00]	Espoo	Uusimaa (U)	Suomi	60.181558	24.660041	Sure	NEUTRAL	Notebook, general observations
keltavahvero (fi) — Cantharellus cibarius	keltavahvero (fi)	Kymmenisen kpl	2024-09-21	Nokia	Etelä-Häme (EH)	Suomi	61.469342	23.470243	Sure	NEUTRAL	The Atlas of Finnish Fungi
keltavahvero (fi) — Cantharellus cibarius	keltavahvero (fi)		2024-09-19	Hämeenlinna	Etelä-Häme (EH)	Suomi	60.9789	24.4489		COMMUNITY_VERIFIED	iNaturalist Suomi Finland
keltavahvero (fi) — Cantharellus cibarius	keltavahvero (fi)		2024-09-18	Tammela	Etelä-Häme (EH)	Suomi	60.76978	23.86956		COMMUNITY_VERIFIED	iNaturalist Suomi Finland
keltavahvero (fi) — Cantharellus cibarius	keltavahvero (fi)		2024-09-18	Ylöjärvi	Etelä-Häme (EH)	Suomi	61.934893	23.579714		NEUTRAL	LajiGIS: Miscellaneous occurrences
keltavahvero (fi) — Cantharellus cibarius	keltavahvero (fi)		2024-09-18	Ylöjärvi	Etelä-Häme (EH)	Suomi	61.933567	23.580968		NEUTRAL	LajiGIS: Miscellaneous occurrences
keltavahvero (fi) — Cantharellus cibarius	keltavahvero (fi)		2024-09-18	Ylöjärvi	Etelä-Häme (EH)	Suomi	61.934197	23.579563		NEUTRAL	LajiGIS: Miscellaneous occurrences
keltavahvero (fi) — Cantharellus cibarius	keltavahvero (fi)		2024-09-17	Iisalmi, Lapinlahti	Pohjois-Savo (PS)	Suomi	63.5	27.3		COMMUNITY_VERIFIED	iNaturalist Suomi Finland
keltavahvero (fi) — Cantharellus cibarius	keltavahvero (fi)		2024-09-17	Ylöjärvi	Etelä-Häme (EH)	Suomi	61.937862	23.578809		NEUTRAL	LajiGIS: Miscellaneous occurrences
keltavahvero (fi) — Cantharellus cibarius	keltavahvero (fi)		2024-09-16	Vehmaa	Varsinais-Suomi (V)	Suomi	60.74542	21.75615		COMMUNITY_VERIFIED	iNaturalist Suomi Finland
keltavahvero (fi) — Cantharellus cibarius	keltavahvero (fi)		2024-09-16	Espoo	Uusimaa (U)	Suomi	60.17949	24.66597		COMMUNITY_VERIFIED	iNaturalist Suomi Finland
keltavahvero (fi) — Cantharellus cibarius	keltavahvero (fi)		2024-09-16	Tampere	Etelä-Häme (EH)	Suomi	61.46702	23.81425		COMMUNITY_VERIFIED	iNaturalist Suomi Finland
keltavahvero (fi) — Cantharellus cibarius	keltavahvero (fi)	1	2024-09-16	Salo	Varsinais-Suomi (V)	Suomi	60.294993	23.331059	Sure	NEUTRAL	The Atlas of Finnish Fungi
keltavahvero (fi) — Cantharellus cibarius	keltavahvero (fi)		2024-09-15	Lieto	Varsinais-Suomi (V)	Suomi	60.58335	22.42599		COMMUNITY_VERIFIED	iNaturalist Suomi Finland
keltavahvero (fi) — Cantharellus cibarius	keltavahvero (fi)		2024-09-15	Kaarina, Kemiönsaari, Paimio, Parainen, Sauvo	Varsinais-Suomi (V)	Suomi	60.3	22.5		COMMUNITY_VERIFIED	iNaturalist Suomi Finland
keltavahvero (fi) — Cantharellus cibarius	keltavahvero (fi)		2024-09-15	Espoo	Uusimaa (U)	Suomi	60.16183	24.76238		COMMUNITY_VERIFIED	iNaturalist Suomi Finland
keltavahvero (fi) — Cantharellus cibarius	keltavahvero (fi)		2024-09-15	Kirkkonummi	Uusimaa (U)	Suomi	60.19788	24.49276		NEUTRAL	iNaturalist Suomi Finland
keltavahvero (fi) — Cantharellus cibarius	keltavahvero (fi)		2024-09-15 [13:51-15:53]	Tampere	Etelä-Häme (EH)	Suomi	61.468721	23.81412	Sure	NEUTRAL	The Atlas of Finnish Fungi
keltavahvero (fi) — Cantharellus cibarius	keltavahvero (fi)	X	2024-09-14 [8:04-9:22]	Raasepori	Varsinais-Suomi (V)	Suomi	60.041719	23.708709	Sure	NEUTRAL	Noteworthy macrofungi - complete lists
keltavahvero (fi) — Cantharellus cibarius	keltavahvero (fi)	X	2024-09-13 [9:52-13:34]	Helsinki, Sipoo, Vantaa	Uusimaa (U)	Suomi	60.288705	25.191159	Sure	NEUTRAL	Noteworthy macrofungi - complete lists
keltavahvero (fi) — Cantharellus cibarius	keltavahvero (fi)		2024-09-12	Lappeenranta	Etelä-Savo (ES)	Suomi	61.041787	28.091519	Sure	NEUTRAL	Notebook, general observations
keltavahvero (fi) — Cantharellus cibarius	keltavahvero (fi)		2024-09-12	Tampere	Etelä-Häme (EH)	Suomi	61.456077	23.896467	Sure	NEUTRAL	The Atlas of Finnish Fungi
keltavahvero (fi) — Cantharellus cibarius	keltavahvero (fi)		2024-09-12	Tuusula	Uusimaa (U)	Suomi	60.43588	24.96091		COMMUNITY_VERIFIED	iNaturalist Suomi Finland
keltavahvero (fi) — Cantharellus cibarius	keltavahvero (fi)		2024-09-11	Turku	Varsinais-Suomi (V)	Suomi	60.46008	22.1706		COMMUNITY_VERIFIED	iNaturalist Suomi Finland
keltavahvero (fi) — Cantharellus cibarius	keltavahvero (fi)		2024-09-09	Imatra	Etelä-Savo (ES)	Suomi	61.267091	28.859088	Sure	NEUTRAL	Notebook, general observations
keltavahvero (fi) — Cantharellus cibarius	keltavahvero (fi)		2024-09-09 [16:15-17:30]	Salo	Varsinais-Suomi (V)	Suomi	60.437494	23.113214	Sure	NEUTRAL	The Atlas of Finnish Fungi
keltavahvero (fi) — Cantharellus cibarius	keltavahvero (fi)		2024-09-08	Rovaniemi	Perä-Pohjanmaa (PeP)	Suomi	66.504244	25.763282		NEUTRAL	Fungal collection of the Botanical Museum, University of Oulu (OULU)
keltavahvero (fi) — Cantharellus cibarius	keltavahvero (fi)		2024-09-08	Vihti	Varsinais-Suomi (V)	Suomi	60.541565	24.552108	Sure	NEUTRAL	The Atlas of Finnish Fungi
keltavahvero (fi) — Cantharellus cibarius	keltavahvero (fi)	7	2024-09-08	Rovaniemi	Perä-Pohjanmaa (PeP)	Suomi	66.504245	25.763286	Sure	NEUTRAL	The Atlas of Finnish Fungi
keltavahvero (fi) — Cantharellus cibarius	keltavahvero (fi)		2024-09-08	Lapinlahti	Pohjois-Savo (PS)	Suomi	63.3639	27.38927		COMMUNITY_VERIFIED	iNaturalist Suomi Finland
keltavahvero (fi) — Cantharellus cibarius	keltavahvero (fi)		2024-09-08	Keuruu	Pohjois-Häme (PH)	Suomi	62.1995	24.60208		COMMUNITY_VERIFIED	iNaturalist Suomi Finland
keltavahvero (fi) — Cantharellus cibarius	keltavahvero (fi)		2024-09-08	Kitee	Pohjois-Karjala (PK)	Suomi	62.083178	29.892567	Sure	NEUTRAL	The Atlas of Finnish Fungi
keltavahvero (fi) — Cantharellus cibarius	keltavahvero (fi)		2024-09-08 [17:42-20:18]	Espoo	Uusimaa (U)	Suomi	60.176355	24.627652	Sure	NEUTRAL	The Atlas of Finnish Fungi
keltavahvero (fi) — Cantharellus cibarius	keltavahvero (fi)		2024-09-08	Kitee	Pohjois-Karjala (PK)	Suomi	62.086053	29.949874	Sure	NEUTRAL	The Atlas of Finnish Fungi
keltavahvero (fi) — Cantharellus cibarius	keltavahvero (fi)		2024-09-07	Kitee	Pohjois-Karjala (PK)	Suomi	62.155452	29.989757	Sure	NEUTRAL	The Atlas of Finnish Fungi
keltavahvero (fi) — Cantharellus cibarius	keltavahvero (fi)		2024-09-07	Kitee	Pohjois-Karjala (PK)	Suomi	62.15759	29.98362		COMMUNITY_VERIFIED	iNaturalist Suomi Finland
keltavahvero (fi) — Cantharellus cibarius	keltavahvero (fi)		2024-09-07	Helsinki	Uusimaa (U)	Suomi	60.1999	25.16573		COMMUNITY_VERIFIED	iNaturalist Suomi Finland
keltavahvero (fi) — Cantharellus cibarius	keltavahvero (fi)		2024-09-07	Turku	Varsinais-Suomi (V)	Suomi	60.470319	22.320156	Sure	NEUTRAL	The Atlas of Finnish Fungi
keltavahvero (fi) — Cantharellus cibarius	keltavahvero (fi)		2024-09-07	Lapinlahti	Pohjois-Savo (PS)	Suomi	63.24584	27.42562		COMMUNITY_VERIFIED	iNaturalist Suomi Finland
keltavahvero (fi) — Cantharellus cibarius	keltavahvero (fi)		2024-09-07	Jyväskylä	Pohjois-Häme (PH)	Suomi	62.25322	25.68173		COMMUNITY_VERIFIED	iNaturalist Suomi Finland
keltavahvero (fi) — Cantharellus cibarius	keltavahvero (fi)		2024-09-07	Pöytyä	Satakunta (St)	Suomi	60.87021	22.29069		COMMUNITY_VERIFIED	iNaturalist Suomi Finland
keltavahvero (fi) — Cantharellus cibarius	keltavahvero (fi)		2024-09-07	Helsinki	Uusimaa (U)	Suomi	60.19987	25.16573		COMMUNITY_VERIFIED	iNaturalist Suomi Finland
keltavahvero (fi) — Cantharellus cibarius	keltavahvero (fi)		2024-09-06	Helsinki	Uusimaa (U)	Suomi	60.24869	24.83445		COMMUNITY_VERIFIED	iNaturalist Suomi Finland
keltavahvero (fi) — Cantharellus cibarius	keltavahvero (fi)		2024-09-06	Siuntio	Uusimaa (U)	Suomi	60.05629	24.29734		COMMUNITY_VERIFIED	iNaturalist Suomi Finland
keltavahvero (fi) — Cantharellus cibarius	keltavahvero (fi)		2024-09-05	Espoo	Uusimaa (U)	Suomi	60.1821	24.72452		COMMUNITY_VERIFIED	iNaturalist Suomi Finland
keltavahvero (fi) — Cantharellus cibarius	keltavahvero (fi)		2024-09-05 [17:59-19:59]	Savonlinna	Etelä-Savo (ES)	Suomi	61.799575	29.332766	Sure	NEUTRAL	The Atlas of Finnish Fungi
keltavahvero (fi) — Cantharellus cibarius	keltavahvero (fi)	muutama	2024-09-05	Kajaani	Kainuu (Kn)	Suomi	63.995614	27.403744	Sure	NEUTRAL	The Atlas of Finnish Fungi
keltavahvero (fi) — Cantharellus cibarius	keltavahvero (fi)	Valtavasti	2024-09-05	Savonlinna	Etelä-Savo (ES)	Suomi	61.917119	29.03791	Sure	NEUTRAL	The Atlas of Finnish Fungi
keltavahvero (fi) — Cantharellus cibarius	keltavahvero (fi)		2024-09-04	Tuusula	Uusimaa (U)	Suomi	60.42635	24.99427		COMMUNITY_VERIFIED	iNaturalist Suomi Finland
keltavahvero (fi) — Cantharellus cibarius	keltavahvero (fi)		2024-09-04	Tuusula	Uusimaa (U)	Suomi	60.49493	25.04266		COMMUNITY_VERIFIED	iNaturalist Suomi Finland
keltavahvero (fi) — Cantharellus cibarius	keltavahvero (fi)		2024-09-03	Kotka	Etelä-Karjala (EK)	Suomi	60.5455	26.89264		COMMUNITY_VERIFIED	iNaturalist Suomi Finland
keltavahvero (fi) — Cantharellus cibarius	keltavahvero (fi)	Joitakin havaintoalueella	2024-09-03	Vantaa	Uusimaa (U)	Suomi	60.277209	25.164004	Sure	NEUTRAL	The Atlas of Finnish Fungi
keltavahvero (fi) — Cantharellus cibarius	keltavahvero (fi)		2024-09-03	Porvoo	Uusimaa (U)	Suomi	60.386086	25.646991	Sure	NEUTRAL	The Atlas of Finnish Fungi
keltavahvero (fi) — Cantharellus cibarius	keltavahvero (fi)		2024-09-03	Tampere	Etelä-Häme (EH)	Suomi	61.44407	23.82419		COMMUNITY_VERIFIED	iNaturalist Suomi Finland
keltavahvero (fi) — Cantharellus cibarius	keltavahvero (fi)		2024-09-03	Lappeenranta	Etelä-Savo (ES)	Suomi	61.05354	28.10313		NEUTRAL	iNaturalist Suomi Finland
keltavahvero (fi) — Cantharellus cibarius	keltavahvero (fi)		2024-09-03	Savonlinna	Etelä-Savo (ES)	Suomi	61.80781	29.30128	Sure	NEUTRAL	The Atlas of Finnish Fungi
keltavahvero (fi) — Cantharellus cibarius	keltavahvero (fi)		2024-09-02	Loppi	Etelä-Häme (EH)	Suomi	60.66412	24.325606	Sure	NEUTRAL	The Atlas of Finnish Fungi
keltavahvero (fi) — Cantharellus cibarius	keltavahvero (fi)		2024-09-02	Saarijärvi	Pohjois-Häme (PH)	Suomi	62.853535	25.463138	Sure	NEUTRAL	The Atlas of Finnish Fungi
keltavahvero (fi) — Cantharellus cibarius	keltavahvero (fi)		2024-09-02	Joroinen	Pohjois-Savo (PS)	Suomi	62.091838	27.775578	Sure	NEUTRAL	The Atlas of Finnish Fungi
keltavahvero (fi) — Cantharellus cibarius	keltavahvero (fi)		2024-09-01	Pyhäntä	Keski-Pohjanmaa (KP)	Suomi	64.16466	26.51279		COMMUNITY_VERIFIED	iNaturalist Suomi Finland
keltavahvero (fi) — Cantharellus cibarius	keltavahvero (fi)		2024-09-01	Kitee	Pohjois-Karjala (PK)	Suomi	62.207858	29.424225	Sure	NEUTRAL	The Atlas of Finnish Fungi
keltavahvero (fi) — Cantharellus cibarius	keltavahvero (fi)		2024-09-01	Kitee	Pohjois-Karjala (PK)	Suomi	62.213126	29.443652	Sure	NEUTRAL	The Atlas of Finnish Fungi
keltavahvero (fi) — Cantharellus cibarius	keltavahvero (fi)	Siellä täällä havaintoalueella	2024-09-01	Espoo	Uusimaa (U)	Suomi	60.321374	24.696403	Sure	NEUTRAL	The Atlas of Finnish Fungi
keltavahvero (fi) — Cantharellus cibarius	keltavahvero (fi)		2024-08-31	Turku	Varsinais-Suomi (V)	Suomi	60.42167	22.32021		COMMUNITY_VERIFIED	iNaturalist Suomi Finland
keltavahvero (fi) — Cantharellus cibarius	keltavahvero (fi)		2024-08-31	Aura, Lieto, Loimaa, Pöytyä	Satakunta (St), Varsinais-Suomi (V)	Suomi	60.7	22.7		NEUTRAL	iNaturalist Suomi Finland
keltavahvero (fi) — Cantharellus cibarius	keltavahvero (fi)		2024-08-31	Turku	Varsinais-Suomi (V)	Suomi	60.42808	22.3224		COMMUNITY_VERIFIED	iNaturalist Suomi Finland
keltavahvero (fi) — Cantharellus cibarius	keltavahvero (fi)		2024-08-31	Hamina	Etelä-Karjala (EK)	Suomi	60.44679	27.39243		COMMUNITY_VERIFIED	iNaturalist Suomi Finland
keltavahvero (fi) — Cantharellus cibarius	keltavahvero (fi)		2024-08-31 [14:30-16:56]	Tampere	Etelä-Häme (EH)	Suomi	61.468565	23.813738	Sure	NEUTRAL	The Atlas of Finnish Fungi
keltavahvero (fi) — Cantharellus cibarius	keltavahvero (fi)	10	2024-08-29	Vaasa	Etelä-Pohjanmaa (EP)	Suomi	63.066894	21.735372	Sure	NEUTRAL	The Atlas of Finnish Fungi
keltavahvero (fi) — Cantharellus cibarius	keltavahvero (fi)		2024-08-29 [16:54]	Espoo	Uusimaa (U)	Suomi	60.182488	24.735184	Sure	NEUTRAL	Notebook, general observations
keltavahvero (fi) — Cantharellus cibarius	keltavahvero (fi)	X	2024-08-29 [16:24-17:01]	Kangasniemi	Etelä-Savo (ES)	Suomi	62.10732	26.467174	Sure	NEUTRAL	Noteworthy macrofungi - complete lists
keltavahvero (fi) — Cantharellus cibarius	keltavahvero (fi)		2024-08-28	Mustasaari	Etelä-Pohjanmaa (EP)	Suomi	63.034647	21.605936	Sure	NEUTRAL	The Atlas of Finnish Fungi
keltavahvero (fi) — Cantharellus cibarius	keltavahvero (fi)		2024-08-27	Lieksa	Pohjois-Karjala (PK)	Suomi	63.07323	29.80794		NEUTRAL	iNaturalist Suomi Finland
keltavahvero (fi) — Cantharellus cibarius	keltavahvero (fi)	Paikoin yleinen havaintoalueella	2024-08-26	Hyvinkää	Uusimaa (U)	Suomi	60.596872	24.793816	Sure	NEUTRAL	The Atlas of Finnish Fungi
keltavahvero (fi) — Cantharellus cibarius	keltavahvero (fi)	8	2024-08-26	Viitasaari	Pohjois-Häme (PH)	Suomi	63.231622	25.879555	Sure	NEUTRAL	Notebook, general observations
keltavahvero (fi) — Cantharellus cibarius	keltavahvero (fi)		2024-08-25	Savitaipale	Etelä-Savo (ES)	Suomi	61.19209	27.48675		COMMUNITY_VERIFIED	iNaturalist Suomi Finland
keltavahvero (fi) — Cantharellus cibarius	keltavahvero (fi)		2024-08-25 [18:00-18:33]	Salo	Varsinais-Suomi (V)	Suomi	60.336013	23.20345	Sure	NEUTRAL	The Atlas of Finnish Fungi
keltavahvero (fi) — Cantharellus cibarius	keltavahvero (fi)		2024-08-25	Helsinki	Uusimaa (U)	Suomi	60.19434	25.14836		COMMUNITY_VERIFIED	iNaturalist Suomi Finland
keltavahvero (fi) — Cantharellus cibarius	keltavahvero (fi)		2024-08-25	Mikkeli	Etelä-Savo (ES)	Suomi	61.7	27.3		COMMUNITY_VERIFIED	iNaturalist Suomi Finland
keltavahvero (fi) — Cantharellus cibarius	keltavahvero (fi)		2024-08-25	Raasepori	Uusimaa (U)	Suomi	59.94747	23.70097		COMMUNITY_VERIFIED	iNaturalist Suomi Finland
keltavahvero (fi) — Cantharellus cibarius	keltavahvero (fi)		2024-08-25	Hämeenlinna	Etelä-Häme (EH)	Suomi	61.19979	25.11258		NEUTRAL	iNaturalist Suomi Finland
keltavahvero (fi) — Cantharellus cibarius	keltavahvero (fi)		2024-08-25 [10:23-11:39]	Teuva	Etelä-Pohjanmaa (EP)	Suomi	62.481262	21.634434	Sure	NEUTRAL	The Atlas of Finnish Fungi
keltavahvero (fi) — Cantharellus cibarius	keltavahvero (fi)		2024-08-24 [15:25-19:07]	Sauvo	Varsinais-Suomi (V)	Suomi	60.264328	22.795167	Sure	NEUTRAL	The Atlas of Finnish Fungi
keltavahvero (fi) — Cantharellus cibarius	keltavahvero (fi)		2024-08-24	Kirkkonummi	Uusimaa (U)	Suomi	60.15621	24.56321		COMMUNITY_VERIFIED	iNaturalist Suomi Finland
keltavahvero (fi) — Cantharellus cibarius	keltavahvero (fi)		2024-08-24	Hamina	Etelä-Karjala (EK)	Suomi	60.635065	27.229796	Sure	NEUTRAL	The Atlas of Finnish Fungi
keltavahvero (fi) — Cantharellus cibarius	keltavahvero (fi)		2024-08-24	Jämsä	Etelä-Häme (EH)	Suomi	61.9606	24.72351		COMMUNITY_VERIFIED	iNaturalist Suomi Finland
keltavahvero (fi) — Cantharellus cibarius	keltavahvero (fi)		2024-08-24	Lahti	Etelä-Häme (EH)	Suomi	60.97387	25.60171		COMMUNITY_VERIFIED	iNaturalist Suomi Finland
keltavahvero (fi) — Cantharellus cibarius	keltavahvero (fi)		2024-08-24	Hartola	Etelä-Häme (EH)	Suomi	61.6626	26.04533		COMMUNITY_VERIFIED	iNaturalist Suomi Finland
keltavahvero (fi) — Cantharellus cibarius	keltavahvero (fi)	Jokunen	2024-08-24	Heinola	Etelä-Häme (EH)	Suomi	61.20071	26.080597	Sure	NEUTRAL	The Atlas of Finnish Fungi
keltavahvero (fi) — Cantharellus cibarius	keltavahvero (fi)		2024-08-23	Parikkala	Laatokan Karjala (LK)	Suomi	61.573994	29.330083	Sure	NEUTRAL	Notebook, general observations
keltavahvero (fi) — Cantharellus cibarius	keltavahvero (fi)		2024-08-23	Parikkala	Laatokan Karjala (LK)	Suomi	61.657936	29.590072	Sure	NEUTRAL	Notebook, general observations
keltavahvero (fi) — Cantharellus cibarius	keltavahvero (fi)		2024-08-23	Parikkala	Laatokan Karjala (LK)	Suomi	61.572805	29.332777	Sure	NEUTRAL	Notebook, general observations
keltavahvero (fi) — Cantharellus cibarius	keltavahvero (fi)		2024-08-23	Sipoo	Uusimaa (U)	Suomi	60.30521	25.34155		COMMUNITY_VERIFIED	iNaturalist Suomi Finland
keltavahvero (fi) — Cantharellus cibarius	keltavahvero (fi)		2024-08-22	Kitee	Pohjois-Karjala (PK)	Suomi	61.976502	30.092881	Sure	NEUTRAL	The Atlas of Finnish Fungi
keltavahvero (fi) — Cantharellus cibarius	keltavahvero (fi)	X	2024-08-22 [18:29-20:31]	Raasepori	Varsinais-Suomi (V)	Suomi	60.041482	23.709086	Sure	NEUTRAL	Noteworthy macrofungi - complete lists
keltavahvero (fi) — Cantharellus cibarius	keltavahvero (fi)		2024-08-21	Virolahti	Etelä-Karjala (EK)	Suomi	60.498336	27.634172	Sure	NEUTRAL	Notebook, general observations
keltavahvero (fi) — Cantharellus cibarius	keltavahvero (fi)		2024-08-21	Virolahti	Etelä-Karjala (EK)	Suomi	60.508693	27.612888	Sure	NEUTRAL	Notebook, general observations
keltavahvero (fi) — Cantharellus cibarius	keltavahvero (fi)		2024-08-21	Mustasaari	Etelä-Pohjanmaa (EP)	Suomi	63.030122	21.618458	Sure	NEUTRAL	The Atlas of Finnish Fungi
keltavahvero (fi) — Cantharellus cibarius	keltavahvero (fi)		2024-08-21	Hämeenlinna	Etelä-Häme (EH)	Suomi	61.03059	24.08679		COMMUNITY_VERIFIED	iNaturalist Suomi Finland
keltavahvero (fi) — Cantharellus cibarius	keltavahvero (fi)		2024-08-20	Kitee	Pohjois-Karjala (PK)	Suomi	61.92943	30.18955		COMMUNITY_VERIFIED	iNaturalist Suomi Finland
keltavahvero (fi) — Cantharellus cibarius	keltavahvero (fi)		2024-08-20	Mustasaari	Etelä-Pohjanmaa (EP)	Suomi	63.033089	21.620142	Sure	NEUTRAL	The Atlas of Finnish Fungi
keltavahvero (fi) — Cantharellus cibarius	keltavahvero (fi)		2024-08-19	Naantali	Varsinais-Suomi (V)	Suomi	60.47836	21.94403		COMMUNITY_VERIFIED	iNaturalist Suomi Finland
keltavahvero (fi) — Cantharellus cibarius	keltavahvero (fi)		2024-08-19	Tampere	Etelä-Häme (EH)	Suomi	61.49386	23.73732		COMMUNITY_VERIFIED	iNaturalist Suomi Finland
keltavahvero (fi) — Cantharellus cibarius	keltavahvero (fi)		2024-08-18 [13:21-16:28]	Salo	Varsinais-Suomi (V)	Suomi	60.398651	23.095319	Sure	NEUTRAL	The Atlas of Finnish Fungi
keltavahvero (fi) — Cantharellus cibarius	keltavahvero (fi)		2024-08-18	Pello	Perä-Pohjanmaa (PeP)	Suomi	66.77745	24.04166		COMMUNITY_VERIFIED	iNaturalist Suomi Finland
keltavahvero (fi) — Cantharellus cibarius	keltavahvero (fi)	X	2024-08-18 [10:08-11:46]	Hausjärvi	Etelä-Häme (EH)	Suomi	60.733816	24.866093	Sure	NEUTRAL	Noteworthy macrofungi - complete lists
keltavahvero (fi) — Cantharellus cibarius	keltavahvero (fi)		2024-08-18	Rääkkylä	Pohjois-Karjala (PK)	Suomi	62.3151	29.84145		COMMUNITY_VERIFIED	iNaturalist Suomi Finland
keltavahvero (fi) — Cantharellus cibarius	keltavahvero (fi)	X	2024-08-18 [14:41-14:47]	Sysmä	Etelä-Häme (EH)	Suomi	61.497026	25.666124	Sure	NEUTRAL	Noteworthy macrofungi - complete lists
keltavahvero (fi) — Cantharellus cibarius	keltavahvero (fi)	5	2024-08-18	Pihtipudas, Pyhäjärvi	Keski-Pohjanmaa (KP), Pohjois-Häme (PH)	Suomi	63.498778	25.49063		NEUTRAL	Notebook, general observations
keltavahvero (fi) — Cantharellus cibarius	keltavahvero (fi)		2024-08-17	Espoo	Uusimaa (U)	Suomi	60.256642	24.608121	Sure	NEUTRAL	The Atlas of Finnish Fungi
keltavahvero (fi) — Cantharellus cibarius	keltavahvero (fi)		2024-08-17	Rovaniemi	Perä-Pohjanmaa (PeP)	Suomi	66.403059	25.167646	Sure	NEUTRAL	Notebook, general observations
keltavahvero (fi) — Cantharellus cibarius	keltavahvero (fi)		2024-08-17	Leppävirta	Pohjois-Savo (PS)	Suomi	62.5	27.9		COMMUNITY_VERIFIED	iNaturalist Suomi Finland
keltavahvero (fi) — Cantharellus cibarius	keltavahvero (fi)		2024-08-17	Vaasa	Etelä-Pohjanmaa (EP)	Suomi	63.053764	21.600631	Sure	NEUTRAL	The Atlas of Finnish Fungi
keltavahvero (fi) — Cantharellus cibarius	keltavahvero (fi)		2024-08-17	Hattula, Hämeenlinna, Kangasala, Pälkäne, Valkeakoski	Etelä-Häme (EH)	Suomi	61.3	24.3		COMMUNITY_VERIFIED	iNaturalist Suomi Finland
keltavahvero (fi) — Cantharellus cibarius	keltavahvero (fi)		2024-08-17	Kalajoki	Keski-Pohjanmaa (KP)	Suomi	64.22057	23.73946		COMMUNITY_VERIFIED	iNaturalist Suomi Finland
keltavahvero (fi) — Cantharellus cibarius	keltavahvero (fi)	X	2024-08-17 [11:31-14:19]	Sysmä	Etelä-Häme (EH)	Suomi	61.533615	25.670302	Sure	NEUTRAL	Noteworthy macrofungi - complete lists
keltavahvero (fi) — Cantharellus cibarius	keltavahvero (fi)		2024-08-16	Kuhmoinen	Etelä-Häme (EH)	Suomi	61.64546	24.99739		COMMUNITY_VERIFIED	iNaturalist Suomi Finland
keltavahvero (fi) — Cantharellus cibarius	keltavahvero (fi)		2024-08-16 [10:31-12:54]	Imatra	Etelä-Savo (ES)	Suomi	61.205117	28.711568	Sure	NEUTRAL	The Atlas of Finnish Fungi
keltavahvero (fi) — Cantharellus cibarius	keltavahvero (fi)		2024-08-15	Pomarkku	Satakunta (St)	Suomi	61.709131	22.333955		NEUTRAL	Kastikka Floristic Archives (H)
keltavahvero (fi) — Cantharellus cibarius	keltavahvero (fi)		2024-08-15	Sastamala	Satakunta (St)	Suomi	61.31224	22.87908		COMMUNITY_VERIFIED	iNaturalist Suomi Finland
keltavahvero (fi) — Cantharellus cibarius	keltavahvero (fi)	X	2024-08-15 [13:59-19:25]	Tornio, Ylitornio	Perä-Pohjanmaa (PeP)	Suomi	66.168524	24.002248	Sure	NEUTRAL	Noteworthy macrofungi - complete lists
keltavahvero (fi) — Cantharellus cibarius	keltavahvero (fi)		2024-08-14	Lapinlahti	Pohjois-Savo (PS)	Suomi	63.36096	27.40231		COMMUNITY_VERIFIED	iNaturalist Suomi Finland
keltavahvero (fi) — Cantharellus cibarius	keltavahvero (fi)		2024-08-14	Sastamala	Satakunta (St)	Suomi	61.38957	22.98623		COMMUNITY_VERIFIED	iNaturalist Suomi Finland
keltavahvero (fi) — Cantharellus cibarius	keltavahvero (fi)	X	2024-08-14 [16:00-19:33]	Toivakka	Pohjois-Häme (PH)	Suomi	62.163555	26.262885	Sure	NEUTRAL	Noteworthy macrofungi - complete lists
keltavahvero (fi) — Cantharellus cibarius	keltavahvero (fi)		2024-08-13	Tampere	Etelä-Häme (EH)	Suomi	61.44687	23.82058		COMMUNITY_VERIFIED	iNaturalist Suomi Finland
keltavahvero (fi) — Cantharellus cibarius	keltavahvero (fi)		2024-08-13	Sastamala	Satakunta (St)	Suomi	61.5062	23.01339		COMMUNITY_VERIFIED	iNaturalist Suomi Finland
keltavahvero (fi) — Cantharellus cibarius	keltavahvero (fi)		2024-08-13	Hattula	Etelä-Häme (EH)	Suomi	61.04008	24.48625		COMMUNITY_VERIFIED	iNaturalist Suomi Finland
keltavahvero (fi) — Cantharellus cibarius	keltavahvero (fi)		2024-08-13	Sastamala	Satakunta (St)	Suomi	61.51343	23.00743		COMMUNITY_VERIFIED	iNaturalist Suomi Finland
keltavahvero (fi) — Cantharellus cibarius	keltavahvero (fi)		2024-08-13	Sastamala	Satakunta (St)	Suomi	61.51466	23.00922		COMMUNITY_VERIFIED	iNaturalist Suomi Finland
keltavahvero (fi) — Cantharellus cibarius	keltavahvero (fi)		2024-08-13	Turku	Varsinais-Suomi (V)	Suomi	60.43357	22.17539		COMMUNITY_VERIFIED	iNaturalist Suomi Finland
keltavahvero (fi) — Cantharellus cibarius	keltavahvero (fi)	X	2024-08-13 [17:26-18:15]	Raasepori	Varsinais-Suomi (V)	Suomi	60.042217	23.709728	Sure	NEUTRAL	Noteworthy macrofungi - complete lists
keltavahvero (fi) — Cantharellus cibarius	keltavahvero (fi)		2024-08-12	Järvenpää	Uusimaa (U)	Suomi	60.486	25.12681		COMMUNITY_VERIFIED	iNaturalist Suomi Finland
keltavahvero (fi) — Cantharellus cibarius	keltavahvero (fi)		2024-08-12	Närpiö	Etelä-Pohjanmaa (EP)	Suomi	62.50639	21.2103		COMMUNITY_VERIFIED	iNaturalist Suomi Finland
keltavahvero (fi) — Cantharellus cibarius	keltavahvero (fi)		2024-08-12	Sotkamo	Kainuu (Kn)	Suomi	64.34851	28.51002		COMMUNITY_VERIFIED	iNaturalist Suomi Finland
keltavahvero (fi) — Cantharellus cibarius	keltavahvero (fi)		2024-08-12	Savonlinna	Etelä-Savo (ES)	Suomi	61.785595	29.30854	Sure	NEUTRAL	The Atlas of Finnish Fungi
keltavahvero (fi) — Cantharellus cibarius	keltavahvero (fi)	useita	2024-08-12	Turku	Varsinais-Suomi (V)	Suomi	60.492384	22.278783	Sure	NEUTRAL	The Atlas of Finnish Fungi
keltavahvero (fi) — Cantharellus cibarius	keltavahvero (fi)	4	2024-08-12	Turku	Varsinais-Suomi (V)	Suomi	60.501531	22.280153	Sure	NEUTRAL	The Atlas of Finnish Fungi
keltavahvero (fi) — Cantharellus cibarius	keltavahvero (fi)		2024-08-11	Savonlinna	Pohjois-Savo (PS)	Suomi	62.18193	29.04726		COMMUNITY_VERIFIED	iNaturalist Suomi Finland
keltavahvero (fi) — Cantharellus cibarius	keltavahvero (fi)		2024-08-11	Turku	Varsinais-Suomi (V)	Suomi	60.4026	22.22717		COMMUNITY_VERIFIED	iNaturalist Suomi Finland
keltavahvero (fi) — Cantharellus cibarius	keltavahvero (fi)		2024-08-11	Kaarina	Varsinais-Suomi (V)	Suomi	60.39796	22.29412		COMMUNITY_VERIFIED	iNaturalist Suomi Finland
keltavahvero (fi) — Cantharellus cibarius	keltavahvero (fi)		2024-08-11	Siilinjärvi	Pohjois-Savo (PS)	Suomi	63.0697	27.64829		COMMUNITY_VERIFIED	iNaturalist Suomi Finland
keltavahvero (fi) — Cantharellus cibarius	keltavahvero (fi)	2	2024-08-11	Lappeenranta	Etelä-Savo (ES)	Suomi	60.947402	28.207743	Sure	NEUTRAL	Notebook, general observations
keltavahvero (fi) — Cantharellus cibarius	keltavahvero (fi)		2024-08-10	Eurajoki	Satakunta (St)	Suomi	61.23346	21.46171		COMMUNITY_VERIFIED	iNaturalist Suomi Finland
keltavahvero (fi) — Cantharellus cibarius	keltavahvero (fi)	>20	2024-08-10 [9:04-22:36]	Asikkala	Etelä-Häme (EH)	Suomi	61.169477	25.867215	Sure	NEUTRAL	Notebook, general observations
keltavahvero (fi) — Cantharellus cibarius	keltavahvero (fi)		2024-08-10 [9:04-22:36]	Asikkala	Etelä-Häme (EH)	Suomi	61.169563	25.865598	Sure	NEUTRAL	Notebook, general observations
keltavahvero (fi) — Cantharellus cibarius	keltavahvero (fi)		2024-08-10 [9:04-22:36]	Asikkala	Etelä-Häme (EH)	Suomi	61.169081	25.865023	Sure	NEUTRAL	Notebook, general observations
keltavahvero (fi) — Cantharellus cibarius	keltavahvero (fi)		2024-08-10 [9:04-22:36]	Asikkala	Etelä-Häme (EH)	Suomi	61.169254	25.865254	Sure	NEUTRAL	Notebook, general observations
keltavahvero (fi) — Cantharellus cibarius	keltavahvero (fi)		2024-08-10 [9:04-22:36]	Asikkala	Etelä-Häme (EH)	Suomi	61.168485	25.865516	Sure	NEUTRAL	Notebook, general observations
keltavahvero (fi) — Cantharellus cibarius	keltavahvero (fi)		2024-08-10	Raasepori	Uusimaa (U)	Suomi	60.02743	23.62457		COMMUNITY_VERIFIED	iNaturalist Suomi Finland
keltavahvero (fi) — Cantharellus cibarius	keltavahvero (fi)		2024-08-09	Joutsa	Etelä-Savo (ES)	Suomi	61.70327	26.23113		COMMUNITY_VERIFIED	iNaturalist Suomi Finland
keltavahvero (fi) — Cantharellus cibarius	keltavahvero (fi)	X	2024-08-09 [11:04-12:00]	Sysmä	Etelä-Häme (EH)	Suomi	61.538663	25.669308	Sure	NEUTRAL	Noteworthy macrofungi - complete lists
keltavahvero (fi) — Cantharellus cibarius	keltavahvero (fi)		2024-08-08	Myrskylä	Uusimaa (U)	Suomi	60.57165	25.81697		COMMUNITY_VERIFIED	iNaturalist Suomi Finland
keltavahvero (fi) — Cantharellus cibarius	keltavahvero (fi)		2024-08-08	Puumala	Etelä-Savo (ES)	Suomi	61.58003	28.61445		COMMUNITY_VERIFIED	iNaturalist Suomi Finland
keltavahvero (fi) — Cantharellus cibarius	keltavahvero (fi)		2024-08-08	Ruovesi	Etelä-Häme (EH)	Suomi	61.895548	24.424898		NEUTRAL	LajiGIS: Miscellaneous occurrences
keltavahvero (fi) — Cantharellus cibarius	keltavahvero (fi)		2024-08-08	Ruovesi	Etelä-Häme (EH)	Suomi	61.894479	24.423484		NEUTRAL	LajiGIS: Miscellaneous occurrences
keltavahvero (fi) — Cantharellus cibarius	keltavahvero (fi)		2024-08-08	Ruovesi	Etelä-Häme (EH)	Suomi	61.896775	24.425214		NEUTRAL	LajiGIS: Miscellaneous occurrences
keltavahvero (fi) — Cantharellus cibarius	keltavahvero (fi)		2024-08-08	Ruovesi	Etelä-Häme (EH)	Suomi	61.895865	24.427461		NEUTRAL	LajiGIS: Miscellaneous occurrences
keltavahvero (fi) — Cantharellus cibarius	keltavahvero (fi)		2024-08-07	Lohja	Varsinais-Suomi (V)	Suomi	60.29204	23.86648		COMMUNITY_VERIFIED	iNaturalist Suomi Finland
keltavahvero (fi) — Cantharellus cibarius	keltavahvero (fi)		2024-08-07	Ilomantsi	Pohjois-Karjala (PK)	Suomi	63.07804	30.81872		COMMUNITY_VERIFIED	iNaturalist Suomi Finland
keltavahvero (fi) — Cantharellus cibarius	keltavahvero (fi)		2024-08-07	Raasepori	Varsinais-Suomi (V)	Suomi	59.940861	22.940493		NEUTRAL	Fungal collection of the Botanical Museum, University of Oulu (OULU)
keltavahvero (fi) — Cantharellus cibarius	keltavahvero (fi)		2024-08-07	Lieto	Varsinais-Suomi (V)	Suomi	60.5026	22.46654		COMMUNITY_VERIFIED	iNaturalist Suomi Finland
keltavahvero (fi) — Cantharellus cibarius	keltavahvero (fi)	2	2024-08-07	Uusikaupunki	Varsinais-Suomi (V)	Suomi	60.792859	21.412498	Sure	NEUTRAL	The Atlas of Finnish Fungi
keltavahvero (fi) — Cantharellus cibarius	keltavahvero (fi)	Joitakin havaintoalueella havaintoviikon aikana	2024-08-06 - 2024-08-12	Espoo	Uusimaa (U)	Suomi	60.32649	24.659031	Sure	NEUTRAL	The Atlas of Finnish Fungi
keltavahvero (fi) — Cantharellus cibarius	keltavahvero (fi)		2024-08-06 [16:28-20:31]	Salo	Varsinais-Suomi (V)	Suomi	60.33649	23.201951	Sure	NEUTRAL	The Atlas of Finnish Fungi
keltavahvero (fi) — Cantharellus cibarius	keltavahvero (fi)		2024-08-05	Mustasaari	Etelä-Pohjanmaa (EP)	Suomi	63.033661	21.703006	Sure	NEUTRAL	The Atlas of Finnish Fungi
keltavahvero (fi) — Cantharellus cibarius	keltavahvero (fi)		2024-08-05	Kauniainen	Uusimaa (U)	Suomi	60.210473	24.685024	Sure	NEUTRAL	The Atlas of Finnish Fungi
keltavahvero (fi) — Cantharellus cibarius	keltavahvero (fi)		2024-08-05	Raasepori	Varsinais-Suomi (V)	Suomi	60.07233	23.66261		COMMUNITY_VERIFIED	iNaturalist Suomi Finland
keltavahvero (fi) — Cantharellus cibarius	keltavahvero (fi)		2024-08-04	Kuopio	Pohjois-Savo (PS)	Suomi	62.88433	27.61057		COMMUNITY_VERIFIED	iNaturalist Suomi Finland
keltavahvero (fi) — Cantharellus cibarius	keltavahvero (fi)		2024-08-04	Aura, Lieto, Loimaa, Pöytyä	Satakunta (St), Varsinais-Suomi (V)	Suomi	60.7	22.7		COMMUNITY_VERIFIED	iNaturalist Suomi Finland
keltavahvero (fi) — Cantharellus cibarius	keltavahvero (fi)		2024-08-04	Raahe	Keski-Pohjanmaa (KP)	Suomi	64.40546	25.25365		COMMUNITY_VERIFIED	iNaturalist Suomi Finland
keltavahvero (fi) — Cantharellus cibarius	keltavahvero (fi)		2024-08-04	Mustasaari	Etelä-Pohjanmaa (EP)	Suomi	63.10331	21.69056		COMMUNITY_VERIFIED	iNaturalist Suomi Finland
keltavahvero (fi) — Cantharellus cibarius	keltavahvero (fi)		2024-08-04	Joutsa	Etelä-Savo (ES)	Suomi	61.93619	26.13037		NEUTRAL	iNaturalist Suomi Finland
keltavahvero (fi) — Cantharellus cibarius	keltavahvero (fi)	X	2024-08-04 [13:08-13:52]	Inkoo, Raasepori	Uusimaa (U), Varsinais-Suomi (V)	Suomi	60.055086	23.675094	Sure	NEUTRAL	Noteworthy macrofungi - complete lists
keltavahvero (fi) — Cantharellus cibarius	keltavahvero (fi)		2024-08-03	Espoo, Helsinki	Uusimaa (U)	Suomi	60.1	24.9		COMMUNITY_VERIFIED	iNaturalist Suomi Finland
keltavahvero (fi) — Cantharellus cibarius	keltavahvero (fi)		2024-08-03	Padasjoki	Etelä-Häme (EH)	Suomi	61.42305	25.2824		COMMUNITY_VERIFIED	iNaturalist Suomi Finland
keltavahvero (fi) — Cantharellus cibarius	keltavahvero (fi)		2024-08-03	Padasjoki	Etelä-Häme (EH)	Suomi	61.42301	25.28241		COMMUNITY_VERIFIED	iNaturalist Suomi Finland
keltavahvero (fi) — Cantharellus cibarius	keltavahvero (fi)		2024-08-03	Vihti	Varsinais-Suomi (V)	Suomi	60.33398	24.52669		COMMUNITY_VERIFIED	iNaturalist Suomi Finland
keltavahvero (fi) — Cantharellus cibarius	keltavahvero (fi)		2024-08-02	Lappeenranta	Etelä-Savo (ES)	Suomi	61.101278	28.211044	Sure	NEUTRAL	Notebook, general observations
keltavahvero (fi) — Cantharellus cibarius	keltavahvero (fi)	>20	2024-08-02	Vaasa	Etelä-Pohjanmaa (EP)	Suomi	63.145448	21.550704	Sure	NEUTRAL	The Atlas of Finnish Fungi
keltavahvero (fi) — Cantharellus cibarius	keltavahvero (fi)		2024-08-02	Jyväskylä	Pohjois-Häme (PH)	Suomi	62.28954	25.54537		COMMUNITY_VERIFIED	iNaturalist Suomi Finland
keltavahvero (fi) — Cantharellus cibarius	keltavahvero (fi)		2024-08-02	Nurmes	Pohjois-Karjala (PK)	Suomi	63.80003	28.9036		COMMUNITY_VERIFIED	iNaturalist Suomi Finland
keltavahvero (fi) — Cantharellus cibarius	keltavahvero (fi)	>20	2024-08-02 [11:32-22:30]	Siuntio	Uusimaa (U)	Suomi	60.058036	24.290843	Sure	NEUTRAL	Notebook, general observations
keltavahvero (fi) — Cantharellus cibarius	keltavahvero (fi)		2024-08-01	Taipalsaari	Etelä-Savo (ES)	Suomi	61.195256	27.838301	Sure	NEUTRAL	Notebook, general observations
keltavahvero (fi) — Cantharellus cibarius	keltavahvero (fi)		2024-08-01	Vehmaa	Varsinais-Suomi (V)	Suomi	60.74542	21.75615		COMMUNITY_VERIFIED	iNaturalist Suomi Finland
keltavahvero (fi) — Cantharellus cibarius	keltavahvero (fi)		2024-08-01	Ähtäri	Pohjois-Häme (PH)	Suomi	62.55025	24.06941		COMMUNITY_VERIFIED	iNaturalist Suomi Finland
keltavahvero (fi) — Cantharellus cibarius	keltavahvero (fi)		2024-08-01	Kuhmo	Kainuu (Kn)	Suomi	64.29626	29.41334		COMMUNITY_VERIFIED	iNaturalist Suomi Finland
keltavahvero (fi) — Cantharellus cibarius	keltavahvero (fi)		2024-07-31	Porvoo	Uusimaa (U)	Suomi	60.277113	25.807565	Sure	NEUTRAL	The Atlas of Finnish Fungi
keltavahvero (fi) — Cantharellus cibarius	keltavahvero (fi)		2024-07-31	Veteli	Keski-Pohjanmaa (KP)	Suomi	63.49749	23.86595		COMMUNITY_VERIFIED	iNaturalist Suomi Finland
keltavahvero (fi) — Cantharellus cibarius	keltavahvero (fi)		2024-07-31	Veteli	Keski-Pohjanmaa (KP)	Suomi	63.49911	23.85266		COMMUNITY_VERIFIED	iNaturalist Suomi Finland
keltavahvero (fi) — Cantharellus cibarius	keltavahvero (fi)		2024-07-31	Kitee	Pohjois-Karjala (PK)	Suomi	61.921203	29.828852	Sure	NEUTRAL	The Atlas of Finnish Fungi
keltavahvero (fi) — Cantharellus cibarius	keltavahvero (fi)	Muutama	2024-07-31	Porvoo	Uusimaa (U)	Suomi	60.382879	25.653254	Sure	NEUTRAL	The Atlas of Finnish Fungi
keltavahvero (fi) — Cantharellus cibarius	keltavahvero (fi)		2024-07-30	Mustasaari, Uusikaarlepyy, Vöyri	Etelä-Pohjanmaa (EP), Keski-Pohjanmaa (KP)	Suomi	63.3	22.1		COMMUNITY_VERIFIED	iNaturalist Suomi Finland
keltavahvero (fi) — Cantharellus cibarius	keltavahvero (fi)		2024-07-30	Kitee	Pohjois-Karjala (PK)	Suomi	61.975794	29.721649	Sure	NEUTRAL	The Atlas of Finnish Fungi
keltavahvero (fi) — Cantharellus cibarius	keltavahvero (fi)		2024-07-29	Vihti	Varsinais-Suomi (V)	Suomi	60.32971	24.46152		COMMUNITY_VERIFIED	iNaturalist Suomi Finland
keltavahvero (fi) — Cantharellus cibarius	keltavahvero (fi)		2024-07-29	Veteli	Keski-Pohjanmaa (KP)	Suomi	63.49511	23.91004		COMMUNITY_VERIFIED	iNaturalist Suomi Finland
keltavahvero (fi) — Cantharellus cibarius	keltavahvero (fi)	6	2024-07-28 [15:00-18:00]	Tampere	Etelä-Häme (EH)	Suomi	61.508977	23.790123	Sure	NEUTRAL	Notebook, general observations
keltavahvero (fi) — Cantharellus cibarius	keltavahvero (fi)		2024-07-28	Lohja	Varsinais-Suomi (V)	Suomi	60.34079	24.05936		COMMUNITY_VERIFIED	iNaturalist Suomi Finland
keltavahvero (fi) — Cantharellus cibarius	keltavahvero (fi)		2024-07-28	Ilomantsi	Pohjois-Karjala (PK)	Suomi	62.592143	31.177901	Sure	NEUTRAL	The Atlas of Finnish Fungi
keltavahvero (fi) — Cantharellus cibarius	keltavahvero (fi)	yleinen	2024-07-27 - 2024-08-29	Loviisa	Uusimaa (U)	Suomi	60.517612	26.439743	Sure	NEUTRAL	The Atlas of Finnish Fungi
keltavahvero (fi) — Cantharellus cibarius	keltavahvero (fi)		2024-07-27	Espoo	Uusimaa (U)	Suomi	60.265213	24.645483	Sure	NEUTRAL	The Atlas of Finnish Fungi
keltavahvero (fi) — Cantharellus cibarius	keltavahvero (fi)	Kymmeniä	2024-07-27	Vihti	Varsinais-Suomi (V)	Suomi	60.338412	24.577618	Sure	NEUTRAL	The Atlas of Finnish Fungi
keltavahvero (fi) — Cantharellus cibarius	keltavahvero (fi)		2024-07-27	Helsinki	Uusimaa (U)	Suomi	60.18785	25.14253		COMMUNITY_VERIFIED	iNaturalist Suomi Finland
keltavahvero (fi) — Cantharellus cibarius	keltavahvero (fi)		2024-07-27	Hyvinkää	Uusimaa (U)	Suomi	60.63014	24.76314		COMMUNITY_VERIFIED	iNaturalist Suomi Finland
keltavahvero (fi) — Cantharellus cibarius	keltavahvero (fi)		2024-07-27	Helsinki	Uusimaa (U)	Suomi	60.24993	24.89602		COMMUNITY_VERIFIED	iNaturalist Suomi Finland
keltavahvero (fi) — Cantharellus cibarius	keltavahvero (fi)	X	2024-07-27 [14:01-15:40]	Tampere	Etelä-Häme (EH)	Suomi	61.467195	23.813893	Sure	NEUTRAL	Noteworthy macrofungi - complete lists
keltavahvero (fi) — Cantharellus cibarius	keltavahvero (fi)		2024-07-27	Vaasa	Etelä-Pohjanmaa (EP)	Suomi	63.050986	21.600361	Sure	NEUTRAL	The Atlas of Finnish Fungi
keltavahvero (fi) — Cantharellus cibarius	keltavahvero (fi)		2024-07-27 [14:09-20:20]	Tammela	Etelä-Häme (EH)	Suomi	60.661902	23.860436	Sure	NEUTRAL	Notebook, general observations
keltavahvero (fi) — Cantharellus cibarius	keltavahvero (fi)		2024-07-26	Valkeakoski	Etelä-Häme (EH)	Suomi	61.25481	24.0659		COMMUNITY_VERIFIED	iNaturalist Suomi Finland
keltavahvero (fi) — Cantharellus cibarius	keltavahvero (fi)		2024-07-26	Mustasaari	Etelä-Pohjanmaa (EP)	Suomi	63.15818	21.64436		COMMUNITY_VERIFIED	iNaturalist Suomi Finland
keltavahvero (fi) — Cantharellus cibarius	keltavahvero (fi)		2024-07-26	Sauvo	Varsinais-Suomi (V)	Suomi	60.25967	22.78402		COMMUNITY_VERIFIED	iNaturalist Suomi Finland
keltavahvero (fi) — Cantharellus cibarius	keltavahvero (fi)		2024-07-25	Laitila	Varsinais-Suomi (V)	Suomi	60.87252	21.71099		COMMUNITY_VERIFIED	iNaturalist Suomi Finland
keltavahvero (fi) — Cantharellus cibarius	keltavahvero (fi)		2024-07-25	Pori	Satakunta (St)	Suomi	61.57838	21.52739		COMMUNITY_VERIFIED	iNaturalist Suomi Finland
keltavahvero (fi) — Cantharellus cibarius	keltavahvero (fi)		2024-07-25	Närpiö	Etelä-Pohjanmaa (EP)	Suomi	62.50639	21.2103		COMMUNITY_VERIFIED	iNaturalist Suomi Finland
keltavahvero (fi) — Cantharellus cibarius	keltavahvero (fi)		2024-07-25	Lapinlahti	Pohjois-Savo (PS)	Suomi	63.36521	27.77996		COMMUNITY_VERIFIED	iNaturalist Suomi Finland
keltavahvero (fi) — Cantharellus cibarius	keltavahvero (fi)		2024-07-25	Posio	Koillismaa (Ks)	Suomi	66.366774	27.652268	Sure	NEUTRAL	The Atlas of Finnish Fungi
keltavahvero (fi) — Cantharellus cibarius	keltavahvero (fi)		2024-07-24	Parikkala	Laatokan Karjala (LK)	Suomi	61.667326	29.734518	Sure	NEUTRAL	Notebook, general observations
keltavahvero (fi) — Cantharellus cibarius	keltavahvero (fi)		2024-07-24	Kangasniemi	Etelä-Savo (ES)	Suomi	62.01695	26.66246		COMMUNITY_VERIFIED	iNaturalist Suomi Finland
keltavahvero (fi) — Cantharellus cibarius	keltavahvero (fi)		2024-07-24	Mäntyharju	Etelä-Savo (ES)	Suomi	61.31925	26.7986		NEUTRAL	iNaturalist Suomi Finland
keltavahvero (fi) — Cantharellus cibarius	keltavahvero (fi)	Parikymmentä.	2024-07-23	Jyväskylä	Pohjois-Häme (PH)	Suomi	62.278175	25.695036	Sure	NEUTRAL	The Atlas of Finnish Fungi
keltavahvero (fi) — Cantharellus cibarius	keltavahvero (fi)		2024-07-23	Pirkkala	Etelä-Häme (EH)	Suomi	61.45252	23.67058		COMMUNITY_VERIFIED	iNaturalist Suomi Finland
keltavahvero (fi) — Cantharellus cibarius	keltavahvero (fi)		2024-07-23	Järvenpää	Uusimaa (U)	Suomi	60.47892	25.11044		COMMUNITY_VERIFIED	iNaturalist Suomi Finland
keltavahvero (fi) — Cantharellus cibarius	keltavahvero (fi)		2024-07-22	Naantali	Varsinais-Suomi (V)	Suomi	60.45801	22.01967		COMMUNITY_VERIFIED	iNaturalist Suomi Finland
keltavahvero (fi) — Cantharellus cibarius	keltavahvero (fi)		2024-07-22	Savitaipale	Etelä-Savo (ES)	Suomi	61.04856	27.60085		COMMUNITY_VERIFIED	iNaturalist Suomi Finland
keltavahvero (fi) — Cantharellus cibarius	keltavahvero (fi)		2024-07-21	Imatra	Etelä-Savo (ES)	Suomi	61.21767	28.76395		COMMUNITY_VERIFIED	iNaturalist Suomi Finland
keltavahvero (fi) — Cantharellus cibarius	keltavahvero (fi)	2	2024-07-21	Jyväskylä	Pohjois-Häme (PH)	Suomi	62.286697	25.693814	Sure	NEUTRAL	The Atlas of Finnish Fungi
keltavahvero (fi) — Cantharellus cibarius	keltavahvero (fi)	Muutamia.	2024-07-21	Jyväskylä	Pohjois-Häme (PH)	Suomi	62.284223	25.666232	Sure	NEUTRAL	The Atlas of Finnish Fungi
keltavahvero (fi) — Cantharellus cibarius	keltavahvero (fi)		2024-07-21	Maalahti	Etelä-Pohjanmaa (EP)	Suomi	62.938856	21.61045	Sure	NEUTRAL	The Atlas of Finnish Fungi
keltavahvero (fi) — Cantharellus cibarius	keltavahvero (fi)		2024-07-21	Espoo	Uusimaa (U)	Suomi	60.15318	24.73747		COMMUNITY_VERIFIED	iNaturalist Suomi Finland
keltavahvero (fi) — Cantharellus cibarius	keltavahvero (fi)		2024-07-21	Mikkeli	Etelä-Savo (ES)	Suomi	61.7	27.3		COMMUNITY_VERIFIED	iNaturalist Suomi Finland
keltavahvero (fi) — Cantharellus cibarius	keltavahvero (fi)		2024-07-21	Helsinki	Uusimaa (U)	Suomi	60.19879	25.18174		COMMUNITY_VERIFIED	iNaturalist Suomi Finland
keltavahvero (fi) — Cantharellus cibarius	keltavahvero (fi)		2024-07-21	Porvoo	Uusimaa (U)	Suomi	60.16846	25.42803		COMMUNITY_VERIFIED	iNaturalist Suomi Finland
keltavahvero (fi) — Cantharellus cibarius	keltavahvero (fi)		2024-07-21	Orimattila	Uusimaa (U)	Suomi	60.85816	25.66874		COMMUNITY_VERIFIED	iNaturalist Suomi Finland
keltavahvero (fi) — Cantharellus cibarius	keltavahvero (fi)		2024-07-21	Kaarina	Varsinais-Suomi (V)	Suomi	60.47525	22.3413		COMMUNITY_VERIFIED	iNaturalist Suomi Finland
keltavahvero (fi) — Cantharellus cibarius	keltavahvero (fi)		2024-07-20	Somero	Etelä-Häme (EH)	Suomi	60.62851	23.84944		COMMUNITY_VERIFIED	iNaturalist Suomi Finland
keltavahvero (fi) — Cantharellus cibarius	keltavahvero (fi)	3	2024-07-20	Jyväskylä	Pohjois-Häme (PH)	Suomi	62.303195	25.640275	Sure	NEUTRAL	The Atlas of Finnish Fungi
keltavahvero (fi) — Cantharellus cibarius	keltavahvero (fi)	Muutama	2024-07-20	Jyväskylä	Pohjois-Häme (PH)	Suomi	62.312023	25.623545	Sure	NEUTRAL	The Atlas of Finnish Fungi
keltavahvero (fi) — Cantharellus cibarius	keltavahvero (fi)		2024-07-20	Kemiönsaari	Varsinais-Suomi (V)	Suomi	60.06379	22.75367		COMMUNITY_VERIFIED	iNaturalist Suomi Finland
keltavahvero (fi) — Cantharellus cibarius	keltavahvero (fi)		2024-07-20	Tuusula	Uusimaa (U)	Suomi	60.42818	25.07632		COMMUNITY_VERIFIED	iNaturalist Suomi Finland
keltavahvero (fi) — Cantharellus cibarius	keltavahvero (fi)		2024-07-20	Aura, Lieto, Loimaa, Pöytyä	Satakunta (St), Varsinais-Suomi (V)	Suomi	60.7	22.7		COMMUNITY_VERIFIED	iNaturalist Suomi Finland
keltavahvero (fi) — Cantharellus cibarius	keltavahvero (fi)		2024-07-20	Kaarina, Lieto, Masku, Nousiainen, Raisio, Rusko, Turku	Varsinais-Suomi (V)	Suomi	60.5	22.3		COMMUNITY_VERIFIED	iNaturalist Suomi Finland
keltavahvero (fi) — Cantharellus cibarius	keltavahvero (fi)		2024-07-20	Kaarina, Lieto, Masku, Nousiainen, Raisio, Rusko, Turku	Varsinais-Suomi (V)	Suomi	60.5	22.3		COMMUNITY_VERIFIED	iNaturalist Suomi Finland
keltavahvero (fi) — Cantharellus cibarius	keltavahvero (fi)		2024-07-20	Kangasala	Etelä-Häme (EH)	Suomi	61.51192	24.03685		COMMUNITY_VERIFIED	iNaturalist Suomi Finland
keltavahvero (fi) — Cantharellus cibarius	keltavahvero (fi)		2024-07-20	Mikkeli	Etelä-Savo (ES)	Suomi	61.45062	27.14272		COMMUNITY_VERIFIED	iNaturalist Suomi Finland
keltavahvero (fi) — Cantharellus cibarius	keltavahvero (fi)		2024-07-20	Mikkeli	Etelä-Savo (ES)	Suomi	61.45068	27.14267		COMMUNITY_VERIFIED	iNaturalist Suomi Finland
keltavahvero (fi) — Cantharellus cibarius	keltavahvero (fi)		2024-07-19	Kitee	Pohjois-Karjala (PK)	Suomi	61.9	30.3		COMMUNITY_VERIFIED	iNaturalist Suomi Finland
keltavahvero (fi) — Cantharellus cibarius	keltavahvero (fi)		2024-07-19	Kaarina, Parainen, Turku	Varsinais-Suomi (V)	Suomi	60.3	22.3		COMMUNITY_VERIFIED	iNaturalist Suomi Finland
keltavahvero (fi) — Cantharellus cibarius	keltavahvero (fi)		2024-07-19	Kontiolahti	Pohjois-Karjala (PK)	Suomi	62.68338	30.08083		COMMUNITY_VERIFIED	iNaturalist Suomi Finland
keltavahvero (fi) — Cantharellus cibarius	keltavahvero (fi)	X	2024-07-19 [13:09-14:00]	Espoo	Uusimaa (U)	Suomi	60.213909	24.594201	Sure	NEUTRAL	Noteworthy macrofungi - complete lists
keltavahvero (fi) — Cantharellus cibarius	keltavahvero (fi)		2024-07-18	Vaasa	Etelä-Pohjanmaa (EP)	Suomi	63.040875	21.5965	Sure	NEUTRAL	The Atlas of Finnish Fungi
keltavahvero (fi) — Cantharellus cibarius	keltavahvero (fi)		2024-07-18	Mustasaari	Etelä-Pohjanmaa (EP)	Suomi	63.23126	21.40113		COMMUNITY_VERIFIED	iNaturalist Suomi Finland
keltavahvero (fi) — Cantharellus cibarius	keltavahvero (fi)		2024-07-18	Masku, Mynämäki, Naantali	Varsinais-Suomi (V)	Suomi	60.5	21.9		COMMUNITY_VERIFIED	iNaturalist Suomi Finland
keltavahvero (fi) — Cantharellus cibarius	keltavahvero (fi)		2024-07-16	Raasepori, Salo	Uusimaa (U), Varsinais-Suomi (V)	Suomi	60.1	23.5		COMMUNITY_VERIFIED	iNaturalist Suomi Finland
keltavahvero (fi) — Cantharellus cibarius	keltavahvero (fi)		2024-07-16	Helsinki	Uusimaa (U)	Suomi	60.16783	25.0251		COMMUNITY_VERIFIED	iNaturalist Suomi Finland
keltavahvero (fi) — Cantharellus cibarius	keltavahvero (fi)		2024-07-16	Ylöjärvi	Etelä-Häme (EH)	Suomi	62.11418	23.36429		COMMUNITY_VERIFIED	iNaturalist Suomi Finland
keltavahvero (fi) — Cantharellus cibarius	keltavahvero (fi)		2024-07-16 [12:45]	Parainen	Varsinais-Suomi (V)	Suomi	60.248805	22.225937	Sure	NEUTRAL	The Atlas of Finnish Fungi
keltavahvero (fi) — Cantharellus cibarius	keltavahvero (fi)		2024-07-16 [15:19-15:19]	Salo	Varsinais-Suomi (V)	Suomi	60.355326	23.564268	Sure	NEUTRAL	The Atlas of Finnish Fungi
keltavahvero (fi) — Cantharellus cibarius	keltavahvero (fi)		2024-07-15	Kemiönsaari	Varsinais-Suomi (V)	Suomi	59.9	22.5		COMMUNITY_VERIFIED	iNaturalist Suomi Finland
keltavahvero (fi) — Cantharellus cibarius	keltavahvero (fi)		2024-07-15	Mikkeli	Etelä-Savo (ES)	Suomi	61.7	27.3		COMMUNITY_VERIFIED	iNaturalist Suomi Finland
keltavahvero (fi) — Cantharellus cibarius	keltavahvero (fi)		2024-07-15	Karstula	Pohjois-Häme (PH)	Suomi	62.89887	25.1672		COMMUNITY_VERIFIED	iNaturalist Suomi Finland
keltavahvero (fi) — Cantharellus cibarius	keltavahvero (fi)		2024-07-15	Kauniainen	Uusimaa (U)	Suomi	60.211246	24.679969	Sure	NEUTRAL	The Atlas of Finnish Fungi
keltavahvero (fi) — Cantharellus cibarius	keltavahvero (fi)		2024-07-15	Vaasa	Etelä-Pohjanmaa (EP)	Suomi	63.042022	21.593711	Sure	NEUTRAL	The Atlas of Finnish Fungi
keltavahvero (fi) — Cantharellus cibarius	keltavahvero (fi)		2024-07-14	Vantaa	Uusimaa (U)	Suomi	60.3102	25.14211		COMMUNITY_VERIFIED	iNaturalist Suomi Finland
keltavahvero (fi) — Cantharellus cibarius	keltavahvero (fi)		2024-07-14	Vantaa	Uusimaa (U)	Suomi	60.31298	25.1449		COMMUNITY_VERIFIED	iNaturalist Suomi Finland
keltavahvero (fi) — Cantharellus cibarius	keltavahvero (fi)		2024-07-14	Koski Tl	Varsinais-Suomi (V)	Suomi	60.74829	23.16763		COMMUNITY_VERIFIED	iNaturalist Suomi Finland
keltavahvero (fi) — Cantharellus cibarius	keltavahvero (fi)		2024-07-14	Savonlinna	Etelä-Savo (ES)	Suomi	61.650354	29.134257		NEUTRAL	Kastikka Floristic Archives (H)
keltavahvero (fi) — Cantharellus cibarius	keltavahvero (fi)		2024-07-14	Tampere	Etelä-Häme (EH)	Suomi	61.44614	23.8223		COMMUNITY_VERIFIED	iNaturalist Suomi Finland
keltavahvero (fi) — Cantharellus cibarius	keltavahvero (fi)		2024-07-14	Ruokolahti	Etelä-Savo (ES)	Suomi	61.47773	28.80797		COMMUNITY_VERIFIED	iNaturalist Suomi Finland
keltavahvero (fi) — Cantharellus cibarius	keltavahvero (fi)	1	2024-07-14	Asikkala	Etelä-Häme (EH)	Suomi	61.169459	25.867302	Sure	NEUTRAL	Notebook, general observations
keltavahvero (fi) — Cantharellus cibarius	keltavahvero (fi)		2024-07-13	Helsinki	Uusimaa (U)	Suomi	60.24757	25.16906		COMMUNITY_VERIFIED	iNaturalist Suomi Finland
keltavahvero (fi) — Cantharellus cibarius	keltavahvero (fi)		2024-07-13	Savonlinna	Etelä-Savo (ES)	Suomi	61.909559	29.574987		NEUTRAL	Kastikka Floristic Archives (H)
keltavahvero (fi) — Cantharellus cibarius	keltavahvero (fi)		2024-07-13	Savonlinna	Etelä-Savo (ES)	Suomi	61.79785	29.32404		COMMUNITY_VERIFIED	iNaturalist Suomi Finland
keltavahvero (fi) — Cantharellus cibarius	keltavahvero (fi)		2024-07-13	Hollola	Etelä-Häme (EH)	Suomi	61.002213	25.223606	Sure	NEUTRAL	The Atlas of Finnish Fungi
keltavahvero (fi) — Cantharellus cibarius	keltavahvero (fi)		2024-07-13	Vihti	Varsinais-Suomi (V)	Suomi	60.542128	24.555474	Sure	NEUTRAL	The Atlas of Finnish Fungi
keltavahvero (fi) — Cantharellus cibarius	keltavahvero (fi)		2024-07-12	Turku	Varsinais-Suomi (V)	Suomi	60.4816	22.30545		COMMUNITY_VERIFIED	iNaturalist Suomi Finland
keltavahvero (fi) — Cantharellus cibarius	keltavahvero (fi)		2024-07-12	Muurame	Etelä-Häme (EH)	Suomi	62.10338	25.7288		COMMUNITY_VERIFIED	iNaturalist Suomi Finland
keltavahvero (fi) — Cantharellus cibarius	keltavahvero (fi)		2024-07-12	Lahti	Etelä-Häme (EH)	Suomi	60.939597	25.760998	Sure	NEUTRAL	The Atlas of Finnish Fungi
keltavahvero (fi) — Cantharellus cibarius	keltavahvero (fi)	5	2024-07-11 [17:00-18:00]	Eurajoki	Satakunta (St)	Suomi	61.275596	21.524592	Sure	NEUTRAL	Notebook, general observations
keltavahvero (fi) — Cantharellus cibarius	keltavahvero (fi)		2024-07-09	Vieremä	Pohjois-Savo (PS)	Suomi	63.65662	27.05154		COMMUNITY_VERIFIED	iNaturalist Suomi Finland
keltavahvero (fi) — Cantharellus cibarius	keltavahvero (fi)		2024-07-08	Helsinki, Porvoo, Sipoo	Uusimaa (U)	Suomi	60.3	25.3		COMMUNITY_VERIFIED	iNaturalist Suomi Finland
keltavahvero (fi) — Cantharellus cibarius	keltavahvero (fi)		2024-07-08 [17:20-17:21]	Salo	Varsinais-Suomi (V)	Suomi	60.334209	23.216044	Sure	NEUTRAL	The Atlas of Finnish Fungi
keltavahvero (fi) — Cantharellus cibarius	keltavahvero (fi)		2024-07-08 [10:48]	Salo	Varsinais-Suomi (V)	Suomi	60.355807	23.672989	Sure	NEUTRAL	Notebook, general observations
keltavahvero (fi) — Cantharellus cibarius	keltavahvero (fi)		2024-07-07	Juva, Mikkeli	Etelä-Savo (ES)	Suomi	61.7	27.5		COMMUNITY_VERIFIED	iNaturalist Suomi Finland
keltavahvero (fi) — Cantharellus cibarius	keltavahvero (fi)		2024-07-07	Vaasa	Etelä-Pohjanmaa (EP)	Suomi	63.10668	21.76157		COMMUNITY_VERIFIED	iNaturalist Suomi Finland
keltavahvero (fi) — Cantharellus cibarius	keltavahvero (fi)		2024-07-07	Kaarina	Varsinais-Suomi (V)	Suomi	60.40202	22.31046		COMMUNITY_VERIFIED	iNaturalist Suomi Finland
keltavahvero (fi) — Cantharellus cibarius	keltavahvero (fi)		2024-07-06	Helsinki	Uusimaa (U)	Suomi	60.23155	25.16075		COMMUNITY_VERIFIED	iNaturalist Suomi Finland
keltavahvero (fi) — Cantharellus cibarius	keltavahvero (fi)		2024-07-06	Tuusniemi	Pohjois-Savo (PS)	Suomi	62.86392	28.57466		COMMUNITY_VERIFIED	iNaturalist Suomi Finland
keltavahvero (fi) — Cantharellus cibarius	keltavahvero (fi)		2024-07-05	Salo	Varsinais-Suomi (V)	Suomi	60.35961	23.68787		COMMUNITY_VERIFIED	iNaturalist Suomi Finland
keltavahvero (fi) — Cantharellus cibarius	keltavahvero (fi)		2024-07-05	Paimio	Varsinais-Suomi (V)	Suomi	60.46246	22.74003		COMMUNITY_VERIFIED	iNaturalist Suomi Finland
keltavahvero (fi) — Cantharellus cibarius	keltavahvero (fi)		2024-07-05	Kangasala	Etelä-Häme (EH)	Suomi	61.45873	24.13111		COMMUNITY_VERIFIED	iNaturalist Suomi Finland
keltavahvero (fi) — Cantharellus cibarius	keltavahvero (fi)	4 itiöemää	2024-07-05 [10:02-10:50]	Kirkkonummi	Uusimaa (U)	Suomi	60.161721	24.393648	Sure	NEUTRAL	Notebook, general observations
keltavahvero (fi) — Cantharellus cibarius	keltavahvero (fi)		2024-07-04	Mikkeli	Etelä-Savo (ES)	Suomi	61.7	27.3		COMMUNITY_VERIFIED	iNaturalist Suomi Finland
keltavahvero (fi) — Cantharellus cibarius	keltavahvero (fi)		2024-07-04	Kangasniemi, Mikkeli	Etelä-Savo (ES), Pohjois-Savo (PS)	Suomi	61.9	27.1		COMMUNITY_VERIFIED	iNaturalist Suomi Finland
keltavahvero (fi) — Cantharellus cibarius	keltavahvero (fi)		2024-07-04	Kontiolahti	Pohjois-Karjala (PK)	Suomi	62.85434	29.78464		COMMUNITY_VERIFIED	iNaturalist Suomi Finland
keltavahvero (fi) — Cantharellus cibarius	keltavahvero (fi)		2024-07-04	Kontiolahti	Pohjois-Karjala (PK)	Suomi	62.72807	29.63413		COMMUNITY_VERIFIED	iNaturalist Suomi Finland
keltavahvero (fi) — Cantharellus cibarius	keltavahvero (fi)		2024-07-01	Eurajoki	Satakunta (St)	Suomi	61.18203	21.67183		COMMUNITY_VERIFIED	iNaturalist Suomi Finland
keltavahvero (fi) — Cantharellus cibarius	keltavahvero (fi)		2024-07-01 [16:41-17:09]	Salo	Varsinais-Suomi (V)	Suomi	60.374598	23.194434	Sure	NEUTRAL	The Atlas of Finnish Fungi
keltavahvero (fi) — Cantharellus cibarius	keltavahvero (fi)		2024-06-30	Kemiönsaari, Paimio, Salo, Sauvo	Varsinais-Suomi (V)	Suomi	60.3	22.9		COMMUNITY_VERIFIED	iNaturalist Suomi Finland
keltavahvero (fi) — Cantharellus cibarius	keltavahvero (fi)		2024-06-29	Kaarina	Varsinais-Suomi (V)	Suomi	60.40264	22.30802		COMMUNITY_VERIFIED	iNaturalist Suomi Finland
keltavahvero (fi) — Cantharellus cibarius	keltavahvero (fi)		2024-06-29	Kauniainen	Uusimaa (U)	Suomi	60.212966	24.682636	Sure	NEUTRAL	The Atlas of Finnish Fungi
keltavahvero (fi) — Cantharellus cibarius	keltavahvero (fi)	>20	2024-06-28 [10:40-12:10]	Espoo	Uusimaa (U)	Suomi	60.181042	24.648071	Sure	NEUTRAL	Notebook, general observations
keltavahvero (fi) — Cantharellus cibarius	keltavahvero (fi)		2024-06-25	Kuhmoinen	Etelä-Häme (EH)	Suomi	61.64715	25.0024		COMMUNITY_VERIFIED	iNaturalist Suomi Finland
keltavahvero (fi) — Cantharellus cibarius	keltavahvero (fi)		2024-06-24	Kirkkonummi	Uusimaa (U)	Suomi	60.0594	24.56686		NEUTRAL	iNaturalist Suomi Finland
keltavahvero (fi) — Cantharellus cibarius	keltavahvero (fi)		2024-06-23	Vehmaa	Varsinais-Suomi (V)	Suomi	60.67806	21.75328		COMMUNITY_VERIFIED	iNaturalist Suomi Finland
keltavahvero (fi) — Cantharellus cibarius	keltavahvero (fi)		2024-06-21	Savonlinna	Etelä-Savo (ES)	Suomi	61.80914	29.52724		COMMUNITY_VERIFIED	iNaturalist Suomi Finland
keltavahvero (fi) — Cantharellus cibarius	keltavahvero (fi)		2024-06-20	Inkoo	Uusimaa (U)	Suomi	60.06156	24.24702		COMMUNITY_VERIFIED	iNaturalist Suomi Finland
keltavahvero (fi) — Cantharellus cibarius	keltavahvero (fi)		2024-06-19	Kouvola	Etelä-Häme (EH)	Suomi	60.90911	26.603		COMMUNITY_VERIFIED	iNaturalist Suomi Finland
keltavahvero (fi) — Cantharellus cibarius	keltavahvero (fi)		2024-06-15	Tampere	Etelä-Häme (EH)	Suomi	61.4462	23.74636		COMMUNITY_VERIFIED	iNaturalist Suomi Finland
keltavahvero (fi) — Cantharellus cibarius	keltavahvero (fi)		2024-06-13	Salo	Varsinais-Suomi (V)	Suomi	60.1767	23.277		COMMUNITY_VERIFIED	iNaturalist Suomi Finland
keltavahvero (fi) — Cantharellus cibarius	keltavahvero (fi)		2024-06-12	Helsinki	Uusimaa (U)	Suomi	60.25113	24.87116		COMMUNITY_VERIFIED	iNaturalist Suomi Finland
keltavahvero (fi) — Cantharellus cibarius	keltavahvero (fi)	6	2024-06-09	Turku	Varsinais-Suomi (V)	Suomi	60.430768	22.282831	Sure	NEUTRAL	The Atlas of Finnish Fungi
keltavahvero (fi) — Cantharellus cibarius	keltavahvero (fi)	1	2023-11-05	Vantaa	Uusimaa (U)	Suomi	60.286148	25.08853	Sure	NEUTRAL	The Atlas of Finnish Fungi
keltavahvero (fi) — Cantharellus cibarius	keltavahvero (fi)		2023-10-24	Kontiolahti	Pohjois-Karjala (PK)	Suomi	63.033979	29.857599	Sure	NEUTRAL	Notebook, general observations
keltavahvero (fi) — Cantharellus cibarius	keltavahvero (fi)	1	2023-10-24	Espoo	Uusimaa (U)	Suomi	60.29426	24.575686	Sure	NEUTRAL	Notebook, general observations
keltavahvero (fi) — Cantharellus cibarius	keltavahvero (fi)	1	2023-10-23	Sipoo	Uusimaa (U)	Suomi	60.283333	25.194759	Sure	COMMUNITY_VERIFIED	The Atlas of Finnish Fungi
keltavahvero (fi) — Cantharellus cibarius	keltavahvero (fi)		2023-10-21	Espoo	Uusimaa (U)	Suomi	60.22609	24.65025		COMMUNITY_VERIFIED	iNaturalist Suomi Finland
keltavahvero (fi) — Cantharellus cibarius	keltavahvero (fi)		2023-10-20	Ylöjärvi	Etelä-Häme (EH)	Suomi	61.561	23.516	Sure	NEUTRAL	The Atlas of Finnish Fungi
keltavahvero (fi) — Cantharellus cibarius	keltavahvero (fi)		2023-10-20	Sysmä	Etelä-Häme (EH)	Suomi	61.36751	25.94703		COMMUNITY_VERIFIED	iNaturalist Suomi Finland
keltavahvero (fi) — Cantharellus cibarius	keltavahvero (fi)		2023-10-19	Sysmä	Etelä-Häme (EH)	Suomi	61.3644	25.94645		COMMUNITY_VERIFIED	iNaturalist Suomi Finland
keltavahvero (fi) — Cantharellus cibarius	keltavahvero (fi)		2023-10-18	Hausjärvi, Hämeenlinna, Janakkala, Riihimäki	Etelä-Häme (EH)	Suomi	60.9	24.7		COMMUNITY_VERIFIED	iNaturalist Suomi Finland
keltavahvero (fi) — Cantharellus cibarius	keltavahvero (fi)		2023-10-18	Helsinki	Uusimaa (U)	Suomi	60.21005	25.05147		COMMUNITY_VERIFIED	iNaturalist Suomi Finland
keltavahvero (fi) — Cantharellus cibarius	keltavahvero (fi)		2023-10-16	Eura	Satakunta (St)	Suomi	61.07363	22.06072		COMMUNITY_VERIFIED	iNaturalist Suomi Finland
keltavahvero (fi) — Cantharellus cibarius	keltavahvero (fi)		2023-10-14 - 2023-10-16	Vihti	Varsinais-Suomi (V)	Suomi	60.544374	24.553559	Sure	NEUTRAL	The Atlas of Finnish Fungi
keltavahvero (fi) — Cantharellus cibarius	keltavahvero (fi)		2023-10-14	Ruovesi	Etelä-Häme (EH)	Suomi	62.05397	23.83098		COMMUNITY_VERIFIED	iNaturalist Suomi Finland
keltavahvero (fi) — Cantharellus cibarius	keltavahvero (fi)		2023-10-14	Kemiönsaari	Varsinais-Suomi (V)	Suomi	60.02064	22.50499		COMMUNITY_VERIFIED	iNaturalist Suomi Finland
keltavahvero (fi) — Cantharellus cibarius	keltavahvero (fi)		2023-10-13	Turku	Varsinais-Suomi (V)	Suomi	60.460494	22.315903	Sure	NEUTRAL	The Atlas of Finnish Fungi
keltavahvero (fi) — Cantharellus cibarius	keltavahvero (fi)		2023-10-13 [16:07-17:28]	Salo	Varsinais-Suomi (V)	Suomi	60.383587	23.166816	Sure	NEUTRAL	The Atlas of Finnish Fungi
keltavahvero (fi) — Cantharellus cibarius	keltavahvero (fi)		2023-10-13 [16:16]	Espoo	Uusimaa (U)	Suomi	60.182316	24.695003	Sure	NEUTRAL	Notebook, general observations
keltavahvero (fi) — Cantharellus cibarius	keltavahvero (fi)		2023-10-12	Turku	Varsinais-Suomi (V)	Suomi	60.458639	22.311611	Sure	NEUTRAL	The Atlas of Finnish Fungi
keltavahvero (fi) — Cantharellus cibarius	keltavahvero (fi)		2023-10-12	Salo	Varsinais-Suomi (V)	Suomi	60.07563	22.85927		COMMUNITY_VERIFIED	iNaturalist Suomi Finland
keltavahvero (fi) — Cantharellus cibarius	keltavahvero (fi)		2023-10-10	Paltamo	Kainuu (Kn)	Suomi	64.350529	28.002009		NEUTRAL	LajiGIS: Species mapping and surveys
keltavahvero (fi) — Cantharellus cibarius	keltavahvero (fi)	>50	2023-10-10	Vaasa	Etelä-Pohjanmaa (EP)	Suomi	63.075515	21.689194	Sure	NEUTRAL	The Atlas of Finnish Fungi
keltavahvero (fi) — Cantharellus cibarius	keltavahvero (fi)	>30	2023-10-10	Vaasa	Etelä-Pohjanmaa (EP)	Suomi	63.075609	21.688257	Sure	NEUTRAL	The Atlas of Finnish Fungi
keltavahvero (fi) — Cantharellus cibarius	keltavahvero (fi)	1	2023-10-10	Ypäjä	Etelä-Häme (EH)	Suomi	60.876835	23.21733	Sure	NEUTRAL	Notebook, general observations
keltavahvero (fi) — Cantharellus cibarius	keltavahvero (fi)	10	2023-10-09	Vaasa	Etelä-Pohjanmaa (EP)	Suomi	63.097388	21.644251	Sure	NEUTRAL	The Atlas of Finnish Fungi
keltavahvero (fi) — Cantharellus cibarius	keltavahvero (fi)		2023-10-09	Rääkkylä	Pohjois-Karjala (PK)	Suomi	62.322618	29.489567	Sure	NEUTRAL	Notebook, general observations
keltavahvero (fi) — Cantharellus cibarius	keltavahvero (fi)	1	2023-10-09	Sotkamo	Kainuu (Kn)	Suomi	64.097317	28.248574		NEUTRAL	LajiGIS: Species mapping and surveys
keltavahvero (fi) — Cantharellus cibarius	keltavahvero (fi)		2023-10-08	Espoo, Helsinki, Nurmijärvi, Tuusula, Vantaa	Uusimaa (U)	Suomi	60.3	24.9		COMMUNITY_VERIFIED	iNaturalist Suomi Finland
keltavahvero (fi) — Cantharellus cibarius	keltavahvero (fi)		2023-10-08	Rääkkylä	Pohjois-Karjala (PK)	Suomi	62.312929	29.411246	Sure	NEUTRAL	Notebook, general observations
keltavahvero (fi) — Cantharellus cibarius	keltavahvero (fi)		2023-10-07	Rääkkylä	Pohjois-Karjala (PK)	Suomi	62.313316	29.503582	Sure	NEUTRAL	Notebook, general observations
keltavahvero (fi) — Cantharellus cibarius	keltavahvero (fi)		2023-10-06	Nurmes	Pohjois-Karjala (PK)	Suomi	63.79683	28.8914		COMMUNITY_VERIFIED	iNaturalist Suomi Finland
keltavahvero (fi) — Cantharellus cibarius	keltavahvero (fi)		2023-10-05	Kaarina, Kemiönsaari, Paimio, Parainen, Sauvo	Varsinais-Suomi (V)	Suomi	60.3	22.5		COMMUNITY_VERIFIED	iNaturalist Suomi Finland
keltavahvero (fi) — Cantharellus cibarius	keltavahvero (fi)		2023-10-05	Hanko	Uusimaa (U)	Suomi	59.82941	23.03314	Sure	NEUTRAL	The Atlas of Finnish Fungi
keltavahvero (fi) — Cantharellus cibarius	keltavahvero (fi)		2023-10-05	Riihimäki	Etelä-Häme (EH)	Suomi	60.75517	24.74361		COMMUNITY_VERIFIED	iNaturalist Suomi Finland
keltavahvero (fi) — Cantharellus cibarius	keltavahvero (fi)	7	2023-10-04	Oulu	Oulun Pohjanmaa (OP)	Suomi	65.298827	26.246003	Sure	NEUTRAL	Notebook, general observations
keltavahvero (fi) — Cantharellus cibarius	keltavahvero (fi)		2023-10-04	Nurmijärvi	Uusimaa (U)	Suomi	60.38716	24.75019		COMMUNITY_VERIFIED	iNaturalist Suomi Finland
keltavahvero (fi) — Cantharellus cibarius	keltavahvero (fi)	muutama	2023-10-03	Taivassalo	Varsinais-Suomi (V)	Suomi	60.56415	21.609337	Sure	NEUTRAL	The Atlas of Finnish Fungi
keltavahvero (fi) — Cantharellus cibarius	keltavahvero (fi)	1	2023-10-03	Paltamo	Kainuu (Kn)	Suomi	64.464352	27.546588		NEUTRAL	LajiGIS: Species mapping and surveys
keltavahvero (fi) — Cantharellus cibarius	keltavahvero (fi)	1	2023-10-03	Paltamo	Kainuu (Kn)	Suomi	64.453086	27.547756		NEUTRAL	LajiGIS: Species mapping and surveys
keltavahvero (fi) — Cantharellus cibarius	keltavahvero (fi)		2023-10-02	Forssa	Etelä-Häme (EH)	Suomi	60.78931	23.56177		COMMUNITY_VERIFIED	iNaturalist Suomi Finland
keltavahvero (fi) — Cantharellus cibarius	keltavahvero (fi)		2023-10-01	Vaasa	Etelä-Pohjanmaa (EP)	Suomi	63.045889	21.608394	Sure	NEUTRAL	The Atlas of Finnish Fungi
keltavahvero (fi) — Cantharellus cibarius	keltavahvero (fi)		2023-10-01 [14:24]	Espoo	Uusimaa (U)	Suomi	60.182922	24.734488	Sure	NEUTRAL	Notebook, general observations
keltavahvero (fi) — Cantharellus cibarius	keltavahvero (fi)		2023-10-01 [12:23]	Kangasala, Tampere	Etelä-Häme (EH)	Suomi	61.497546	23.897924	Sure	NEUTRAL	The Atlas of Finnish Fungi
keltavahvero (fi) — Cantharellus cibarius	keltavahvero (fi)		2023-10-01	Tammela	Etelä-Häme (EH)	Suomi	60.76976	23.84437		COMMUNITY_VERIFIED	iNaturalist Suomi Finland
keltavahvero (fi) — Cantharellus cibarius	keltavahvero (fi)		2023-10-01	Lapinlahti	Pohjois-Savo (PS)	Suomi	63.47766	27.71493		COMMUNITY_VERIFIED	iNaturalist Suomi Finland
keltavahvero (fi) — Cantharellus cibarius	keltavahvero (fi)	vähän	2023-10-01	Mikkeli, Mäntyharju	Etelä-Savo (ES)	Suomi	61.353069	27.277163	Sure	NEUTRAL	Notebook, general observations
keltavahvero (fi) — Cantharellus cibarius	keltavahvero (fi)	X	2023-10-01 [10:18-11:51]	Raasepori	Varsinais-Suomi (V)	Suomi	60.038236	23.72329	Sure	NEUTRAL	Noteworthy macrofungi - complete lists
keltavahvero (fi) — Cantharellus cibarius	keltavahvero (fi)	muutama	2023-09-30	Paimio	Varsinais-Suomi (V)	Suomi	60.451277	22.699407	Sure	NEUTRAL	The Atlas of Finnish Fungi
keltavahvero (fi) — Cantharellus cibarius	keltavahvero (fi)		2023-09-30	Espoo	Uusimaa (U)	Suomi	60.31184	24.55593		COMMUNITY_VERIFIED	iNaturalist Suomi Finland
keltavahvero (fi) — Cantharellus cibarius	keltavahvero (fi)		2023-09-30	Vihti	Varsinais-Suomi (V)	Suomi	60.53484	24.62356		COMMUNITY_VERIFIED	iNaturalist Suomi Finland
keltavahvero (fi) — Cantharellus cibarius	keltavahvero (fi)		2023-09-30 [15:15-16:13]	Espoo	Uusimaa (U)	Suomi	60.178686	24.691748	Sure	NEUTRAL	Notebook, general observations
keltavahvero (fi) — Cantharellus cibarius	keltavahvero (fi)		2023-09-29	Mustasaari	Etelä-Pohjanmaa (EP)	Suomi	63.034261	21.6265	Sure	NEUTRAL	The Atlas of Finnish Fungi
keltavahvero (fi) — Cantharellus cibarius	keltavahvero (fi)	<10	2023-09-29	Vaasa	Etelä-Pohjanmaa (EP)	Suomi	63.066872	21.551417	Sure	COMMUNITY_VERIFIED	The Atlas of Finnish Fungi
keltavahvero (fi) — Cantharellus cibarius	keltavahvero (fi)	1	2023-09-28	Jyväskylä	Pohjois-Häme (PH)	Suomi	62.228456	25.754671	Sure	NEUTRAL	Notebook, general observations
keltavahvero (fi) — Cantharellus cibarius	keltavahvero (fi)	muutama	2023-09-28	Masku	Varsinais-Suomi (V)	Suomi	60.568075	21.831559	Sure	NEUTRAL	The Atlas of Finnish Fungi
keltavahvero (fi) — Cantharellus cibarius	keltavahvero (fi)		2023-09-28	Muurame	Etelä-Häme (EH)	Suomi	62.16359	25.62169		COMMUNITY_VERIFIED	iNaturalist Suomi Finland
keltavahvero (fi) — Cantharellus cibarius	keltavahvero (fi)		2023-09-28	Eurajoki	Satakunta (St)	Suomi	61.22289	21.72683		COMMUNITY_VERIFIED	iNaturalist Suomi Finland
keltavahvero (fi) — Cantharellus cibarius	keltavahvero (fi)	X	2023-09-28 [17:59-18:40]	Inkoo, Raasepori	Uusimaa (U), Varsinais-Suomi (V)	Suomi	60.055086	23.675094	Sure	NEUTRAL	Noteworthy macrofungi - complete lists
keltavahvero (fi) — Cantharellus cibarius	keltavahvero (fi)		2023-09-27	Finström	Ahvenanmaa (A)	Suomi	60.27656	19.82797		NEUTRAL	iNaturalist Suomi Finland
keltavahvero (fi) — Cantharellus cibarius	keltavahvero (fi)		2023-09-27 [7:30-15:01]	Muurame	Etelä-Häme (EH)	Suomi	62.171827	25.638683	Sure	NEUTRAL	The Atlas of Finnish Fungi
keltavahvero (fi) — Cantharellus cibarius	keltavahvero (fi)	X	2023-09-27 [9:46-11:31]	Espoo, Vihti	Uusimaa (U), Varsinais-Suomi (V)	Suomi	60.32343	24.525371	Sure	NEUTRAL	Noteworthy macrofungi - complete lists
keltavahvero (fi) — Cantharellus cibarius	keltavahvero (fi)	X	2023-09-27 [12:18-13:11]	Espoo, Vihti	Uusimaa (U), Varsinais-Suomi (V)	Suomi	60.320566	24.530471	Sure	NEUTRAL	Noteworthy macrofungi - complete lists
keltavahvero (fi) — Cantharellus cibarius	keltavahvero (fi)		2023-09-25 [10:18-13:52]	Helsinki	Uusimaa (U)	Suomi	60.101402	25.054803	Sure	NEUTRAL	Notebook, general observations
keltavahvero (fi) — Cantharellus cibarius	keltavahvero (fi)	3	2023-09-25	Loppi	Etelä-Häme (EH)	Suomi	60.698784	24.34165	Sure	NEUTRAL	The Atlas of Finnish Fungi
keltavahvero (fi) — Cantharellus cibarius	keltavahvero (fi)		2023-09-25	Lapinlahti	Pohjois-Savo (PS)	Suomi	63.19973	27.54615		COMMUNITY_VERIFIED	iNaturalist Suomi Finland
keltavahvero (fi) — Cantharellus cibarius	keltavahvero (fi)	X	2023-09-24 [15:32-16:36]	Vihti	Varsinais-Suomi (V)	Suomi	60.4369	24.31486	Sure	NEUTRAL	Noteworthy macrofungi - complete lists
keltavahvero (fi) — Cantharellus cibarius	keltavahvero (fi)		2023-09-24	Hyvinkää	Uusimaa (U)	Suomi	60.6462	24.75072		COMMUNITY_VERIFIED	iNaturalist Suomi Finland
keltavahvero (fi) — Cantharellus cibarius	keltavahvero (fi)		2023-09-23 [17:19]	Tampere	Etelä-Häme (EH)	Suomi	61.462706	23.806778	Sure	NEUTRAL	The Atlas of Finnish Fungi
keltavahvero (fi) — Cantharellus cibarius	keltavahvero (fi)		2023-09-23	Lieto	Varsinais-Suomi (V)	Suomi	60.511392	22.408272	Sure	NEUTRAL	The Atlas of Finnish Fungi
keltavahvero (fi) — Cantharellus cibarius	keltavahvero (fi)		2023-09-23	Lieto	Varsinais-Suomi (V)	Suomi	60.508008	22.407297	Sure	NEUTRAL	The Atlas of Finnish Fungi
keltavahvero (fi) — Cantharellus cibarius	keltavahvero (fi)		2023-09-23	Lieto	Varsinais-Suomi (V)	Suomi	60.512844	22.410822	Sure	NEUTRAL	The Atlas of Finnish Fungi
keltavahvero (fi) — Cantharellus cibarius	keltavahvero (fi)		2023-09-23	Kuopio	Pohjois-Savo (PS)	Suomi	62.91062	27.66889		COMMUNITY_VERIFIED	iNaturalist Suomi Finland
keltavahvero (fi) — Cantharellus cibarius	keltavahvero (fi)		2023-09-22	Sipoo	Uusimaa (U)	Suomi	60.30515	25.19682		COMMUNITY_VERIFIED	iNaturalist Suomi Finland
keltavahvero (fi) — Cantharellus cibarius	keltavahvero (fi)	X	2023-09-22 [17:45-19:02]	Inkoo, Raasepori	Uusimaa (U), Varsinais-Suomi (V)	Suomi	60.055086	23.675094	Sure	NEUTRAL	Noteworthy macrofungi - complete lists
keltavahvero (fi) — Cantharellus cibarius	keltavahvero (fi)	2	2023-09-21	Loppi	Etelä-Häme (EH)	Suomi	60.675806	24.412318	Sure	NEUTRAL	The Atlas of Finnish Fungi
keltavahvero (fi) — Cantharellus cibarius	keltavahvero (fi)		2023-09-21	Sysmä	Etelä-Häme (EH)	Suomi	61.421548	25.530254	Sure	NEUTRAL	Notebook, general observations
keltavahvero (fi) — Cantharellus cibarius	keltavahvero (fi)	2	2023-09-21	Salo	Varsinais-Suomi (V)	Suomi	60.270994	23.39844	Sure	NEUTRAL	The Atlas of Finnish Fungi
keltavahvero (fi) — Cantharellus cibarius	keltavahvero (fi)		2023-09-21	Pälkäne	Etelä-Häme (EH)	Suomi	61.37393	24.65861		COMMUNITY_VERIFIED	iNaturalist Suomi Finland
keltavahvero (fi) — Cantharellus cibarius	keltavahvero (fi)		2023-09-20	Vantaa	Uusimaa (U)	Suomi	60.344627	25.086148	Sure	NEUTRAL	The Atlas of Finnish Fungi
keltavahvero (fi) — Cantharellus cibarius	keltavahvero (fi)		2023-09-20	Kuopio	Pohjois-Savo (PS)	Suomi	62.90685	27.67363		COMMUNITY_VERIFIED	iNaturalist Suomi Finland
keltavahvero (fi) — Cantharellus cibarius	keltavahvero (fi)		2023-09-20	Kankaanpää	Satakunta (St)	Suomi	61.8005	22.29327		COMMUNITY_VERIFIED	iNaturalist Suomi Finland
keltavahvero (fi) — Cantharellus cibarius	keltavahvero (fi)		2023-09-19	Asikkala, Hämeenlinna, Padasjoki	Etelä-Häme (EH)	Suomi	61.3	25.3		COMMUNITY_VERIFIED	iNaturalist Suomi Finland
keltavahvero (fi) — Cantharellus cibarius	keltavahvero (fi)		2023-09-19	Lapinlahti	Pohjois-Savo (PS)	Suomi	63.33373	27.38536		COMMUNITY_VERIFIED	iNaturalist Suomi Finland
keltavahvero (fi) — Cantharellus cibarius	keltavahvero (fi)		2023-09-17	Loviisa, Porvoo	Uusimaa (U)	Suomi	60.3	25.9		COMMUNITY_VERIFIED	iNaturalist Suomi Finland
keltavahvero (fi) — Cantharellus cibarius	keltavahvero (fi)		2023-09-17	Hyvinkää, Järvenpää, Kerava, Mäntsälä, Sipoo, Tuusula	Uusimaa (U)	Suomi	60.5	25.1		COMMUNITY_VERIFIED	iNaturalist Suomi Finland
keltavahvero (fi) — Cantharellus cibarius	keltavahvero (fi)		2023-09-17	Lappeenranta	Etelä-Savo (ES)	Suomi	61.12175	28.45105		COMMUNITY_VERIFIED	iNaturalist Suomi Finland
keltavahvero (fi) — Cantharellus cibarius	keltavahvero (fi)		2023-09-17	Lahti	Etelä-Häme (EH)	Suomi	60.99942	25.59002		COMMUNITY_VERIFIED	iNaturalist Suomi Finland
keltavahvero (fi) — Cantharellus cibarius	keltavahvero (fi)		2023-09-17	Helsinki	Uusimaa (U)	Suomi	60.17959	24.98974		COMMUNITY_VERIFIED	iNaturalist Suomi Finland
keltavahvero (fi) — Cantharellus cibarius	keltavahvero (fi)		2023-09-17	Asikkala	Etelä-Häme (EH)	Suomi	61.21554	25.71125		COMMUNITY_VERIFIED	iNaturalist Suomi Finland
keltavahvero (fi) — Cantharellus cibarius	keltavahvero (fi)		2023-09-17	Hämeenlinna	Etelä-Häme (EH)	Suomi	60.98576	24.5118		COMMUNITY_VERIFIED	iNaturalist Suomi Finland
keltavahvero (fi) — Cantharellus cibarius	keltavahvero (fi)	X	2023-09-17 [15:57-16:26]	Raasepori	Varsinais-Suomi (V)	Suomi	60.066434	23.678288	Sure	NEUTRAL	Noteworthy macrofungi - complete lists
keltavahvero (fi) — Cantharellus cibarius	keltavahvero (fi)	runsas	2023-09-16	Pieksämäki	Pohjois-Savo (PS)	Suomi	62.078847	27.387236	Sure	NEUTRAL	The Atlas of Finnish Fungi
keltavahvero (fi) — Cantharellus cibarius	keltavahvero (fi)		2023-09-16	Helsinki	Uusimaa (U)	Suomi	60.26703	24.90576		COMMUNITY_VERIFIED	iNaturalist Suomi Finland
keltavahvero (fi) — Cantharellus cibarius	keltavahvero (fi)		2023-09-16	Espoo	Uusimaa (U)	Suomi	60.11258	24.71486		COMMUNITY_VERIFIED	iNaturalist Suomi Finland
keltavahvero (fi) — Cantharellus cibarius	keltavahvero (fi)		2023-09-16	Espoo	Uusimaa (U)	Suomi	60.11305	24.71533		COMMUNITY_VERIFIED	iNaturalist Suomi Finland
keltavahvero (fi) — Cantharellus cibarius	keltavahvero (fi)		2023-09-16	Espoo	Uusimaa (U)	Suomi	60.11336	24.71382		COMMUNITY_VERIFIED	iNaturalist Suomi Finland
keltavahvero (fi) — Cantharellus cibarius	keltavahvero (fi)		2023-09-16	Mikkeli	Etelä-Savo (ES)	Suomi	61.68714	27.26107		COMMUNITY_VERIFIED	iNaturalist Suomi Finland
keltavahvero (fi) — Cantharellus cibarius	keltavahvero (fi)	X	2023-09-16 [16:20-18:41]	Inkoo	Uusimaa (U)	Suomi	60.018451	23.786548	Sure	NEUTRAL	Noteworthy macrofungi - complete lists
keltavahvero (fi) — Cantharellus cibarius	keltavahvero (fi)		2023-09-15	Kaarina	Varsinais-Suomi (V)	Suomi	60.469761	22.335292	Sure	NEUTRAL	The Atlas of Finnish Fungi
keltavahvero (fi) — Cantharellus cibarius	keltavahvero (fi)		2023-09-15	Kaarina	Varsinais-Suomi (V)	Suomi	60.472175	22.339361	Sure	NEUTRAL	The Atlas of Finnish Fungi
keltavahvero (fi) — Cantharellus cibarius	keltavahvero (fi)		2023-09-15	Turku	Varsinais-Suomi (V)	Suomi	60.469364	22.329022	Sure	NEUTRAL	The Atlas of Finnish Fungi
keltavahvero (fi) — Cantharellus cibarius	keltavahvero (fi)		2023-09-15	Turku	Varsinais-Suomi (V)	Suomi	60.469414	22.331528	Sure	NEUTRAL	The Atlas of Finnish Fungi
keltavahvero (fi) — Cantharellus cibarius	keltavahvero (fi)		2023-09-15	Kirkkonummi	Uusimaa (U)	Suomi	59.989571	24.436611	Sure	NEUTRAL	Notebook, general observations
keltavahvero (fi) — Cantharellus cibarius	keltavahvero (fi)	niukka	2023-09-15	Hämeenlinna	Etelä-Häme (EH)	Suomi	60.989771	24.420452	Sure	NEUTRAL	Notebook, general observations
keltavahvero (fi) — Cantharellus cibarius	keltavahvero (fi)		2023-09-14	Hausjärvi, Hyvinkää, Riihimäki	Etelä-Häme (EH), Uusimaa (U)	Suomi	60.7	24.9		COMMUNITY_VERIFIED	iNaturalist Suomi Finland
keltavahvero (fi) — Cantharellus cibarius	keltavahvero (fi)		2023-09-14	Tampere	Etelä-Häme (EH)	Suomi	61.461986	23.8786	Sure	NEUTRAL	The Atlas of Finnish Fungi
keltavahvero (fi) — Cantharellus cibarius	keltavahvero (fi)		2023-09-14	Janakkala	Etelä-Häme (EH)	Suomi	60.89463	24.88664		COMMUNITY_VERIFIED	iNaturalist Suomi Finland
keltavahvero (fi) — Cantharellus cibarius	keltavahvero (fi)		2023-09-14	Inkoo	Uusimaa (U)	Suomi	60.070232	23.858483	Sure	NEUTRAL	Notebook, general observations
keltavahvero (fi) — Cantharellus cibarius	keltavahvero (fi)	muutamia kymmeniä	2023-09-13	Lahti	Etelä-Häme (EH)	Suomi	60.971373	25.628268	Sure	NEUTRAL	The Atlas of Finnish Fungi
keltavahvero (fi) — Cantharellus cibarius	keltavahvero (fi)		2023-09-13	Ylöjärvi	Etelä-Häme (EH)	Suomi	61.87946	23.73105		COMMUNITY_VERIFIED	iNaturalist Suomi Finland
keltavahvero (fi) — Cantharellus cibarius	keltavahvero (fi)	n. 30	2023-09-12 [15:59]	Jyväskylä	Pohjois-Häme (PH)	Suomi	62.254229	25.857247	Sure	NEUTRAL	The Atlas of Finnish Fungi
keltavahvero (fi) — Cantharellus cibarius	keltavahvero (fi)		2023-09-12 - 2023-09-22	Vihti	Varsinais-Suomi (V)	Suomi	60.54259	24.553966	Sure	NEUTRAL	The Atlas of Finnish Fungi
keltavahvero (fi) — Cantharellus cibarius	keltavahvero (fi)		2023-09-12	Espoo	Uusimaa (U)	Suomi	60.20246	24.82003		COMMUNITY_VERIFIED	iNaturalist Suomi Finland
keltavahvero (fi) — Cantharellus cibarius	keltavahvero (fi)		2023-09-12	Hirvensalmi	Etelä-Savo (ES)	Suomi	61.77867	26.5005		COMMUNITY_VERIFIED	iNaturalist Suomi Finland
keltavahvero (fi) — Cantharellus cibarius	keltavahvero (fi)		2023-09-12	Helsinki	Uusimaa (U)	Suomi	60.18863	24.89658		COMMUNITY_VERIFIED	iNaturalist Suomi Finland
keltavahvero (fi) — Cantharellus cibarius	keltavahvero (fi)		2023-09-12	Raasepori	Uusimaa (U)	Suomi	59.9525	23.45136		COMMUNITY_VERIFIED	iNaturalist Suomi Finland
keltavahvero (fi) — Cantharellus cibarius	keltavahvero (fi)		2023-09-12	Espoo	Uusimaa (U)	Suomi	60.20219	24.82042		COMMUNITY_VERIFIED	iNaturalist Suomi Finland
keltavahvero (fi) — Cantharellus cibarius	keltavahvero (fi)		2023-09-11	Vihti	Varsinais-Suomi (V)	Suomi	60.542275	24.483829	Sure	NEUTRAL	The Atlas of Finnish Fungi
keltavahvero (fi) — Cantharellus cibarius	keltavahvero (fi)		2023-09-11	Karkkila	Varsinais-Suomi (V)	Suomi	60.531068	24.390705	Sure	NEUTRAL	The Atlas of Finnish Fungi
keltavahvero (fi) — Cantharellus cibarius	keltavahvero (fi)		2023-09-11	Rautavaara	Pohjois-Karjala (PK)	Suomi	63.52136	28.09877		COMMUNITY_VERIFIED	iNaturalist Suomi Finland
keltavahvero (fi) — Cantharellus cibarius	keltavahvero (fi)		2023-09-11	Lapinlahti	Pohjois-Savo (PS)	Suomi	63.37053	27.40634		COMMUNITY_VERIFIED	iNaturalist Suomi Finland
keltavahvero (fi) — Cantharellus cibarius	keltavahvero (fi)		2023-09-10	Kuhmoinen	Etelä-Häme (EH)	Suomi	61.707329	25.290841	Sure	NEUTRAL	Notebook, general observations
keltavahvero (fi) — Cantharellus cibarius	keltavahvero (fi)		2023-09-10	Salo	Varsinais-Suomi (V)	Suomi	60.17648	23.27744		COMMUNITY_VERIFIED	iNaturalist Suomi Finland
keltavahvero (fi) — Cantharellus cibarius	keltavahvero (fi)		2023-09-10	Kustavi	Varsinais-Suomi (V)	Suomi	60.54699	21.33201		COMMUNITY_VERIFIED	iNaturalist Suomi Finland
keltavahvero (fi) — Cantharellus cibarius	keltavahvero (fi)		2023-09-10	Salo	Varsinais-Suomi (V)	Suomi	60.17676	23.27681		COMMUNITY_VERIFIED	iNaturalist Suomi Finland
keltavahvero (fi) — Cantharellus cibarius	keltavahvero (fi)		2023-09-10	Espoo	Uusimaa (U)	Suomi	60.26951	24.64475		COMMUNITY_VERIFIED	iNaturalist Suomi Finland
keltavahvero (fi) — Cantharellus cibarius	keltavahvero (fi)		2023-09-10	Savonlinna	Etelä-Savo (ES)	Suomi	62.13098	28.50293		COMMUNITY_VERIFIED	iNaturalist Suomi Finland
keltavahvero (fi) — Cantharellus cibarius	keltavahvero (fi)	melko runsas	2023-09-10 - 2023-09-12	Loppi	Etelä-Häme (EH)	Suomi	60.757074	24.164887	Sure	NEUTRAL	Notebook, general observations
keltavahvero (fi) — Cantharellus cibarius	keltavahvero (fi)		2023-09-10 [18:53-19:12]	Helsinki	Uusimaa (U)	Suomi	60.245216	24.978447	Sure	NEUTRAL	Notebook, general observations
keltavahvero (fi) — Cantharellus cibarius	keltavahvero (fi)		2023-09-09	Kuhmo	Kainuu (Kn)	Suomi	64.193943	29.981313	Sure	NEUTRAL	Notebook, general observations
keltavahvero (fi) — Cantharellus cibarius	keltavahvero (fi)		2023-09-09	Simo	Perä-Pohjanmaa (PeP)	Suomi	65.83212	25.00421		COMMUNITY_VERIFIED	iNaturalist Suomi Finland
keltavahvero (fi) — Cantharellus cibarius	keltavahvero (fi)		2023-09-09	Hattula, Hämeenlinna	Etelä-Häme (EH)	Suomi	61.1	24.5		COMMUNITY_VERIFIED	iNaturalist Suomi Finland
keltavahvero (fi) — Cantharellus cibarius	keltavahvero (fi)		2023-09-09	Raasepori, Salo	Uusimaa (U), Varsinais-Suomi (V)	Suomi	60.1	23.5		COMMUNITY_VERIFIED	iNaturalist Suomi Finland
keltavahvero (fi) — Cantharellus cibarius	keltavahvero (fi)	>20	2023-09-09	Mustasaari	Etelä-Pohjanmaa (EP)	Suomi	63.242577	21.566814	Sure	NEUTRAL	The Atlas of Finnish Fungi
keltavahvero (fi) — Cantharellus cibarius	keltavahvero (fi)	10+	2023-09-09	Ruovesi, Ylöjärvi	Etelä-Häme (EH)	Suomi	62.035139	23.843263	Sure	NEUTRAL	The Atlas of Finnish Fungi
keltavahvero (fi) — Cantharellus cibarius	keltavahvero (fi)		2023-09-09	Pälkäne	Etelä-Häme (EH)	Suomi	61.27619	24.70689		COMMUNITY_VERIFIED	iNaturalist Suomi Finland
keltavahvero (fi) — Cantharellus cibarius	keltavahvero (fi)		2023-09-09	Hämeenlinna	Etelä-Häme (EH)	Suomi	61.21931	24.92261		COMMUNITY_VERIFIED	iNaturalist Suomi Finland
keltavahvero (fi) — Cantharellus cibarius	keltavahvero (fi)		2023-09-09 [9:18]	Tampere	Etelä-Häme (EH)	Suomi	61.466967	23.81475	Sure	NEUTRAL	The Atlas of Finnish Fungi
keltavahvero (fi) — Cantharellus cibarius	keltavahvero (fi)		2023-09-08	Tohmajärvi	Pohjois-Karjala (PK)	Suomi	62.199238	30.286629	Sure	NEUTRAL	The Atlas of Finnish Fungi
keltavahvero (fi) — Cantharellus cibarius	keltavahvero (fi)		2023-09-08	Mustasaari	Etelä-Pohjanmaa (EP)	Suomi	63.035636	21.627983	Sure	NEUTRAL	The Atlas of Finnish Fungi
keltavahvero (fi) — Cantharellus cibarius	keltavahvero (fi)	runsaasti	2023-09-08	Mustasaari	Etelä-Pohjanmaa (EP)	Suomi	63.035686	21.612897	Sure	NEUTRAL	The Atlas of Finnish Fungi
keltavahvero (fi) — Cantharellus cibarius	keltavahvero (fi)		2023-09-08	Ikaalinen	Satakunta (St)	Suomi	61.790228	23.127381	Sure	NEUTRAL	Notebook, general observations
keltavahvero (fi) — Cantharellus cibarius	keltavahvero (fi)		2023-09-08	Vårdö	Ahvenanmaa (A)	Suomi	60.19717	20.28619		COMMUNITY_VERIFIED	iNaturalist Suomi Finland
keltavahvero (fi) — Cantharellus cibarius	keltavahvero (fi)	paljon	2023-09-07	Jämijärvi	Satakunta (St)	Suomi	61.781147	22.759681	Sure	NEUTRAL	The Atlas of Finnish Fungi
keltavahvero (fi) — Cantharellus cibarius	keltavahvero (fi)		2023-09-07	Jyväskylä	Pohjois-Häme (PH)	Suomi	62.2564	25.61381		COMMUNITY_VERIFIED	iNaturalist Suomi Finland
keltavahvero (fi) — Cantharellus cibarius	keltavahvero (fi)		2023-09-06	Ikaalinen	Satakunta (St)	Suomi	61.795247	22.974305	Sure	NEUTRAL	Notebook, general observations
keltavahvero (fi) — Cantharellus cibarius	keltavahvero (fi)		2023-09-06	Kouvola	Etelä-Savo (ES)	Suomi	60.92432	27.00389		COMMUNITY_VERIFIED	iNaturalist Suomi Finland
keltavahvero (fi) — Cantharellus cibarius	keltavahvero (fi)		2023-09-06	Helsinki	Uusimaa (U)	Suomi	60.21353	25.07818		COMMUNITY_VERIFIED	iNaturalist Suomi Finland
keltavahvero (fi) — Cantharellus cibarius	keltavahvero (fi)		2023-09-06	Helsinki	Uusimaa (U)	Suomi	60.24742	25.0315		COMMUNITY_VERIFIED	iNaturalist Suomi Finland
keltavahvero (fi) — Cantharellus cibarius	keltavahvero (fi)	Paljon	2023-09-05	Ikaalinen	Satakunta (St)	Suomi	61.779141	23.02434	Sure	NEUTRAL	The Atlas of Finnish Fungi
keltavahvero (fi) — Cantharellus cibarius	keltavahvero (fi)		2023-09-05	Helsinki	Uusimaa (U)	Suomi	60.23505	25.03765		COMMUNITY_VERIFIED	iNaturalist Suomi Finland
keltavahvero (fi) — Cantharellus cibarius	keltavahvero (fi)		2023-09-05	Kuopio	Pohjois-Savo (PS)	Suomi	62.86638	27.66219		COMMUNITY_VERIFIED	iNaturalist Suomi Finland
keltavahvero (fi) — Cantharellus cibarius	keltavahvero (fi)		2023-09-05	Kirkkonummi	Uusimaa (U)	Suomi	60.15353	24.53024		COMMUNITY_VERIFIED	iNaturalist Suomi Finland
keltavahvero (fi) — Cantharellus cibarius	keltavahvero (fi)		2023-09-05	Orimattila	Uusimaa (U)	Suomi	60.80171	25.72884		COMMUNITY_VERIFIED	iNaturalist Suomi Finland
keltavahvero (fi) — Cantharellus cibarius	keltavahvero (fi)		2023-09-04	Lapinlahti	Pohjois-Savo (PS)	Suomi	63.4552	27.61772		NEUTRAL	iNaturalist Suomi Finland
keltavahvero (fi) — Cantharellus cibarius	keltavahvero (fi)		2023-09-04 [12:24-12:25]	Loimaa	Satakunta (St)	Suomi	60.98383	22.683896	Sure	NEUTRAL	The Atlas of Finnish Fungi
keltavahvero (fi) — Cantharellus cibarius	keltavahvero (fi)	11	2023-09-04 [17:56]	Tampere	Etelä-Häme (EH)	Suomi	61.446087	23.781892	Sure	NEUTRAL	Notebook, general observations
keltavahvero (fi) — Cantharellus cibarius	keltavahvero (fi)		2023-09-04	Parkano	Satakunta (St)	Suomi	62.0347	22.91918		COMMUNITY_VERIFIED	iNaturalist Suomi Finland
keltavahvero (fi) — Cantharellus cibarius	keltavahvero (fi)		2023-09-03	Hämeenlinna	Etelä-Häme (EH)	Suomi	60.87096	24.37231		COMMUNITY_VERIFIED	iNaturalist Suomi Finland
keltavahvero (fi) — Cantharellus cibarius	keltavahvero (fi)	Muutamia.	2023-09-03	Nokia	Etelä-Häme (EH)	Suomi	61.493008	23.357456	Sure	NEUTRAL	The Atlas of Finnish Fungi
keltavahvero (fi) — Cantharellus cibarius	keltavahvero (fi)		2023-09-03	Vantaa	Uusimaa (U)	Suomi	60.27327	25.11911		COMMUNITY_VERIFIED	iNaturalist Suomi Finland
keltavahvero (fi) — Cantharellus cibarius	keltavahvero (fi)		2023-09-03	Nokia	Etelä-Häme (EH)	Suomi	61.467543	23.373766	Sure	NEUTRAL	The Atlas of Finnish Fungi
keltavahvero (fi) — Cantharellus cibarius	keltavahvero (fi)	20 itiöemää	2023-09-03	Nakkila	Satakunta (St)	Suomi	61.37348	22.042368	Sure	NEUTRAL	The Atlas of Finnish Fungi
keltavahvero (fi) — Cantharellus cibarius	keltavahvero (fi)		2023-09-03	Helsinki	Uusimaa (U)	Suomi	60.242668	25.207655	Sure	NEUTRAL	The Atlas of Finnish Fungi
keltavahvero (fi) — Cantharellus cibarius	keltavahvero (fi)		2023-09-03	Kaarina	Varsinais-Suomi (V)	Suomi	60.39781	22.33253		COMMUNITY_VERIFIED	iNaturalist Suomi Finland
keltavahvero (fi) — Cantharellus cibarius	keltavahvero (fi)		2023-09-03	Ylöjärvi	Etelä-Häme (EH)	Suomi	61.58456	23.60915		COMMUNITY_VERIFIED	iNaturalist Suomi Finland
keltavahvero (fi) — Cantharellus cibarius	keltavahvero (fi)		2023-09-03	Kokemäki	Satakunta (St)	Suomi	61.21846	22.24577		COMMUNITY_VERIFIED	iNaturalist Suomi Finland
keltavahvero (fi) — Cantharellus cibarius	keltavahvero (fi)		2023-09-03	Lohja	Varsinais-Suomi (V)	Suomi	60.27802	23.82761		COMMUNITY_VERIFIED	iNaturalist Suomi Finland
keltavahvero (fi) — Cantharellus cibarius	keltavahvero (fi)	Kymmeniä	2023-09-03	Nokia	Etelä-Häme (EH)	Suomi	61.490674	23.351734	Sure	NEUTRAL	The Atlas of Finnish Fungi
keltavahvero (fi) — Cantharellus cibarius	keltavahvero (fi)	3	2023-09-02	Rovaniemi	Perä-Pohjanmaa (PeP)	Suomi	66.697282	26.605323	Sure	NEUTRAL	The Atlas of Finnish Fungi
keltavahvero (fi) — Cantharellus cibarius	keltavahvero (fi)		2023-09-02 [17:22-22:13]	Asikkala	Etelä-Häme (EH)	Suomi	61.169238	25.86534	Sure	NEUTRAL	Notebook, general observations
keltavahvero (fi) — Cantharellus cibarius	keltavahvero (fi)	9	2023-09-02 [13:16]	Valkeakoski	Etelä-Häme (EH)	Suomi	61.279728	24.03252	Sure	NEUTRAL	Notebook, general observations
keltavahvero (fi) — Cantharellus cibarius	keltavahvero (fi)	9	2023-09-02 [13:19]	Valkeakoski	Etelä-Häme (EH)	Suomi	61.280016	24.032324	Sure	NEUTRAL	Notebook, general observations
keltavahvero (fi) — Cantharellus cibarius	keltavahvero (fi)		2023-09-02	Porvoo	Uusimaa (U)	Suomi	60.348029	25.877486	Sure	NEUTRAL	The Atlas of Finnish Fungi
keltavahvero (fi) — Cantharellus cibarius	keltavahvero (fi)		2023-09-02	Sauvo	Varsinais-Suomi (V)	Suomi	60.25795	22.78314		COMMUNITY_VERIFIED	iNaturalist Suomi Finland
keltavahvero (fi) — Cantharellus cibarius	keltavahvero (fi)		2023-09-02	Pietarsaari	Keski-Pohjanmaa (KP)	Suomi	63.61572	22.56714		COMMUNITY_VERIFIED	iNaturalist Suomi Finland
keltavahvero (fi) — Cantharellus cibarius	keltavahvero (fi)		2023-09-02	Kangasala	Etelä-Häme (EH)	Suomi	61.45615	23.94127		COMMUNITY_VERIFIED	iNaturalist Suomi Finland
keltavahvero (fi) — Cantharellus cibarius	keltavahvero (fi)		2023-09-02	Hämeenlinna	Etelä-Häme (EH)	Suomi	61.23739	25.06663		COMMUNITY_VERIFIED	iNaturalist Suomi Finland
keltavahvero (fi) — Cantharellus cibarius	keltavahvero (fi)		2023-09-02	Kouvola	Etelä-Karjala (EK)	Suomi	60.90495	27.19758		COMMUNITY_VERIFIED	iNaturalist Suomi Finland
keltavahvero (fi) — Cantharellus cibarius	keltavahvero (fi)		2023-09-02	Mynämäki	Varsinais-Suomi (V)	Suomi	60.63458	21.85037		COMMUNITY_VERIFIED	iNaturalist Suomi Finland
keltavahvero (fi) — Cantharellus cibarius	keltavahvero (fi)		2023-09-02	Jyväskylä	Pohjois-Häme (PH)	Suomi	62.21122	25.706441	Sure	NEUTRAL	Notebook, general observations
keltavahvero (fi) — Cantharellus cibarius	keltavahvero (fi)	n. 5.	2023-09-01	Nokia	Etelä-Häme (EH)	Suomi	61.483817	23.554603	Sure	NEUTRAL	The Atlas of Finnish Fungi
keltavahvero (fi) — Cantharellus cibarius	keltavahvero (fi)		2023-09-01	Nokia	Etelä-Häme (EH)	Suomi	61.484	23.555	Sure	NEUTRAL	The Atlas of Finnish Fungi
keltavahvero (fi) — Cantharellus cibarius	keltavahvero (fi)	Parikymmentä.	2023-09-01	Nokia	Etelä-Häme (EH)	Suomi	61.480927	23.541686	Sure	NEUTRAL	The Atlas of Finnish Fungi
keltavahvero (fi) — Cantharellus cibarius	keltavahvero (fi)		2023-09-01	Espoo, Vihti	Uusimaa (U), Varsinais-Suomi (V)	Suomi	60.317297	24.523639	Sure	NEUTRAL	The Atlas of Finnish Fungi
keltavahvero (fi) — Cantharellus cibarius	keltavahvero (fi)		2023-09-01	Urjala	Etelä-Häme (EH)	Suomi	60.99887	23.60834		COMMUNITY_VERIFIED	iNaturalist Suomi Finland
keltavahvero (fi) — Cantharellus cibarius	keltavahvero (fi)		2023-09-01 [14:47-15:20]	Espoo	Uusimaa (U)	Suomi	60.181258	24.662664	Sure	NEUTRAL	Notebook, general observations
keltavahvero (fi) — Cantharellus cibarius	keltavahvero (fi)		2023-08-31	Hirvensalmi, Mikkeli	Etelä-Savo (ES)	Suomi	61.7	27.1		COMMUNITY_VERIFIED	iNaturalist Suomi Finland
keltavahvero (fi) — Cantharellus cibarius	keltavahvero (fi)		2023-08-31	Kouvola	Etelä-Savo (ES)	Suomi	61.15637	26.85083		COMMUNITY_VERIFIED	iNaturalist Suomi Finland
keltavahvero (fi) — Cantharellus cibarius	keltavahvero (fi)	10	2023-08-30	Espoo	Uusimaa (U)	Suomi	60.182302	24.824631		EXPERT_VERIFIED	Löydös Open Finnish Observation Database
keltavahvero (fi) — Cantharellus cibarius	keltavahvero (fi)		2023-08-30	Mäntsälä	Uusimaa (U)	Suomi	60.61261	25.22697		COMMUNITY_VERIFIED	iNaturalist Suomi Finland
keltavahvero (fi) — Cantharellus cibarius	keltavahvero (fi)		2023-08-30	Mikkeli	Etelä-Savo (ES)	Suomi	61.67774	27.19755		COMMUNITY_VERIFIED	iNaturalist Suomi Finland
keltavahvero (fi) — Cantharellus cibarius	keltavahvero (fi)		2023-08-30	Pälkäne	Etelä-Häme (EH)	Suomi	61.27566	24.70738		COMMUNITY_VERIFIED	iNaturalist Suomi Finland
keltavahvero (fi) — Cantharellus cibarius	keltavahvero (fi)	2	2023-08-29 [18:37]	Mänttä-Vilppula, Ruovesi	Etelä-Häme (EH)	Suomi	62.039372	24.034069	Sure	NEUTRAL	The Atlas of Finnish Fungi
keltavahvero (fi) — Cantharellus cibarius	keltavahvero (fi)		2023-08-29 [15:46-16:59]	Salo	Varsinais-Suomi (V)	Suomi	60.140316	22.956316	Sure	NEUTRAL	The Atlas of Finnish Fungi
keltavahvero (fi) — Cantharellus cibarius	keltavahvero (fi)		2023-08-29	Riihimäki	Etelä-Häme (EH)	Suomi	60.73918	24.76027		COMMUNITY_VERIFIED	iNaturalist Suomi Finland
keltavahvero (fi) — Cantharellus cibarius	keltavahvero (fi)		2023-08-29	Jämsä	Etelä-Häme (EH)	Suomi	61.989412	25.131504	Sure	NEUTRAL	Notebook, general observations
keltavahvero (fi) — Cantharellus cibarius	keltavahvero (fi)		2023-08-29	Helsinki	Uusimaa (U)	Suomi	60.265206	25.213104		NEUTRAL	Nature surveys Manninen
keltavahvero (fi) — Cantharellus cibarius	keltavahvero (fi)	n. 20	2023-08-28 [10:12]	Valkeakoski	Etelä-Häme (EH)	Suomi	61.277587	24.027215	Sure	NEUTRAL	Notebook, general observations
keltavahvero (fi) — Cantharellus cibarius	keltavahvero (fi)		2023-08-27	Kuopio	Pohjois-Savo (PS)	Suomi	62.89637	26.98256		COMMUNITY_VERIFIED	iNaturalist Suomi Finland
keltavahvero (fi) — Cantharellus cibarius	keltavahvero (fi)	Muutama	2023-08-27 [13:54-14:59]	Espoo	Uusimaa (U)	Suomi	60.165435	24.759142	Sure	NEUTRAL	Notebook, general observations
keltavahvero (fi) — Cantharellus cibarius	keltavahvero (fi)		2023-08-27	Lahti	Etelä-Häme (EH)	Suomi	61.00083	25.57606		COMMUNITY_VERIFIED	iNaturalist Suomi Finland
keltavahvero (fi) — Cantharellus cibarius	keltavahvero (fi)		2023-08-27	Muurame	Etelä-Häme (EH)	Suomi	62.22547	25.57047		COMMUNITY_VERIFIED	iNaturalist Suomi Finland
keltavahvero (fi) — Cantharellus cibarius	keltavahvero (fi)		2023-08-27 [18:35-20:09]	Kirkkonummi	Uusimaa (U)	Suomi	60.145748	24.445918	Sure	NEUTRAL	Notebook, general observations
keltavahvero (fi) — Cantharellus cibarius	keltavahvero (fi)		2023-08-26	Muurame	Etelä-Häme (EH)	Suomi	62.1813	25.57248		COMMUNITY_VERIFIED	iNaturalist Suomi Finland
keltavahvero (fi) — Cantharellus cibarius	keltavahvero (fi)		2023-08-26	Masku, Mynämäki, Naantali	Varsinais-Suomi (V)	Suomi	60.5	21.9		COMMUNITY_VERIFIED	iNaturalist Suomi Finland
keltavahvero (fi) — Cantharellus cibarius	keltavahvero (fi)		2023-08-26	Espoo	Uusimaa (U)	Suomi	60.201982	24.822213	Sure	NEUTRAL	The Atlas of Finnish Fungi
keltavahvero (fi) — Cantharellus cibarius	keltavahvero (fi)		2023-08-26	Hartola	Etelä-Häme (EH)	Suomi	61.65537	26.05523		COMMUNITY_VERIFIED	iNaturalist Suomi Finland
keltavahvero (fi) — Cantharellus cibarius	keltavahvero (fi)		2023-08-26	Hartola	Etelä-Häme (EH)	Suomi	61.65558	26.05455		COMMUNITY_VERIFIED	iNaturalist Suomi Finland
keltavahvero (fi) — Cantharellus cibarius	keltavahvero (fi)		2023-08-26	Pihtipudas	Pohjois-Häme (PH)	Suomi	63.45942	25.64028		COMMUNITY_VERIFIED	iNaturalist Suomi Finland
keltavahvero (fi) — Cantharellus cibarius	keltavahvero (fi)		2023-08-26	Lohja	Varsinais-Suomi (V)	Suomi	60.185	23.6874		COMMUNITY_VERIFIED	iNaturalist Suomi Finland
keltavahvero (fi) — Cantharellus cibarius	keltavahvero (fi)		2023-08-26	Helsinki	Uusimaa (U)	Suomi	60.22885	24.91104		COMMUNITY_VERIFIED	iNaturalist Suomi Finland
keltavahvero (fi) — Cantharellus cibarius	keltavahvero (fi)		2023-08-25	Kontiolahti	Pohjois-Karjala (PK)	Suomi	62.67429	29.63193		COMMUNITY_VERIFIED	iNaturalist Suomi Finland
keltavahvero (fi) — Cantharellus cibarius	keltavahvero (fi)		2023-08-25	Jyväskylä, Laukaa, Muurame	Etelä-Häme (EH), Pohjois-Häme (PH)	Suomi	62.3	25.7		COMMUNITY_VERIFIED	iNaturalist Suomi Finland
keltavahvero (fi) — Cantharellus cibarius	keltavahvero (fi)		2023-08-25	Humppila, Loimaa, Ypäjä	Etelä-Häme (EH), Satakunta (St)	Suomi	60.9	23.1		COMMUNITY_VERIFIED	iNaturalist Suomi Finland
keltavahvero (fi) — Cantharellus cibarius	keltavahvero (fi)	n. 20	2023-08-25 [13:50-15:15]	Espoo	Uusimaa (U)	Suomi	60.178352	24.697792	Sure	NEUTRAL	Notebook, general observations
keltavahvero (fi) — Cantharellus cibarius	keltavahvero (fi)		2023-08-25	Kristiinankaupunki	Etelä-Pohjanmaa (EP)	Suomi	62.08911	21.29276		COMMUNITY_VERIFIED	iNaturalist Suomi Finland
keltavahvero (fi) — Cantharellus cibarius	keltavahvero (fi)		2023-08-24	Lapinlahti	Pohjois-Savo (PS)	Suomi	63.3	27.5		NEUTRAL	iNaturalist Suomi Finland
keltavahvero (fi) — Cantharellus cibarius	keltavahvero (fi)		2023-08-24	Jyväskylä	Pohjois-Häme (PH)	Suomi	62.2042	25.699764	Sure	NEUTRAL	Notebook, general observations
keltavahvero (fi) — Cantharellus cibarius	keltavahvero (fi)		2023-08-23	Urjala	Etelä-Häme (EH)	Suomi	61.05149	23.69749		COMMUNITY_VERIFIED	iNaturalist Suomi Finland
keltavahvero (fi) — Cantharellus cibarius	keltavahvero (fi)		2023-08-23	Vihti	Varsinais-Suomi (V)	Suomi	60.53799	24.60917		COMMUNITY_VERIFIED	iNaturalist Suomi Finland
keltavahvero (fi) — Cantharellus cibarius	keltavahvero (fi)		2023-08-23 [17:50-18:19]	Salo	Varsinais-Suomi (V)	Suomi	60.338155	23.214841	Sure	NEUTRAL	The Atlas of Finnish Fungi
keltavahvero (fi) — Cantharellus cibarius	keltavahvero (fi)		2023-08-22	Turku	Varsinais-Suomi (V)	Suomi	60.35678	22.15734		COMMUNITY_VERIFIED	iNaturalist Suomi Finland
keltavahvero (fi) — Cantharellus cibarius	keltavahvero (fi)	Muutama	2023-08-22 [16:30-17:10]	Espoo	Uusimaa (U)	Suomi	60.206914	24.652133	Sure	NEUTRAL	Notebook, general observations
keltavahvero (fi) — Cantharellus cibarius	keltavahvero (fi)		2023-08-22 [14:00-14:36]	Salo	Varsinais-Suomi (V)	Suomi	60.339778	23.057147	Sure	NEUTRAL	The Atlas of Finnish Fungi
keltavahvero (fi) — Cantharellus cibarius	keltavahvero (fi)		2023-08-22	Vihti	Varsinais-Suomi (V)	Suomi	60.53464	24.61791		COMMUNITY_VERIFIED	iNaturalist Suomi Finland
keltavahvero (fi) — Cantharellus cibarius	keltavahvero (fi)		2023-08-22	Jämsä	Etelä-Häme (EH)	Suomi	61.843137	24.926732	Sure	NEUTRAL	Notebook, general observations
keltavahvero (fi) — Cantharellus cibarius	keltavahvero (fi)		2023-08-22	Lieksa	Pohjois-Karjala (PK)	Suomi	63.1278	30.614411	Sure	NEUTRAL	Notebook, general observations
keltavahvero (fi) — Cantharellus cibarius	keltavahvero (fi)		2023-08-20	Hausjärvi, Hollola, Hämeenlinna, Kärkölä, Mäntsälä	Etelä-Häme (EH), Uusimaa (U)	Suomi	60.9	25.1		COMMUNITY_VERIFIED	iNaturalist Suomi Finland
keltavahvero (fi) — Cantharellus cibarius	keltavahvero (fi)		2023-08-20	Hausjärvi, Hollola, Hämeenlinna, Kärkölä, Mäntsälä	Etelä-Häme (EH), Uusimaa (U)	Suomi	60.9	25.1		COMMUNITY_VERIFIED	iNaturalist Suomi Finland
keltavahvero (fi) — Cantharellus cibarius	keltavahvero (fi)		2023-08-20	Helsinki	Uusimaa (U)	Suomi	60.18031	24.99555		COMMUNITY_VERIFIED	iNaturalist Suomi Finland
keltavahvero (fi) — Cantharellus cibarius	keltavahvero (fi)		2023-08-20	Vesilahti	Etelä-Häme (EH)	Suomi	61.315208	23.403867	Sure	NEUTRAL	The Atlas of Finnish Fungi
keltavahvero (fi) — Cantharellus cibarius	keltavahvero (fi)		2023-08-20	Espoo	Uusimaa (U)	Suomi	60.18114	24.64628		COMMUNITY_VERIFIED	iNaturalist Suomi Finland
keltavahvero (fi) — Cantharellus cibarius	keltavahvero (fi)		2023-08-20	Lapinlahti	Pohjois-Savo (PS)	Suomi	63.37903	27.55443		COMMUNITY_VERIFIED	iNaturalist Suomi Finland
keltavahvero (fi) — Cantharellus cibarius	keltavahvero (fi)		2023-08-20 [13:23]	Tampere	Etelä-Häme (EH)	Suomi	61.472172	23.804178	Sure	NEUTRAL	The Atlas of Finnish Fungi
keltavahvero (fi) — Cantharellus cibarius	keltavahvero (fi)		2023-08-19	Mustasaari	Etelä-Pohjanmaa (EP)	Suomi	63.037783	21.608844	Sure	NEUTRAL	The Atlas of Finnish Fungi
keltavahvero (fi) — Cantharellus cibarius	keltavahvero (fi)		2023-08-19	Eurajoki	Satakunta (St)	Suomi	61.32837	21.56323		COMMUNITY_VERIFIED	iNaturalist Suomi Finland
keltavahvero (fi) — Cantharellus cibarius	keltavahvero (fi)		2023-08-19	Närpiö	Etelä-Pohjanmaa (EP)	Suomi	62.50639	21.2103		COMMUNITY_VERIFIED	iNaturalist Suomi Finland
keltavahvero (fi) — Cantharellus cibarius	keltavahvero (fi)		2023-08-19	Espoo	Uusimaa (U)	Suomi	60.15796	24.76462		COMMUNITY_VERIFIED	iNaturalist Suomi Finland
keltavahvero (fi) — Cantharellus cibarius	keltavahvero (fi)		2023-08-18	Lempäälä	Etelä-Häme (EH)	Suomi	61.33511	23.75205		COMMUNITY_VERIFIED	iNaturalist Suomi Finland
keltavahvero (fi) — Cantharellus cibarius	keltavahvero (fi)		2023-08-17	Aura, Lieto, Loimaa, Pöytyä	Satakunta (St), Varsinais-Suomi (V)	Suomi	60.7	22.7		COMMUNITY_VERIFIED	iNaturalist Suomi Finland
keltavahvero (fi) — Cantharellus cibarius	keltavahvero (fi)		2023-08-17	Iisalmi	Pohjois-Savo (PS)	Suomi	63.56604	27.20153		COMMUNITY_VERIFIED	iNaturalist Suomi Finland
keltavahvero (fi) — Cantharellus cibarius	keltavahvero (fi)		2023-08-16	Savonlinna	Etelä-Savo (ES)	Suomi	61.78657	29.31448		COMMUNITY_VERIFIED	iNaturalist Suomi Finland
keltavahvero (fi) — Cantharellus cibarius	keltavahvero (fi)		2023-08-15	Sastamala	Satakunta (St)	Suomi	61.31178	22.87954		COMMUNITY_VERIFIED	iNaturalist Suomi Finland
keltavahvero (fi) — Cantharellus cibarius	keltavahvero (fi)	12	2023-08-14 [15:00-17:00]	Tampere	Etelä-Häme (EH)	Suomi	61.509845	23.784578	Sure	NEUTRAL	Notebook, general observations
keltavahvero (fi) — Cantharellus cibarius	keltavahvero (fi)		2023-08-14	Kokemäki	Satakunta (St)	Suomi	61.24464	22.47655		COMMUNITY_VERIFIED	iNaturalist Suomi Finland
keltavahvero (fi) — Cantharellus cibarius	keltavahvero (fi)		2023-08-14	Sotkamo	Kainuu (Kn)	Suomi	63.94512	28.75409		COMMUNITY_VERIFIED	iNaturalist Suomi Finland
keltavahvero (fi) — Cantharellus cibarius	keltavahvero (fi)		2023-08-13	Simo	Perä-Pohjanmaa (PeP)	Suomi	65.82606	24.98091		COMMUNITY_VERIFIED	iNaturalist Suomi Finland
keltavahvero (fi) — Cantharellus cibarius	keltavahvero (fi)		2023-08-13	Vaasa	Etelä-Pohjanmaa (EP)	Suomi	63.065317	21.555217	Sure	NEUTRAL	The Atlas of Finnish Fungi
keltavahvero (fi) — Cantharellus cibarius	keltavahvero (fi)		2023-08-13 [14:44-20:06]	Lohja, Salo	Varsinais-Suomi (V)	Suomi	60.323891	23.647768	Sure	NEUTRAL	The Atlas of Finnish Fungi
keltavahvero (fi) — Cantharellus cibarius	keltavahvero (fi)		2023-08-13 - 2023-08-17	Lieksa	Pohjois-Karjala (PK)	Suomi	63.113641	29.777157	Sure	NEUTRAL	The Atlas of Finnish Fungi
keltavahvero (fi) — Cantharellus cibarius	keltavahvero (fi)		2023-08-13 - 2023-08-17	Lieksa	Pohjois-Karjala (PK)	Suomi	63.114006	29.777003	Sure	NEUTRAL	The Atlas of Finnish Fungi
keltavahvero (fi) — Cantharellus cibarius	keltavahvero (fi)	Yleinen havaintoalueella	2023-08-13 - 2023-08-17	Lieksa	Pohjois-Karjala (PK)	Suomi	63.114153	29.777193	Sure	NEUTRAL	The Atlas of Finnish Fungi
keltavahvero (fi) — Cantharellus cibarius	keltavahvero (fi)		2023-08-13 - 2023-08-17	Lieksa	Pohjois-Karjala (PK)	Suomi	63.113148	29.777192	Sure	NEUTRAL	The Atlas of Finnish Fungi
keltavahvero (fi) — Cantharellus cibarius	keltavahvero (fi)		2023-08-13	Kokemäki	Satakunta (St)	Suomi	61.24464	22.47699		COMMUNITY_VERIFIED	iNaturalist Suomi Finland
keltavahvero (fi) — Cantharellus cibarius	keltavahvero (fi)		2023-08-12	Espoo	Uusimaa (U)	Suomi	60.347483	24.689626	Sure	NEUTRAL	Notebook, general observations
keltavahvero (fi) — Cantharellus cibarius	keltavahvero (fi)		2023-08-12	Savonlinna	Etelä-Savo (ES)	Suomi	61.77222	29.34975		COMMUNITY_VERIFIED	iNaturalist Suomi Finland
keltavahvero (fi) — Cantharellus cibarius	keltavahvero (fi)		2023-08-12	Paltamo	Kainuu (Kn)	Suomi	64.37697	27.75944		COMMUNITY_VERIFIED	iNaturalist Suomi Finland
keltavahvero (fi) — Cantharellus cibarius	keltavahvero (fi)		2023-08-11	Espoo	Uusimaa (U)	Suomi	60.295569	24.611517	Sure	NEUTRAL	Notebook, general observations
keltavahvero (fi) — Cantharellus cibarius	keltavahvero (fi)		2023-08-11	Helsinki	Uusimaa (U)	Suomi	60.23485	25.14374		COMMUNITY_VERIFIED	iNaturalist Suomi Finland
keltavahvero (fi) — Cantharellus cibarius	keltavahvero (fi)		2023-08-10	Heinävesi	Pohjois-Savo (PS)	Suomi	62.407249	28.774326	Sure	COMMUNITY_VERIFIED	The Atlas of Finnish Fungi
keltavahvero (fi) — Cantharellus cibarius	keltavahvero (fi)	Noin 20 kpl	2023-08-10 [10:53]	Toivakka	Pohjois-Häme (PH)	Suomi	62.04285	26.137351	Sure	NEUTRAL	The Atlas of Finnish Fungi
keltavahvero (fi) — Cantharellus cibarius	keltavahvero (fi)		2023-08-10	Kuusamo	Koillismaa (Ks)	Suomi	65.64728	29.65159		COMMUNITY_VERIFIED	iNaturalist Suomi Finland
keltavahvero (fi) — Cantharellus cibarius	keltavahvero (fi)		2023-08-09	Alajärvi, Alavus, Kuortane, Ähtäri	Etelä-Pohjanmaa (EP), Keski-Pohjanmaa (KP), Pohjois-Häme (PH)	Suomi	62.7	23.9		COMMUNITY_VERIFIED	iNaturalist Suomi Finland
keltavahvero (fi) — Cantharellus cibarius	keltavahvero (fi)		2023-08-09	Vaasa	Etelä-Pohjanmaa (EP)	Suomi	63.078103	21.691428	Sure	NEUTRAL	The Atlas of Finnish Fungi
keltavahvero (fi) — Cantharellus cibarius	keltavahvero (fi)		2023-08-09	Joensuu	Pohjois-Karjala (PK)	Suomi	62.57786	29.87025		COMMUNITY_VERIFIED	iNaturalist Suomi Finland
keltavahvero (fi) — Cantharellus cibarius	keltavahvero (fi)		2023-08-09	Lapua	Keski-Pohjanmaa (KP)	Suomi	62.99568	23.49725		COMMUNITY_VERIFIED	iNaturalist Suomi Finland
keltavahvero (fi) — Cantharellus cibarius	keltavahvero (fi)		2023-08-08	Mustasaari	Etelä-Pohjanmaa (EP)	Suomi	63.033386	21.618775	Sure	NEUTRAL	The Atlas of Finnish Fungi
keltavahvero (fi) — Cantharellus cibarius	keltavahvero (fi)		2023-08-08	Helsinki	Uusimaa (U)	Suomi	60.2253	24.99684		COMMUNITY_VERIFIED	iNaturalist Suomi Finland
keltavahvero (fi) — Cantharellus cibarius	keltavahvero (fi)		2023-08-07	Rautavaara	Pohjois-Karjala (PK)	Suomi	63.58268	28.56626		COMMUNITY_VERIFIED	iNaturalist Suomi Finland
keltavahvero (fi) — Cantharellus cibarius	keltavahvero (fi)		2023-08-06	Espoo	Uusimaa (U)	Suomi	60.279005	24.617561	Sure	NEUTRAL	The Atlas of Finnish Fungi
keltavahvero (fi) — Cantharellus cibarius	keltavahvero (fi)		2023-08-06	Lapinlahti	Pohjois-Savo (PS)	Suomi	63.45918	27.48555		COMMUNITY_VERIFIED	iNaturalist Suomi Finland
keltavahvero (fi) — Cantharellus cibarius	keltavahvero (fi)		2023-08-06	Joensuu	Pohjois-Karjala (PK)	Suomi	62.64532	29.64314		COMMUNITY_VERIFIED	iNaturalist Suomi Finland
keltavahvero (fi) — Cantharellus cibarius	keltavahvero (fi)		2023-08-06	Tampere	Etelä-Häme (EH)	Suomi	61.49509	23.72433		COMMUNITY_VERIFIED	iNaturalist Suomi Finland
keltavahvero (fi) — Cantharellus cibarius	keltavahvero (fi)		2023-08-06	Helsinki	Uusimaa (U)	Suomi	60.23577	24.8869		COMMUNITY_VERIFIED	iNaturalist Suomi Finland
keltavahvero (fi) — Cantharellus cibarius	keltavahvero (fi)		2023-08-05	Pielavesi	Pohjois-Savo (PS)	Suomi	63.21869	26.64456		NEUTRAL	iNaturalist Suomi Finland
keltavahvero (fi) — Cantharellus cibarius	keltavahvero (fi)		2023-08-05	Kemiönsaari	Varsinais-Suomi (V)	Suomi	60.16741	22.84961		COMMUNITY_VERIFIED	iNaturalist Suomi Finland
keltavahvero (fi) — Cantharellus cibarius	keltavahvero (fi)		2023-08-05	Mustasaari	Etelä-Pohjanmaa (EP)	Suomi	63.036072	21.627144	Sure	NEUTRAL	The Atlas of Finnish Fungi
keltavahvero (fi) — Cantharellus cibarius	keltavahvero (fi)		2023-08-05	Kauniainen	Uusimaa (U)	Suomi	60.213593	24.682613	Sure	NEUTRAL	The Atlas of Finnish Fungi
keltavahvero (fi) — Cantharellus cibarius	keltavahvero (fi)		2023-08-05	Vihti	Varsinais-Suomi (V)	Suomi	60.541786	24.555798	Sure	NEUTRAL	The Atlas of Finnish Fungi
keltavahvero (fi) — Cantharellus cibarius	keltavahvero (fi)		2023-08-05 [15:06-16:25]	Salo	Varsinais-Suomi (V)	Suomi	60.431927	23.018997	Sure	NEUTRAL	The Atlas of Finnish Fungi
keltavahvero (fi) — Cantharellus cibarius	keltavahvero (fi)		2023-08-05	Espoo	Uusimaa (U)	Suomi	60.33145	24.6703		COMMUNITY_VERIFIED	iNaturalist Suomi Finland
keltavahvero (fi) — Cantharellus cibarius	keltavahvero (fi)		2023-08-05	Kangasniemi	Etelä-Savo (ES)	Suomi	61.90493	26.50434		COMMUNITY_VERIFIED	iNaturalist Suomi Finland
keltavahvero (fi) — Cantharellus cibarius	keltavahvero (fi)		2023-08-04	Helsinki, Porvoo, Sipoo	Uusimaa (U)	Suomi	60.3	25.3		COMMUNITY_VERIFIED	iNaturalist Suomi Finland
keltavahvero (fi) — Cantharellus cibarius	keltavahvero (fi)	n. 20	2023-08-04 [17:51]	Vesilahti	Etelä-Häme (EH)	Suomi	61.339138	23.513702	Sure	NEUTRAL	Notebook, general observations
keltavahvero (fi) — Cantharellus cibarius	keltavahvero (fi)		2023-08-04	Rusko	Varsinais-Suomi (V)	Suomi	60.60325	22.29659		COMMUNITY_VERIFIED	iNaturalist Suomi Finland
keltavahvero (fi) — Cantharellus cibarius	keltavahvero (fi)		2023-08-04	Pälkäne	Etelä-Häme (EH)	Suomi	61.27575	24.70688		COMMUNITY_VERIFIED	iNaturalist Suomi Finland
keltavahvero (fi) — Cantharellus cibarius	keltavahvero (fi)		2023-08-04	Kaarina	Varsinais-Suomi (V)	Suomi	60.42633	22.52323		COMMUNITY_VERIFIED	iNaturalist Suomi Finland
keltavahvero (fi) — Cantharellus cibarius	keltavahvero (fi)		2023-08-04	Akaa	Etelä-Häme (EH)	Suomi	61.15417	23.89266		NEUTRAL	iNaturalist Suomi Finland
keltavahvero (fi) — Cantharellus cibarius	keltavahvero (fi)		2023-08-03	Mänttä-Vilppula, Ruovesi, Virrat	Etelä-Häme (EH), Pohjois-Häme (PH)	Suomi	62.1	24.1		COMMUNITY_VERIFIED	iNaturalist Suomi Finland
keltavahvero (fi) — Cantharellus cibarius	keltavahvero (fi)		2023-08-03 [17:08-19:16]	Salo	Varsinais-Suomi (V)	Suomi	60.472018	23.091615	Sure	NEUTRAL	The Atlas of Finnish Fungi
keltavahvero (fi) — Cantharellus cibarius	keltavahvero (fi)	n. 5	2023-08-03 [16:34-17:38]	Lahti	Etelä-Häme (EH)	Suomi	60.981272	25.74396	Sure	NEUTRAL	Notebook, general observations
keltavahvero (fi) — Cantharellus cibarius	keltavahvero (fi)		2023-08-03	Pori	Satakunta (St)	Suomi	61.69033	21.65661		COMMUNITY_VERIFIED	iNaturalist Suomi Finland
keltavahvero (fi) — Cantharellus cibarius	keltavahvero (fi)		2023-08-03	Sastamala	Satakunta (St)	Suomi	61.42628	23.05706		COMMUNITY_VERIFIED	iNaturalist Suomi Finland
keltavahvero (fi) — Cantharellus cibarius	keltavahvero (fi)		2023-08-03	Pirkkala	Etelä-Häme (EH)	Suomi	61.44444	23.6374		COMMUNITY_VERIFIED	iNaturalist Suomi Finland
keltavahvero (fi) — Cantharellus cibarius	keltavahvero (fi)	>7	2023-08-03	Asikkala	Etelä-Häme (EH)	Suomi	61.169459	25.867302	Sure	NEUTRAL	Notebook, general observations
keltavahvero (fi) — Cantharellus cibarius	keltavahvero (fi)		2023-08-02	Parainen	Varsinais-Suomi (V)	Suomi	60.1	21.7		COMMUNITY_VERIFIED	iNaturalist Suomi Finland
keltavahvero (fi) — Cantharellus cibarius	keltavahvero (fi)		2023-08-02 [14:10-19:21]	Kemiönsaari, Salo, Sauvo	Varsinais-Suomi (V)	Suomi	60.214163	22.936706	Sure	NEUTRAL	The Atlas of Finnish Fungi
keltavahvero (fi) — Cantharellus cibarius	keltavahvero (fi)		2023-08-02	Jyväskylä	Pohjois-Häme (PH)	Suomi	62.26705	25.90349		COMMUNITY_VERIFIED	iNaturalist Suomi Finland
keltavahvero (fi) — Cantharellus cibarius	keltavahvero (fi)		2023-07-31	Luumäki	Etelä-Savo (ES)	Suomi	60.988821	27.53783	Sure	NEUTRAL	Notebook, general observations
keltavahvero (fi) — Cantharellus cibarius	keltavahvero (fi)		2023-07-31	Hattula, Hämeenlinna	Etelä-Häme (EH)	Suomi	61.1	24.5		COMMUNITY_VERIFIED	iNaturalist Suomi Finland
keltavahvero (fi) — Cantharellus cibarius	keltavahvero (fi)		2023-07-31	Hämeenlinna	Etelä-Häme (EH)	Suomi	61.16273	24.44898		COMMUNITY_VERIFIED	iNaturalist Suomi Finland
keltavahvero (fi) — Cantharellus cibarius	keltavahvero (fi)		2023-07-31	Hattula	Etelä-Häme (EH)	Suomi	61.1191	24.46846		COMMUNITY_VERIFIED	iNaturalist Suomi Finland
keltavahvero (fi) — Cantharellus cibarius	keltavahvero (fi)		2023-07-31	Kuopio	Pohjois-Savo (PS)	Suomi	63.0551	28.35528		COMMUNITY_VERIFIED	iNaturalist Suomi Finland
keltavahvero (fi) — Cantharellus cibarius	keltavahvero (fi)		2023-07-30	Savonlinna	Etelä-Savo (ES)	Suomi	61.77609	29.34091		NEUTRAL	iNaturalist Suomi Finland
keltavahvero (fi) — Cantharellus cibarius	keltavahvero (fi)		2023-07-30	Kruunupyy	Keski-Pohjanmaa (KP)	Suomi	63.77588	22.98971		NEUTRAL	iNaturalist Suomi Finland
keltavahvero (fi) — Cantharellus cibarius	keltavahvero (fi)		2023-07-30	Salo	Varsinais-Suomi (V)	Suomi	60.43887	23.05942		COMMUNITY_VERIFIED	iNaturalist Suomi Finland
keltavahvero (fi) — Cantharellus cibarius	keltavahvero (fi)		2023-07-30	Espoo	Uusimaa (U)	Suomi	60.28011	24.63333		COMMUNITY_VERIFIED	iNaturalist Suomi Finland
keltavahvero (fi) — Cantharellus cibarius	keltavahvero (fi)		2023-07-30	Espoo	Uusimaa (U)	Suomi	60.27994	24.64554		COMMUNITY_VERIFIED	iNaturalist Suomi Finland
keltavahvero (fi) — Cantharellus cibarius	keltavahvero (fi)		2023-07-30	Espoo	Uusimaa (U)	Suomi	60.28004	24.63166		COMMUNITY_VERIFIED	iNaturalist Suomi Finland
keltavahvero (fi) — Cantharellus cibarius	keltavahvero (fi)		2023-07-29	Tuusniemi	Pohjois-Savo (PS)	Suomi	62.78802	28.52378		COMMUNITY_VERIFIED	iNaturalist Suomi Finland
keltavahvero (fi) — Cantharellus cibarius	keltavahvero (fi)		2023-07-29	Puumala	Etelä-Savo (ES)	Suomi	61.55325	28.32092		NEUTRAL	iNaturalist Suomi Finland
keltavahvero (fi) — Cantharellus cibarius	keltavahvero (fi)	9	2023-07-29 [17:25]	Hamina	Etelä-Karjala (EK)	Suomi	60.650795	27.393548	Sure	NEUTRAL	Notebook, general observations
keltavahvero (fi) — Cantharellus cibarius	keltavahvero (fi)	15	2023-07-28	Pirkkala	Etelä-Häme (EH)	Suomi	61.466431	23.679201	Sure	NEUTRAL	The Atlas of Finnish Fungi
keltavahvero (fi) — Cantharellus cibarius	keltavahvero (fi)		2023-07-28	Mikkeli	Etelä-Savo (ES)	Suomi	61.7	27.3		COMMUNITY_VERIFIED	iNaturalist Suomi Finland
keltavahvero (fi) — Cantharellus cibarius	keltavahvero (fi)		2023-07-27	Kuopio, Lapinlahti	Pohjois-Savo (PS)	Suomi	63.3	27.3		COMMUNITY_VERIFIED	iNaturalist Suomi Finland
keltavahvero (fi) — Cantharellus cibarius	keltavahvero (fi)		2023-07-27	Varkaus	Pohjois-Savo (PS)	Suomi	62.35163	27.89818		COMMUNITY_VERIFIED	iNaturalist Suomi Finland
keltavahvero (fi) — Cantharellus cibarius	keltavahvero (fi)		2023-07-27	Varkaus	Pohjois-Savo (PS)	Suomi	62.35166	27.89907		COMMUNITY_VERIFIED	iNaturalist Suomi Finland
keltavahvero (fi) — Cantharellus cibarius	keltavahvero (fi)		2023-07-27	Vihti	Varsinais-Suomi (V)	Suomi	60.32357	24.53049		COMMUNITY_VERIFIED	iNaturalist Suomi Finland
keltavahvero (fi) — Cantharellus cibarius	keltavahvero (fi)		2023-07-26	Savitaipale	Etelä-Savo (ES)	Suomi	61.18807	27.48876		COMMUNITY_VERIFIED	iNaturalist Suomi Finland
keltavahvero (fi) — Cantharellus cibarius	keltavahvero (fi)		2023-07-26	Mänttä-Vilppula, Ruovesi, Virrat	Etelä-Häme (EH), Pohjois-Häme (PH)	Suomi	62.1	24.1		COMMUNITY_VERIFIED	iNaturalist Suomi Finland
keltavahvero (fi) — Cantharellus cibarius	keltavahvero (fi)		2023-07-26	Rantasalmi	Etelä-Savo (ES)	Suomi	62.18183	28.13081		COMMUNITY_VERIFIED	iNaturalist Suomi Finland
keltavahvero (fi) — Cantharellus cibarius	keltavahvero (fi)		2023-07-26	Vantaa	Uusimaa (U)	Suomi	60.26775	24.83666		COMMUNITY_VERIFIED	iNaturalist Suomi Finland
keltavahvero (fi) — Cantharellus cibarius	keltavahvero (fi)		2023-07-26	Espoo	Uusimaa (U)	Suomi	60.24529	24.82054		COMMUNITY_VERIFIED	iNaturalist Suomi Finland
keltavahvero (fi) — Cantharellus cibarius	keltavahvero (fi)	>5 pientä	2023-07-26	Espoo	Uusimaa (U)	Suomi	60.181791	24.661049	Sure	NEUTRAL	Notebook, general observations
keltavahvero (fi) — Cantharellus cibarius	keltavahvero (fi)		2023-07-25	Rautjärvi	Etelä-Savo (ES)	Suomi	61.413439	29.176865	Sure	NEUTRAL	Notebook, general observations
keltavahvero (fi) — Cantharellus cibarius	keltavahvero (fi)		2023-07-25	Somero	Etelä-Häme (EH)	Suomi	60.507323	23.64555	Sure	NEUTRAL	The Atlas of Finnish Fungi
keltavahvero (fi) — Cantharellus cibarius	keltavahvero (fi)		2023-07-25	Tuusniemi	Pohjois-Savo (PS)	Suomi	62.8428	28.68494		COMMUNITY_VERIFIED	iNaturalist Suomi Finland
keltavahvero (fi) — Cantharellus cibarius	keltavahvero (fi)		2023-07-25	Lahti	Etelä-Häme (EH)	Suomi	60.99094	25.55974		COMMUNITY_VERIFIED	iNaturalist Suomi Finland
keltavahvero (fi) — Cantharellus cibarius	keltavahvero (fi)		2023-07-24	Heinävesi	Pohjois-Savo (PS)	Suomi	62.56779	28.78854		COMMUNITY_VERIFIED	iNaturalist Suomi Finland
keltavahvero (fi) — Cantharellus cibarius	keltavahvero (fi)		2023-07-24	Helsinki	Uusimaa (U)	Suomi	60.23515	24.88664		COMMUNITY_VERIFIED	iNaturalist Suomi Finland
keltavahvero (fi) — Cantharellus cibarius	keltavahvero (fi)	3	2023-07-24 [17:40]	Hamina	Etelä-Karjala (EK)	Suomi	60.628086	27.344781	Sure	NEUTRAL	Notebook, general observations
keltavahvero (fi) — Cantharellus cibarius	keltavahvero (fi)		2023-07-23	Vihti	Varsinais-Suomi (V)	Suomi	60.525737	24.472792	Sure	NEUTRAL	The Atlas of Finnish Fungi
keltavahvero (fi) — Cantharellus cibarius	keltavahvero (fi)		2023-07-23	Espoo	Uusimaa (U)	Suomi	60.24541	24.55526		COMMUNITY_VERIFIED	iNaturalist Suomi Finland
keltavahvero (fi) — Cantharellus cibarius	keltavahvero (fi)		2023-07-21	Vaasa	Etelä-Pohjanmaa (EP)	Suomi	63.041864	21.602033	Sure	NEUTRAL	The Atlas of Finnish Fungi
keltavahvero (fi) — Cantharellus cibarius	keltavahvero (fi)		2023-07-21	Espoo	Uusimaa (U)	Suomi	60.17955	24.71957		COMMUNITY_VERIFIED	iNaturalist Suomi Finland
keltavahvero (fi) — Cantharellus cibarius	keltavahvero (fi)	muutama	2023-07-21	Nokia	Etelä-Häme (EH)	Suomi	61.49089	23.562632	Sure	NEUTRAL	Notebook, general observations
keltavahvero (fi) — Cantharellus cibarius	keltavahvero (fi)		2023-07-20 [11:25]	Tampere	Etelä-Häme (EH)	Suomi	61.468248	23.816019	Sure	NEUTRAL	The Atlas of Finnish Fungi
keltavahvero (fi) — Cantharellus cibarius	keltavahvero (fi)		2023-07-20 [11:31]	Tampere	Etelä-Häme (EH)	Suomi	61.468143	23.816238	Sure	NEUTRAL	The Atlas of Finnish Fungi
keltavahvero (fi) — Cantharellus cibarius	keltavahvero (fi)		2023-07-20 [11:51]	Tampere	Etelä-Häme (EH)	Suomi	61.467146	23.815164	Sure	NEUTRAL	The Atlas of Finnish Fungi
keltavahvero (fi) — Cantharellus cibarius	keltavahvero (fi)		2023-07-20 [12:45]	Tampere	Etelä-Häme (EH)	Suomi	61.467016	23.811262	Sure	NEUTRAL	The Atlas of Finnish Fungi
keltavahvero (fi) — Cantharellus cibarius	keltavahvero (fi)		2023-07-20 [11:05-13:24]	Tampere	Etelä-Häme (EH)	Suomi	61.468247	23.811325	Sure	NEUTRAL	The Atlas of Finnish Fungi
keltavahvero (fi) — Cantharellus cibarius	keltavahvero (fi)		2023-07-20 [13:21]	Tampere	Etelä-Häme (EH)	Suomi	61.470352	23.811406	Sure	NEUTRAL	The Atlas of Finnish Fungi
keltavahvero (fi) — Cantharellus cibarius	keltavahvero (fi)		2023-07-20	Vaasa	Etelä-Pohjanmaa (EP)	Suomi	63.038989	21.588644	Sure	NEUTRAL	The Atlas of Finnish Fungi
keltavahvero (fi) — Cantharellus cibarius	keltavahvero (fi)		2023-07-20	Kitee	Pohjois-Karjala (PK)	Suomi	61.920267	29.993473	Sure	NEUTRAL	The Atlas of Finnish Fungi
keltavahvero (fi) — Cantharellus cibarius	keltavahvero (fi)		2023-07-20	Hollola	Etelä-Häme (EH)	Suomi	61.01375	25.45379		COMMUNITY_VERIFIED	iNaturalist Suomi Finland
keltavahvero (fi) — Cantharellus cibarius	keltavahvero (fi)	15	2023-07-19 [12:00-14:00]	Tampere	Etelä-Häme (EH)	Suomi	61.515428	23.806254	Sure	NEUTRAL	Notebook, general observations
keltavahvero (fi) — Cantharellus cibarius	keltavahvero (fi)	100	2023-07-16	Eurajoki	Satakunta (St)	Suomi	61.475773	21.352928	Sure	NEUTRAL	Notebook, general observations
keltavahvero (fi) — Cantharellus cibarius	keltavahvero (fi)		2023-07-15	Tuusula	Uusimaa (U)	Suomi	60.4275	25.07299		COMMUNITY_VERIFIED	iNaturalist Suomi Finland
keltavahvero (fi) — Cantharellus cibarius	keltavahvero (fi)	4	2023-07-13	Kitee	Pohjois-Karjala (PK)	Suomi	61.897	29.672	Sure	NEUTRAL	The Atlas of Finnish Fungi
keltavahvero (fi) — Cantharellus cibarius	keltavahvero (fi)		2023-07-13	Pertunmaa	Etelä-Savo (ES)	Suomi	61.58984	26.46116		COMMUNITY_VERIFIED	iNaturalist Suomi Finland
keltavahvero (fi) — Cantharellus cibarius	keltavahvero (fi)		2023-07-12	Joroinen, Rantasalmi	Etelä-Savo (ES), Pohjois-Savo (PS)	Suomi	62.1	28.1		COMMUNITY_VERIFIED	iNaturalist Suomi Finland
keltavahvero (fi) — Cantharellus cibarius	keltavahvero (fi)		2023-07-11	Inkoo	Uusimaa (U)	Suomi	60.05694	23.89694		COMMUNITY_VERIFIED	iNaturalist Suomi Finland
keltavahvero (fi) — Cantharellus cibarius	keltavahvero (fi)		2023-07-10	Kuopio	Pohjois-Savo (PS)	Suomi	62.78252	27.68056		COMMUNITY_VERIFIED	iNaturalist Suomi Finland
keltavahvero (fi) — Cantharellus cibarius	keltavahvero (fi)		2023-07-10	Vantaa	Uusimaa (U)	Suomi	60.31688	25.02898		COMMUNITY_VERIFIED	iNaturalist Suomi Finland
keltavahvero (fi) — Cantharellus cibarius	keltavahvero (fi)		2023-07-09	Padasjoki	Etelä-Häme (EH)	Suomi	61.47024	25.08428		COMMUNITY_VERIFIED	iNaturalist Suomi Finland
keltavahvero (fi) — Cantharellus cibarius	keltavahvero (fi)		2023-07-08	Lappeenranta, Ruokolahti, Taipalsaari	Etelä-Karjala (EK), Etelä-Savo (ES)	Suomi	61.1	28.5		COMMUNITY_VERIFIED	iNaturalist Suomi Finland
keltavahvero (fi) — Cantharellus cibarius	keltavahvero (fi)		2023-07-07	Hartola, Joutsa, Mäntyharju	Etelä-Häme (EH), Etelä-Savo (ES)	Suomi	61.7	26.3		COMMUNITY_VERIFIED	iNaturalist Suomi Finland
keltavahvero (fi) — Cantharellus cibarius	keltavahvero (fi)		2023-07-07	Kustavi, Parainen	Varsinais-Suomi (V)	Suomi	60.5	21.3		COMMUNITY_VERIFIED	iNaturalist Suomi Finland
keltavahvero (fi) — Cantharellus cibarius	keltavahvero (fi)		2023-07-07	Naantali	Varsinais-Suomi (V)	Suomi	60.36916	21.94745		COMMUNITY_VERIFIED	iNaturalist Suomi Finland
keltavahvero (fi) — Cantharellus cibarius	keltavahvero (fi)		2023-07-06	Vaasa	Etelä-Pohjanmaa (EP)	Suomi	63.04095	21.57775	Sure	NEUTRAL	The Atlas of Finnish Fungi
keltavahvero (fi) — Cantharellus cibarius	keltavahvero (fi)		2023-07-05	Espoo	Uusimaa (U)	Suomi	60.344154	24.622096	Sure	NEUTRAL	The Atlas of Finnish Fungi
keltavahvero (fi) — Cantharellus cibarius	keltavahvero (fi)	Esiintymä	2023-07-04	Ylöjärvi	Satakunta (St)	Suomi	61.673732	23.371025	Sure	NEUTRAL	The Atlas of Finnish Fungi
keltavahvero (fi) — Cantharellus cibarius	keltavahvero (fi)		2023-07-02	Rautavaara	Pohjois-Karjala (PK)	Suomi	63.50977	28.12161		COMMUNITY_VERIFIED	iNaturalist Suomi Finland
keltavahvero (fi) — Cantharellus cibarius	keltavahvero (fi)		2023-07-02	Hausjärvi, Hämeenlinna, Janakkala, Riihimäki	Etelä-Häme (EH)	Suomi	60.9	24.7		COMMUNITY_VERIFIED	iNaturalist Suomi Finland
keltavahvero (fi) — Cantharellus cibarius	keltavahvero (fi)	1	2023-06-28	Raasepori	Varsinais-Suomi (V)	Suomi	59.995419	23.067123	Sure	NEUTRAL	The Atlas of Finnish Fungi
keltavahvero (fi) — Cantharellus cibarius	keltavahvero (fi)		2022-12-31	Parainen	Varsinais-Suomi (V)	Suomi	60.24331	21.36126		COMMUNITY_VERIFIED	iNaturalist Suomi Finland
keltavahvero (fi) — Cantharellus cibarius	keltavahvero (fi)		2022-11-27	Kristiinankaupunki	Etelä-Pohjanmaa (EP)	Suomi	62.19476	21.49602		COMMUNITY_VERIFIED	iNaturalist Suomi Finland
keltavahvero (fi) — Cantharellus cibarius	keltavahvero (fi)		2022-11-26	Jyväskylä	Pohjois-Häme (PH)	Suomi	62.18284	25.8412		COMMUNITY_VERIFIED	iNaturalist Suomi Finland
keltavahvero (fi) — Cantharellus cibarius	keltavahvero (fi)		2022-11-17	Tampere	Etelä-Häme (EH)	Suomi	61.70451	23.91092		COMMUNITY_VERIFIED	iNaturalist Suomi Finland
keltavahvero (fi) — Cantharellus cibarius	keltavahvero (fi)	>10	2022-11-15	Vaasa	Etelä-Pohjanmaa (EP)	Suomi	63.076323	21.69228	Sure	NEUTRAL	The Atlas of Finnish Fungi
keltavahvero (fi) — Cantharellus cibarius	keltavahvero (fi)	1	2022-11-15 [12:30]	Hamina	Etelä-Karjala (EK)	Suomi	60.62985	27.265059	Sure	NEUTRAL	Notebook, general observations
keltavahvero (fi) — Cantharellus cibarius	keltavahvero (fi)	1	2022-11-14	Vaasa	Etelä-Pohjanmaa (EP)	Suomi	63.075991	21.689361	Sure	NEUTRAL	The Atlas of Finnish Fungi
keltavahvero (fi) — Cantharellus cibarius	keltavahvero (fi)	4	2022-11-14	Vaasa	Etelä-Pohjanmaa (EP)	Suomi	63.087214	21.684649	Sure	NEUTRAL	The Atlas of Finnish Fungi
keltavahvero (fi) — Cantharellus cibarius	keltavahvero (fi)		2022-11-12	Raasepori, Salo	Uusimaa (U), Varsinais-Suomi (V)	Suomi	60.1	23.5		COMMUNITY_VERIFIED	iNaturalist Suomi Finland
keltavahvero (fi) — Cantharellus cibarius	keltavahvero (fi)		2022-11-12	Imatra	Etelä-Savo (ES)	Suomi	61.207774	28.710683	Sure	NEUTRAL	Notebook, general observations
keltavahvero (fi) — Cantharellus cibarius	keltavahvero (fi)		2022-11-09	Helsinki	Uusimaa (U)	Suomi	60.27419	25.16547		COMMUNITY_VERIFIED	iNaturalist Suomi Finland
keltavahvero (fi) — Cantharellus cibarius	keltavahvero (fi)		2022-11-04	Salo	Varsinais-Suomi (V)	Suomi	60.47135	22.93638		COMMUNITY_VERIFIED	iNaturalist Suomi Finland
keltavahvero (fi) — Cantharellus cibarius	keltavahvero (fi)		2022-10-30	Sastamala	Satakunta (St)	Suomi	61.42097	22.62634		COMMUNITY_VERIFIED	iNaturalist Suomi Finland
keltavahvero (fi) — Cantharellus cibarius	keltavahvero (fi)	muutama	2022-10-28	Mustasaari	Etelä-Pohjanmaa (EP)	Suomi	62.980577	21.771065	Sure	NEUTRAL	The Atlas of Finnish Fungi
keltavahvero (fi) — Cantharellus cibarius	keltavahvero (fi)		2022-10-24	Lahti	Etelä-Häme (EH)	Suomi	60.98848	25.88728		COMMUNITY_VERIFIED	iNaturalist Suomi Finland
keltavahvero (fi) — Cantharellus cibarius	keltavahvero (fi)	10	2022-10-22	Rovaniemi	Perä-Pohjanmaa (PeP)	Suomi	66.414655	25.168976	Sure	NEUTRAL	The Atlas of Finnish Fungi
keltavahvero (fi) — Cantharellus cibarius	keltavahvero (fi)		2022-10-22	Kuhmoinen	Etelä-Häme (EH)	Suomi	61.64931	25.00891		COMMUNITY_VERIFIED	iNaturalist Suomi Finland
keltavahvero (fi) — Cantharellus cibarius	keltavahvero (fi)		2022-10-21	Rovaniemi	Perä-Pohjanmaa (PeP)	Suomi	66.87137	25.83755	Sure	NEUTRAL	The Atlas of Finnish Fungi
keltavahvero (fi) — Cantharellus cibarius	keltavahvero (fi)		2022-10-19			Suomi				COMMUNITY_VERIFIED	iNaturalist Suomi Finland
keltavahvero (fi) — Cantharellus cibarius	keltavahvero (fi)		2022-10-18	Salo	Varsinais-Suomi (V)	Suomi	60.35568	23.565627	Sure	NEUTRAL	The Atlas of Finnish Fungi
keltavahvero (fi) — Cantharellus cibarius	keltavahvero (fi)		2022-10-17	Toivakka	Pohjois-Häme (PH)	Suomi	62.13416	26.03135		COMMUNITY_VERIFIED	iNaturalist Suomi Finland
keltavahvero (fi) — Cantharellus cibarius	keltavahvero (fi)	Kohtalainen	2022-10-16	Mäntyharju	Etelä-Savo (ES)	Suomi	61.4047	26.811661		NEUTRAL	Löydös Open Finnish Observation Database
keltavahvero (fi) — Cantharellus cibarius	keltavahvero (fi)		2022-10-16	Taivalkoski	Koillismaa (Ks)	Suomi	65.293485	28.426358	Sure	NEUTRAL	The Atlas of Finnish Fungi
keltavahvero (fi) — Cantharellus cibarius	keltavahvero (fi)		2022-10-16	Toivakka	Pohjois-Häme (PH)	Suomi	62.12326	26.05996		COMMUNITY_VERIFIED	iNaturalist Suomi Finland
keltavahvero (fi) — Cantharellus cibarius	keltavahvero (fi)		2022-10-15	Toivakka	Pohjois-Häme (PH)	Suomi	62.10479	25.96283		COMMUNITY_VERIFIED	iNaturalist Suomi Finland
keltavahvero (fi) — Cantharellus cibarius	keltavahvero (fi)		2022-10-15	Pomarkku	Satakunta (St)	Suomi	61.7056	22.05976		COMMUNITY_VERIFIED	iNaturalist Suomi Finland
keltavahvero (fi) — Cantharellus cibarius	keltavahvero (fi)	1	2022-10-12	Sonkajärvi	Pohjois-Savo (PS)	Suomi	63.950749	27.161455		NEUTRAL	LajiGIS: Species mapping and surveys
keltavahvero (fi) — Cantharellus cibarius	keltavahvero (fi)		2022-10-10	Tampere	Etelä-Häme (EH)	Suomi	61.48339	23.82032		COMMUNITY_VERIFIED	iNaturalist Suomi Finland
keltavahvero (fi) — Cantharellus cibarius	keltavahvero (fi)		2022-10-09	Vihti	Varsinais-Suomi (V)	Suomi	60.529355	24.486225	Sure	NEUTRAL	The Atlas of Finnish Fungi
keltavahvero (fi) — Cantharellus cibarius	keltavahvero (fi)		2022-10-07	Taivalkoski	Koillismaa (Ks)	Suomi	65.288742	28.357641	Sure	NEUTRAL	The Atlas of Finnish Fungi
keltavahvero (fi) — Cantharellus cibarius	keltavahvero (fi)		2022-10-03	Juuka	Pohjois-Karjala (PK)	Suomi	63.087124	29.555536	Sure	NEUTRAL	Notebook, general observations
keltavahvero (fi) — Cantharellus cibarius	keltavahvero (fi)		2022-10-03	Nurmijärvi	Uusimaa (U)	Suomi	60.497464	24.691926	Sure	NEUTRAL	The Atlas of Finnish Fungi
keltavahvero (fi) — Cantharellus cibarius	keltavahvero (fi)		2022-10-02	Masku, Mynämäki, Naantali	Varsinais-Suomi (V)	Suomi	60.5	21.9		COMMUNITY_VERIFIED	iNaturalist Suomi Finland
keltavahvero (fi) — Cantharellus cibarius	keltavahvero (fi)		2022-10-01	Puolanka	Kainuu (Kn)	Suomi	65.121485	27.958008	Sure	NEUTRAL	Notebook, general observations
keltavahvero (fi) — Cantharellus cibarius	keltavahvero (fi)		2022-09-29	Parainen	Varsinais-Suomi (V)	Suomi	60.28253	22.42984		COMMUNITY_VERIFIED	iNaturalist Suomi Finland
keltavahvero (fi) — Cantharellus cibarius	keltavahvero (fi)		2022-09-29	Parainen	Varsinais-Suomi (V)	Suomi	60.298956	22.39488		NEUTRAL	Fungus observations of Turku university Herbarium
keltavahvero (fi) — Cantharellus cibarius	keltavahvero (fi)	Muutamia	2022-09-24 [16:16]	Rautalampi	Pohjois-Häme (PH)	Suomi	62.557481	26.622202	Sure	NEUTRAL	The Atlas of Finnish Fungi
keltavahvero (fi) — Cantharellus cibarius	keltavahvero (fi)		2022-09-24			Suomi				COMMUNITY_VERIFIED	iNaturalist Suomi Finland
keltavahvero (fi) — Cantharellus cibarius	keltavahvero (fi)		2022-09-24	Kitee	Pohjois-Karjala (PK)	Suomi	61.8949	29.94794		COMMUNITY_VERIFIED	iNaturalist Suomi Finland
keltavahvero (fi) — Cantharellus cibarius	keltavahvero (fi)		2022-09-24	Riihimäki	Etelä-Häme (EH)	Suomi	60.71049	24.68564		COMMUNITY_VERIFIED	iNaturalist Suomi Finland
keltavahvero (fi) — Cantharellus cibarius	keltavahvero (fi)		2022-09-20	Hämeenlinna	Etelä-Häme (EH)	Suomi	61.04845	23.83753		COMMUNITY_VERIFIED	iNaturalist Suomi Finland
keltavahvero (fi) — Cantharellus cibarius	keltavahvero (fi)		2022-09-18	Lempäälä	Etelä-Häme (EH)	Suomi	61.35119	23.80274		COMMUNITY_VERIFIED	iNaturalist Suomi Finland
keltavahvero (fi) — Cantharellus cibarius	keltavahvero (fi)	100	2022-09-18	Inari	Inarin Lappi (InL)	Suomi	69.181449	26.572897		NEUTRAL	Notebook, general observations
keltavahvero (fi) — Cantharellus cibarius	keltavahvero (fi)		2022-09-16	Ilomantsi	Pohjois-Karjala (PK)	Suomi	62.926168	31.513488	Sure	NEUTRAL	Notebook, general observations
keltavahvero (fi) — Cantharellus cibarius	keltavahvero (fi)	>10	2022-09-16	Vaasa	Etelä-Pohjanmaa (EP)	Suomi	63.084162	21.681019	Sure	NEUTRAL	The Atlas of Finnish Fungi
keltavahvero (fi) — Cantharellus cibarius	keltavahvero (fi)	>10	2022-09-16	Vaasa	Etelä-Pohjanmaa (EP)	Suomi	63.083852	21.672998	Sure	NEUTRAL	The Atlas of Finnish Fungi
keltavahvero (fi) — Cantharellus cibarius	keltavahvero (fi)		2022-09-16	Riihimäki	Etelä-Häme (EH)	Suomi	60.73302	24.81163		COMMUNITY_VERIFIED	iNaturalist Suomi Finland
keltavahvero (fi) — Cantharellus cibarius	keltavahvero (fi)		2022-09-15	Mustasaari	Etelä-Pohjanmaa (EP)	Suomi	62.96501	21.74051		COMMUNITY_VERIFIED	iNaturalist Suomi Finland
keltavahvero (fi) — Cantharellus cibarius	keltavahvero (fi)		2022-09-14	Alavus	Etelä-Pohjanmaa (EP)	Suomi	62.59899	23.95119		COMMUNITY_VERIFIED	iNaturalist Suomi Finland
keltavahvero (fi) — Cantharellus cibarius	keltavahvero (fi)	4 itiöemää	2022-09-13	Pyhäjärvi	Keski-Pohjanmaa (KP)	Suomi	63.639653	25.975348	Sure	NEUTRAL	The Atlas of Finnish Fungi
keltavahvero (fi) — Cantharellus cibarius	keltavahvero (fi)		2022-09-11	Pudasjärvi	Oulun Pohjanmaa (OP)	Suomi	65.629032	27.704267	Sure	NEUTRAL	The Atlas of Finnish Fungi
keltavahvero (fi) — Cantharellus cibarius	keltavahvero (fi)		2022-09-10	Ylöjärvi	Etelä-Häme (EH)	Suomi	61.85719	23.69857		COMMUNITY_VERIFIED	iNaturalist Suomi Finland
keltavahvero (fi) — Cantharellus cibarius	keltavahvero (fi)	2	2022-09-08	Hämeenlinna	Etelä-Häme (EH)	Suomi	61.088685	25.008361	Sure	NEUTRAL	The Atlas of Finnish Fungi
keltavahvero (fi) — Cantharellus cibarius	keltavahvero (fi)	muutama	2022-09-08	Padasjoki	Etelä-Häme (EH)	Suomi	61.321865	25.075862	Sure	NEUTRAL	The Atlas of Finnish Fungi
keltavahvero (fi) — Cantharellus cibarius	keltavahvero (fi)		2022-09-08	Viitasaari	Pohjois-Häme (PH)	Suomi	63.07378	25.85225		COMMUNITY_VERIFIED	iNaturalist Suomi Finland
keltavahvero (fi) — Cantharellus cibarius	keltavahvero (fi)	7	2022-09-07 [18:02]	Jyväskylä	Pohjois-Häme (PH)	Suomi	62.167901	25.862958	Sure	NEUTRAL	The Atlas of Finnish Fungi
keltavahvero (fi) — Cantharellus cibarius	keltavahvero (fi)		2022-09-07	Hämeenlinna	Etelä-Häme (EH)	Suomi	61.209801	25.124241	Sure	NEUTRAL	The Atlas of Finnish Fungi
keltavahvero (fi) — Cantharellus cibarius	keltavahvero (fi)		2022-09-06	Hämeenlinna	Etelä-Häme (EH)	Suomi	61.105794	24.988672	Sure	NEUTRAL	The Atlas of Finnish Fungi
keltavahvero (fi) — Cantharellus cibarius	keltavahvero (fi)	3	2022-09-06	Hämeenlinna	Etelä-Häme (EH)	Suomi	61.209643	25.126335	Sure	NEUTRAL	The Atlas of Finnish Fungi
keltavahvero (fi) — Cantharellus cibarius	keltavahvero (fi)	2	2022-09-06	Hämeenlinna	Etelä-Häme (EH)	Suomi	61.216429	25.135628	Sure	NEUTRAL	The Atlas of Finnish Fungi
keltavahvero (fi) — Cantharellus cibarius	keltavahvero (fi)		2022-09-05	Puolanka	Kainuu (Kn)	Suomi	64.765434	27.79062	Sure	NEUTRAL	The Atlas of Finnish Fungi
keltavahvero (fi) — Cantharellus cibarius	keltavahvero (fi)	2	2022-09-05	Turku	Varsinais-Suomi (V)	Suomi	60.4093	22.204831	Sure	NEUTRAL	Notebook, general observations
keltavahvero (fi) — Cantharellus cibarius	keltavahvero (fi)		2022-09-05	Rääkkylä	Pohjois-Karjala (PK)	Suomi	62.25236	29.78456		COMMUNITY_VERIFIED	iNaturalist Suomi Finland
keltavahvero (fi) — Cantharellus cibarius	keltavahvero (fi)		2022-09-04	Kaarina	Varsinais-Suomi (V)	Suomi	60.39961	22.31362		COMMUNITY_VERIFIED	iNaturalist Suomi Finland
keltavahvero (fi) — Cantharellus cibarius	keltavahvero (fi)		2022-09-04	Turku	Varsinais-Suomi (V)	Suomi	60.4392	22.19445		COMMUNITY_VERIFIED	iNaturalist Suomi Finland
keltavahvero (fi) — Cantharellus cibarius	keltavahvero (fi)		2022-09-04	Kaarina	Varsinais-Suomi (V)	Suomi	60.39975	22.31337		COMMUNITY_VERIFIED	iNaturalist Suomi Finland
keltavahvero (fi) — Cantharellus cibarius	keltavahvero (fi)		2022-09-04	Parkano	Satakunta (St)	Suomi	61.96488	23.01757		COMMUNITY_VERIFIED	iNaturalist Suomi Finland
keltavahvero (fi) — Cantharellus cibarius	keltavahvero (fi)	Noin 30	2022-09-04	Turku	Varsinais-Suomi (V)	Suomi	60.426763	22.206345	Sure	NEUTRAL	Notebook, general observations
keltavahvero (fi) — Cantharellus cibarius	keltavahvero (fi)		2022-09-03	Kemiönsaari	Varsinais-Suomi (V)	Suomi	59.9	22.5		COMMUNITY_VERIFIED	iNaturalist Suomi Finland
keltavahvero (fi) — Cantharellus cibarius	keltavahvero (fi)	20	2022-09-02	Inari	Inarin Lappi (InL)	Suomi	68.346488	27.464745		NEUTRAL	Löydös Open Finnish Observation Database
keltavahvero (fi) — Cantharellus cibarius	keltavahvero (fi)		2022-09-02	Hausjärvi	Etelä-Häme (EH)	Suomi	60.78649	25.02709		COMMUNITY_VERIFIED	iNaturalist Suomi Finland
keltavahvero (fi) — Cantharellus cibarius	keltavahvero (fi)		2022-09-02	Mikkeli	Etelä-Savo (ES)	Suomi	61.77927	27.29859		COMMUNITY_VERIFIED	iNaturalist Suomi Finland
keltavahvero (fi) — Cantharellus cibarius	keltavahvero (fi)		2022-09-02			Suomi				COMMUNITY_VERIFIED	iNaturalist Suomi Finland
keltavahvero (fi) — Cantharellus cibarius	keltavahvero (fi)		2022-09-01	Kaarina, Lieto, Masku, Nousiainen, Raisio, Rusko, Turku	Varsinais-Suomi (V)	Suomi	60.5	22.3		COMMUNITY_VERIFIED	iNaturalist Suomi Finland
keltavahvero (fi) — Cantharellus cibarius	keltavahvero (fi)		2022-09-01	Ruokolahti	Etelä-Savo (ES)	Suomi	61.30155	28.8171		COMMUNITY_VERIFIED	iNaturalist Suomi Finland
keltavahvero (fi) — Cantharellus cibarius	keltavahvero (fi)		2022-08-31	Parkano	Satakunta (St)	Suomi	62.03639	22.91882		COMMUNITY_VERIFIED	iNaturalist Suomi Finland
keltavahvero (fi) — Cantharellus cibarius	keltavahvero (fi)		2022-08-30	Seinäjoki	Etelä-Pohjanmaa (EP)	Suomi	62.86123	22.49551		COMMUNITY_VERIFIED	iNaturalist Suomi Finland
keltavahvero (fi) — Cantharellus cibarius	keltavahvero (fi)		2022-08-30	Muurame	Etelä-Häme (EH)	Suomi	62.22201	25.50362		COMMUNITY_VERIFIED	iNaturalist Suomi Finland
keltavahvero (fi) — Cantharellus cibarius	keltavahvero (fi)		2022-08-29	Joensuu	Pohjois-Karjala (PK)	Suomi	62.60537	29.73618		COMMUNITY_VERIFIED	iNaturalist Suomi Finland
keltavahvero (fi) — Cantharellus cibarius	keltavahvero (fi)		2022-08-29	Kerava	Uusimaa (U)	Suomi	60.42332	25.12435		COMMUNITY_VERIFIED	iNaturalist Suomi Finland
keltavahvero (fi) — Cantharellus cibarius	keltavahvero (fi)		2022-08-28	Ilmajoki, Kurikka, Seinäjoki	Etelä-Pohjanmaa (EP)	Suomi	62.7	22.7		COMMUNITY_VERIFIED	iNaturalist Suomi Finland
keltavahvero (fi) — Cantharellus cibarius	keltavahvero (fi)		2022-08-27	Hartola, Luhanka, Sysmä	Etelä-Häme (EH)	Suomi	61.7	25.7		COMMUNITY_VERIFIED	iNaturalist Suomi Finland
keltavahvero (fi) — Cantharellus cibarius	keltavahvero (fi)	>30	2022-08-27	Vaasa	Etelä-Pohjanmaa (EP)	Suomi	63.079547	21.686692	Sure	NEUTRAL	The Atlas of Finnish Fungi
keltavahvero (fi) — Cantharellus cibarius	keltavahvero (fi)	>20	2022-08-27	Vaasa	Etelä-Pohjanmaa (EP)	Suomi	63.080571	21.683384	Sure	NEUTRAL	The Atlas of Finnish Fungi
keltavahvero (fi) — Cantharellus cibarius	keltavahvero (fi)	20	2022-08-27 [14:30]	Valkeakoski	Etelä-Häme (EH)	Suomi	61.258748	24.085865		NEUTRAL	Notebook, general observations
keltavahvero (fi) — Cantharellus cibarius	keltavahvero (fi)		2022-08-27	Kristiinankaupunki	Etelä-Pohjanmaa (EP)	Suomi	62.19227	21.32862		COMMUNITY_VERIFIED	iNaturalist Suomi Finland
keltavahvero (fi) — Cantharellus cibarius	keltavahvero (fi)		2022-08-27	Kokkola	Keski-Pohjanmaa (KP)	Suomi	63.87683	23.28165		COMMUNITY_VERIFIED	iNaturalist Suomi Finland
keltavahvero (fi) — Cantharellus cibarius	keltavahvero (fi)		2022-08-27	Turku	Varsinais-Suomi (V)	Suomi	60.3844	22.13718		COMMUNITY_VERIFIED	iNaturalist Suomi Finland
keltavahvero (fi) — Cantharellus cibarius	keltavahvero (fi)		2022-08-27	Jyväskylä	Etelä-Häme (EH)	Suomi	62.11689	25.769063	Sure	NEUTRAL	Notebook, general observations
keltavahvero (fi) — Cantharellus cibarius	keltavahvero (fi)	1	2022-08-26	Ylitornio	Perä-Pohjanmaa (PeP)	Suomi	66.319363	23.723273	Sure	NEUTRAL	The Atlas of Finnish Fungi
keltavahvero (fi) — Cantharellus cibarius	keltavahvero (fi)		2022-08-26	Rauma	Satakunta (St)	Suomi	61.13356	21.46492		COMMUNITY_VERIFIED	iNaturalist Suomi Finland
keltavahvero (fi) — Cantharellus cibarius	keltavahvero (fi)		2022-08-26			Suomi				COMMUNITY_VERIFIED	iNaturalist Suomi Finland
keltavahvero (fi) — Cantharellus cibarius	keltavahvero (fi)		2022-08-25	Karstula	Pohjois-Häme (PH)	Suomi	62.861192	24.40996	Sure	NEUTRAL	Notebook, general observations
keltavahvero (fi) — Cantharellus cibarius	keltavahvero (fi)	<10	2022-08-24	Vaasa	Etelä-Pohjanmaa (EP)	Suomi	63.067232	21.571132	Sure	NEUTRAL	The Atlas of Finnish Fungi
keltavahvero (fi) — Cantharellus cibarius	keltavahvero (fi)	<20	2022-08-24	Vaasa	Etelä-Pohjanmaa (EP)	Suomi	63.066901	21.571174	Sure	NEUTRAL	The Atlas of Finnish Fungi
keltavahvero (fi) — Cantharellus cibarius	keltavahvero (fi)		2022-08-24	Lieksa	Pohjois-Karjala (PK)	Suomi	63.10935	29.7941		COMMUNITY_VERIFIED	iNaturalist Suomi Finland
keltavahvero (fi) — Cantharellus cibarius	keltavahvero (fi)	Runsaasti	2022-08-23	Pudasjärvi	Oulun Pohjanmaa (OP)	Suomi	65.640997	27.504009	Sure	NEUTRAL	The Atlas of Finnish Fungi
keltavahvero (fi) — Cantharellus cibarius	keltavahvero (fi)	4	2022-08-23	Pudasjärvi	Oulun Pohjanmaa (OP)	Suomi	65.6413	27.504691	Sure	NEUTRAL	The Atlas of Finnish Fungi
keltavahvero (fi) — Cantharellus cibarius	keltavahvero (fi)	>100	2022-08-23	Vaasa	Etelä-Pohjanmaa (EP)	Suomi	63.099927	21.609999	Sure	NEUTRAL	The Atlas of Finnish Fungi
keltavahvero (fi) — Cantharellus cibarius	keltavahvero (fi)		2022-08-23	Rauma	Satakunta (St)	Suomi	61.15557	21.474		COMMUNITY_VERIFIED	iNaturalist Suomi Finland
keltavahvero (fi) — Cantharellus cibarius	keltavahvero (fi)		2022-08-23	Vaasa	Etelä-Pohjanmaa (EP)	Suomi	63.040336	21.593464	Sure	NEUTRAL	The Atlas of Finnish Fungi
keltavahvero (fi) — Cantharellus cibarius	keltavahvero (fi)	15	2022-08-21	Vaasa	Etelä-Pohjanmaa (EP)	Suomi	63.083053	21.627513	Sure	NEUTRAL	The Atlas of Finnish Fungi
keltavahvero (fi) — Cantharellus cibarius	keltavahvero (fi)		2022-08-21	Jyväskylä	Pohjois-Häme (PH)	Suomi	62.26262	25.69798		COMMUNITY_VERIFIED	iNaturalist Suomi Finland
keltavahvero (fi) — Cantharellus cibarius	keltavahvero (fi)		2022-08-20	Haapavesi	Keski-Pohjanmaa (KP)	Suomi	64.11518	25.2522		COMMUNITY_VERIFIED	iNaturalist Suomi Finland
keltavahvero (fi) — Cantharellus cibarius	keltavahvero (fi)		2022-08-20	Sastamala	Satakunta (St)	Suomi	61.31178	22.87954		COMMUNITY_VERIFIED	iNaturalist Suomi Finland
keltavahvero (fi) — Cantharellus cibarius	keltavahvero (fi)		2022-08-20	Padasjoki	Etelä-Häme (EH)	Suomi	61.33764	25.31116		COMMUNITY_VERIFIED	iNaturalist Suomi Finland
keltavahvero (fi) — Cantharellus cibarius	keltavahvero (fi)		2022-08-15	Vaasa	Etelä-Pohjanmaa (EP)	Suomi	63.035803	21.57165	Sure	NEUTRAL	The Atlas of Finnish Fungi
keltavahvero (fi) — Cantharellus cibarius	keltavahvero (fi)		2022-08-14	Masku, Mynämäki, Naantali	Varsinais-Suomi (V)	Suomi	60.5	21.9		COMMUNITY_VERIFIED	iNaturalist Suomi Finland
keltavahvero (fi) — Cantharellus cibarius	keltavahvero (fi)	ateriallinen	2022-08-14	Inari	Inarin Lappi (InL)	Suomi	69.228209	26.430596		NEUTRAL	Löydös Open Finnish Observation Database
keltavahvero (fi) — Cantharellus cibarius	keltavahvero (fi)		2022-08-14	Varkaus	Pohjois-Savo (PS)	Suomi	62.30382	27.80762		COMMUNITY_VERIFIED	iNaturalist Suomi Finland
keltavahvero (fi) — Cantharellus cibarius	keltavahvero (fi)		2022-08-14	Tampere	Etelä-Häme (EH)	Suomi	61.486	23.694	Sure	NEUTRAL	The Atlas of Finnish Fungi
keltavahvero (fi) — Cantharellus cibarius	keltavahvero (fi)		2022-08-13 [11:01-22:55]	Siuntio	Uusimaa (U)	Suomi	60.06274	24.278512	Sure	NEUTRAL	Notebook, general observations
keltavahvero (fi) — Cantharellus cibarius	keltavahvero (fi)	8l sankollinen	2022-08-13	Iisalmi	Pohjois-Savo (PS)	Suomi	63.494269	27.230875		NEUTRAL	Löydös Open Finnish Observation Database
keltavahvero (fi) — Cantharellus cibarius	keltavahvero (fi)		2022-08-13	Seinäjoki	Etelä-Pohjanmaa (EP)	Suomi	62.86499	23.01499		COMMUNITY_VERIFIED	iNaturalist Suomi Finland
keltavahvero (fi) — Cantharellus cibarius	keltavahvero (fi)		2022-08-13	Seinäjoki	Etelä-Pohjanmaa (EP)	Suomi	62.85561	22.99354		COMMUNITY_VERIFIED	iNaturalist Suomi Finland
keltavahvero (fi) — Cantharellus cibarius	keltavahvero (fi)		2022-08-13	Espoo	Uusimaa (U)	Suomi	60.17969	24.70047		COMMUNITY_VERIFIED	iNaturalist Suomi Finland
keltavahvero (fi) — Cantharellus cibarius	keltavahvero (fi)		2022-08-12	Heinävesi	Pohjois-Savo (PS)	Suomi	62.39326	28.8186	Sure	NEUTRAL	The Atlas of Finnish Fungi
keltavahvero (fi) — Cantharellus cibarius	keltavahvero (fi)		2022-08-12	Tammela	Etelä-Häme (EH)	Suomi	60.68314	23.83801		COMMUNITY_VERIFIED	iNaturalist Suomi Finland
keltavahvero (fi) — Cantharellus cibarius	keltavahvero (fi)		2022-08-11	Mustasaari	Etelä-Pohjanmaa (EP)	Suomi	62.98245	21.6287		COMMUNITY_VERIFIED	iNaturalist Suomi Finland
keltavahvero (fi) — Cantharellus cibarius	keltavahvero (fi)		2022-08-11	Tammela	Etelä-Häme (EH)	Suomi	60.70028	23.92644		COMMUNITY_VERIFIED	iNaturalist Suomi Finland
keltavahvero (fi) — Cantharellus cibarius	keltavahvero (fi)		2022-08-10	Kauhajoki	Etelä-Pohjanmaa (EP)	Suomi	62.32697	22.26612		NEUTRAL	Löydös Open Finnish Observation Database
keltavahvero (fi) — Cantharellus cibarius	keltavahvero (fi)	Reilu litra	2022-08-10	Sodankylä	Sompion Lappi (SoL)	Suomi	68.340754	27.614419		NEUTRAL	Löydös Open Finnish Observation Database
keltavahvero (fi) — Cantharellus cibarius	keltavahvero (fi)		2022-08-10 - 2022-08-12	Lieksa	Pohjois-Karjala (PK)	Suomi	63.132191	30.701969	Sure	NEUTRAL	The Atlas of Finnish Fungi
keltavahvero (fi) — Cantharellus cibarius	keltavahvero (fi)		2022-08-10	Loppi	Etelä-Häme (EH)	Suomi	60.73143	24.68613		COMMUNITY_VERIFIED	iNaturalist Suomi Finland
keltavahvero (fi) — Cantharellus cibarius	keltavahvero (fi)		2022-08-10	Karijoki	Etelä-Pohjanmaa (EP)	Suomi	62.38736	21.54047		COMMUNITY_VERIFIED	iNaturalist Suomi Finland
keltavahvero (fi) — Cantharellus cibarius	keltavahvero (fi)		2022-08-09	Pälkäne	Etelä-Häme (EH)	Suomi	61.38506	24.51228		COMMUNITY_VERIFIED	iNaturalist Suomi Finland
keltavahvero (fi) — Cantharellus cibarius	keltavahvero (fi)		2022-08-08	Kirkkonummi	Uusimaa (U)	Suomi	60.272735	24.474992	Sure	NEUTRAL	The Atlas of Finnish Fungi
keltavahvero (fi) — Cantharellus cibarius	keltavahvero (fi)		2022-08-08	Nokia	Etelä-Häme (EH)	Suomi	61.46464	23.5356		COMMUNITY_VERIFIED	iNaturalist Suomi Finland
keltavahvero (fi) — Cantharellus cibarius	keltavahvero (fi)		2022-08-08	Raisio	Varsinais-Suomi (V)	Suomi	60.47953	22.19484		COMMUNITY_VERIFIED	iNaturalist Suomi Finland
keltavahvero (fi) — Cantharellus cibarius	keltavahvero (fi)		2022-08-08	Jyväskylä	Pohjois-Häme (PH)	Suomi	62.18285	25.85819		COMMUNITY_VERIFIED	iNaturalist Suomi Finland
keltavahvero (fi) — Cantharellus cibarius	keltavahvero (fi)		2022-08-08	Juuka	Pohjois-Karjala (PK)	Suomi	63.129624	29.276535		NEUTRAL	Notebook, general observations
keltavahvero (fi) — Cantharellus cibarius	keltavahvero (fi)		2022-08-07	Kontiolahti, Liperi, Polvijärvi	Pohjois-Karjala (PK)	Suomi	62.7	29.5		COMMUNITY_VERIFIED	iNaturalist Suomi Finland
keltavahvero (fi) — Cantharellus cibarius	keltavahvero (fi)		2022-08-07 [15:38-17:23]	Salo	Varsinais-Suomi (V)	Suomi	60.140844	22.956214	Sure	NEUTRAL	The Atlas of Finnish Fungi
keltavahvero (fi) — Cantharellus cibarius	keltavahvero (fi)		2022-08-07	Pedersören kunta	Keski-Pohjanmaa (KP)	Suomi	63.66329	23.02658		COMMUNITY_VERIFIED	iNaturalist Suomi Finland
keltavahvero (fi) — Cantharellus cibarius	keltavahvero (fi)		2022-08-07	Hausjärvi	Etelä-Häme (EH)	Suomi	60.78649	25.02709		COMMUNITY_VERIFIED	iNaturalist Suomi Finland
keltavahvero (fi) — Cantharellus cibarius	keltavahvero (fi)		2022-08-07	Hausjärvi	Etelä-Häme (EH)	Suomi	60.80168	24.85148		COMMUNITY_VERIFIED	iNaturalist Suomi Finland
keltavahvero (fi) — Cantharellus cibarius	keltavahvero (fi)		2022-08-07	Mikkeli	Etelä-Savo (ES)	Suomi	61.4558	27.51311		COMMUNITY_VERIFIED	iNaturalist Suomi Finland
keltavahvero (fi) — Cantharellus cibarius	keltavahvero (fi)		2022-08-07	Mikkeli	Etelä-Savo (ES)	Suomi	61.3231	27.56686		COMMUNITY_VERIFIED	iNaturalist Suomi Finland
keltavahvero (fi) — Cantharellus cibarius	keltavahvero (fi)		2022-08-06	Parkano	Satakunta (St)	Suomi	62.0348	22.91912		COMMUNITY_VERIFIED	iNaturalist Suomi Finland
keltavahvero (fi) — Cantharellus cibarius	keltavahvero (fi)		2022-08-06	Riihimäki	Etelä-Häme (EH)	Suomi	60.72288	24.69568		COMMUNITY_VERIFIED	iNaturalist Suomi Finland
keltavahvero (fi) — Cantharellus cibarius	keltavahvero (fi)		2022-08-06	Hattula	Etelä-Häme (EH)	Suomi	60.93856	24.11906		COMMUNITY_VERIFIED	iNaturalist Suomi Finland
keltavahvero (fi) — Cantharellus cibarius	keltavahvero (fi)		2022-08-06	Turku	Varsinais-Suomi (V)	Suomi	60.35713	22.16058		COMMUNITY_VERIFIED	iNaturalist Suomi Finland
keltavahvero (fi) — Cantharellus cibarius	keltavahvero (fi)		2022-08-05	Hausjärvi, Hyvinkää, Janakkala, Loppi, Riihimäki	Etelä-Häme (EH), Uusimaa (U)	Suomi	60.7	24.7		COMMUNITY_VERIFIED	iNaturalist Suomi Finland
keltavahvero (fi) — Cantharellus cibarius	keltavahvero (fi)		2022-08-05	Hausjärvi	Etelä-Häme (EH)	Suomi	60.7365	24.93996		COMMUNITY_VERIFIED	iNaturalist Suomi Finland
keltavahvero (fi) — Cantharellus cibarius	keltavahvero (fi)		2022-08-04	Riihimäki	Etelä-Häme (EH)	Suomi	60.68637	24.74073		COMMUNITY_VERIFIED	iNaturalist Suomi Finland
keltavahvero (fi) — Cantharellus cibarius	keltavahvero (fi)		2022-08-04			Suomi				COMMUNITY_VERIFIED	iNaturalist Suomi Finland
keltavahvero (fi) — Cantharellus cibarius	keltavahvero (fi)		2022-08-03	Hanko	Varsinais-Suomi (V)	Suomi	59.89609	23.12308		COMMUNITY_VERIFIED	iNaturalist Suomi Finland
keltavahvero (fi) — Cantharellus cibarius	keltavahvero (fi)	2 kpl	2022-08-03	Kruunupyy	Keski-Pohjanmaa (KP)	Suomi	63.386669	23.705669		NEUTRAL	Löydös Open Finnish Observation Database
keltavahvero (fi) — Cantharellus cibarius	keltavahvero (fi)	2 kpl	2022-08-03	Kruunupyy	Keski-Pohjanmaa (KP)	Suomi	63.386669	23.705669		NEUTRAL	Löydös Open Finnish Observation Database
keltavahvero (fi) — Cantharellus cibarius	keltavahvero (fi)		2022-08-03	Sastamala	Satakunta (St)	Suomi	61.376619	23.12143	Sure	NEUTRAL	The Atlas of Finnish Fungi
keltavahvero (fi) — Cantharellus cibarius	keltavahvero (fi)		2022-08-03	Espoo	Uusimaa (U)	Suomi	60.29347	24.5628		COMMUNITY_VERIFIED	iNaturalist Suomi Finland
keltavahvero (fi) — Cantharellus cibarius	keltavahvero (fi)		2022-08-03	Helsinki	Uusimaa (U)	Suomi	60.25524	24.84517		COMMUNITY_VERIFIED	iNaturalist Suomi Finland
keltavahvero (fi) — Cantharellus cibarius	keltavahvero (fi)		2022-08-03	Loppi	Etelä-Häme (EH)	Suomi	60.72489	24.68577		COMMUNITY_VERIFIED	iNaturalist Suomi Finland
keltavahvero (fi) — Cantharellus cibarius	keltavahvero (fi)		2022-08-02	Liperi	Pohjois-Karjala (PK)	Suomi	62.62969	29.59648		COMMUNITY_VERIFIED	iNaturalist Suomi Finland
keltavahvero (fi) — Cantharellus cibarius	keltavahvero (fi)		2022-08-02	Kalajoki	Keski-Pohjanmaa (KP)	Suomi	64.02554	24.23568		COMMUNITY_VERIFIED	iNaturalist Suomi Finland
keltavahvero (fi) — Cantharellus cibarius	keltavahvero (fi)		2022-08-02	Naantali	Varsinais-Suomi (V)	Suomi	60.39046	21.90232		COMMUNITY_VERIFIED	iNaturalist Suomi Finland
keltavahvero (fi) — Cantharellus cibarius	keltavahvero (fi)		2022-08-01	Hausjärvi	Etelä-Häme (EH)	Suomi	60.7232	24.84902		COMMUNITY_VERIFIED	iNaturalist Suomi Finland
keltavahvero (fi) — Cantharellus cibarius	keltavahvero (fi)		2022-08-01	Hollola	Etelä-Häme (EH)	Suomi	61.02472	25.17772		COMMUNITY_VERIFIED	iNaturalist Suomi Finland
keltavahvero (fi) — Cantharellus cibarius	keltavahvero (fi)		2022-08-01	Alavus	Etelä-Pohjanmaa (EP)	Suomi	62.52985	23.50638		COMMUNITY_VERIFIED	iNaturalist Suomi Finland
keltavahvero (fi) — Cantharellus cibarius	keltavahvero (fi)		2022-08-01	Mikkeli	Etelä-Savo (ES)	Suomi	61.68537	27.06443		COMMUNITY_VERIFIED	iNaturalist Suomi Finland
keltavahvero (fi) — Cantharellus cibarius	keltavahvero (fi)		2022-08-01	Espoo	Uusimaa (U)	Suomi	60.3137	24.51546		COMMUNITY_VERIFIED	iNaturalist Suomi Finland
keltavahvero (fi) — Cantharellus cibarius	keltavahvero (fi)		2022-08-01	Vaasa	Etelä-Pohjanmaa (EP)	Suomi	63.002128	21.5052	Sure	NEUTRAL	The Atlas of Finnish Fungi
keltavahvero (fi) — Cantharellus cibarius	keltavahvero (fi)		2022-07-31	Haapavesi	Keski-Pohjanmaa (KP)	Suomi	64.19706	25.51557		COMMUNITY_VERIFIED	iNaturalist Suomi Finland
keltavahvero (fi) — Cantharellus cibarius	keltavahvero (fi)		2022-07-31	Hanko	Uusimaa (U)	Suomi	59.85555	23.070876	Sure	NEUTRAL	The Atlas of Finnish Fungi
keltavahvero (fi) — Cantharellus cibarius	keltavahvero (fi)		2022-07-31	Turku	Varsinais-Suomi (V)	Suomi	60.43488	22.19345		COMMUNITY_VERIFIED	iNaturalist Suomi Finland
keltavahvero (fi) — Cantharellus cibarius	keltavahvero (fi)		2022-07-31	Ylöjärvi	Etelä-Häme (EH)	Suomi	61.58975	23.66768		COMMUNITY_VERIFIED	iNaturalist Suomi Finland
keltavahvero (fi) — Cantharellus cibarius	keltavahvero (fi)		2022-07-31	Iisalmi	Pohjois-Savo (PS)	Suomi	63.56524	27.19369		COMMUNITY_VERIFIED	iNaturalist Suomi Finland
keltavahvero (fi) — Cantharellus cibarius	keltavahvero (fi)		2022-07-30	Raasepori	Varsinais-Suomi (V)	Suomi	60.08751	23.66945		COMMUNITY_VERIFIED	iNaturalist Suomi Finland
keltavahvero (fi) — Cantharellus cibarius	keltavahvero (fi)		2022-07-30	Janakkala	Etelä-Häme (EH)	Suomi	60.79872	24.47175		COMMUNITY_VERIFIED	iNaturalist Suomi Finland
keltavahvero (fi) — Cantharellus cibarius	keltavahvero (fi)		2022-07-30	Kuopio	Pohjois-Savo (PS)	Suomi	62.80819	27.60659		COMMUNITY_VERIFIED	iNaturalist Suomi Finland
keltavahvero (fi) — Cantharellus cibarius	keltavahvero (fi)		2022-07-30	Sysmä	Etelä-Häme (EH)	Suomi	61.419095	25.534791	Sure	NEUTRAL	Notebook, general observations
keltavahvero (fi) — Cantharellus cibarius	keltavahvero (fi)		2022-07-29	Helsinki, Kerava, Sipoo, Tuusula, Vantaa	Uusimaa (U)	Suomi	60.3	25.1		COMMUNITY_VERIFIED	iNaturalist Suomi Finland
keltavahvero (fi) — Cantharellus cibarius	keltavahvero (fi)		2022-07-29	Inkoo, Lohja, Raasepori, Salo	Uusimaa (U), Varsinais-Suomi (V)	Suomi	60.1	23.7		COMMUNITY_VERIFIED	iNaturalist Suomi Finland
keltavahvero (fi) — Cantharellus cibarius	keltavahvero (fi)		2022-07-29	Kauniainen	Uusimaa (U)	Suomi	60.213593	24.682613	Sure	NEUTRAL	The Atlas of Finnish Fungi
keltavahvero (fi) — Cantharellus cibarius	keltavahvero (fi)	Noin litra	2022-07-29	Sodankylä	Sompion Lappi (SoL)	Suomi	68.31021	27.643486	Sure	NEUTRAL	The Atlas of Finnish Fungi
keltavahvero (fi) — Cantharellus cibarius	keltavahvero (fi)		2022-07-29	Vesilahti	Etelä-Häme (EH)	Suomi	61.328146	23.480662	Sure	NEUTRAL	The Atlas of Finnish Fungi
keltavahvero (fi) — Cantharellus cibarius	keltavahvero (fi)	muutamia	2022-07-29	Vihti	Varsinais-Suomi (V)	Suomi	60.525487	24.49933	Sure	NEUTRAL	The Atlas of Finnish Fungi
keltavahvero (fi) — Cantharellus cibarius	keltavahvero (fi)		2022-07-29	Taipalsaari	Etelä-Savo (ES)	Suomi	61.11407	28.0412		COMMUNITY_VERIFIED	iNaturalist Suomi Finland
keltavahvero (fi) — Cantharellus cibarius	keltavahvero (fi)		2022-07-29	Virrat	Pohjois-Häme (PH)	Suomi	62.20816	23.99063		COMMUNITY_VERIFIED	iNaturalist Suomi Finland
keltavahvero (fi) — Cantharellus cibarius	keltavahvero (fi)		2022-07-29	Pihtipudas	Pohjois-Häme (PH)	Suomi	63.45526	25.63836		COMMUNITY_VERIFIED	iNaturalist Suomi Finland
keltavahvero (fi) — Cantharellus cibarius	keltavahvero (fi)		2022-07-29	Joroinen	Pohjois-Savo (PS)	Suomi	62.26199	27.94047		COMMUNITY_VERIFIED	iNaturalist Suomi Finland
keltavahvero (fi) — Cantharellus cibarius	keltavahvero (fi)		2022-07-29	Vihti	Varsinais-Suomi (V)	Suomi	60.522611	24.502534	Sure	NEUTRAL	The Atlas of Finnish Fungi
keltavahvero (fi) — Cantharellus cibarius	keltavahvero (fi)		2022-07-29 [16:10]	Hyrynsalmi, Puolanka, Ristijärvi	Kainuu (Kn)	Suomi	64.668383	28.14823	Sure	NEUTRAL	The Atlas of Finnish Fungi
keltavahvero (fi) — Cantharellus cibarius	keltavahvero (fi)		2022-07-28	Salo	Varsinais-Suomi (V)	Suomi	60.1768	23.27678		COMMUNITY_VERIFIED	iNaturalist Suomi Finland
keltavahvero (fi) — Cantharellus cibarius	keltavahvero (fi)		2022-07-28	Janakkala	Etelä-Häme (EH)	Suomi	60.9309	24.64091		COMMUNITY_VERIFIED	iNaturalist Suomi Finland
keltavahvero (fi) — Cantharellus cibarius	keltavahvero (fi)		2022-07-28	Riihimäki	Etelä-Häme (EH)	Suomi	60.72666	24.7532		COMMUNITY_VERIFIED	iNaturalist Suomi Finland
keltavahvero (fi) — Cantharellus cibarius	keltavahvero (fi)		2022-07-28	Kitee	Pohjois-Karjala (PK)	Suomi	61.89045	29.6714		COMMUNITY_VERIFIED	iNaturalist Suomi Finland
keltavahvero (fi) — Cantharellus cibarius	keltavahvero (fi)		2022-07-26	Kuopio, Siilinjärvi	Pohjois-Savo (PS)	Suomi	62.9	27.5		COMMUNITY_VERIFIED	iNaturalist Suomi Finland
keltavahvero (fi) — Cantharellus cibarius	keltavahvero (fi)		2022-07-26	Vantaa	Uusimaa (U)	Suomi	60.25818	25.09219		COMMUNITY_VERIFIED	iNaturalist Suomi Finland
keltavahvero (fi) — Cantharellus cibarius	keltavahvero (fi)		2022-07-26	Pirkkala	Etelä-Häme (EH)	Suomi	61.4652	23.66144		COMMUNITY_VERIFIED	iNaturalist Suomi Finland
keltavahvero (fi) — Cantharellus cibarius	keltavahvero (fi)		2022-07-26			Suomi				COMMUNITY_VERIFIED	iNaturalist Suomi Finland
keltavahvero (fi) — Cantharellus cibarius	keltavahvero (fi)		2022-07-25	Lappeenranta	Etelä-Savo (ES)	Suomi	61.18839	28.71003		COMMUNITY_VERIFIED	iNaturalist Suomi Finland
keltavahvero (fi) — Cantharellus cibarius	keltavahvero (fi)		2022-07-25	Espoo	Uusimaa (U)	Suomi	60.298074	24.570307	Sure	NEUTRAL	The Atlas of Finnish Fungi
keltavahvero (fi) — Cantharellus cibarius	keltavahvero (fi)		2022-07-25	Karijoki	Etelä-Pohjanmaa (EP)	Suomi	62.38264	21.55667		COMMUNITY_VERIFIED	iNaturalist Suomi Finland
keltavahvero (fi) — Cantharellus cibarius	keltavahvero (fi)		2022-07-25	Siikainen	Satakunta (St)	Suomi	61.91196	21.93923		COMMUNITY_VERIFIED	iNaturalist Suomi Finland
keltavahvero (fi) — Cantharellus cibarius	keltavahvero (fi)		2022-07-24	Hämeenlinna	Etelä-Häme (EH)	Suomi	61.03528	24.99322		COMMUNITY_VERIFIED	iNaturalist Suomi Finland
keltavahvero (fi) — Cantharellus cibarius	keltavahvero (fi)		2022-07-24	Hausjärvi	Etelä-Häme (EH)	Suomi	60.76273	24.91221		COMMUNITY_VERIFIED	iNaturalist Suomi Finland
keltavahvero (fi) — Cantharellus cibarius	keltavahvero (fi)		2022-07-23	Lohja	Varsinais-Suomi (V)	Suomi	60.32418	23.81687		NEUTRAL	iNaturalist Suomi Finland
keltavahvero (fi) — Cantharellus cibarius	keltavahvero (fi)		2022-07-20	Kitee, Rääkkylä, Savonlinna	Etelä-Savo (ES), Pohjois-Karjala (PK)	Suomi	62.1	29.7		COMMUNITY_VERIFIED	iNaturalist Suomi Finland
keltavahvero (fi) — Cantharellus cibarius	keltavahvero (fi)		2022-07-20	Kitee, Rääkkylä, Savonlinna	Etelä-Savo (ES), Pohjois-Karjala (PK)	Suomi	62.1	29.7		COMMUNITY_VERIFIED	iNaturalist Suomi Finland
keltavahvero (fi) — Cantharellus cibarius	keltavahvero (fi)		2022-07-20	Kitee, Rääkkylä, Savonlinna	Etelä-Savo (ES), Pohjois-Karjala (PK)	Suomi	62.1	29.7		COMMUNITY_VERIFIED	iNaturalist Suomi Finland
keltavahvero (fi) — Cantharellus cibarius	keltavahvero (fi)		2022-07-20	Kitee, Rääkkylä, Savonlinna	Etelä-Savo (ES), Pohjois-Karjala (PK)	Suomi	62.1	29.7		COMMUNITY_VERIFIED	iNaturalist Suomi Finland
keltavahvero (fi) — Cantharellus cibarius	keltavahvero (fi)		2022-07-20	Ylöjärvi	Etelä-Häme (EH)	Suomi	61.96238	23.4146		COMMUNITY_VERIFIED	iNaturalist Suomi Finland
keltavahvero (fi) — Cantharellus cibarius	keltavahvero (fi)		2022-07-20	Riihimäki	Etelä-Häme (EH)	Suomi	60.76098	24.7966		COMMUNITY_VERIFIED	iNaturalist Suomi Finland
keltavahvero (fi) — Cantharellus cibarius	keltavahvero (fi)		2022-07-19	Nurmes, Rautavaara	Pohjois-Karjala (PK)	Suomi	63.5	28.7		COMMUNITY_VERIFIED	iNaturalist Suomi Finland
keltavahvero (fi) — Cantharellus cibarius	keltavahvero (fi)		2022-07-19	Tuusula	Uusimaa (U)	Suomi	60.43391	25.03974		COMMUNITY_VERIFIED	iNaturalist Suomi Finland
keltavahvero (fi) — Cantharellus cibarius	keltavahvero (fi)		2022-07-19	Ruokolahti	Etelä-Savo (ES)	Suomi	61.363722	28.338323	Sure	NEUTRAL	The Atlas of Finnish Fungi
keltavahvero (fi) — Cantharellus cibarius	keltavahvero (fi)		2022-07-18	Vihti	Varsinais-Suomi (V)	Suomi	60.542367	24.551888	Sure	NEUTRAL	The Atlas of Finnish Fungi
keltavahvero (fi) — Cantharellus cibarius	keltavahvero (fi)		2022-07-18	Kuopio	Pohjois-Savo (PS)	Suomi	62.7764	28.20211		COMMUNITY_VERIFIED	iNaturalist Suomi Finland
keltavahvero (fi) — Cantharellus cibarius	keltavahvero (fi)		2022-07-17	Helsinki, Porvoo, Sipoo	Uusimaa (U)	Suomi	60.3	25.3		COMMUNITY_VERIFIED	iNaturalist Suomi Finland
keltavahvero (fi) — Cantharellus cibarius	keltavahvero (fi)		2022-07-17	Naantali	Varsinais-Suomi (V)	Suomi	60.43277	22.01325		COMMUNITY_VERIFIED	iNaturalist Suomi Finland
keltavahvero (fi) — Cantharellus cibarius	keltavahvero (fi)		2022-07-17	Kouvola	Etelä-Savo (ES)	Suomi	60.86262	26.70579		COMMUNITY_VERIFIED	iNaturalist Suomi Finland
keltavahvero (fi) — Cantharellus cibarius	keltavahvero (fi)		2022-07-17	Hämeenlinna	Etelä-Häme (EH)	Suomi	61.20833	24.5124		COMMUNITY_VERIFIED	iNaturalist Suomi Finland
keltavahvero (fi) — Cantharellus cibarius	keltavahvero (fi)		2022-07-16	Espoo	Uusimaa (U)	Suomi	60.31268	24.65785		COMMUNITY_VERIFIED	iNaturalist Suomi Finland
keltavahvero (fi) — Cantharellus cibarius	keltavahvero (fi)		2022-07-16	Riihimäki	Etelä-Häme (EH)	Suomi	60.69905	24.70059		COMMUNITY_VERIFIED	iNaturalist Suomi Finland
keltavahvero (fi) — Cantharellus cibarius	keltavahvero (fi)		2022-07-15	Mänttä-Vilppula	Etelä-Häme (EH)	Suomi	62.03482	24.61485		COMMUNITY_VERIFIED	iNaturalist Suomi Finland
keltavahvero (fi) — Cantharellus cibarius	keltavahvero (fi)		2022-07-15	Kerava	Uusimaa (U)	Suomi	60.38141	25.13286		COMMUNITY_VERIFIED	iNaturalist Suomi Finland
keltavahvero (fi) — Cantharellus cibarius	keltavahvero (fi)		2022-07-15	Hausjärvi	Etelä-Häme (EH)	Suomi	60.78647	25.02709		COMMUNITY_VERIFIED	iNaturalist Suomi Finland
keltavahvero (fi) — Cantharellus cibarius	keltavahvero (fi)		2022-07-14	Hyvinkää, Nurmijärvi, Vihti	Uusimaa (U), Varsinais-Suomi (V)	Suomi	60.5	24.7		COMMUNITY_VERIFIED	iNaturalist Suomi Finland
keltavahvero (fi) — Cantharellus cibarius	keltavahvero (fi)		2022-07-14	Kirkkonummi	Uusimaa (U)	Suomi	60.25703	24.39484		COMMUNITY_VERIFIED	iNaturalist Suomi Finland
keltavahvero (fi) — Cantharellus cibarius	keltavahvero (fi)		2022-07-14	Salo	Varsinais-Suomi (V)	Suomi	60.3886	23.3603		COMMUNITY_VERIFIED	iNaturalist Suomi Finland
keltavahvero (fi) — Cantharellus cibarius	keltavahvero (fi)		2022-07-13	Porvoo	Uusimaa (U)	Suomi	60.37598	25.717908	Sure	NEUTRAL	The Atlas of Finnish Fungi
keltavahvero (fi) — Cantharellus cibarius	keltavahvero (fi)		2022-07-13	Asikkala	Etelä-Häme (EH)	Suomi	61.27844	25.5286		COMMUNITY_VERIFIED	iNaturalist Suomi Finland
keltavahvero (fi) — Cantharellus cibarius	keltavahvero (fi)		2022-07-12	Loppi	Etelä-Häme (EH)	Suomi	60.74198	24.15065		COMMUNITY_VERIFIED	iNaturalist Suomi Finland
keltavahvero (fi) — Cantharellus cibarius	keltavahvero (fi)		2022-07-12	Nurmes	Pohjois-Karjala (PK)	Suomi	63.54576	29.13896		COMMUNITY_VERIFIED	iNaturalist Suomi Finland
keltavahvero (fi) — Cantharellus cibarius	keltavahvero (fi)		2022-07-12	Savonlinna	Etelä-Savo (ES)	Suomi	61.84955	29.60711		COMMUNITY_VERIFIED	iNaturalist Suomi Finland
keltavahvero (fi) — Cantharellus cibarius	keltavahvero (fi)		2022-07-12	Hirvensalmi	Etelä-Savo (ES)	Suomi	61.64261	26.77317		COMMUNITY_VERIFIED	iNaturalist Suomi Finland
keltavahvero (fi) — Cantharellus cibarius	keltavahvero (fi)		2022-07-11	Punkalaidun	Etelä-Häme (EH)	Suomi	61.0602	23.2142		COMMUNITY_VERIFIED	iNaturalist Suomi Finland
keltavahvero (fi) — Cantharellus cibarius	keltavahvero (fi)		2022-07-11	Espoo	Uusimaa (U)	Suomi	60.17437	24.62324		COMMUNITY_VERIFIED	iNaturalist Suomi Finland
keltavahvero (fi) — Cantharellus cibarius	keltavahvero (fi)		2022-07-10	Jyväskylä	Pohjois-Häme (PH)	Suomi	62.20695	25.82019		NEUTRAL	Aphyllophorales Fennoscandiae orientalis
keltavahvero (fi) — Cantharellus cibarius	keltavahvero (fi)		2022-07-09	Tampere	Etelä-Häme (EH)	Suomi	61.4427	23.83879		COMMUNITY_VERIFIED	iNaturalist Suomi Finland
keltavahvero (fi) — Cantharellus cibarius	keltavahvero (fi)		2022-07-09	Lieksa	Pohjois-Karjala (PK)	Suomi	63.15884	29.83519		COMMUNITY_VERIFIED	iNaturalist Suomi Finland
keltavahvero (fi) — Cantharellus cibarius	keltavahvero (fi)		2022-07-09	Polvijärvi	Pohjois-Karjala (PK)	Suomi	62.80812	29.53143		COMMUNITY_VERIFIED	iNaturalist Suomi Finland
keltavahvero (fi) — Cantharellus cibarius	keltavahvero (fi)		2022-07-07	Valkeakoski	Etelä-Häme (EH)	Suomi	61.13722	23.97023		COMMUNITY_VERIFIED	iNaturalist Suomi Finland
keltavahvero (fi) — Cantharellus cibarius	keltavahvero (fi)	runsaasti	2022-07-06	Maalahti	Etelä-Pohjanmaa (EP)	Suomi	62.776356	21.407564	Sure	NEUTRAL	The Atlas of Finnish Fungi
keltavahvero (fi) — Cantharellus cibarius	keltavahvero (fi)		2022-07-06	Hollola	Etelä-Häme (EH)	Suomi	60.98866	25.50226		COMMUNITY_VERIFIED	iNaturalist Suomi Finland
keltavahvero (fi) — Cantharellus cibarius	keltavahvero (fi)	15-20	2022-06-25	Kuopio	Pohjois-Savo (PS)	Suomi	62.789414	27.648742		NEUTRAL	Notebook, general observations
keltavahvero (fi) — Cantharellus cibarius	keltavahvero (fi)		2022-06-22	Hartola, Sysmä	Etelä-Häme (EH)	Suomi	61.5	25.9		COMMUNITY_VERIFIED	iNaturalist Suomi Finland
keltavahvero (fi) — Cantharellus cibarius	keltavahvero (fi)		2021-11-27	Sastamala	Satakunta (St)	Suomi	61.41038	22.64474		COMMUNITY_VERIFIED	iNaturalist Suomi Finland
keltavahvero (fi) — Cantharellus cibarius	keltavahvero (fi)	Muutama	2021-11-25	Turku	Varsinais-Suomi (V)	Suomi	60.4093	22.204831	Sure	NEUTRAL	Notebook, general observations
keltavahvero (fi) — Cantharellus cibarius	keltavahvero (fi)		2021-11-20			Suomi				COMMUNITY_VERIFIED	iNaturalist Suomi Finland
keltavahvero (fi) — Cantharellus cibarius	keltavahvero (fi)		2021-11-14	Kirkkonummi	Uusimaa (U)	Suomi	60.24134	24.34069		COMMUNITY_VERIFIED	iNaturalist Suomi Finland
keltavahvero (fi) — Cantharellus cibarius	keltavahvero (fi)		2021-11-13	Juva, Mikkeli	Etelä-Savo (ES)	Suomi	61.7	27.5		COMMUNITY_VERIFIED	iNaturalist Suomi Finland
keltavahvero (fi) — Cantharellus cibarius	keltavahvero (fi)		2021-11-13	Mäntsälä	Uusimaa (U)	Suomi	60.716552	25.31125	Sure	NEUTRAL	The Atlas of Finnish Fungi
keltavahvero (fi) — Cantharellus cibarius	keltavahvero (fi)		2021-11-13	Vantaa	Uusimaa (U)	Suomi	60.30615	25.10569		COMMUNITY_VERIFIED	iNaturalist Suomi Finland
keltavahvero (fi) — Cantharellus cibarius	keltavahvero (fi)		2021-11-07	Siuntio	Uusimaa (U)	Suomi	60.13869	24.22701		COMMUNITY_VERIFIED	iNaturalist Suomi Finland
keltavahvero (fi) — Cantharellus cibarius	keltavahvero (fi)		2021-11-06	Kuopio	Pohjois-Savo (PS)	Suomi	62.91253	27.65453		COMMUNITY_VERIFIED	iNaturalist Suomi Finland
keltavahvero (fi) — Cantharellus cibarius	keltavahvero (fi)		2021-11-01	Lempäälä	Etelä-Häme (EH)	Suomi	61.35105	23.80272		COMMUNITY_VERIFIED	iNaturalist Suomi Finland
keltavahvero (fi) — Cantharellus cibarius	keltavahvero (fi)		2021-10-30 - 2021-10-31	Kirkkonummi	Uusimaa (U)	Suomi	59.986936	24.43924	Sure	NEUTRAL	Notebook, general observations
keltavahvero (fi) — Cantharellus cibarius	keltavahvero (fi)		2021-10-30	Mäntsälä	Uusimaa (U)	Suomi	60.544719	25.176304	Sure	NEUTRAL	The Atlas of Finnish Fungi
keltavahvero (fi) — Cantharellus cibarius	keltavahvero (fi)		2021-10-29			Suomi				COMMUNITY_VERIFIED	iNaturalist Suomi Finland
keltavahvero (fi) — Cantharellus cibarius	keltavahvero (fi)		2021-10-29	Sipoo	Uusimaa (U)	Suomi	60.47389	25.22028		COMMUNITY_VERIFIED	iNaturalist Suomi Finland
keltavahvero (fi) — Cantharellus cibarius	keltavahvero (fi)		2021-10-26	Asikkala	Etelä-Häme (EH)	Suomi	61.17856	25.61645		COMMUNITY_VERIFIED	iNaturalist Suomi Finland
keltavahvero (fi) — Cantharellus cibarius	keltavahvero (fi)		2021-10-24	Tohmajärvi	Pohjois-Karjala (PK)	Suomi	62.38335	30.23815		COMMUNITY_VERIFIED	iNaturalist Suomi Finland
keltavahvero (fi) — Cantharellus cibarius	keltavahvero (fi)		2021-10-24	Vantaa	Uusimaa (U)	Suomi	60.27327	25.11874		COMMUNITY_VERIFIED	iNaturalist Suomi Finland
keltavahvero (fi) — Cantharellus cibarius	keltavahvero (fi)	muutama itiöemä	2021-10-23	Keuruu	Pohjois-Häme (PH)	Suomi	62.205588	24.783498	Sure	NEUTRAL	The Atlas of Finnish Fungi
keltavahvero (fi) — Cantharellus cibarius	keltavahvero (fi)		2021-10-23	Sastamala	Satakunta (St)	Suomi	61.3376	22.9185		COMMUNITY_VERIFIED	iNaturalist Suomi Finland
keltavahvero (fi) — Cantharellus cibarius	keltavahvero (fi)		2021-10-21	Helsinki	Uusimaa (U)	Suomi	60.24229	25.20984		COMMUNITY_VERIFIED	iNaturalist Suomi Finland
keltavahvero (fi) — Cantharellus cibarius	keltavahvero (fi)		2021-10-18 [11:25]	Espoo	Uusimaa (U)	Suomi	60.33225	24.668036	Sure	NEUTRAL	The Atlas of Finnish Fungi
keltavahvero (fi) — Cantharellus cibarius	keltavahvero (fi)	muutamia	2021-10-16 [11:30-16:30]	Kirkkonummi, Siuntio	Uusimaa (U)	Suomi	60.16085	24.385242	Sure	NEUTRAL	The Atlas of Finnish Fungi
keltavahvero (fi) — Cantharellus cibarius	keltavahvero (fi)		2021-10-14	Jyväskylä	Etelä-Häme (EH)	Suomi	62.08667	25.38693		COMMUNITY_VERIFIED	iNaturalist Suomi Finland
keltavahvero (fi) — Cantharellus cibarius	keltavahvero (fi)		2021-10-13	Kerava	Uusimaa (U)	Suomi	60.420438	25.134965	Sure	NEUTRAL	The Atlas of Finnish Fungi
keltavahvero (fi) — Cantharellus cibarius	keltavahvero (fi)	1	2021-10-11	Pudasjärvi	Oulun Pohjanmaa (OP)	Suomi	65.636654	27.749371	Sure	NEUTRAL	The Atlas of Finnish Fungi
keltavahvero (fi) — Cantharellus cibarius	keltavahvero (fi)		2021-10-10 [13:40]	Ylöjärvi	Etelä-Häme (EH)	Suomi	61.964174	23.619974	Sure	NEUTRAL	Notebook, general observations
keltavahvero (fi) — Cantharellus cibarius	keltavahvero (fi)		2021-10-09	Taivalkoski	Koillismaa (Ks)	Suomi	65.275354	28.40724	Sure	NEUTRAL	The Atlas of Finnish Fungi
keltavahvero (fi) — Cantharellus cibarius	keltavahvero (fi)		2021-10-09 [16:13]	Jyväskylä	Pohjois-Häme (PH)	Suomi	62.25431	25.678703	Sure	NEUTRAL	The Atlas of Finnish Fungi
keltavahvero (fi) — Cantharellus cibarius	keltavahvero (fi)		2021-10-08	Suomussalmi, Taivalkoski	Kainuu (Kn), Koillismaa (Ks)	Suomi	65.265705	28.438676	Sure	NEUTRAL	The Atlas of Finnish Fungi
keltavahvero (fi) — Cantharellus cibarius	keltavahvero (fi)		2021-10-03 [9:50-11:45]	Salo	Varsinais-Suomi (V)	Suomi	60.247436	23.475869	Sure	NEUTRAL	The Atlas of Finnish Fungi
keltavahvero (fi) — Cantharellus cibarius	keltavahvero (fi)	2	2021-10-03	Kustavi	Varsinais-Suomi (V)	Suomi	60.65017	21.286007	Sure	NEUTRAL	Notebook, general observations
keltavahvero (fi) — Cantharellus cibarius	keltavahvero (fi)		2021-10-02	Raasepori	Varsinais-Suomi (V)	Suomi	60.041064	23.016435	Sure	NEUTRAL	The Atlas of Finnish Fungi
keltavahvero (fi) — Cantharellus cibarius	keltavahvero (fi)		2021-10-02 - 2021-10-03	Kemiönsaari	Varsinais-Suomi (V)	Suomi	60.088405	22.486287	Sure	NEUTRAL	Notebook, general observations
keltavahvero (fi) — Cantharellus cibarius	keltavahvero (fi)	3	2021-10-01 [15:55]	Salo	Varsinais-Suomi (V)	Suomi	60.437388	23.054935	Sure	NEUTRAL	The Atlas of Finnish Fungi
keltavahvero (fi) — Cantharellus cibarius	keltavahvero (fi)		2021-10-01	Salo	Varsinais-Suomi (V)	Suomi	60.438895	23.057969	Sure	NEUTRAL	The Atlas of Finnish Fungi
keltavahvero (fi) — Cantharellus cibarius	keltavahvero (fi)	useita	2021-10-01	Salo	Varsinais-Suomi (V)	Suomi	60.415139	23.151677	Sure	NEUTRAL	The Atlas of Finnish Fungi
keltavahvero (fi) — Cantharellus cibarius	keltavahvero (fi)		2021-09-28	Lohja	Varsinais-Suomi (V)	Suomi	60.247132	23.816702		NEUTRAL	LajiGIS: Species mapping and surveys
keltavahvero (fi) — Cantharellus cibarius	keltavahvero (fi)	3	2021-09-28 [18:45]	Taipalsaari	Etelä-Savo (ES)	Suomi	61.226189	28.087978	Sure	NEUTRAL	Notebook, general observations
keltavahvero (fi) — Cantharellus cibarius	keltavahvero (fi)	2	2021-09-27	Turku	Varsinais-Suomi (V)	Suomi	60.426763	22.206345	Sure	NEUTRAL	Notebook, general observations
keltavahvero (fi) — Cantharellus cibarius	keltavahvero (fi)		2021-09-26 [16:40]	Jyväskylä	Pohjois-Häme (PH)	Suomi	62.286502	25.63482	Sure	NEUTRAL	The Atlas of Finnish Fungi
keltavahvero (fi) — Cantharellus cibarius	keltavahvero (fi)		2021-09-26	Hausjärvi	Etelä-Häme (EH)	Suomi	60.80984	24.74752		COMMUNITY_VERIFIED	iNaturalist Suomi Finland
keltavahvero (fi) — Cantharellus cibarius	keltavahvero (fi)	muutamia	2021-09-25	Salo	Varsinais-Suomi (V)	Suomi	60.458534	23.226578	Sure	NEUTRAL	The Atlas of Finnish Fungi
keltavahvero (fi) — Cantharellus cibarius	keltavahvero (fi)		2021-09-25	Kuopio	Pohjois-Savo (PS)	Suomi	62.88658	27.60897		COMMUNITY_VERIFIED	iNaturalist Suomi Finland
keltavahvero (fi) — Cantharellus cibarius	keltavahvero (fi)		2021-09-25	Puumala	Etelä-Savo (ES)	Suomi	61.59355	28.37561		COMMUNITY_VERIFIED	iNaturalist Suomi Finland
keltavahvero (fi) — Cantharellus cibarius	keltavahvero (fi)		2021-09-24	Hartola, Sysmä	Etelä-Häme (EH)	Suomi	61.5	25.9		COMMUNITY_VERIFIED	iNaturalist Suomi Finland
keltavahvero (fi) — Cantharellus cibarius	keltavahvero (fi)		2021-09-22 - 2021-09-30	Inkoo	Uusimaa (U)	Suomi	60.022738	23.761361	Sure	NEUTRAL	Notebook, general observations
keltavahvero (fi) — Cantharellus cibarius	keltavahvero (fi)		2021-09-21	Mikkeli	Etelä-Savo (ES)	Suomi	61.28031	27.50152		COMMUNITY_VERIFIED	iNaturalist Suomi Finland
keltavahvero (fi) — Cantharellus cibarius	keltavahvero (fi)		2021-09-18	Tuusniemi	Pohjois-Savo (PS)	Suomi	62.628338	28.493789	Sure	NEUTRAL	Notebook, general observations
keltavahvero (fi) — Cantharellus cibarius	keltavahvero (fi)		2021-09-18	Hausjärvi, Hyvinkää, Riihimäki	Etelä-Häme (EH), Uusimaa (U)	Suomi	60.7	24.9		COMMUNITY_VERIFIED	iNaturalist Suomi Finland
keltavahvero (fi) — Cantharellus cibarius	keltavahvero (fi)		2021-09-17	Joutsa	Etelä-Savo (ES)	Suomi	61.70327	26.23113		COMMUNITY_VERIFIED	iNaturalist Suomi Finland
keltavahvero (fi) — Cantharellus cibarius	keltavahvero (fi)		2021-09-17	Heinävesi	Pohjois-Savo (PS)	Suomi	62.58922	28.628335	Sure	NEUTRAL	Notebook, general observations
keltavahvero (fi) — Cantharellus cibarius	keltavahvero (fi)		2021-09-16	Helsinki	Uusimaa (U)	Suomi	60.213481	24.975324	Sure	NEUTRAL	The Atlas of Finnish Fungi
keltavahvero (fi) — Cantharellus cibarius	keltavahvero (fi)		2021-09-15	Mikkeli	Etelä-Savo (ES)	Suomi	61.67551	27.28029		COMMUNITY_VERIFIED	iNaturalist Suomi Finland
keltavahvero (fi) — Cantharellus cibarius	keltavahvero (fi)		2021-09-14	Toivakka	Pohjois-Häme (PH)	Suomi	62.164672	26.203146	Sure	NEUTRAL	The Atlas of Finnish Fungi
keltavahvero (fi) — Cantharellus cibarius	keltavahvero (fi)		2021-09-14	Tammela	Etelä-Häme (EH)	Suomi	60.77165	23.86398		COMMUNITY_VERIFIED	iNaturalist Suomi Finland
keltavahvero (fi) — Cantharellus cibarius	keltavahvero (fi)		2021-09-12	Lohja	Varsinais-Suomi (V)	Suomi	60.227992	23.863076		NEUTRAL	LajiGIS: Species mapping and surveys
keltavahvero (fi) — Cantharellus cibarius	keltavahvero (fi)		2021-09-12	Juva, Mikkeli	Etelä-Savo (ES)	Suomi	61.7	27.5		COMMUNITY_VERIFIED	iNaturalist Suomi Finland
keltavahvero (fi) — Cantharellus cibarius	keltavahvero (fi)		2021-09-12	Puolanka	Kainuu (Kn)	Suomi	64.984561	27.951921		NEUTRAL	LajiGIS: Species mapping and surveys
keltavahvero (fi) — Cantharellus cibarius	keltavahvero (fi)		2021-09-11	Hausjärvi, Hyvinkää, Janakkala, Loppi, Riihimäki	Etelä-Häme (EH), Uusimaa (U)	Suomi	60.7	24.7		COMMUNITY_VERIFIED	iNaturalist Suomi Finland
keltavahvero (fi) — Cantharellus cibarius	keltavahvero (fi)		2021-09-11	Kemiönsaari	Varsinais-Suomi (V)	Suomi	59.9	22.5		COMMUNITY_VERIFIED	iNaturalist Suomi Finland
keltavahvero (fi) — Cantharellus cibarius	keltavahvero (fi)		2021-09-10	Tervola	Perä-Pohjanmaa (PeP)	Suomi	66.06058	24.72436	Sure	NEUTRAL	The Atlas of Finnish Fungi
keltavahvero (fi) — Cantharellus cibarius	keltavahvero (fi)	muutama	2021-09-10	Asikkala	Etelä-Häme (EH)	Suomi	61.170998	25.54903	Sure	NEUTRAL	The Atlas of Finnish Fungi
keltavahvero (fi) — Cantharellus cibarius	keltavahvero (fi)		2021-09-08 [14:45]	Jyväskylä	Pohjois-Häme (PH)	Suomi	62.279972	25.631837	Sure	EXPERT_VERIFIED	The Atlas of Finnish Fungi
keltavahvero (fi) — Cantharellus cibarius	keltavahvero (fi)		2021-09-08	Orivesi	Etelä-Häme (EH)	Suomi	61.65394	24.09934		COMMUNITY_VERIFIED	iNaturalist Suomi Finland
keltavahvero (fi) — Cantharellus cibarius	keltavahvero (fi)	1	2021-09-08	Asikkala	Etelä-Häme (EH)	Suomi	61.210207	25.730714	Sure	NEUTRAL	The Atlas of Finnish Fungi
keltavahvero (fi) — Cantharellus cibarius	keltavahvero (fi)		2021-09-07	Asikkala	Etelä-Häme (EH)	Suomi	61.185256	25.717097	Sure	NEUTRAL	The Atlas of Finnish Fungi
keltavahvero (fi) — Cantharellus cibarius	keltavahvero (fi)		2021-09-07	Helsinki, Vantaa	Uusimaa (U)	Suomi	60.27295	25.170745	Sure	NEUTRAL	The Atlas of Finnish Fungi
keltavahvero (fi) — Cantharellus cibarius	keltavahvero (fi)		2021-09-07	Riihimäki	Etelä-Häme (EH)	Suomi	60.74948	24.74774		COMMUNITY_VERIFIED	iNaturalist Suomi Finland
keltavahvero (fi) — Cantharellus cibarius	keltavahvero (fi)	2	2021-09-06	Asikkala	Etelä-Häme (EH)	Suomi	61.190013	25.680724	Sure	NEUTRAL	The Atlas of Finnish Fungi
keltavahvero (fi) — Cantharellus cibarius	keltavahvero (fi)		2021-09-04 [17:44-18:20]	Helsinki	Uusimaa (U)	Suomi	60.250725	25.06366	Sure	NEUTRAL	The Atlas of Finnish Fungi
keltavahvero (fi) — Cantharellus cibarius	keltavahvero (fi)		2021-09-04	Raasepori	Uusimaa (U)	Suomi	59.98622	23.74212		COMMUNITY_VERIFIED	iNaturalist Suomi Finland
keltavahvero (fi) — Cantharellus cibarius	keltavahvero (fi)	niukka	2021-09-04	Asikkala	Etelä-Häme (EH)	Suomi	61.169207	25.865611	Sure	NEUTRAL	Notebook, general observations
keltavahvero (fi) — Cantharellus cibarius	keltavahvero (fi)		2021-09-02	Lappeenranta	Etelä-Savo (ES)	Suomi	61.1166	28.49734		COMMUNITY_VERIFIED	iNaturalist Suomi Finland
keltavahvero (fi) — Cantharellus cibarius	keltavahvero (fi)		2021-09-01	Mustasaari	Etelä-Pohjanmaa (EP)	Suomi	62.92921	21.72372		COMMUNITY_VERIFIED	iNaturalist Suomi Finland
keltavahvero (fi) — Cantharellus cibarius	keltavahvero (fi)		2021-08-31	Suomussalmi	Kainuu (Kn)	Suomi	65.263023	28.429303	Sure	NEUTRAL	The Atlas of Finnish Fungi
keltavahvero (fi) — Cantharellus cibarius	keltavahvero (fi)		2021-08-30	Nurmijärvi	Uusimaa (U)	Suomi	60.37416	24.76109		COMMUNITY_VERIFIED	iNaturalist Suomi Finland
keltavahvero (fi) — Cantharellus cibarius	keltavahvero (fi)		2021-08-29	Joutsa, Toivakka	Etelä-Savo (ES), Pohjois-Häme (PH)	Suomi	61.9	26.1		COMMUNITY_VERIFIED	iNaturalist Suomi Finland
keltavahvero (fi) — Cantharellus cibarius	keltavahvero (fi)		2021-08-29	Tampere	Etelä-Häme (EH)	Suomi	61.61558	23.8745		COMMUNITY_VERIFIED	iNaturalist Suomi Finland
keltavahvero (fi) — Cantharellus cibarius	keltavahvero (fi)		2021-08-28	Liperi	Pohjois-Karjala (PK)	Suomi	62.481696	29.589249	Sure	NEUTRAL	The Atlas of Finnish Fungi
keltavahvero (fi) — Cantharellus cibarius	keltavahvero (fi)		2021-08-28 - 2021-09-02	Espoo	Uusimaa (U)	Suomi	60.326028	24.729606	Sure	NEUTRAL	The Atlas of Finnish Fungi
keltavahvero (fi) — Cantharellus cibarius	keltavahvero (fi)		2021-08-28	Savonlinna	Etelä-Savo (ES)	Suomi	61.864722	29.209076	Sure	NEUTRAL	The Atlas of Finnish Fungi
keltavahvero (fi) — Cantharellus cibarius	keltavahvero (fi)		2021-08-27	Juuka	Pohjois-Karjala (PK)	Suomi	63.091099	29.546998	Sure	NEUTRAL	Notebook, general observations
keltavahvero (fi) — Cantharellus cibarius	keltavahvero (fi)		2021-08-26	Pertunmaa	Etelä-Savo (ES)	Suomi	61.49898	26.62473		COMMUNITY_VERIFIED	iNaturalist Suomi Finland
keltavahvero (fi) — Cantharellus cibarius	keltavahvero (fi)		2021-08-25	Espoo, Kauniainen, Nurmijärvi, Vantaa, Vihti	Uusimaa (U), Varsinais-Suomi (V)	Suomi	60.3	24.7		COMMUNITY_VERIFIED	iNaturalist Suomi Finland
keltavahvero (fi) — Cantharellus cibarius	keltavahvero (fi)		2021-08-25 - 2021-08-26	Pieksämäki	Pohjois-Savo (PS)	Suomi	62.237347	27.425939	Sure	NEUTRAL	Notebook, general observations
keltavahvero (fi) — Cantharellus cibarius	keltavahvero (fi)		2021-08-24	Raasepori	Varsinais-Suomi (V)	Suomi	60.115961	23.526318	Sure	NEUTRAL	Notebook, general observations
keltavahvero (fi) — Cantharellus cibarius	keltavahvero (fi)		2021-08-23	Pedersören kunta	Keski-Pohjanmaa (KP)	Suomi	63.57689	22.62342		COMMUNITY_VERIFIED	iNaturalist Suomi Finland
keltavahvero (fi) — Cantharellus cibarius	keltavahvero (fi)		2021-08-23	Isokyrö	Etelä-Pohjanmaa (EP)	Suomi	62.98144	22.34948		COMMUNITY_VERIFIED	iNaturalist Suomi Finland
keltavahvero (fi) — Cantharellus cibarius	keltavahvero (fi)		2021-08-22	Vantaa	Uusimaa (U)	Suomi	60.338798	25.087432	Sure	NEUTRAL	The Atlas of Finnish Fungi
keltavahvero (fi) — Cantharellus cibarius	keltavahvero (fi)		2021-08-22	Riihimäki	Etelä-Häme (EH)	Suomi	60.74667	24.77249		COMMUNITY_VERIFIED	iNaturalist Suomi Finland
keltavahvero (fi) — Cantharellus cibarius	keltavahvero (fi)		2021-08-21	Hämeenlinna, Karkkila, Loppi	Etelä-Häme (EH), Varsinais-Suomi (V)	Suomi	60.7	24.3		COMMUNITY_VERIFIED	iNaturalist Suomi Finland
keltavahvero (fi) — Cantharellus cibarius	keltavahvero (fi)		2021-08-21	Hamina, Kouvola, Luumäki	Etelä-Karjala (EK), Etelä-Savo (ES)	Suomi	60.9	27.3		COMMUNITY_VERIFIED	iNaturalist Suomi Finland
keltavahvero (fi) — Cantharellus cibarius	keltavahvero (fi)		2021-08-21 [15:33-16:06]	Kruunupyy	Keski-Pohjanmaa (KP)	Suomi	63.515681	23.532192	Sure	NEUTRAL	The Atlas of Finnish Fungi
keltavahvero (fi) — Cantharellus cibarius	keltavahvero (fi)		2021-08-21	Kangasala	Etelä-Häme (EH)	Suomi	61.45715	24.11679		COMMUNITY_VERIFIED	iNaturalist Suomi Finland
keltavahvero (fi) — Cantharellus cibarius	keltavahvero (fi)		2021-08-21	Salo	Varsinais-Suomi (V)	Suomi	60.17738	23.2773		COMMUNITY_VERIFIED	iNaturalist Suomi Finland
keltavahvero (fi) — Cantharellus cibarius	keltavahvero (fi)		2021-08-20	Vihti	Varsinais-Suomi (V)	Suomi	60.523964	24.500795	Sure	NEUTRAL	The Atlas of Finnish Fungi
keltavahvero (fi) — Cantharellus cibarius	keltavahvero (fi)		2021-08-20	Vihti	Varsinais-Suomi (V)	Suomi	60.542288	24.486213	Sure	NEUTRAL	The Atlas of Finnish Fungi
keltavahvero (fi) — Cantharellus cibarius	keltavahvero (fi)		2021-08-20	Juupajoki, Orivesi	Etelä-Häme (EH)	Suomi	61.7	24.5		COMMUNITY_VERIFIED	iNaturalist Suomi Finland
keltavahvero (fi) — Cantharellus cibarius	keltavahvero (fi)		2021-08-20	Leppävirta	Pohjois-Savo (PS)	Suomi	62.512669	27.739121	Sure	NEUTRAL	The Atlas of Finnish Fungi
keltavahvero (fi) — Cantharellus cibarius	keltavahvero (fi)		2021-08-20	Tampere	Etelä-Häme (EH)	Suomi	61.48964	23.60623		COMMUNITY_VERIFIED	iNaturalist Suomi Finland
keltavahvero (fi) — Cantharellus cibarius	keltavahvero (fi)		2021-08-19 [17:29-17:58]	Ylöjärvi	Etelä-Häme (EH)	Suomi	61.995909	23.653574	Sure	NEUTRAL	The Atlas of Finnish Fungi
keltavahvero (fi) — Cantharellus cibarius	keltavahvero (fi)		2021-08-19	Kankaanpää	Satakunta (St)	Suomi	61.83005	22.25184		COMMUNITY_VERIFIED	iNaturalist Suomi Finland
keltavahvero (fi) — Cantharellus cibarius	keltavahvero (fi)		2021-08-19	Pirkkala	Etelä-Häme (EH)	Suomi	61.44386	23.72184		COMMUNITY_VERIFIED	iNaturalist Suomi Finland
keltavahvero (fi) — Cantharellus cibarius	keltavahvero (fi)		2021-08-19	Kuopio	Pohjois-Savo (PS)	Suomi	62.88143	27.59808		COMMUNITY_VERIFIED	iNaturalist Suomi Finland
keltavahvero (fi) — Cantharellus cibarius	keltavahvero (fi)		2021-08-19	Isokyrö	Etelä-Pohjanmaa (EP)	Suomi	62.97557	22.36853		COMMUNITY_VERIFIED	iNaturalist Suomi Finland
keltavahvero (fi) — Cantharellus cibarius	keltavahvero (fi)	>20	2021-08-18	Virolahti	Etelä-Karjala (EK)	Suomi	60.549182	27.421847	Sure	NEUTRAL	The Atlas of Finnish Fungi
keltavahvero (fi) — Cantharellus cibarius	keltavahvero (fi)		2021-08-16 - 2021-08-17	Hanko	Uusimaa (U)	Suomi	59.903917	23.193157	Sure	NEUTRAL	The Atlas of Finnish Fungi
keltavahvero (fi) — Cantharellus cibarius	keltavahvero (fi)		2021-08-16 [20:12]	Jyväskylä	Pohjois-Häme (PH)	Suomi	62.244677	25.665238	Sure	NEUTRAL	The Atlas of Finnish Fungi
keltavahvero (fi) — Cantharellus cibarius	keltavahvero (fi)		2021-08-16	Askola	Uusimaa (U)	Suomi	60.52617	25.60767		COMMUNITY_VERIFIED	iNaturalist Suomi Finland
keltavahvero (fi) — Cantharellus cibarius	keltavahvero (fi)		2021-08-16	Lahti	Etelä-Häme (EH)	Suomi	60.9954	25.56442		COMMUNITY_VERIFIED	iNaturalist Suomi Finland
keltavahvero (fi) — Cantharellus cibarius	keltavahvero (fi)		2021-08-16	Hämeenlinna	Etelä-Häme (EH)	Suomi	60.83465	24.41961		COMMUNITY_VERIFIED	iNaturalist Suomi Finland
keltavahvero (fi) — Cantharellus cibarius	keltavahvero (fi)		2021-08-15	Kirkkonummi	Uusimaa (U)	Suomi	60.23868	24.34528		COMMUNITY_VERIFIED	iNaturalist Suomi Finland
keltavahvero (fi) — Cantharellus cibarius	keltavahvero (fi)		2021-08-15	Viitasaari	Pohjois-Häme (PH)	Suomi	63.11375	25.64222		COMMUNITY_VERIFIED	iNaturalist Suomi Finland
keltavahvero (fi) — Cantharellus cibarius	keltavahvero (fi)		2021-08-15	Espoo	Uusimaa (U)	Suomi	60.29303	24.55705		COMMUNITY_VERIFIED	iNaturalist Suomi Finland
keltavahvero (fi) — Cantharellus cibarius	keltavahvero (fi)	10	2021-08-14 [15:16]	Salo	Varsinais-Suomi (V)	Suomi	60.181885	23.398414	Sure	NEUTRAL	Notebook, general observations
keltavahvero (fi) — Cantharellus cibarius	keltavahvero (fi)		2021-08-14	Sipoo	Uusimaa (U)	Suomi	60.463003	25.192766	Sure	NEUTRAL	The Atlas of Finnish Fungi
keltavahvero (fi) — Cantharellus cibarius	keltavahvero (fi)		2021-08-14	Hausjärvi	Etelä-Häme (EH)	Suomi	60.82773	24.93434		COMMUNITY_VERIFIED	iNaturalist Suomi Finland
keltavahvero (fi) — Cantharellus cibarius	keltavahvero (fi)		2021-08-14	Espoo	Uusimaa (U)	Suomi	60.11323	24.71825		COMMUNITY_VERIFIED	iNaturalist Suomi Finland
keltavahvero (fi) — Cantharellus cibarius	keltavahvero (fi)		2021-08-13	Sulkava	Etelä-Savo (ES)	Suomi	61.84398	28.46983		COMMUNITY_VERIFIED	iNaturalist Suomi Finland
keltavahvero (fi) — Cantharellus cibarius	keltavahvero (fi)	6	2021-08-13	Loppi	Etelä-Häme (EH)	Suomi	60.67259	24.388039	Sure	NEUTRAL	The Atlas of Finnish Fungi
keltavahvero (fi) — Cantharellus cibarius	keltavahvero (fi)	kymmeniä	2021-08-12	Salo	Varsinais-Suomi (V)	Suomi	60.336352	23.206766	Sure	NEUTRAL	The Atlas of Finnish Fungi
keltavahvero (fi) — Cantharellus cibarius	keltavahvero (fi)		2021-08-12	Jyväskylä	Pohjois-Häme (PH)	Suomi	62.26213	25.699461	Sure	NEUTRAL	Notebook, general observations
keltavahvero (fi) — Cantharellus cibarius	keltavahvero (fi)	joitakin	2021-08-11	Savonlinna	Etelä-Savo (ES)	Suomi	61.686078	29.397439	Sure	NEUTRAL	Notebook, general observations
keltavahvero (fi) — Cantharellus cibarius	keltavahvero (fi)		2021-08-10	Raasepori, Salo	Uusimaa (U), Varsinais-Suomi (V)	Suomi	60.1	23.3		COMMUNITY_VERIFIED	iNaturalist Suomi Finland
keltavahvero (fi) — Cantharellus cibarius	keltavahvero (fi)	Kymmenkunta	2021-08-10 [19:10]	Savitaipale	Etelä-Savo (ES)	Suomi	61.181313	27.672493	Sure	NEUTRAL	Notebook, general observations
keltavahvero (fi) — Cantharellus cibarius	keltavahvero (fi)		2021-08-08	Espoo, Helsinki, Nurmijärvi, Tuusula, Vantaa	Uusimaa (U)	Suomi	60.3	24.9		COMMUNITY_VERIFIED	iNaturalist Suomi Finland
keltavahvero (fi) — Cantharellus cibarius	keltavahvero (fi)		2021-08-08	Vesilahti	Etelä-Häme (EH)	Suomi	61.312664	23.398771	Sure	NEUTRAL	The Atlas of Finnish Fungi
keltavahvero (fi) — Cantharellus cibarius	keltavahvero (fi)	muutama	2021-08-07	Salo	Varsinais-Suomi (V)	Suomi	60.251701	22.982153	Sure	NEUTRAL	The Atlas of Finnish Fungi
keltavahvero (fi) — Cantharellus cibarius	keltavahvero (fi)		2021-08-07	Iisalmi	Pohjois-Savo (PS)	Suomi	63.61864	27.13126		COMMUNITY_VERIFIED	iNaturalist Suomi Finland
keltavahvero (fi) — Cantharellus cibarius	keltavahvero (fi)	4	2021-08-06	Salo	Varsinais-Suomi (V)	Suomi	60.235	23.056		EXPERT_VERIFIED	Löydös Open Finnish Observation Database
keltavahvero (fi) — Cantharellus cibarius	keltavahvero (fi)		2021-08-06 [13:32-13:32]	Kauhava	Keski-Pohjanmaa (KP)	Suomi	63.090135	23.107155	Sure	NEUTRAL	The Atlas of Finnish Fungi
keltavahvero (fi) — Cantharellus cibarius	keltavahvero (fi)		2021-08-06	Suomussalmi	Kainuu (Kn)	Suomi	65.263501	28.439461	Sure	NEUTRAL	The Atlas of Finnish Fungi
keltavahvero (fi) — Cantharellus cibarius	keltavahvero (fi)		2021-08-04 [10:23-10:32]	Hankasalmi	Pohjois-Häme (PH)	Suomi	62.320057	26.355863	Sure	NEUTRAL	The Atlas of Finnish Fungi
keltavahvero (fi) — Cantharellus cibarius	keltavahvero (fi)		2021-08-03	Salo	Varsinais-Suomi (V)	Suomi	60.44419	23.02105		COMMUNITY_VERIFIED	iNaturalist Suomi Finland
keltavahvero (fi) — Cantharellus cibarius	keltavahvero (fi)		2021-08-02	Sastamala	Satakunta (St)	Suomi	61.37145	23.208225	Sure	NEUTRAL	The Atlas of Finnish Fungi
keltavahvero (fi) — Cantharellus cibarius	keltavahvero (fi)		2021-08-02	Mikkeli	Etelä-Savo (ES)	Suomi	61.49678	27.29322		COMMUNITY_VERIFIED	iNaturalist Suomi Finland
keltavahvero (fi) — Cantharellus cibarius	keltavahvero (fi)	N.10	2021-08-01	Heinola	Etelä-Häme (EH)	Suomi	61.190797	26.059454	Sure	NEUTRAL	The Atlas of Finnish Fungi
keltavahvero (fi) — Cantharellus cibarius	keltavahvero (fi)		2021-08-01	Vihti	Varsinais-Suomi (V)	Suomi	60.551594	24.477816	Sure	NEUTRAL	The Atlas of Finnish Fungi
keltavahvero (fi) — Cantharellus cibarius	keltavahvero (fi)	muutama	2021-08-01	Vihti	Varsinais-Suomi (V)	Suomi	60.311523	24.509459	Sure	NEUTRAL	The Atlas of Finnish Fungi
keltavahvero (fi) — Cantharellus cibarius	keltavahvero (fi)		2021-07-31	Vihti	Varsinais-Suomi (V)	Suomi	60.268346	24.340154	Sure	NEUTRAL	The Atlas of Finnish Fungi
keltavahvero (fi) — Cantharellus cibarius	keltavahvero (fi)		2021-07-31	Pälkäne	Etelä-Häme (EH)	Suomi	61.38987	24.88		COMMUNITY_VERIFIED	iNaturalist Suomi Finland
keltavahvero (fi) — Cantharellus cibarius	keltavahvero (fi)		2021-07-27	Kristiinankaupunki	Etelä-Pohjanmaa (EP)	Suomi	62.26069	21.33646		COMMUNITY_VERIFIED	iNaturalist Suomi Finland
keltavahvero (fi) — Cantharellus cibarius	keltavahvero (fi)		2021-07-27	Mikkeli	Etelä-Savo (ES)	Suomi	61.76752	27.35422		COMMUNITY_VERIFIED	iNaturalist Suomi Finland
keltavahvero (fi) — Cantharellus cibarius	keltavahvero (fi)	2	2021-07-26 - 2021-08-30	Hollola	Etelä-Häme (EH)	Suomi	60.899499	25.439862	Sure	NEUTRAL	Notebook, general observations
keltavahvero (fi) — Cantharellus cibarius	keltavahvero (fi)		2021-07-22	Parikkala	Laatokan Karjala (LK)	Suomi	61.57445	29.68511		COMMUNITY_VERIFIED	iNaturalist Suomi Finland
keltavahvero (fi) — Cantharellus cibarius	keltavahvero (fi)	4	2021-07-20	Suomussalmi	Kainuu (Kn)	Suomi	65.262934	28.42884	Sure	NEUTRAL	The Atlas of Finnish Fungi
keltavahvero (fi) — Cantharellus cibarius	keltavahvero (fi)		2021-07-14	Masku, Mynämäki, Naantali	Varsinais-Suomi (V)	Suomi	60.5	21.9		COMMUNITY_VERIFIED	iNaturalist Suomi Finland
keltavahvero (fi) — Cantharellus cibarius	keltavahvero (fi)		2021-07-13	Keuruu	Pohjois-Häme (PH)	Suomi	62.45515	24.49557		COMMUNITY_VERIFIED	iNaturalist Suomi Finland
keltavahvero (fi) — Cantharellus cibarius	keltavahvero (fi)	Joitakin kymmeniä alkuja havaintoalueella	2021-07-10	Kauniainen	Uusimaa (U)	Suomi	60.213593	24.682613	Sure	NEUTRAL	The Atlas of Finnish Fungi
keltavahvero (fi) — Cantharellus cibarius	keltavahvero (fi)		2021-07-09	Helsinki, Porvoo, Sipoo	Uusimaa (U)	Suomi	60.3	25.3		COMMUNITY_VERIFIED	iNaturalist Suomi Finland
keltavahvero (fi) — Cantharellus cibarius	keltavahvero (fi)		2021-07-09	Asikkala	Etelä-Häme (EH)	Suomi	61.17675	25.51308		COMMUNITY_VERIFIED	iNaturalist Suomi Finland
keltavahvero (fi) — Cantharellus cibarius	keltavahvero (fi)		2021-07-08	Espoo	Uusimaa (U)	Suomi	60.257891	24.603971	Sure	NEUTRAL	The Atlas of Finnish Fungi
keltavahvero (fi) — Cantharellus cibarius	keltavahvero (fi)		2021-07-06	Kurikka	Etelä-Pohjanmaa (EP)	Suomi	62.64387	22.14259		COMMUNITY_VERIFIED	iNaturalist Suomi Finland
keltavahvero (fi) — Cantharellus cibarius	keltavahvero (fi)		2021-07-03	Espoo	Uusimaa (U)	Suomi	60.282375	24.610987	Sure	NEUTRAL	The Atlas of Finnish Fungi
keltavahvero (fi) — Cantharellus cibarius	keltavahvero (fi)		2021-07-03	Hollola	Etelä-Häme (EH)	Suomi	60.98816	25.50161		COMMUNITY_VERIFIED	iNaturalist Suomi Finland
keltavahvero (fi) — Cantharellus cibarius	keltavahvero (fi)		2021-07-03	Mäntyharju	Etelä-Savo (ES)	Suomi	61.445	26.78333		COMMUNITY_VERIFIED	iNaturalist Suomi Finland
keltavahvero (fi) — Cantharellus cibarius	keltavahvero (fi)		2021-07-01	Helsinki	Uusimaa (U)	Suomi	60.16659	25.00706		COMMUNITY_VERIFIED	iNaturalist Suomi Finland
keltavahvero (fi) — Cantharellus cibarius	keltavahvero (fi)	Useita	2021-07-01	Heinola	Etelä-Häme (EH)	Suomi	61.219327	26.077874	Sure	NEUTRAL	The Atlas of Finnish Fungi
keltavahvero (fi) — Cantharellus cibarius	keltavahvero (fi)		2021-06-29	Salo	Varsinais-Suomi (V)	Suomi	60.3877	23.36072		COMMUNITY_VERIFIED	iNaturalist Suomi Finland
keltavahvero (fi) — Cantharellus cibarius	keltavahvero (fi)		2021-06-29	Paimio	Varsinais-Suomi (V)	Suomi	60.47633	22.74603		COMMUNITY_VERIFIED	iNaturalist Suomi Finland
keltavahvero (fi) — Cantharellus cibarius	keltavahvero (fi)		2021-06-28	Hartola	Etelä-Häme (EH)	Suomi	61.44396	26.11776		COMMUNITY_VERIFIED	iNaturalist Suomi Finland
keltavahvero (fi) — Cantharellus cibarius	keltavahvero (fi)		2021-06-27	Kaarina	Varsinais-Suomi (V)	Suomi	60.38687	22.39201		COMMUNITY_VERIFIED	iNaturalist Suomi Finland
keltavahvero (fi) — Cantharellus cibarius	keltavahvero (fi)		2021-06-27	Vantaa	Uusimaa (U)	Suomi	60.26988	25.12136		COMMUNITY_VERIFIED	iNaturalist Suomi Finland
keltavahvero (fi) — Cantharellus cibarius	keltavahvero (fi)		2021-06-26	Padasjoki	Etelä-Häme (EH)	Suomi	61.37258	25.45246		COMMUNITY_VERIFIED	iNaturalist Suomi Finland
keltavahvero (fi) — Cantharellus cibarius	keltavahvero (fi)		2021-06-26	Helsinki	Uusimaa (U)	Suomi	60.195472	24.913221	Sure	NEUTRAL	The Atlas of Finnish Fungi
keltavahvero (fi) — Cantharellus cibarius	keltavahvero (fi)		2021-06-26	Hattula	Etelä-Häme (EH)	Suomi	61.00649	24.15576		COMMUNITY_VERIFIED	iNaturalist Suomi Finland
keltavahvero (fi) — Cantharellus cibarius	keltavahvero (fi)		2021-06-25	Kotka, Pyhtää	Etelä-Karjala (EK), Uusimaa (U)	Suomi	60.5	26.9		COMMUNITY_VERIFIED	iNaturalist Suomi Finland
keltavahvero (fi) — Cantharellus cibarius	keltavahvero (fi)		2021-06-24	Loppi	Etelä-Häme (EH)	Suomi	60.61189	24.41199		COMMUNITY_VERIFIED	iNaturalist Suomi Finland
keltavahvero (fi) — Cantharellus cibarius	keltavahvero (fi)	Yli 10	2021-06-24	Kaarina	Varsinais-Suomi (V)	Suomi	60.385478	22.395879		NEUTRAL	Löydös Open Finnish Observation Database
keltavahvero (fi) — Cantharellus cibarius	keltavahvero (fi)	Laaja esiintymä, yli 30	2021-06-23	Kaarina	Varsinais-Suomi (V)	Suomi	60.382442	22.328144		NEUTRAL	Löydös Open Finnish Observation Database
keltavahvero (fi) — Cantharellus cibarius	keltavahvero (fi)		2021-06-23	Keuruu	Pohjois-Häme (PH)	Suomi	62.19481	24.783159	Sure	NEUTRAL	Notebook, general observations
keltavahvero (fi) — Cantharellus cibarius	keltavahvero (fi)	Muutama kymmen	2021-06-19	Hamina	Etelä-Karjala (EK)	Suomi	60.65649	27.24503	Sure	NEUTRAL	Notebook, general observations
keltavahvero (fi) — Cantharellus cibarius	keltavahvero (fi)	5	2021-06-16	Heinola	Etelä-Häme (EH)	Suomi	61.200783	26.03927	Sure	NEUTRAL	The Atlas of Finnish Fungi
keltavahvero (fi) — Cantharellus cibarius	keltavahvero (fi)		2021-02-26	Lohja	Varsinais-Suomi (V)	Suomi	60.27813	23.82663		COMMUNITY_VERIFIED	iNaturalist Suomi Finland
keltavahvero (fi) — Cantharellus cibarius	keltavahvero (fi)	1	2020-12-24	Tuusula	Uusimaa (U)	Suomi	60.453256	24.955139	Sure	NEUTRAL	Notebook, general observations
keltavahvero (fi) — Cantharellus cibarius	keltavahvero (fi)	2	2020-12-24	Vaasa	Etelä-Pohjanmaa (EP)	Suomi	63.093427	21.684962	Sure	NEUTRAL	The Atlas of Finnish Fungi
keltavahvero (fi) — Cantharellus cibarius	keltavahvero (fi)		2020-12-19	Vantaa	Uusimaa (U)	Suomi	60.247171	25.122258	Sure	NEUTRAL	The Atlas of Finnish Fungi
keltavahvero (fi) — Cantharellus cibarius	keltavahvero (fi)		2020-12-19	Vantaa	Uusimaa (U)	Suomi	60.241632	25.123742	Sure	NEUTRAL	The Atlas of Finnish Fungi
keltavahvero (fi) — Cantharellus cibarius	keltavahvero (fi)		2020-12-17	Kustavi	Varsinais-Suomi (V)	Suomi	60.593562	21.388945	Sure	NEUTRAL	The Atlas of Finnish Fungi
keltavahvero (fi) — Cantharellus cibarius	keltavahvero (fi)		2020-12-10	Sysmä	Etelä-Häme (EH)	Suomi	61.536851	25.66836	Sure	NEUTRAL	The Atlas of Finnish Fungi
keltavahvero (fi) — Cantharellus cibarius	keltavahvero (fi)		2020-12-07	Sysmä	Etelä-Häme (EH)	Suomi	61.531371	25.649001	Sure	NEUTRAL	The Atlas of Finnish Fungi
keltavahvero (fi) — Cantharellus cibarius	keltavahvero (fi)	useita 10+	2020-12-05	Mäntsälä	Uusimaa (U)	Suomi	60.733044	25.427125		NEUTRAL	Löydös Open Finnish Observation Database
keltavahvero (fi) — Cantharellus cibarius	keltavahvero (fi)		2020-12-01	Helsinki	Uusimaa (U)	Suomi	60.22127	24.96582		COMMUNITY_VERIFIED	iNaturalist Suomi Finland
keltavahvero (fi) — Cantharellus cibarius	keltavahvero (fi)		2020-11-30	Raasepori	Uusimaa (U)	Suomi	59.9864	23.7419		COMMUNITY_VERIFIED	iNaturalist Suomi Finland
keltavahvero (fi) — Cantharellus cibarius	keltavahvero (fi)		2020-11-28	Vantaa	Uusimaa (U)	Suomi	60.3302	24.99593		COMMUNITY_VERIFIED	iNaturalist Suomi Finland
keltavahvero (fi) — Cantharellus cibarius	keltavahvero (fi)		2020-11-27 [22:00]	Loviisa	Uusimaa (U)	Suomi	60.548602	26.138647	Sure	NEUTRAL	The Atlas of Finnish Fungi
keltavahvero (fi) — Cantharellus cibarius	keltavahvero (fi)	3	2020-11-27	Parainen	Varsinais-Suomi (V)	Suomi	60.263912	22.368857	Sure	NEUTRAL	The Atlas of Finnish Fungi
keltavahvero (fi) — Cantharellus cibarius	keltavahvero (fi)		2020-11-26	Helsinki	Uusimaa (U)	Suomi	60.22326	24.97329		COMMUNITY_VERIFIED	iNaturalist Suomi Finland
keltavahvero (fi) — Cantharellus cibarius	keltavahvero (fi)	2	2020-11-23	Espoo	Uusimaa (U)	Suomi	60.196056	24.682603	Sure	NEUTRAL	The Atlas of Finnish Fungi
keltavahvero (fi) — Cantharellus cibarius	keltavahvero (fi)		2020-11-23	Jyväskylä	Pohjois-Häme (PH)	Suomi	62.30172	25.67468		COMMUNITY_VERIFIED	iNaturalist Suomi Finland
keltavahvero (fi) — Cantharellus cibarius	keltavahvero (fi)		2020-11-22	Juva, Mikkeli	Etelä-Savo (ES)	Suomi	61.7	27.5		COMMUNITY_VERIFIED	iNaturalist Suomi Finland
keltavahvero (fi) — Cantharellus cibarius	keltavahvero (fi)		2020-11-22	Jokioinen	Etelä-Häme (EH)	Suomi	60.76556	23.41522		COMMUNITY_VERIFIED	iNaturalist Suomi Finland
keltavahvero (fi) — Cantharellus cibarius	keltavahvero (fi)		2020-11-21	Uusikaupunki	Varsinais-Suomi (V)	Suomi	60.7483	21.46642		COMMUNITY_VERIFIED	iNaturalist Suomi Finland
keltavahvero (fi) — Cantharellus cibarius	keltavahvero (fi)	10	2020-11-21	Porvoo	Uusimaa (U)	Suomi	60.469433	25.609275	Sure	NEUTRAL	The Atlas of Finnish Fungi
keltavahvero (fi) — Cantharellus cibarius	keltavahvero (fi)		2020-11-15	Nurmijärvi	Uusimaa (U)	Suomi	60.38736	24.75431		NEUTRAL	iNaturalist Suomi Finland
keltavahvero (fi) — Cantharellus cibarius	keltavahvero (fi)		2020-11-14	Hankasalmi	Pohjois-Häme (PH)	Suomi	62.3207	26.3863	Sure	NEUTRAL	The Atlas of Finnish Fungi
keltavahvero (fi) — Cantharellus cibarius	keltavahvero (fi)		2020-11-14	Sipoo	Uusimaa (U)	Suomi	60.473159	25.241716	Sure	NEUTRAL	The Atlas of Finnish Fungi
keltavahvero (fi) — Cantharellus cibarius	keltavahvero (fi)	> 20	2020-11-14	Vaasa	Etelä-Pohjanmaa (EP)	Suomi	63.074562	21.759205	Sure	NEUTRAL	The Atlas of Finnish Fungi
keltavahvero (fi) — Cantharellus cibarius	keltavahvero (fi)	3	2020-11-14 [14:00]	Helsinki, Sipoo	Uusimaa (U)	Suomi	60.173105	25.105165	Sure	NEUTRAL	The Atlas of Finnish Fungi
keltavahvero (fi) — Cantharellus cibarius	keltavahvero (fi)		2020-11-12	Tampere	Etelä-Häme (EH)	Suomi	61.458	23.807	Sure	NEUTRAL	The Atlas of Finnish Fungi
keltavahvero (fi) — Cantharellus cibarius	keltavahvero (fi)		2020-11-12	Jyväskylä	Pohjois-Häme (PH)	Suomi	62.20735	25.61118		COMMUNITY_VERIFIED	iNaturalist Suomi Finland
keltavahvero (fi) — Cantharellus cibarius	keltavahvero (fi)	1 hyväkuntoinen	2020-11-11	Pyhtää	Uusimaa (U)	Suomi	60.58623	26.630674	Sure	NEUTRAL	The Atlas of Finnish Fungi
keltavahvero (fi) — Cantharellus cibarius	keltavahvero (fi)	1	2020-11-10	Loviisa	Uusimaa (U)	Suomi	60.444881	26.232025	Sure	NEUTRAL	The Atlas of Finnish Fungi
keltavahvero (fi) — Cantharellus cibarius	keltavahvero (fi)		2020-11-10	Vantaa	Uusimaa (U)	Suomi	60.23978	25.12306		EXPERT_VERIFIED	iNaturalist Suomi Finland
keltavahvero (fi) — Cantharellus cibarius	keltavahvero (fi)		2020-11-08	Asikkala	Etelä-Häme (EH)	Suomi	61.231504	25.635955	Sure	NEUTRAL	The Atlas of Finnish Fungi
keltavahvero (fi) — Cantharellus cibarius	keltavahvero (fi)		2020-11-08	Sysmä	Etelä-Häme (EH)	Suomi	61.691498	25.690911	Sure	NEUTRAL	The Atlas of Finnish Fungi
keltavahvero (fi) — Cantharellus cibarius	keltavahvero (fi)		2020-11-07	Kuopio	Pohjois-Savo (PS)	Suomi	62.907621	27.663654	Sure	NEUTRAL	Notebook, general observations
keltavahvero (fi) — Cantharellus cibarius	keltavahvero (fi)		2020-11-07	Hartola	Etelä-Häme (EH)	Suomi	61.66893	26.04791		COMMUNITY_VERIFIED	iNaturalist Suomi Finland
keltavahvero (fi) — Cantharellus cibarius	keltavahvero (fi)		2020-11-07	Helsinki	Uusimaa (U)	Suomi	60.211576	24.936762	Sure	NEUTRAL	The Atlas of Finnish Fungi
keltavahvero (fi) — Cantharellus cibarius	keltavahvero (fi)	10	2020-11-06	Porvoo	Uusimaa (U)	Suomi	60.367735	25.749656	Sure	NEUTRAL	The Atlas of Finnish Fungi
keltavahvero (fi) — Cantharellus cibarius	keltavahvero (fi)	muutama havaintoalueella, vain yksi hyväkuntoinen	2020-11-06 - 2020-11-12	Karkkila	Varsinais-Suomi (V)	Suomi	60.53855	24.3964	Sure	NEUTRAL	The Atlas of Finnish Fungi
keltavahvero (fi) — Cantharellus cibarius	keltavahvero (fi)		2020-11-03	Juva, Mikkeli	Etelä-Savo (ES)	Suomi	61.7	27.5		COMMUNITY_VERIFIED	iNaturalist Suomi Finland
keltavahvero (fi) — Cantharellus cibarius	keltavahvero (fi)	Huonokuntoisia itiöemiä siellä täällä, myös muutama hyvä	2020-11-02	Vihti	Varsinais-Suomi (V)	Suomi	60.529765	24.560257	Sure	NEUTRAL	The Atlas of Finnish Fungi
keltavahvero (fi) — Cantharellus cibarius	keltavahvero (fi)	1	2020-11-01 [14:30]	Helsinki, Sipoo	Uusimaa (U)	Suomi	60.173105	25.105165	Sure	NEUTRAL	The Atlas of Finnish Fungi
keltavahvero (fi) — Cantharellus cibarius	keltavahvero (fi)		2020-11-01	Konnevesi	Pohjois-Häme (PH)	Suomi	62.58638	26.31069		COMMUNITY_VERIFIED	iNaturalist Suomi Finland
keltavahvero (fi) — Cantharellus cibarius	keltavahvero (fi)		2020-10-31	Sipoo	Uusimaa (U)	Suomi	60.313384	25.183868	Sure	NEUTRAL	The Atlas of Finnish Fungi
keltavahvero (fi) — Cantharellus cibarius	keltavahvero (fi)		2020-10-30	Laukaa	Pohjois-Häme (PH)	Suomi	62.264622	26.195628	Sure	NEUTRAL	The Atlas of Finnish Fungi
keltavahvero (fi) — Cantharellus cibarius	keltavahvero (fi)	10 huonokuntoista itiöemää	2020-10-25 - 2020-10-28	Hanko	Uusimaa (U)	Suomi	59.828936	23.032948	Sure	NEUTRAL	The Atlas of Finnish Fungi
keltavahvero (fi) — Cantharellus cibarius	keltavahvero (fi)		2020-10-21	Ii, Oulu	Oulun Pohjanmaa (OP)	Suomi	65.3	25.9		COMMUNITY_VERIFIED	iNaturalist Suomi Finland
keltavahvero (fi) — Cantharellus cibarius	keltavahvero (fi)	10	2020-10-19	Vaasa	Etelä-Pohjanmaa (EP)	Suomi	63.086924	21.749298	Sure	NEUTRAL	The Atlas of Finnish Fungi
keltavahvero (fi) — Cantharellus cibarius	keltavahvero (fi)		2020-10-18	Mikkeli	Etelä-Savo (ES)	Suomi	61.5	27.5		COMMUNITY_VERIFIED	iNaturalist Suomi Finland
keltavahvero (fi) — Cantharellus cibarius	keltavahvero (fi)		2020-10-17	Ähtäri	Pohjois-Häme (PH)	Suomi	62.54268	24.16174		COMMUNITY_VERIFIED	iNaturalist Suomi Finland
keltavahvero (fi) — Cantharellus cibarius	keltavahvero (fi)		2020-10-16	Hausjärvi, Hyvinkää, Janakkala, Loppi, Riihimäki	Etelä-Häme (EH), Uusimaa (U)	Suomi	60.7	24.7		COMMUNITY_VERIFIED	iNaturalist Suomi Finland
keltavahvero (fi) — Cantharellus cibarius	keltavahvero (fi)		2020-10-16	Karvia, Parkano	Satakunta (St)	Suomi	62.1	22.9		COMMUNITY_VERIFIED	iNaturalist Suomi Finland
keltavahvero (fi) — Cantharellus cibarius	keltavahvero (fi)		2020-10-16	Turku	Varsinais-Suomi (V)	Suomi	60.52503	22.36555		COMMUNITY_VERIFIED	iNaturalist Suomi Finland
keltavahvero (fi) — Cantharellus cibarius	keltavahvero (fi)		2020-10-16	Raasepori	Varsinais-Suomi (V)	Suomi	60.056417	23.298484	Sure	NEUTRAL	The Atlas of Finnish Fungi
keltavahvero (fi) — Cantharellus cibarius	keltavahvero (fi)		2020-10-15	Kouvola	Etelä-Savo (ES)	Suomi	61.19064	26.79926		COMMUNITY_VERIFIED	iNaturalist Suomi Finland
keltavahvero (fi) — Cantharellus cibarius	keltavahvero (fi)	7	2020-10-15	Heinola	Etelä-Häme (EH)	Suomi	61.229487	26.070883	Sure	NEUTRAL	The Atlas of Finnish Fungi
keltavahvero (fi) — Cantharellus cibarius	keltavahvero (fi)		2020-10-14	Hyvinkää	Uusimaa (U)	Suomi	60.65001	24.83329		NEUTRAL	iNaturalist Suomi Finland
keltavahvero (fi) — Cantharellus cibarius	keltavahvero (fi)		2020-10-13	Espoo, Helsinki, Kauniainen, Vantaa	Uusimaa (U)	Suomi	60.25715	24.738957	Sure	NEUTRAL	The Atlas of Finnish Fungi
keltavahvero (fi) — Cantharellus cibarius	keltavahvero (fi)		2020-10-12	Taivalkoski	Koillismaa (Ks)	Suomi	65.27218	28.247561	Sure	NEUTRAL	The Atlas of Finnish Fungi
keltavahvero (fi) — Cantharellus cibarius	keltavahvero (fi)		2020-10-10	Eura, Harjavalta, Kokemäki, Nakkila, Säkylä	Satakunta (St)	Suomi	61.3	22.1		COMMUNITY_VERIFIED	iNaturalist Suomi Finland
keltavahvero (fi) — Cantharellus cibarius	keltavahvero (fi)	5	2020-10-10	Porvoo	Uusimaa (U)	Suomi	60.360497	25.792737	Sure	NEUTRAL	The Atlas of Finnish Fungi
keltavahvero (fi) — Cantharellus cibarius	keltavahvero (fi)		2020-10-10	Ikaalinen	Satakunta (St)	Suomi	61.904145	23.404899	Sure	NEUTRAL	The Atlas of Finnish Fungi
keltavahvero (fi) — Cantharellus cibarius	keltavahvero (fi)		2020-10-10	Espoo	Uusimaa (U)	Suomi	60.30882	24.52013		COMMUNITY_VERIFIED	iNaturalist Suomi Finland
keltavahvero (fi) — Cantharellus cibarius	keltavahvero (fi)	10	2020-10-09	Porvoo	Uusimaa (U)	Suomi	60.38439	25.69943	Sure	NEUTRAL	The Atlas of Finnish Fungi
keltavahvero (fi) — Cantharellus cibarius	keltavahvero (fi)	3	2020-10-04 [10:00]	Mikkeli	Pohjois-Savo (PS)	Suomi	62.071188	27.092385	Sure	NEUTRAL	The Atlas of Finnish Fungi
keltavahvero (fi) — Cantharellus cibarius	keltavahvero (fi)	noin kymmenen	2020-10-04	Kannonkoski, Kivijärvi	Pohjois-Häme (PH)	Suomi	63.02808	25.109584	Sure	NEUTRAL	The Atlas of Finnish Fungi
keltavahvero (fi) — Cantharellus cibarius	keltavahvero (fi)		2020-10-04	Närpiö	Etelä-Pohjanmaa (EP)	Suomi	62.38038	21.18505		COMMUNITY_VERIFIED	iNaturalist Suomi Finland
keltavahvero (fi) — Cantharellus cibarius	keltavahvero (fi)		2020-10-03	Hämeenlinna	Etelä-Häme (EH)	Suomi	61.242176	25.071006	Sure	NEUTRAL	The Atlas of Finnish Fungi
keltavahvero (fi) — Cantharellus cibarius	keltavahvero (fi)		2020-10-02	Seinäjoki	Etelä-Pohjanmaa (EP)	Suomi	62.75352	22.7879		NEUTRAL	iNaturalist Suomi Finland
keltavahvero (fi) — Cantharellus cibarius	keltavahvero (fi)		2020-10-02	Helsinki	Uusimaa (U)	Suomi	60.21615	24.91139		COMMUNITY_VERIFIED	iNaturalist Suomi Finland
keltavahvero (fi) — Cantharellus cibarius	keltavahvero (fi)	runsas	2020-10-01	Raasepori	Varsinais-Suomi (V)	Suomi	60.124674	23.44688	Sure	NEUTRAL	Notebook, general observations
keltavahvero (fi) — Cantharellus cibarius	keltavahvero (fi)	1	2020-09-30	Porvoo	Uusimaa (U)	Suomi	60.38536	25.69542	Sure	NEUTRAL	The Atlas of Finnish Fungi
keltavahvero (fi) — Cantharellus cibarius	keltavahvero (fi)		2020-09-28	Turku	Varsinais-Suomi (V)	Suomi	60.45681	22.16391		COMMUNITY_VERIFIED	iNaturalist Suomi Finland
keltavahvero (fi) — Cantharellus cibarius	keltavahvero (fi)	1	2020-09-27	Kalajoki	Keski-Pohjanmaa (KP)	Suomi	64.056135	23.626406	Sure	NEUTRAL	The Atlas of Finnish Fungi
keltavahvero (fi) — Cantharellus cibarius	keltavahvero (fi)		2020-09-27	Lappeenranta	Etelä-Savo (ES)	Suomi	61.09337	28.15841		COMMUNITY_VERIFIED	iNaturalist Suomi Finland
keltavahvero (fi) — Cantharellus cibarius	keltavahvero (fi)		2020-09-27	Helsinki	Uusimaa (U)	Suomi	60.25962	24.92999		COMMUNITY_VERIFIED	iNaturalist Suomi Finland
keltavahvero (fi) — Cantharellus cibarius	keltavahvero (fi)	10	2020-09-26	Vaasa	Etelä-Pohjanmaa (EP)	Suomi	63.083976	21.68114	Sure	NEUTRAL	The Atlas of Finnish Fungi
keltavahvero (fi) — Cantharellus cibarius	keltavahvero (fi)		2020-09-26	Vantaa	Uusimaa (U)	Suomi	60.30963	25.16772		COMMUNITY_VERIFIED	iNaturalist Suomi Finland
keltavahvero (fi) — Cantharellus cibarius	keltavahvero (fi)		2020-09-25	Lahti	Etelä-Häme (EH)	Suomi	60.93498	25.97807		COMMUNITY_VERIFIED	iNaturalist Suomi Finland
keltavahvero (fi) — Cantharellus cibarius	keltavahvero (fi)	12	2020-09-24	Ruovesi	Etelä-Häme (EH)	Suomi	62.070414	23.965488	Sure	NEUTRAL	The Atlas of Finnish Fungi
keltavahvero (fi) — Cantharellus cibarius	keltavahvero (fi)		2020-09-23	Vihti	Varsinais-Suomi (V)	Suomi	60.553824	24.470707	Sure	NEUTRAL	The Atlas of Finnish Fungi
keltavahvero (fi) — Cantharellus cibarius	keltavahvero (fi)	300 g	2020-09-22	Vaasa	Etelä-Pohjanmaa (EP)	Suomi	63.083028	22.06528	Sure	NEUTRAL	The Atlas of Finnish Fungi
keltavahvero (fi) — Cantharellus cibarius	keltavahvero (fi)		2020-09-21	Karkkila	Varsinais-Suomi (V)	Suomi	60.6008	24.01722		COMMUNITY_VERIFIED	iNaturalist Suomi Finland
keltavahvero (fi) — Cantharellus cibarius	keltavahvero (fi)		2020-09-21	Karkkila	Varsinais-Suomi (V)	Suomi	60.52761	24.18611		COMMUNITY_VERIFIED	iNaturalist Suomi Finland
keltavahvero (fi) — Cantharellus cibarius	keltavahvero (fi)		2020-09-20	Lappeenranta	Etelä-Savo (ES)	Suomi	61.042775	28.032503	Sure	NEUTRAL	The Atlas of Finnish Fungi
keltavahvero (fi) — Cantharellus cibarius	keltavahvero (fi)		2020-09-20	Sipoo	Uusimaa (U)	Suomi	60.425919	25.31912	Sure	NEUTRAL	The Atlas of Finnish Fungi
keltavahvero (fi) — Cantharellus cibarius	keltavahvero (fi)		2020-09-20	Kitee	Pohjois-Karjala (PK)	Suomi	62.119341	29.916293	Sure	NEUTRAL	The Atlas of Finnish Fungi
keltavahvero (fi) — Cantharellus cibarius	keltavahvero (fi)		2020-09-20	Alavus	Etelä-Pohjanmaa (EP)	Suomi	62.58826	23.45958		COMMUNITY_VERIFIED	iNaturalist Suomi Finland
keltavahvero (fi) — Cantharellus cibarius	keltavahvero (fi)		2020-09-20	Vihti	Varsinais-Suomi (V)	Suomi	60.29883	24.3694		COMMUNITY_VERIFIED	iNaturalist Suomi Finland
keltavahvero (fi) — Cantharellus cibarius	keltavahvero (fi)		2020-09-20	Varkaus	Pohjois-Savo (PS)	Suomi	62.28627	28.07835		COMMUNITY_VERIFIED	iNaturalist Suomi Finland
keltavahvero (fi) — Cantharellus cibarius	keltavahvero (fi)		2020-09-20	Pertunmaa	Etelä-Savo (ES)	Suomi	61.49546	26.6244		COMMUNITY_VERIFIED	iNaturalist Suomi Finland
keltavahvero (fi) — Cantharellus cibarius	keltavahvero (fi)		2020-09-19	Kitee	Pohjois-Karjala (PK)	Suomi	62.044633	30.260848	Sure	NEUTRAL	The Atlas of Finnish Fungi
keltavahvero (fi) — Cantharellus cibarius	keltavahvero (fi)		2020-09-19	Mikkeli	Etelä-Savo (ES)	Suomi	61.7	27.3		COMMUNITY_VERIFIED	iNaturalist Suomi Finland
keltavahvero (fi) — Cantharellus cibarius	keltavahvero (fi)		2020-09-19	Tohmajärvi	Pohjois-Karjala (PK)	Suomi	62.185831	30.442163	Sure	NEUTRAL	The Atlas of Finnish Fungi
keltavahvero (fi) — Cantharellus cibarius	keltavahvero (fi)	muutamia eri kohdissa	2020-09-19	Kitee	Pohjois-Karjala (PK)	Suomi	62.087719	29.890594	Sure	NEUTRAL	The Atlas of Finnish Fungi
keltavahvero (fi) — Cantharellus cibarius	keltavahvero (fi)		2020-09-19	Kitee	Pohjois-Karjala (PK)	Suomi	62.091495	29.88272	Sure	NEUTRAL	The Atlas of Finnish Fungi
keltavahvero (fi) — Cantharellus cibarius	keltavahvero (fi)		2020-09-19	Kitee	Pohjois-Karjala (PK)	Suomi	62.045717	30.256977	Sure	NEUTRAL	The Atlas of Finnish Fungi
keltavahvero (fi) — Cantharellus cibarius	keltavahvero (fi)		2020-09-19	Kitee	Pohjois-Karjala (PK)	Suomi	62.177176	29.943946	Sure	NEUTRAL	The Atlas of Finnish Fungi
keltavahvero (fi) — Cantharellus cibarius	keltavahvero (fi)		2020-09-19	Kitee	Pohjois-Karjala (PK)	Suomi	62.176979	29.9445	Sure	NEUTRAL	The Atlas of Finnish Fungi
keltavahvero (fi) — Cantharellus cibarius	keltavahvero (fi)		2020-09-19	Kitee	Pohjois-Karjala (PK)	Suomi	62.177884	29.943897	Sure	NEUTRAL	The Atlas of Finnish Fungi
keltavahvero (fi) — Cantharellus cibarius	keltavahvero (fi)		2020-09-19	Kitee	Pohjois-Karjala (PK)	Suomi	62.177001	29.9443	Sure	NEUTRAL	The Atlas of Finnish Fungi
keltavahvero (fi) — Cantharellus cibarius	keltavahvero (fi)	Muutama	2020-09-19	Kitee	Pohjois-Karjala (PK)	Suomi	62.099661	29.840257	Sure	NEUTRAL	The Atlas of Finnish Fungi
keltavahvero (fi) — Cantharellus cibarius	keltavahvero (fi)	15	2020-09-19	Heinola	Etelä-Häme (EH)	Suomi	61.182278	25.930496	Sure	NEUTRAL	The Atlas of Finnish Fungi
keltavahvero (fi) — Cantharellus cibarius	keltavahvero (fi)		2020-09-19	Kitee	Pohjois-Karjala (PK)	Suomi	62.081809	29.843842	Sure	NEUTRAL	The Atlas of Finnish Fungi
keltavahvero (fi) — Cantharellus cibarius	keltavahvero (fi)		2020-09-19	Tohmajärvi	Pohjois-Karjala (PK)	Suomi	62.229565	30.279711	Sure	NEUTRAL	The Atlas of Finnish Fungi
keltavahvero (fi) — Cantharellus cibarius	keltavahvero (fi)	20	2020-09-19	Kitee	Pohjois-Karjala (PK)	Suomi	62.092607	30.137649	Sure	NEUTRAL	The Atlas of Finnish Fungi
keltavahvero (fi) — Cantharellus cibarius	keltavahvero (fi)		2020-09-19	Urjala	Etelä-Häme (EH)	Suomi	61.04878	23.46186		COMMUNITY_VERIFIED	iNaturalist Suomi Finland
keltavahvero (fi) — Cantharellus cibarius	keltavahvero (fi)		2020-09-19	Sysmä	Etelä-Häme (EH)	Suomi	61.64594	25.58955		COMMUNITY_VERIFIED	iNaturalist Suomi Finland
keltavahvero (fi) — Cantharellus cibarius	keltavahvero (fi)		2020-09-19	Raasepori	Uusimaa (U)	Suomi	59.96941	23.76339		COMMUNITY_VERIFIED	iNaturalist Suomi Finland
keltavahvero (fi) — Cantharellus cibarius	keltavahvero (fi)		2020-09-19	Sastamala	Satakunta (St)	Suomi	61.47857	22.53194		COMMUNITY_VERIFIED	iNaturalist Suomi Finland
keltavahvero (fi) — Cantharellus cibarius	keltavahvero (fi)		2020-09-18	Karkkila	Varsinais-Suomi (V)	Suomi	60.52517	24.171		COMMUNITY_VERIFIED	iNaturalist Suomi Finland
keltavahvero (fi) — Cantharellus cibarius	keltavahvero (fi)		2020-09-18	Kitee	Pohjois-Karjala (PK)	Suomi	62.081	29.931	Sure	NEUTRAL	The Atlas of Finnish Fungi
keltavahvero (fi) — Cantharellus cibarius	keltavahvero (fi)	10	2020-09-18	Kitee	Pohjois-Karjala (PK)	Suomi	62.088109	30.157691	Sure	NEUTRAL	The Atlas of Finnish Fungi
keltavahvero (fi) — Cantharellus cibarius	keltavahvero (fi)		2020-09-18	Kitee	Pohjois-Karjala (PK)	Suomi	62.089805	30.159542	Sure	NEUTRAL	The Atlas of Finnish Fungi
keltavahvero (fi) — Cantharellus cibarius	keltavahvero (fi)		2020-09-18	Kitee	Pohjois-Karjala (PK)	Suomi	62.095667	30.137098	Sure	NEUTRAL	The Atlas of Finnish Fungi
keltavahvero (fi) — Cantharellus cibarius	keltavahvero (fi)	3	2020-09-18	Kitee	Pohjois-Karjala (PK)	Suomi	62.089853	30.159564	Sure	NEUTRAL	The Atlas of Finnish Fungi
keltavahvero (fi) — Cantharellus cibarius	keltavahvero (fi)		2020-09-18	Kitee	Pohjois-Karjala (PK)	Suomi	62.092413	30.137869	Sure	NEUTRAL	The Atlas of Finnish Fungi
keltavahvero (fi) — Cantharellus cibarius	keltavahvero (fi)	30	2020-09-18	Kitee	Pohjois-Karjala (PK)	Suomi	62.086056	30.151309	Sure	NEUTRAL	The Atlas of Finnish Fungi
keltavahvero (fi) — Cantharellus cibarius	keltavahvero (fi)		2020-09-16	Lohja	Varsinais-Suomi (V)	Suomi	60.577754	23.982868	Sure	NEUTRAL	The Atlas of Finnish Fungi
keltavahvero (fi) — Cantharellus cibarius	keltavahvero (fi)		2020-09-16	Lohja	Varsinais-Suomi (V)	Suomi	60.577357	23.982506	Sure	NEUTRAL	The Atlas of Finnish Fungi
keltavahvero (fi) — Cantharellus cibarius	keltavahvero (fi)		2020-09-15	Kouvola	Etelä-Savo (ES)	Suomi	61.10146	26.96098		COMMUNITY_VERIFIED	iNaturalist Suomi Finland
keltavahvero (fi) — Cantharellus cibarius	keltavahvero (fi)		2020-09-15	Kitee	Pohjois-Karjala (PK)	Suomi	62.082319	30.165197	Sure	NEUTRAL	The Atlas of Finnish Fungi
keltavahvero (fi) — Cantharellus cibarius	keltavahvero (fi)		2020-09-15	Puolanka	Kainuu (Kn)	Suomi	64.705361	27.975809	Sure	NEUTRAL	The Atlas of Finnish Fungi
keltavahvero (fi) — Cantharellus cibarius	keltavahvero (fi)		2020-09-15	Lohja	Varsinais-Suomi (V)	Suomi	60.37383	23.80329		COMMUNITY_VERIFIED	iNaturalist Suomi Finland
keltavahvero (fi) — Cantharellus cibarius	keltavahvero (fi)		2020-09-14	Kirkkonummi	Uusimaa (U)	Suomi	60.281301	24.505098	Sure	NEUTRAL	The Atlas of Finnish Fungi
keltavahvero (fi) — Cantharellus cibarius	keltavahvero (fi)		2020-09-14	Kirkkonummi, Vihti	Uusimaa (U), Varsinais-Suomi (V)	Suomi	60.282	24.487032	Sure	NEUTRAL	The Atlas of Finnish Fungi
keltavahvero (fi) — Cantharellus cibarius	keltavahvero (fi)	muutama	2020-09-14	Vaasa	Etelä-Pohjanmaa (EP)	Suomi	63.099192	21.728154	Sure	NEUTRAL	The Atlas of Finnish Fungi
keltavahvero (fi) — Cantharellus cibarius	keltavahvero (fi)		2020-09-14	Helsinki	Uusimaa (U)	Suomi	60.234083	25.023664	Sure	NEUTRAL	The Atlas of Finnish Fungi
keltavahvero (fi) — Cantharellus cibarius	keltavahvero (fi)		2020-09-14	Kemiönsaari	Varsinais-Suomi (V)	Suomi	60.0663	22.76089		COMMUNITY_VERIFIED	iNaturalist Suomi Finland
keltavahvero (fi) — Cantharellus cibarius	keltavahvero (fi)		2020-09-14	Lapinlahti	Pohjois-Savo (PS)	Suomi	63.31242	27.39871		COMMUNITY_VERIFIED	iNaturalist Suomi Finland
keltavahvero (fi) — Cantharellus cibarius	keltavahvero (fi)		2020-09-14	Karkkila	Varsinais-Suomi (V)	Suomi	60.5319	24.1855		COMMUNITY_VERIFIED	iNaturalist Suomi Finland
keltavahvero (fi) — Cantharellus cibarius	keltavahvero (fi)		2020-09-14	Salo	Varsinais-Suomi (V)	Suomi	60.17648	23.27748		COMMUNITY_VERIFIED	iNaturalist Suomi Finland
keltavahvero (fi) — Cantharellus cibarius	keltavahvero (fi)		2020-09-14	Mikkeli	Etelä-Savo (ES)	Suomi	61.69842	27.41326		COMMUNITY_VERIFIED	iNaturalist Suomi Finland
keltavahvero (fi) — Cantharellus cibarius	keltavahvero (fi)	muutama	2020-09-13	Parainen	Varsinais-Suomi (V)	Suomi	60.310666	22.11327	Sure	NEUTRAL	The Atlas of Finnish Fungi
keltavahvero (fi) — Cantharellus cibarius	keltavahvero (fi)		2020-09-13	Mikkeli	Pohjois-Savo (PS)	Suomi	62.063204	26.979462	Sure	NEUTRAL	The Atlas of Finnish Fungi
keltavahvero (fi) — Cantharellus cibarius	keltavahvero (fi)	kymmeniä	2020-09-13	Hämeenkyrö	Satakunta (St)	Suomi	61.692032	23.049928	Sure	NEUTRAL	The Atlas of Finnish Fungi
keltavahvero (fi) — Cantharellus cibarius	keltavahvero (fi)		2020-09-13	Kannus	Keski-Pohjanmaa (KP)	Suomi	63.86463	24.04804		COMMUNITY_VERIFIED	iNaturalist Suomi Finland
keltavahvero (fi) — Cantharellus cibarius	keltavahvero (fi)		2020-09-13	Tuusula	Uusimaa (U)	Suomi	60.45346	25.02701		COMMUNITY_VERIFIED	iNaturalist Suomi Finland
keltavahvero (fi) — Cantharellus cibarius	keltavahvero (fi)		2020-09-13	Loviisa	Uusimaa (U)	Suomi	60.52211	26.25166		COMMUNITY_VERIFIED	iNaturalist Suomi Finland
keltavahvero (fi) — Cantharellus cibarius	keltavahvero (fi)		2020-09-13	Mikkeli	Etelä-Savo (ES)	Suomi	61.68728	27.27215		COMMUNITY_VERIFIED	iNaturalist Suomi Finland
keltavahvero (fi) — Cantharellus cibarius	keltavahvero (fi)		2020-09-12	Kontiolahti	Pohjois-Karjala (PK)	Suomi	62.688461	29.790301	Sure	NEUTRAL	Notebook, general observations
keltavahvero (fi) — Cantharellus cibarius	keltavahvero (fi)	5	2020-09-11	Vaasa	Etelä-Pohjanmaa (EP)	Suomi	63.105091	21.744294	Sure	NEUTRAL	The Atlas of Finnish Fungi
keltavahvero (fi) — Cantharellus cibarius	keltavahvero (fi)	6	2020-09-11	Porvoo	Uusimaa (U)	Suomi	60.3604	25.69678	Sure	NEUTRAL	The Atlas of Finnish Fungi
keltavahvero (fi) — Cantharellus cibarius	keltavahvero (fi)		2020-09-11	Virolahti	Etelä-Karjala (EK)	Suomi	60.531158	27.553902	Sure	NEUTRAL	The Atlas of Finnish Fungi
keltavahvero (fi) — Cantharellus cibarius	keltavahvero (fi)		2020-09-11	Koski Tl	Varsinais-Suomi (V)	Suomi	60.64704	23.17132		COMMUNITY_VERIFIED	iNaturalist Suomi Finland
keltavahvero (fi) — Cantharellus cibarius	keltavahvero (fi)		2020-09-11	Helsinki	Uusimaa (U)	Suomi	60.213092	24.974658	Sure	NEUTRAL	The Atlas of Finnish Fungi
keltavahvero (fi) — Cantharellus cibarius	keltavahvero (fi)	1	2020-09-11	Asikkala	Etelä-Häme (EH)	Suomi	61.169428	25.868662	Sure	NEUTRAL	Notebook, general observations
keltavahvero (fi) — Cantharellus cibarius	keltavahvero (fi)	3	2020-09-10	Porvoo	Uusimaa (U)	Suomi	60.372	25.93		EXPERT_VERIFIED	Löydös Open Finnish Observation Database
keltavahvero (fi) — Cantharellus cibarius	keltavahvero (fi)		2020-09-10	Virolahti	Etelä-Karjala (EK)	Suomi	60.530278	27.569449	Sure	NEUTRAL	The Atlas of Finnish Fungi
keltavahvero (fi) — Cantharellus cibarius	keltavahvero (fi)		2020-09-10	Nurmijärvi	Uusimaa (U)	Suomi	60.44648	24.74226		COMMUNITY_VERIFIED	iNaturalist Suomi Finland
keltavahvero (fi) — Cantharellus cibarius	keltavahvero (fi)	noin 50	2020-09-09	Hattula	Etelä-Häme (EH)	Suomi	61.057844	24.337785	Sure	NEUTRAL	The Atlas of Finnish Fungi
keltavahvero (fi) — Cantharellus cibarius	keltavahvero (fi)		2020-09-09	Hankasalmi	Pohjois-Häme (PH)	Suomi	62.318972	26.344106	Sure	NEUTRAL	The Atlas of Finnish Fungi
keltavahvero (fi) — Cantharellus cibarius	keltavahvero (fi)		2020-09-09	Miehikkälä	Etelä-Karjala (EK)	Suomi	60.740217	27.656371	Sure	NEUTRAL	The Atlas of Finnish Fungi
keltavahvero (fi) — Cantharellus cibarius	keltavahvero (fi)		2020-09-09	Miehikkälä	Etelä-Karjala (EK)	Suomi	60.676615	27.702867	Sure	NEUTRAL	The Atlas of Finnish Fungi
keltavahvero (fi) — Cantharellus cibarius	keltavahvero (fi)		2020-09-09	Miehikkälä	Etelä-Karjala (EK)	Suomi	60.657636	27.801432	Sure	NEUTRAL	The Atlas of Finnish Fungi
keltavahvero (fi) — Cantharellus cibarius	keltavahvero (fi)		2020-09-08	Miehikkälä	Etelä-Karjala (EK)	Suomi	60.690918	27.655802	Sure	EXPERT_VERIFIED	The Atlas of Finnish Fungi
keltavahvero (fi) — Cantharellus cibarius	keltavahvero (fi)	2	2020-09-08	Lappeenranta	Etelä-Karjala (EK)	Suomi	60.792846	28.038074	Sure	NEUTRAL	The Atlas of Finnish Fungi
keltavahvero (fi) — Cantharellus cibarius	keltavahvero (fi)	muutama	2020-09-08	Lappeenranta	Etelä-Karjala (EK)	Suomi	60.7926	28.036399	Sure	NEUTRAL	The Atlas of Finnish Fungi
keltavahvero (fi) — Cantharellus cibarius	keltavahvero (fi)	30	2020-09-07	Keminmaa	Perä-Pohjanmaa (PeP)	Suomi	65.862738	24.83144		NEUTRAL	Löydös Open Finnish Observation Database
keltavahvero (fi) — Cantharellus cibarius	keltavahvero (fi)	useita	2020-09-07	Virolahti	Etelä-Karjala (EK)	Suomi	60.508623	27.689602	Sure	EXPERT_VERIFIED	The Atlas of Finnish Fungi
keltavahvero (fi) — Cantharellus cibarius	keltavahvero (fi)		2020-09-07	Loviisa	Uusimaa (U)	Suomi	60.44092	26.19731		COMMUNITY_VERIFIED	iNaturalist Suomi Finland
keltavahvero (fi) — Cantharellus cibarius	keltavahvero (fi)	20	2020-09-06	Ylitornio	Perä-Pohjanmaa (PeP)	Suomi	66.319307	23.708851	Sure	EXPERT_VERIFIED	The Atlas of Finnish Fungi
keltavahvero (fi) — Cantharellus cibarius	keltavahvero (fi)		2020-09-06	Vantaa	Uusimaa (U)	Suomi	60.35398	25.07104		COMMUNITY_VERIFIED	iNaturalist Suomi Finland
keltavahvero (fi) — Cantharellus cibarius	keltavahvero (fi)		2020-09-06	Turku	Varsinais-Suomi (V)	Suomi	60.47977	22.32165		COMMUNITY_VERIFIED	iNaturalist Suomi Finland
keltavahvero (fi) — Cantharellus cibarius	keltavahvero (fi)		2020-09-06	Hartola	Etelä-Häme (EH)	Suomi	61.65593	26.05464		COMMUNITY_VERIFIED	iNaturalist Suomi Finland
keltavahvero (fi) — Cantharellus cibarius	keltavahvero (fi)	Kymmenittäim	2020-09-05	Riihimäki	Etelä-Häme (EH)	Suomi	60.721357	24.804692	Sure	NEUTRAL	The Atlas of Finnish Fungi
keltavahvero (fi) — Cantharellus cibarius	keltavahvero (fi)		2020-09-05	Hartola, Joutsa	Etelä-Häme (EH), Etelä-Savo (ES)	Suomi	61.7	26.1		COMMUNITY_VERIFIED	iNaturalist Suomi Finland
keltavahvero (fi) — Cantharellus cibarius	keltavahvero (fi)	muutama	2020-09-05	Salo	Varsinais-Suomi (V)	Suomi	60.496337	23.06597	Sure	NEUTRAL	The Atlas of Finnish Fungi
keltavahvero (fi) — Cantharellus cibarius	keltavahvero (fi)	Noin 5	2020-09-05	Hämeenlinna	Etelä-Häme (EH)	Suomi	60.99352	24.4158	Sure	NEUTRAL	The Atlas of Finnish Fungi
keltavahvero (fi) — Cantharellus cibarius	keltavahvero (fi)		2020-09-05	Parainen	Varsinais-Suomi (V)	Suomi	60.12133	21.68695		COMMUNITY_VERIFIED	iNaturalist Suomi Finland
keltavahvero (fi) — Cantharellus cibarius	keltavahvero (fi)		2020-09-05	Eurajoki	Satakunta (St)	Suomi	61.22391	21.72879		COMMUNITY_VERIFIED	iNaturalist Suomi Finland
keltavahvero (fi) — Cantharellus cibarius	keltavahvero (fi)		2020-09-05	Nokia	Etelä-Häme (EH)	Suomi	61.47514	23.34478		COMMUNITY_VERIFIED	iNaturalist Suomi Finland
keltavahvero (fi) — Cantharellus cibarius	keltavahvero (fi)		2020-09-05	Sastamala	Satakunta (St)	Suomi	61.52205	22.61835		COMMUNITY_VERIFIED	iNaturalist Suomi Finland
keltavahvero (fi) — Cantharellus cibarius	keltavahvero (fi)		2020-09-05	Parainen	Varsinais-Suomi (V)	Suomi	60.17956	22.30344		COMMUNITY_VERIFIED	iNaturalist Suomi Finland
keltavahvero (fi) — Cantharellus cibarius	keltavahvero (fi)		2020-09-03 - 2020-09-05	Hausjärvi, Hollola, Hämeenlinna, Janakkala, Kärkölä	Etelä-Häme (EH)	Suomi	60.890698	25.06274	Sure	NEUTRAL	The Atlas of Finnish Fungi
keltavahvero (fi) — Cantharellus cibarius	keltavahvero (fi)	50	2020-09-03	Sotkamo	Kainuu (Kn)	Suomi	64.061879	27.924582		NEUTRAL	LajiGIS: Species mapping and surveys
keltavahvero (fi) — Cantharellus cibarius	keltavahvero (fi)		2020-09-02	Tervola	Perä-Pohjanmaa (PeP)	Suomi	66.231415	25.079798		NEUTRAL	LajiGIS: Species mapping and surveys
keltavahvero (fi) — Cantharellus cibarius	keltavahvero (fi)		2020-09-02	Tervola	Perä-Pohjanmaa (PeP)	Suomi	66.231413	25.079813		NEUTRAL	Fungal collection of the Botanical Museum, University of Oulu (OULU)
keltavahvero (fi) — Cantharellus cibarius	keltavahvero (fi)	muutama	2020-09-01	Salo	Varsinais-Suomi (V)	Suomi	60.227409	23.616118	Sure	NEUTRAL	The Atlas of Finnish Fungi
keltavahvero (fi) — Cantharellus cibarius	keltavahvero (fi)		2020-09-01	Helsinki	Uusimaa (U)	Suomi	60.16986	24.93838		COMMUNITY_VERIFIED	iNaturalist Suomi Finland
keltavahvero (fi) — Cantharellus cibarius	keltavahvero (fi)		2020-09-01	Mäntsälä	Uusimaa (U)	Suomi	60.61894	25.24541		COMMUNITY_VERIFIED	iNaturalist Suomi Finland
keltavahvero (fi) — Cantharellus cibarius	keltavahvero (fi)	20	2020-08-30	Kuopio	Pohjois-Savo (PS)	Suomi	62.895319	27.427152		NEUTRAL	Löydös Open Finnish Observation Database
keltavahvero (fi) — Cantharellus cibarius	keltavahvero (fi)		2020-08-30	Helsinki	Uusimaa (U)	Suomi	60.23103	25.16181		COMMUNITY_VERIFIED	iNaturalist Suomi Finland
keltavahvero (fi) — Cantharellus cibarius	keltavahvero (fi)		2020-08-30	Loviisa	Uusimaa (U)	Suomi	60.44916	26.21451		COMMUNITY_VERIFIED	iNaturalist Suomi Finland
keltavahvero (fi) — Cantharellus cibarius	keltavahvero (fi)	muutama	2020-08-29	Marttila	Varsinais-Suomi (V)	Suomi	60.609995	22.835816	Sure	NEUTRAL	The Atlas of Finnish Fungi
keltavahvero (fi) — Cantharellus cibarius	keltavahvero (fi)		2020-08-29	Sipoo	Uusimaa (U)	Suomi	60.466393	25.190556	Sure	NEUTRAL	The Atlas of Finnish Fungi
keltavahvero (fi) — Cantharellus cibarius	keltavahvero (fi)		2020-08-28	Kuopio, Siilinjärvi	Pohjois-Savo (PS)	Suomi	62.9	27.5		COMMUNITY_VERIFIED	iNaturalist Suomi Finland
keltavahvero (fi) — Cantharellus cibarius	keltavahvero (fi)		2020-08-28	Helsinki	Uusimaa (U)	Suomi	60.22478	25.14529		COMMUNITY_VERIFIED	iNaturalist Suomi Finland
keltavahvero (fi) — Cantharellus cibarius	keltavahvero (fi)	30	2020-08-27	Lapinlahti	Pohjois-Savo (PS)	Suomi	63.294789	27.46422		NEUTRAL	Löydös Open Finnish Observation Database
keltavahvero (fi) — Cantharellus cibarius	keltavahvero (fi)	muutama	2020-08-26	Salo	Varsinais-Suomi (V)	Suomi	60.439377	23.041112	Sure	NEUTRAL	The Atlas of Finnish Fungi
keltavahvero (fi) — Cantharellus cibarius	keltavahvero (fi)		2020-08-26	Espoo	Uusimaa (U)	Suomi	60.24109	24.81833		COMMUNITY_VERIFIED	iNaturalist Suomi Finland
keltavahvero (fi) — Cantharellus cibarius	keltavahvero (fi)	useita	2020-08-26	Salo	Varsinais-Suomi (V)	Suomi	60.496386	23.066482	Sure	NEUTRAL	The Atlas of Finnish Fungi
keltavahvero (fi) — Cantharellus cibarius	keltavahvero (fi)		2020-08-25	Alavus, Seinäjoki	Etelä-Pohjanmaa (EP)	Suomi	62.7	23.1		NEUTRAL	iNaturalist Suomi Finland
keltavahvero (fi) — Cantharellus cibarius	keltavahvero (fi)		2020-08-25	Rovaniemi	Perä-Pohjanmaa (PeP)	Suomi	66.4996	25.760908	Sure	NEUTRAL	The Atlas of Finnish Fungi
keltavahvero (fi) — Cantharellus cibarius	keltavahvero (fi)	runsaasti	2020-08-25	Tuusula	Uusimaa (U)	Suomi	60.447279	24.980528	Sure	NEUTRAL	The Atlas of Finnish Fungi
keltavahvero (fi) — Cantharellus cibarius	keltavahvero (fi)		2020-08-24	Vihti	Varsinais-Suomi (V)	Suomi	60.52942	24.559522	Sure	NEUTRAL	The Atlas of Finnish Fungi
keltavahvero (fi) — Cantharellus cibarius	keltavahvero (fi)	7	2020-08-24	Rovaniemi	Perä-Pohjanmaa (PeP)	Suomi	66.711362	25.881263	Sure	NEUTRAL	The Atlas of Finnish Fungi
keltavahvero (fi) — Cantharellus cibarius	keltavahvero (fi)		2020-08-23	Rauma	Satakunta (St)	Suomi	61.06524	21.985		NEUTRAL	iNaturalist Suomi Finland
keltavahvero (fi) — Cantharellus cibarius	keltavahvero (fi)		2020-08-23	Enonkoski, Savonlinna	Etelä-Savo (ES)	Suomi	61.96701	28.998692	Sure	NEUTRAL	The Atlas of Finnish Fungi
keltavahvero (fi) — Cantharellus cibarius	keltavahvero (fi)		2020-08-23	Vantaa	Uusimaa (U)	Suomi	60.32523	25.0733		COMMUNITY_VERIFIED	iNaturalist Suomi Finland
keltavahvero (fi) — Cantharellus cibarius	keltavahvero (fi)		2020-08-23	Kuopio	Pohjois-Savo (PS)	Suomi	62.94621	27.86302		COMMUNITY_VERIFIED	iNaturalist Suomi Finland
keltavahvero (fi) — Cantharellus cibarius	keltavahvero (fi)		2020-08-23	Sastamala	Satakunta (St)	Suomi	61.41833	22.64194		COMMUNITY_VERIFIED	iNaturalist Suomi Finland
keltavahvero (fi) — Cantharellus cibarius	keltavahvero (fi)		2020-08-21	Leppävirta	Pohjois-Savo (PS)	Suomi	62.478546	27.815244	Sure	NEUTRAL	The Atlas of Finnish Fungi
keltavahvero (fi) — Cantharellus cibarius	keltavahvero (fi)		2020-08-20	Kristiinankaupunki	Etelä-Pohjanmaa (EP)	Suomi	62.19481	21.47177		COMMUNITY_VERIFIED	iNaturalist Suomi Finland
keltavahvero (fi) — Cantharellus cibarius	keltavahvero (fi)		2020-08-16	Rantasalmi	Etelä-Savo (ES)	Suomi	62.1412	28.19414		COMMUNITY_VERIFIED	iNaturalist Suomi Finland
keltavahvero (fi) — Cantharellus cibarius	keltavahvero (fi)		2020-08-16	Tammela	Etelä-Häme (EH)	Suomi	60.67104	23.71345		COMMUNITY_VERIFIED	iNaturalist Suomi Finland
keltavahvero (fi) — Cantharellus cibarius	keltavahvero (fi)		2020-08-15	Vantaa	Uusimaa (U)	Suomi	60.27262	25.11871		COMMUNITY_VERIFIED	iNaturalist Suomi Finland
keltavahvero (fi) — Cantharellus cibarius	keltavahvero (fi)	2	2020-08-15	Hämeenlinna	Etelä-Häme (EH)	Suomi	60.830126	24.409154	Sure	EXPERT_VERIFIED	The Atlas of Finnish Fungi
keltavahvero (fi) — Cantharellus cibarius	keltavahvero (fi)		2020-08-15	Vihti	Varsinais-Suomi (V)	Suomi	60.532473	24.500693	Sure	EXPERT_VERIFIED	The Atlas of Finnish Fungi
keltavahvero (fi) — Cantharellus cibarius	keltavahvero (fi)		2020-08-15	Siikajoki	Keski-Pohjanmaa (KP)	Suomi	64.79756	24.96508		COMMUNITY_VERIFIED	iNaturalist Suomi Finland
keltavahvero (fi) — Cantharellus cibarius	keltavahvero (fi)		2020-08-15	Sulkava	Etelä-Savo (ES)	Suomi	61.72388	28.27521		COMMUNITY_VERIFIED	iNaturalist Suomi Finland
keltavahvero (fi) — Cantharellus cibarius	keltavahvero (fi)		2020-08-15	Vantaa	Uusimaa (U)	Suomi	60.37044	25.07749		COMMUNITY_VERIFIED	iNaturalist Suomi Finland
keltavahvero (fi) — Cantharellus cibarius	keltavahvero (fi)		2020-08-15	Helsinki	Uusimaa (U)	Suomi	60.26987	24.93001		COMMUNITY_VERIFIED	iNaturalist Suomi Finland
keltavahvero (fi) — Cantharellus cibarius	keltavahvero (fi)		2020-08-14	Hankasalmi	Pohjois-Häme (PH)	Suomi	62.3233	26.3865	Sure	NEUTRAL	The Atlas of Finnish Fungi
keltavahvero (fi) — Cantharellus cibarius	keltavahvero (fi)	5	2020-08-13	Jyväskylä	Pohjois-Häme (PH)	Suomi	62.263135	25.697528	Sure	NEUTRAL	The Atlas of Finnish Fungi
keltavahvero (fi) — Cantharellus cibarius	keltavahvero (fi)		2020-08-13	Kitee	Pohjois-Karjala (PK)	Suomi	62.103702	30.261021	Sure	NEUTRAL	The Atlas of Finnish Fungi
keltavahvero (fi) — Cantharellus cibarius	keltavahvero (fi)		2020-08-13	Helsinki	Uusimaa (U)	Suomi	60.209742	25.175901	Sure	NEUTRAL	The Atlas of Finnish Fungi
keltavahvero (fi) — Cantharellus cibarius	keltavahvero (fi)		2020-08-13	Hollola	Etelä-Häme (EH)	Suomi	61.05614	25.31177		COMMUNITY_VERIFIED	iNaturalist Suomi Finland
keltavahvero (fi) — Cantharellus cibarius	keltavahvero (fi)		2020-08-13	Espoo	Uusimaa (U)	Suomi	60.22467	24.83298		COMMUNITY_VERIFIED	iNaturalist Suomi Finland
keltavahvero (fi) — Cantharellus cibarius	keltavahvero (fi)		2020-08-13	Helsinki	Uusimaa (U)	Suomi	60.18695	25.0307		COMMUNITY_VERIFIED	iNaturalist Suomi Finland
keltavahvero (fi) — Cantharellus cibarius	keltavahvero (fi)	8	2020-08-12	Ylöjärvi	Etelä-Häme (EH)	Suomi	61.960915	23.76015		NEUTRAL	Löydös Open Finnish Observation Database
keltavahvero (fi) — Cantharellus cibarius	keltavahvero (fi)		2020-08-12	Helsinki	Uusimaa (U)	Suomi	60.218919	25.134597	Sure	NEUTRAL	The Atlas of Finnish Fungi
keltavahvero (fi) — Cantharellus cibarius	keltavahvero (fi)		2020-08-12	Inkoo, Raasepori	Uusimaa (U)	Suomi	59.965481	23.684088	Sure	NEUTRAL	The Atlas of Finnish Fungi
keltavahvero (fi) — Cantharellus cibarius	keltavahvero (fi)		2020-08-12	Kouvola	Etelä-Häme (EH)	Suomi	61.10376	26.41494		COMMUNITY_VERIFIED	iNaturalist Suomi Finland
keltavahvero (fi) — Cantharellus cibarius	keltavahvero (fi)		2020-08-12	Espoo	Uusimaa (U)	Suomi	60.33556	24.64222		COMMUNITY_VERIFIED	iNaturalist Suomi Finland
keltavahvero (fi) — Cantharellus cibarius	keltavahvero (fi)		2020-08-11	Kirkkonummi	Uusimaa (U)	Suomi	60.11453	24.55179		NEUTRAL	iNaturalist Suomi Finland
keltavahvero (fi) — Cantharellus cibarius	keltavahvero (fi)		2020-08-11	Hyvinkää, Nurmijärvi, Tuusula	Uusimaa (U)	Suomi	60.529177	24.902201	Sure	NEUTRAL	The Atlas of Finnish Fungi
keltavahvero (fi) — Cantharellus cibarius	keltavahvero (fi)		2020-08-10	Pieksämäki	Pohjois-Savo (PS)	Suomi	62.3	27.1		COMMUNITY_VERIFIED	iNaturalist Suomi Finland
keltavahvero (fi) — Cantharellus cibarius	keltavahvero (fi)		2020-08-10	Heinävesi	Pohjois-Savo (PS)	Suomi	62.39272	28.81387	Sure	EXPERT_VERIFIED	The Atlas of Finnish Fungi
keltavahvero (fi) — Cantharellus cibarius	keltavahvero (fi)		2020-08-10	Mikkeli	Etelä-Savo (ES)	Suomi	61.69803	27.42369		COMMUNITY_VERIFIED	iNaturalist Suomi Finland
keltavahvero (fi) — Cantharellus cibarius	keltavahvero (fi)		2020-08-10	Kontiolahti	Pohjois-Karjala (PK)	Suomi	62.66605	29.63181		COMMUNITY_VERIFIED	iNaturalist Suomi Finland
keltavahvero (fi) — Cantharellus cibarius	keltavahvero (fi)		2020-08-10	Riihimäki	Etelä-Häme (EH)	Suomi	60.74048	24.7603		COMMUNITY_VERIFIED	iNaturalist Suomi Finland
keltavahvero (fi) — Cantharellus cibarius	keltavahvero (fi)		2020-08-09	Lappeenranta, Taipalsaari	Etelä-Savo (ES)	Suomi	61.1	28.1		COMMUNITY_VERIFIED	iNaturalist Suomi Finland
keltavahvero (fi) — Cantharellus cibarius	keltavahvero (fi)		2020-08-09	Salo	Varsinais-Suomi (V)	Suomi	60.45339	23.62167		COMMUNITY_VERIFIED	iNaturalist Suomi Finland
keltavahvero (fi) — Cantharellus cibarius	keltavahvero (fi)		2020-08-09	Mäntyharju	Etelä-Savo (ES)	Suomi	61.44491	26.78329		COMMUNITY_VERIFIED	iNaturalist Suomi Finland
keltavahvero (fi) — Cantharellus cibarius	keltavahvero (fi)		2020-08-09	Savonlinna	Etelä-Savo (ES)	Suomi	61.8697	28.88638		COMMUNITY_VERIFIED	iNaturalist Suomi Finland
keltavahvero (fi) — Cantharellus cibarius	keltavahvero (fi)		2020-08-08	Kotka, Pyhtää	Etelä-Karjala (EK), Uusimaa (U)	Suomi	60.5	26.9		COMMUNITY_VERIFIED	iNaturalist Suomi Finland
keltavahvero (fi) — Cantharellus cibarius	keltavahvero (fi)	1	2020-08-08	Heinola	Etelä-Häme (EH)	Suomi	61.248368	26.157375		NEUTRAL	Löydös Open Finnish Observation Database
keltavahvero (fi) — Cantharellus cibarius	keltavahvero (fi)		2020-08-08	Hämeenlinna	Etelä-Häme (EH)	Suomi	60.83472	24.41371		COMMUNITY_VERIFIED	iNaturalist Suomi Finland
keltavahvero (fi) — Cantharellus cibarius	keltavahvero (fi)		2020-08-08	Taipalsaari	Etelä-Savo (ES)	Suomi	61.26171	28.21007		COMMUNITY_VERIFIED	iNaturalist Suomi Finland
keltavahvero (fi) — Cantharellus cibarius	keltavahvero (fi)		2020-08-07	Helsinki	Uusimaa (U)	Suomi	60.21999	25.04262		NEUTRAL	iNaturalist Suomi Finland
keltavahvero (fi) — Cantharellus cibarius	keltavahvero (fi)		2020-08-07	Rääkkylä	Pohjois-Karjala (PK)	Suomi	62.305666	29.559183	Sure	EXPERT_VERIFIED	The Atlas of Finnish Fungi
keltavahvero (fi) — Cantharellus cibarius	keltavahvero (fi)		2020-08-07	Hämeenlinna	Etelä-Häme (EH)	Suomi	61.04198	24.96431		COMMUNITY_VERIFIED	iNaturalist Suomi Finland
keltavahvero (fi) — Cantharellus cibarius	keltavahvero (fi)		2020-08-07	Hämeenlinna	Etelä-Häme (EH)	Suomi	61.26924	24.70231		COMMUNITY_VERIFIED	iNaturalist Suomi Finland
keltavahvero (fi) — Cantharellus cibarius	keltavahvero (fi)	runsas	2020-08-07	Heinävesi	Pohjois-Savo (PS)	Suomi	62.54551	28.637977	Sure	NEUTRAL	Notebook, general observations
keltavahvero (fi) — Cantharellus cibarius	keltavahvero (fi)		2020-08-06	Mäntyharju	Etelä-Savo (ES)	Suomi	61.20106	27.09962		NEUTRAL	iNaturalist Suomi Finland
keltavahvero (fi) — Cantharellus cibarius	keltavahvero (fi)		2020-08-06	Helsinki, Porvoo, Sipoo	Uusimaa (U)	Suomi	60.3	25.3		COMMUNITY_VERIFIED	iNaturalist Suomi Finland
keltavahvero (fi) — Cantharellus cibarius	keltavahvero (fi)		2020-08-06	Rautalampi	Pohjois-Häme (PH)	Suomi	62.59312	26.7353		COMMUNITY_VERIFIED	iNaturalist Suomi Finland
keltavahvero (fi) — Cantharellus cibarius	keltavahvero (fi)		2020-08-06	Rautalampi	Pohjois-Häme (PH)	Suomi	62.59312	26.7353		COMMUNITY_VERIFIED	iNaturalist Suomi Finland
keltavahvero (fi) — Cantharellus cibarius	keltavahvero (fi)		2020-08-06	Turku	Varsinais-Suomi (V)	Suomi	60.4216	22.30833		COMMUNITY_VERIFIED	iNaturalist Suomi Finland
keltavahvero (fi) — Cantharellus cibarius	keltavahvero (fi)	2	2020-08-06	Heinävesi	Pohjois-Savo (PS)	Suomi	62.576424	28.644416	Sure	NEUTRAL	Notebook, general observations
keltavahvero (fi) — Cantharellus cibarius	keltavahvero (fi)		2020-08-05	Karkkila, Loppi, Vihti	Etelä-Häme (EH), Varsinais-Suomi (V)	Suomi	60.5	24.3		COMMUNITY_VERIFIED	iNaturalist Suomi Finland
keltavahvero (fi) — Cantharellus cibarius	keltavahvero (fi)		2020-08-05	Vantaa	Uusimaa (U)	Suomi	60.24042	25.12513		COMMUNITY_VERIFIED	iNaturalist Suomi Finland
keltavahvero (fi) — Cantharellus cibarius	keltavahvero (fi)		2020-08-05 - 2020-08-12	Tampere	Etelä-Häme (EH)	Suomi	61.457	23.813	Sure	NEUTRAL	The Atlas of Finnish Fungi
keltavahvero (fi) — Cantharellus cibarius	keltavahvero (fi)		2020-08-05	Suomussalmi, Taivalkoski	Kainuu (Kn), Koillismaa (Ks)	Suomi	65.26602	28.422309	Sure	NEUTRAL	The Atlas of Finnish Fungi
keltavahvero (fi) — Cantharellus cibarius	keltavahvero (fi)		2020-08-05	Iitti	Etelä-Häme (EH)	Suomi	60.95026	26.20458		COMMUNITY_VERIFIED	iNaturalist Suomi Finland
keltavahvero (fi) — Cantharellus cibarius	keltavahvero (fi)		2020-08-05	Vantaa	Uusimaa (U)	Suomi	60.29565	25.15673		COMMUNITY_VERIFIED	iNaturalist Suomi Finland
keltavahvero (fi) — Cantharellus cibarius	keltavahvero (fi)		2020-08-05	Karkkila	Varsinais-Suomi (V)	Suomi	60.53506	24.20929		COMMUNITY_VERIFIED	iNaturalist Suomi Finland
keltavahvero (fi) — Cantharellus cibarius	keltavahvero (fi)		2020-08-05	Helsinki	Uusimaa (U)	Suomi	60.227353	25.17222	Sure	EXPERT_VERIFIED	The Atlas of Finnish Fungi
keltavahvero (fi) — Cantharellus cibarius	keltavahvero (fi)		2020-08-04	Porvoo	Uusimaa (U)	Suomi	60.3	25.7		COMMUNITY_VERIFIED	iNaturalist Suomi Finland
keltavahvero (fi) — Cantharellus cibarius	keltavahvero (fi)		2020-08-04	Hausjärvi, Hämeenlinna, Janakkala, Riihimäki	Etelä-Häme (EH)	Suomi	60.9	24.7		COMMUNITY_VERIFIED	iNaturalist Suomi Finland
keltavahvero (fi) — Cantharellus cibarius	keltavahvero (fi)		2020-08-04	Porvoo	Uusimaa (U)	Suomi	60.3	25.7		COMMUNITY_VERIFIED	iNaturalist Suomi Finland
keltavahvero (fi) — Cantharellus cibarius	keltavahvero (fi)		2020-08-04	Joensuu	Pohjois-Karjala (PK)	Suomi	62.51123	30.49241		COMMUNITY_VERIFIED	iNaturalist Suomi Finland
keltavahvero (fi) — Cantharellus cibarius	keltavahvero (fi)		2020-08-04	Heinävesi	Pohjois-Savo (PS)	Suomi	62.54743	28.639191	Sure	NEUTRAL	Notebook, general observations
keltavahvero (fi) — Cantharellus cibarius	keltavahvero (fi)		2020-08-03	Kuopio, Rautalampi, Suonenjoki, Tervo	Pohjois-Häme (PH), Pohjois-Savo (PS)	Suomi	62.9	26.9		COMMUNITY_VERIFIED	iNaturalist Suomi Finland
keltavahvero (fi) — Cantharellus cibarius	keltavahvero (fi)	15 kpl	2020-08-03	Pello	Perä-Pohjanmaa (PeP)	Suomi	66.769398	23.952149		NEUTRAL	Löydös Open Finnish Observation Database
keltavahvero (fi) — Cantharellus cibarius	keltavahvero (fi)		2020-08-03	Asikkala	Etelä-Häme (EH)	Suomi	61.18836	25.51344		COMMUNITY_VERIFIED	iNaturalist Suomi Finland
keltavahvero (fi) — Cantharellus cibarius	keltavahvero (fi)		2020-08-03	Raasepori	Varsinais-Suomi (V)	Suomi	59.937006	23.188349	Sure	NEUTRAL	The Atlas of Finnish Fungi
keltavahvero (fi) — Cantharellus cibarius	keltavahvero (fi)		2020-08-03	Lappeenranta	Etelä-Savo (ES)	Suomi	61.12161	28.45088		COMMUNITY_VERIFIED	iNaturalist Suomi Finland
keltavahvero (fi) — Cantharellus cibarius	keltavahvero (fi)		2020-08-03	Lapinjärvi	Uusimaa (U)	Suomi	60.64398	26.12858		COMMUNITY_VERIFIED	iNaturalist Suomi Finland
keltavahvero (fi) — Cantharellus cibarius	keltavahvero (fi)		2020-08-03	Hollola	Etelä-Häme (EH)	Suomi	60.98656	25.49862		COMMUNITY_VERIFIED	iNaturalist Suomi Finland
keltavahvero (fi) — Cantharellus cibarius	keltavahvero (fi)		2020-08-03	Hausjärvi	Etelä-Häme (EH)	Suomi	60.81574	24.77458		COMMUNITY_VERIFIED	iNaturalist Suomi Finland
keltavahvero (fi) — Cantharellus cibarius	keltavahvero (fi)		2020-08-03	Espoo	Uusimaa (U)	Suomi	60.18901	24.83939		COMMUNITY_VERIFIED	iNaturalist Suomi Finland
keltavahvero (fi) — Cantharellus cibarius	keltavahvero (fi)		2020-08-02	Helsinki	Uusimaa (U)	Suomi	60.21295	24.974184	Sure	NEUTRAL	The Atlas of Finnish Fungi
keltavahvero (fi) — Cantharellus cibarius	keltavahvero (fi)		2020-08-02	Hausjärvi	Etelä-Häme (EH)	Suomi	60.75787	24.9096		COMMUNITY_VERIFIED	iNaturalist Suomi Finland
keltavahvero (fi) — Cantharellus cibarius	keltavahvero (fi)		2020-08-02	Hämeenlinna	Etelä-Häme (EH)	Suomi	61.28177	24.57214		COMMUNITY_VERIFIED	iNaturalist Suomi Finland
keltavahvero (fi) — Cantharellus cibarius	keltavahvero (fi)		2020-08-02	Hämeenlinna	Etelä-Häme (EH)	Suomi	60.99926	24.42083		COMMUNITY_VERIFIED	iNaturalist Suomi Finland
keltavahvero (fi) — Cantharellus cibarius	keltavahvero (fi)	runsas	2020-08-02	Heinävesi	Pohjois-Savo (PS)	Suomi	62.565454	28.676761	Sure	NEUTRAL	Notebook, general observations
keltavahvero (fi) — Cantharellus cibarius	keltavahvero (fi)		2020-08-01	Vihti	Varsinais-Suomi (V)	Suomi	60.36291	24.483474	Sure	EXPERT_VERIFIED	The Atlas of Finnish Fungi
keltavahvero (fi) — Cantharellus cibarius	keltavahvero (fi)	1	2020-08-01	Mäntyharju	Etelä-Savo (ES)	Suomi	61.418497	26.872084	Sure	NEUTRAL	Notebook, general observations
keltavahvero (fi) — Cantharellus cibarius	keltavahvero (fi)		2020-08-01	Alavus	Etelä-Pohjanmaa (EP)	Suomi	62.48699	23.67793		COMMUNITY_VERIFIED	iNaturalist Suomi Finland
keltavahvero (fi) — Cantharellus cibarius	keltavahvero (fi)		2020-08-01	Hämeenlinna	Etelä-Häme (EH)	Suomi	61.28196	24.56853		COMMUNITY_VERIFIED	iNaturalist Suomi Finland
keltavahvero (fi) — Cantharellus cibarius	keltavahvero (fi)		2020-08-01	Imatra	Etelä-Savo (ES)	Suomi	61.21286	28.72369		COMMUNITY_VERIFIED	iNaturalist Suomi Finland
keltavahvero (fi) — Cantharellus cibarius	keltavahvero (fi)		2020-08-01	Heinola	Etelä-Häme (EH)	Suomi	61.10917	25.93383		COMMUNITY_VERIFIED	iNaturalist Suomi Finland
keltavahvero (fi) — Cantharellus cibarius	keltavahvero (fi)		2020-07-31	Vehmaa	Varsinais-Suomi (V)	Suomi	60.74542	21.75615		COMMUNITY_VERIFIED	iNaturalist Suomi Finland
keltavahvero (fi) — Cantharellus cibarius	keltavahvero (fi)		2020-07-31	Iisalmi, Vieremä	Pohjois-Savo (PS)	Suomi	63.7	27.1		COMMUNITY_VERIFIED	iNaturalist Suomi Finland
keltavahvero (fi) — Cantharellus cibarius	keltavahvero (fi)		2020-07-31	Hamina, Kouvola, Luumäki	Etelä-Karjala (EK), Etelä-Savo (ES)	Suomi	60.9	27.3		COMMUNITY_VERIFIED	iNaturalist Suomi Finland
keltavahvero (fi) — Cantharellus cibarius	keltavahvero (fi)		2020-07-31	Jyväskylä	Etelä-Häme (EH)	Suomi	61.96435	25.68749		COMMUNITY_VERIFIED	iNaturalist Suomi Finland
keltavahvero (fi) — Cantharellus cibarius	keltavahvero (fi)		2020-07-30	Juva	Etelä-Savo (ES)	Suomi	61.88843	27.87556		COMMUNITY_VERIFIED	iNaturalist Suomi Finland
keltavahvero (fi) — Cantharellus cibarius	keltavahvero (fi)		2020-07-30	Hausjärvi, Hyvinkää, Janakkala, Loppi, Riihimäki	Etelä-Häme (EH), Uusimaa (U)	Suomi	60.7	24.7		COMMUNITY_VERIFIED	iNaturalist Suomi Finland
keltavahvero (fi) — Cantharellus cibarius	keltavahvero (fi)		2020-07-30	Karkkila	Varsinais-Suomi (V)	Suomi	60.529632	24.397064	Sure	NEUTRAL	The Atlas of Finnish Fungi
keltavahvero (fi) — Cantharellus cibarius	keltavahvero (fi)		2020-07-30	Mäntyharju	Etelä-Savo (ES)	Suomi	61.21303	27.2243		COMMUNITY_VERIFIED	iNaturalist Suomi Finland
keltavahvero (fi) — Cantharellus cibarius	keltavahvero (fi)		2020-07-30	Asikkala	Etelä-Häme (EH)	Suomi	61.1998	25.43557		COMMUNITY_VERIFIED	iNaturalist Suomi Finland
keltavahvero (fi) — Cantharellus cibarius	keltavahvero (fi)		2020-07-30	Helsinki	Uusimaa (U)	Suomi	60.22373	25.05838		COMMUNITY_VERIFIED	iNaturalist Suomi Finland
keltavahvero (fi) — Cantharellus cibarius	keltavahvero (fi)	10	2020-07-30	Raasepori	Varsinais-Suomi (V)	Suomi	60.124007	23.520115	Sure	NEUTRAL	Notebook, general observations
keltavahvero (fi) — Cantharellus cibarius	keltavahvero (fi)	2 litraa	2020-07-29	Kontiolahti	Pohjois-Karjala (PK)	Suomi	62.683582	29.781865	Sure	COMMUNITY_VERIFIED	The Atlas of Finnish Fungi
keltavahvero (fi) — Cantharellus cibarius	keltavahvero (fi)		2020-07-28	Mikkeli	Etelä-Savo (ES)	Suomi	61.5	27.3		COMMUNITY_VERIFIED	iNaturalist Suomi Finland
keltavahvero (fi) — Cantharellus cibarius	keltavahvero (fi)		2020-07-28	Mikkeli	Etelä-Savo (ES)	Suomi	61.5065	27.28482		COMMUNITY_VERIFIED	iNaturalist Suomi Finland
keltavahvero (fi) — Cantharellus cibarius	keltavahvero (fi)		2020-07-28	Loimaa	Satakunta (St)	Suomi	60.931786	23.1245	Sure	EXPERT_VERIFIED	The Atlas of Finnish Fungi
keltavahvero (fi) — Cantharellus cibarius	keltavahvero (fi)		2020-07-28	Vihti	Varsinais-Suomi (V)	Suomi	60.522435	24.474375	Sure	NEUTRAL	The Atlas of Finnish Fungi
keltavahvero (fi) — Cantharellus cibarius	keltavahvero (fi)		2020-07-27	Juva, Mikkeli, Puumala	Etelä-Savo (ES)	Suomi	61.5	27.9		COMMUNITY_VERIFIED	iNaturalist Suomi Finland
keltavahvero (fi) — Cantharellus cibarius	keltavahvero (fi)		2020-07-27	Pori	Satakunta (St)	Suomi	61.54453	21.60532		COMMUNITY_VERIFIED	iNaturalist Suomi Finland
keltavahvero (fi) — Cantharellus cibarius	keltavahvero (fi)		2020-07-27	Sipoo	Uusimaa (U)	Suomi	60.48278	25.245		COMMUNITY_VERIFIED	iNaturalist Suomi Finland
keltavahvero (fi) — Cantharellus cibarius	keltavahvero (fi)		2020-07-27	Kitee	Pohjois-Karjala (PK)	Suomi	62.1658	29.75593		COMMUNITY_VERIFIED	iNaturalist Suomi Finland
keltavahvero (fi) — Cantharellus cibarius	keltavahvero (fi)		2020-07-26	Ruokolahti	Etelä-Savo (ES)	Suomi	61.36468	28.46379		NEUTRAL	iNaturalist Suomi Finland
keltavahvero (fi) — Cantharellus cibarius	keltavahvero (fi)		2020-07-26	Taipalsaari	Etelä-Savo (ES)	Suomi	61.08528	27.99255		COMMUNITY_VERIFIED	iNaturalist Suomi Finland
keltavahvero (fi) — Cantharellus cibarius	keltavahvero (fi)		2020-07-26	Janakkala	Etelä-Häme (EH)	Suomi	60.79864	24.46165		COMMUNITY_VERIFIED	iNaturalist Suomi Finland
keltavahvero (fi) — Cantharellus cibarius	keltavahvero (fi)		2020-07-26	Ruokolahti	Etelä-Savo (ES)	Suomi	61.36467	28.46379		COMMUNITY_VERIFIED	iNaturalist Suomi Finland
keltavahvero (fi) — Cantharellus cibarius	keltavahvero (fi)		2020-07-26	Tampere	Etelä-Häme (EH)	Suomi	61.51767	23.62018		COMMUNITY_VERIFIED	iNaturalist Suomi Finland
keltavahvero (fi) — Cantharellus cibarius	keltavahvero (fi)		2020-07-26	Helsinki	Uusimaa (U)	Suomi	60.26209	24.91307		COMMUNITY_VERIFIED	iNaturalist Suomi Finland
keltavahvero (fi) — Cantharellus cibarius	keltavahvero (fi)		2020-07-25	Kontiolahti	Pohjois-Karjala (PK)	Suomi	62.73839	29.80422		NEUTRAL	iNaturalist Suomi Finland
keltavahvero (fi) — Cantharellus cibarius	keltavahvero (fi)		2020-07-25	Mikkeli	Etelä-Savo (ES)	Suomi	61.50675	27.28459		COMMUNITY_VERIFIED	iNaturalist Suomi Finland
keltavahvero (fi) — Cantharellus cibarius	keltavahvero (fi)		2020-07-25	Riihimäki	Etelä-Häme (EH)	Suomi	60.76051	24.79718		COMMUNITY_VERIFIED	iNaturalist Suomi Finland
keltavahvero (fi) — Cantharellus cibarius	keltavahvero (fi)		2020-07-25	Hämeenlinna	Etelä-Häme (EH)	Suomi	61.03527	24.70641		COMMUNITY_VERIFIED	iNaturalist Suomi Finland
keltavahvero (fi) — Cantharellus cibarius	keltavahvero (fi)		2020-07-24	Hausjärvi, Hyvinkää, Riihimäki	Etelä-Häme (EH), Uusimaa (U)	Suomi	60.7	24.9		COMMUNITY_VERIFIED	iNaturalist Suomi Finland
keltavahvero (fi) — Cantharellus cibarius	keltavahvero (fi)		2020-07-24	Taivalkoski	Koillismaa (Ks)	Suomi	65.284369	28.367788	Sure	NEUTRAL	The Atlas of Finnish Fungi
keltavahvero (fi) — Cantharellus cibarius	keltavahvero (fi)	3	2020-07-24	Porvoo	Uusimaa (U)	Suomi	60.354832	25.723414	Sure	NEUTRAL	The Atlas of Finnish Fungi
keltavahvero (fi) — Cantharellus cibarius	keltavahvero (fi)		2020-07-24	Lieksa	Pohjois-Karjala (PK)	Suomi	63.25179	30.39849		COMMUNITY_VERIFIED	iNaturalist Suomi Finland
keltavahvero (fi) — Cantharellus cibarius	keltavahvero (fi)		2020-07-23	Hausjärvi, Hyvinkää, Riihimäki	Etelä-Häme (EH), Uusimaa (U)	Suomi	60.7	24.9		COMMUNITY_VERIFIED	iNaturalist Suomi Finland
keltavahvero (fi) — Cantharellus cibarius	keltavahvero (fi)		2020-07-23	Savonlinna	Etelä-Savo (ES)	Suomi	62.01556	28.99194		COMMUNITY_VERIFIED	iNaturalist Suomi Finland
keltavahvero (fi) — Cantharellus cibarius	keltavahvero (fi)		2020-07-23	Lieksa	Pohjois-Karjala (PK)	Suomi	63.08533	29.81546		COMMUNITY_VERIFIED	iNaturalist Suomi Finland
keltavahvero (fi) — Cantharellus cibarius	keltavahvero (fi)		2020-07-23	Savonlinna	Etelä-Savo (ES)	Suomi	61.874272	28.893729	Sure	NEUTRAL	Notebook, general observations
keltavahvero (fi) — Cantharellus cibarius	keltavahvero (fi)		2020-07-23	Savonlinna	Etelä-Savo (ES)	Suomi	61.874816	28.893617	Sure	NEUTRAL	Notebook, general observations
keltavahvero (fi) — Cantharellus cibarius	keltavahvero (fi)		2020-07-22	Pyhtää	Uusimaa (U)	Suomi	60.508052	26.538301	Sure	NEUTRAL	The Atlas of Finnish Fungi
keltavahvero (fi) — Cantharellus cibarius	keltavahvero (fi)		2020-07-22 [22:56]	Jyväskylä	Etelä-Häme (EH)	Suomi	61.96519	25.690001		NEUTRAL	Notebook, general observations
keltavahvero (fi) — Cantharellus cibarius	keltavahvero (fi)		2020-07-22	Vihti	Varsinais-Suomi (V)	Suomi	60.33568	24.46976		COMMUNITY_VERIFIED	iNaturalist Suomi Finland
keltavahvero (fi) — Cantharellus cibarius	keltavahvero (fi)		2020-07-22	Juva	Etelä-Savo (ES)	Suomi	61.77543	28.00154		COMMUNITY_VERIFIED	iNaturalist Suomi Finland
keltavahvero (fi) — Cantharellus cibarius	keltavahvero (fi)		2020-07-22	Hanko	Uusimaa (U)	Suomi	59.84589	23.11978		COMMUNITY_VERIFIED	iNaturalist Suomi Finland
keltavahvero (fi) — Cantharellus cibarius	keltavahvero (fi)		2020-07-22	Kaarina	Varsinais-Suomi (V)	Suomi	60.4031	22.31131		COMMUNITY_VERIFIED	iNaturalist Suomi Finland
keltavahvero (fi) — Cantharellus cibarius	keltavahvero (fi)		2020-07-21	Lappeenranta	Etelä-Savo (ES)	Suomi	61.15861	28.60182		NEUTRAL	iNaturalist Suomi Finland
keltavahvero (fi) — Cantharellus cibarius	keltavahvero (fi)		2020-07-21	Laukaa	Pohjois-Häme (PH)	Suomi	62.53568	26.06614		COMMUNITY_VERIFIED	iNaturalist Suomi Finland
keltavahvero (fi) — Cantharellus cibarius	keltavahvero (fi)		2020-07-21	Espoo	Uusimaa (U)	Suomi	60.23423	24.76528		COMMUNITY_VERIFIED	iNaturalist Suomi Finland
keltavahvero (fi) — Cantharellus cibarius	keltavahvero (fi)		2020-07-21	Nurmijärvi	Uusimaa (U)	Suomi	60.40504	24.75687		COMMUNITY_VERIFIED	iNaturalist Suomi Finland
keltavahvero (fi) — Cantharellus cibarius	keltavahvero (fi)		2020-07-20	Helsinki	Uusimaa (U)	Suomi	60.21267	24.90754		NEUTRAL	iNaturalist Suomi Finland
keltavahvero (fi) — Cantharellus cibarius	keltavahvero (fi)		2020-07-20	Eura	Satakunta (St)	Suomi	61.08972	22.17668		COMMUNITY_VERIFIED	iNaturalist Suomi Finland
keltavahvero (fi) — Cantharellus cibarius	keltavahvero (fi)		2020-07-20	Siuntio	Uusimaa (U)	Suomi	60.25841	24.31269		COMMUNITY_VERIFIED	iNaturalist Suomi Finland
keltavahvero (fi) — Cantharellus cibarius	keltavahvero (fi)		2020-07-19	Kaarina	Varsinais-Suomi (V)	Suomi	60.41305	22.44549		COMMUNITY_VERIFIED	iNaturalist Suomi Finland
keltavahvero (fi) — Cantharellus cibarius	keltavahvero (fi)		2020-07-18	Hollola	Etelä-Häme (EH)	Suomi	60.98827	25.50177		COMMUNITY_VERIFIED	iNaturalist Suomi Finland
keltavahvero (fi) — Cantharellus cibarius	keltavahvero (fi)		2020-07-18	Sysmä	Etelä-Häme (EH)	Suomi	61.63976	25.6367		COMMUNITY_VERIFIED	iNaturalist Suomi Finland
keltavahvero (fi) — Cantharellus cibarius	keltavahvero (fi)		2020-07-16	Helsinki	Uusimaa (U)	Suomi	60.26827	24.92707		COMMUNITY_VERIFIED	iNaturalist Suomi Finland
keltavahvero (fi) — Cantharellus cibarius	keltavahvero (fi)		2020-07-16	Helsinki	Uusimaa (U)	Suomi	60.271014	25.208065	Sure	NEUTRAL	The Atlas of Finnish Fungi
keltavahvero (fi) — Cantharellus cibarius	keltavahvero (fi)		2020-07-16	Nurmijärvi	Uusimaa (U)	Suomi	60.38941	24.75848		COMMUNITY_VERIFIED	iNaturalist Suomi Finland
keltavahvero (fi) — Cantharellus cibarius	keltavahvero (fi)		2020-07-15	Helsinki	Uusimaa (U)	Suomi	60.236234	25.162512	Sure	NEUTRAL	The Atlas of Finnish Fungi
keltavahvero (fi) — Cantharellus cibarius	keltavahvero (fi)		2020-07-15	Karkkila	Varsinais-Suomi (V)	Suomi	60.53929	24.26147		COMMUNITY_VERIFIED	iNaturalist Suomi Finland
keltavahvero (fi) — Cantharellus cibarius	keltavahvero (fi)		2020-07-15	Puumala	Etelä-Savo (ES)	Suomi	61.4554	28.16936		COMMUNITY_VERIFIED	iNaturalist Suomi Finland
keltavahvero (fi) — Cantharellus cibarius	keltavahvero (fi)		2020-07-14	Vantaa	Uusimaa (U)	Suomi	60.32853	24.8251		COMMUNITY_VERIFIED	iNaturalist Suomi Finland
keltavahvero (fi) — Cantharellus cibarius	keltavahvero (fi)		2020-07-14	Mikkeli	Etelä-Savo (ES)	Suomi	61.66425	27.27015		COMMUNITY_VERIFIED	iNaturalist Suomi Finland
keltavahvero (fi) — Cantharellus cibarius	keltavahvero (fi)	10	2020-07-14	Vihti	Varsinais-Suomi (V)	Suomi	60.529384	24.566513	Sure	NEUTRAL	The Atlas of Finnish Fungi
keltavahvero (fi) — Cantharellus cibarius	keltavahvero (fi)		2020-07-14	Helsinki	Uusimaa (U)	Suomi	60.26662	25.08751		COMMUNITY_VERIFIED	iNaturalist Suomi Finland
keltavahvero (fi) — Cantharellus cibarius	keltavahvero (fi)		2020-07-13	Masku, Mynämäki, Naantali	Varsinais-Suomi (V)	Suomi	60.5	21.9		COMMUNITY_VERIFIED	iNaturalist Suomi Finland
keltavahvero (fi) — Cantharellus cibarius	keltavahvero (fi)		2020-07-12 - 2020-07-14	Vihti	Varsinais-Suomi (V)	Suomi	60.529244	24.569349	Sure	EXPERT_VERIFIED	The Atlas of Finnish Fungi
keltavahvero (fi) — Cantharellus cibarius	keltavahvero (fi)		2020-07-12	Porvoo	Uusimaa (U)	Suomi	60.32471	25.90191		COMMUNITY_VERIFIED	iNaturalist Suomi Finland
keltavahvero (fi) — Cantharellus cibarius	keltavahvero (fi)		2020-07-12	Rääkkylä	Pohjois-Karjala (PK)	Suomi	62.30884	29.69579		COMMUNITY_VERIFIED	iNaturalist Suomi Finland
keltavahvero (fi) — Cantharellus cibarius	keltavahvero (fi)		2020-07-12	Helsinki	Uusimaa (U)	Suomi	60.26005	24.92697		COMMUNITY_VERIFIED	iNaturalist Suomi Finland
keltavahvero (fi) — Cantharellus cibarius	keltavahvero (fi)		2020-07-12	Rääkkylä	Pohjois-Karjala (PK)	Suomi	62.30919	29.69508		COMMUNITY_VERIFIED	iNaturalist Suomi Finland
keltavahvero (fi) — Cantharellus cibarius	keltavahvero (fi)		2020-07-12	Hämeenlinna	Etelä-Häme (EH)	Suomi	61.01413	24.43941		COMMUNITY_VERIFIED	iNaturalist Suomi Finland
keltavahvero (fi) — Cantharellus cibarius	keltavahvero (fi)		2020-07-11	Hirvensalmi	Etelä-Savo (ES)	Suomi	61.81261	26.82673		COMMUNITY_VERIFIED	iNaturalist Suomi Finland
keltavahvero (fi) — Cantharellus cibarius	keltavahvero (fi)	1	2020-07-11	Keuruu	Pohjois-Häme (PH)	Suomi	62.217718	24.711761	Sure	NEUTRAL	Notebook, general observations
keltavahvero (fi) — Cantharellus cibarius	keltavahvero (fi)		2020-07-10	Masku, Mynämäki, Naantali	Varsinais-Suomi (V)	Suomi	60.5	21.9		COMMUNITY_VERIFIED	iNaturalist Suomi Finland
keltavahvero (fi) — Cantharellus cibarius	keltavahvero (fi)		2020-07-10	Savonlinna	Etelä-Savo (ES)	Suomi	61.96441	29.52334		COMMUNITY_VERIFIED	iNaturalist Suomi Finland
keltavahvero (fi) — Cantharellus cibarius	keltavahvero (fi)	Paljon	2020-07-10	Vihti	Varsinais-Suomi (V)	Suomi	60.415996	24.387556		NEUTRAL	Löydös Open Finnish Observation Database
keltavahvero (fi) — Cantharellus cibarius	keltavahvero (fi)	20	2020-07-10	Mikkeli	Etelä-Savo (ES)	Suomi	61.686498	27.559118	Sure	NEUTRAL	The Atlas of Finnish Fungi
keltavahvero (fi) — Cantharellus cibarius	keltavahvero (fi)		2020-07-10	Vihti	Varsinais-Suomi (V)	Suomi	60.33221	24.47851		COMMUNITY_VERIFIED	iNaturalist Suomi Finland
keltavahvero (fi) — Cantharellus cibarius	keltavahvero (fi)		2020-07-08	Mikkeli	Etelä-Savo (ES)	Suomi	61.47516	27.60108		COMMUNITY_VERIFIED	iNaturalist Suomi Finland
keltavahvero (fi) — Cantharellus cibarius	keltavahvero (fi)		2020-07-08	Kaarina	Varsinais-Suomi (V)	Suomi	60.42641	22.52323		COMMUNITY_VERIFIED	iNaturalist Suomi Finland
keltavahvero (fi) — Cantharellus cibarius	keltavahvero (fi)		2020-07-07	Juva, Mikkeli, Puumala	Etelä-Savo (ES)	Suomi	61.5	27.9		COMMUNITY_VERIFIED	iNaturalist Suomi Finland
keltavahvero (fi) — Cantharellus cibarius	keltavahvero (fi)	1	2020-07-07	Hausjärvi	Etelä-Häme (EH)	Suomi	60.722862	24.848895	Sure	NEUTRAL	The Atlas of Finnish Fungi
keltavahvero (fi) — Cantharellus cibarius	keltavahvero (fi)		2020-07-07	Helsinki	Uusimaa (U)	Suomi	60.205865	25.17155	Sure	NEUTRAL	The Atlas of Finnish Fungi
keltavahvero (fi) — Cantharellus cibarius	keltavahvero (fi)		2020-07-07	Vihti	Varsinais-Suomi (V)	Suomi	60.32929	24.47118		COMMUNITY_VERIFIED	iNaturalist Suomi Finland
keltavahvero (fi) — Cantharellus cibarius	keltavahvero (fi)		2020-07-07	Helsinki	Uusimaa (U)	Suomi	60.21695	24.88718		COMMUNITY_VERIFIED	iNaturalist Suomi Finland
keltavahvero (fi) — Cantharellus cibarius	keltavahvero (fi)		2020-07-07	Pieksämäki	Pohjois-Savo (PS)	Suomi	62.237347	27.425939	Sure	NEUTRAL	Notebook, general observations
keltavahvero (fi) — Cantharellus cibarius	keltavahvero (fi)		2020-07-06	Vihti	Varsinais-Suomi (V)	Suomi	60.33077	24.46218		COMMUNITY_VERIFIED	iNaturalist Suomi Finland
keltavahvero (fi) — Cantharellus cibarius	keltavahvero (fi)		2020-07-06	Kaarina	Varsinais-Suomi (V)	Suomi	60.42633	22.36782		COMMUNITY_VERIFIED	iNaturalist Suomi Finland
keltavahvero (fi) — Cantharellus cibarius	keltavahvero (fi)	runsas	2020-07-04	Kirkkonummi	Uusimaa (U)	Suomi	60.084595	24.596891	Sure	NEUTRAL	The Atlas of Finnish Fungi
keltavahvero (fi) — Cantharellus cibarius	keltavahvero (fi)		2020-07-04	Helsinki	Uusimaa (U)	Suomi	60.25608	25.1652		COMMUNITY_VERIFIED	iNaturalist Suomi Finland
keltavahvero (fi) — Cantharellus cibarius	keltavahvero (fi)	50	2020-07-02	Helsinki	Uusimaa (U)	Suomi	60.23592	25.026718	Sure	NEUTRAL	The Atlas of Finnish Fungi
keltavahvero (fi) — Cantharellus cibarius	keltavahvero (fi)		2020-07-01	Espoo	Uusimaa (U)	Suomi	60.19125	24.71194		COMMUNITY_VERIFIED	iNaturalist Suomi Finland
keltavahvero (fi) — Cantharellus cibarius	keltavahvero (fi)	1	2020-07-01	Hämeenlinna	Etelä-Häme (EH)	Suomi	61.196636	25.110619		NEUTRAL	Löydös Open Finnish Observation Database
keltavahvero (fi) — Cantharellus cibarius	keltavahvero (fi)		2020-07-01	Helsinki	Uusimaa (U)	Suomi	60.21644	24.91289		COMMUNITY_VERIFIED	iNaturalist Suomi Finland
keltavahvero (fi) — Cantharellus cibarius	keltavahvero (fi)		2020-07-01	Hollola	Etelä-Häme (EH)	Suomi	60.98839	25.50144		COMMUNITY_VERIFIED	iNaturalist Suomi Finland
keltavahvero (fi) — Cantharellus cibarius	keltavahvero (fi)		2020-06-27	Sipoo	Uusimaa (U)	Suomi	60.29807	25.2439		COMMUNITY_VERIFIED	iNaturalist Suomi Finland
keltavahvero (fi) — Cantharellus cibarius	keltavahvero (fi)		2020-06-20	Hattula, Hämeenlinna	Etelä-Häme (EH)	Suomi	61.1	24.5		COMMUNITY_VERIFIED	iNaturalist Suomi Finland
keltavahvero (fi) — Cantharellus cibarius	keltavahvero (fi)	1	2020-02-19	Kaarina	Varsinais-Suomi (V)	Suomi	60.389	22.363	Sure	NEUTRAL	The Atlas of Finnish Fungi
keltavahvero (fi) — Cantharellus cibarius	keltavahvero (fi)	7	2020-02-03	Espoo	Uusimaa (U)	Suomi	60.219255	24.754625	Sure	NEUTRAL	The Atlas of Finnish Fungi
keltavahvero (fi) — Cantharellus cibarius	keltavahvero (fi)		2020-02-02	Helsinki	Uusimaa (U)	Suomi	60.276683	25.220135	Sure	NEUTRAL	The Atlas of Finnish Fungi
keltavahvero (fi) — Cantharellus cibarius	keltavahvero (fi)	1	2020-01-31 - 2020-02-02	Vihti	Varsinais-Suomi (V)	Suomi	60.377623	24.264429	Sure	NEUTRAL	The Atlas of Finnish Fungi
keltavahvero (fi) — Cantharellus cibarius	keltavahvero (fi)	3	2020-01-24	Porvoo	Uusimaa (U)	Suomi	60.351625	25.734165	Sure	NEUTRAL	The Atlas of Finnish Fungi
keltavahvero (fi) — Cantharellus cibarius	keltavahvero (fi)		2020-01-04	Padasjoki	Etelä-Häme (EH)	Suomi	61.32181	24.95004		COMMUNITY_VERIFIED	iNaturalist Suomi Finland
keltavahvero (fi) — Cantharellus cibarius	keltavahvero (fi)	8	2019-12-30	Turku	Varsinais-Suomi (V)	Suomi	60.408445	22.157969	Sure	NEUTRAL	Notebook, general observations
keltavahvero (fi) — Cantharellus cibarius	keltavahvero (fi)	Muutama	2019-12-27 [14:00]	Helsinki, Sipoo	Uusimaa (U)	Suomi	60.173105	25.105165	Sure	NEUTRAL	The Atlas of Finnish Fungi
keltavahvero (fi) — Cantharellus cibarius	keltavahvero (fi)	6	2019-11-25	Kouvola	Etelä-Häme (EH)	Suomi	60.867569	26.600144	Sure	NEUTRAL	The Atlas of Finnish Fungi
keltavahvero (fi) — Cantharellus cibarius	keltavahvero (fi)	3	2019-11-09	Kokemäki, Sastamala	Satakunta (St)	Suomi	61.371899	22.599805	Sure	NEUTRAL	Notebook, general observations
keltavahvero (fi) — Cantharellus cibarius	keltavahvero (fi)		2019-11-02	Helsinki	Uusimaa (U)	Suomi	60.24746	25.16884		COMMUNITY_VERIFIED	iNaturalist Suomi Finland
keltavahvero (fi) — Cantharellus cibarius	keltavahvero (fi)	5	2019-10-29	Porvoo	Uusimaa (U)	Suomi	60.354616	25.729366	Sure	NEUTRAL	The Atlas of Finnish Fungi
keltavahvero (fi) — Cantharellus cibarius	keltavahvero (fi)		2019-10-27	Loppi, Vihti	Etelä-Häme (EH), Varsinais-Suomi (V)	Suomi	60.554126	24.49324	Sure	NEUTRAL	The Atlas of Finnish Fungi
keltavahvero (fi) — Cantharellus cibarius	keltavahvero (fi)	1	2019-10-27	Ruovesi	Etelä-Häme (EH)	Suomi	62.058115	23.934917	Sure	NEUTRAL	The Atlas of Finnish Fungi
keltavahvero (fi) — Cantharellus cibarius	keltavahvero (fi)	5	2019-10-24	Mustasaari	Etelä-Pohjanmaa (EP)	Suomi	63.1256	21.7306	Sure	NEUTRAL	The Atlas of Finnish Fungi
keltavahvero (fi) — Cantharellus cibarius	keltavahvero (fi)		2019-10-16	Sastamala	Satakunta (St)	Suomi	61.64695	22.82198		COMMUNITY_VERIFIED	iNaturalist Suomi Finland
keltavahvero (fi) — Cantharellus cibarius	keltavahvero (fi)		2019-10-15	Lohja	Varsinais-Suomi (V)	Suomi	60.60737	23.99014		COMMUNITY_VERIFIED	iNaturalist Suomi Finland
keltavahvero (fi) — Cantharellus cibarius	keltavahvero (fi)		2019-10-13	Vantaa	Uusimaa (U)	Suomi	60.296098	25.147634	Sure	NEUTRAL	The Atlas of Finnish Fungi
keltavahvero (fi) — Cantharellus cibarius	keltavahvero (fi)		2019-10-13 - 2019-10-15	Vihti	Varsinais-Suomi (V)	Suomi	60.524614	24.469699	Sure	NEUTRAL	The Atlas of Finnish Fungi
keltavahvero (fi) — Cantharellus cibarius	keltavahvero (fi)		2019-10-12	Helsinki	Uusimaa (U)	Suomi	60.223327	24.923678	Sure	EXPERT_VERIFIED	The Atlas of Finnish Fungi
keltavahvero (fi) — Cantharellus cibarius	keltavahvero (fi)		2019-10-12	Jyväskylä	Etelä-Häme (EH)	Suomi	61.933916	25.710771	Sure	NEUTRAL	Notebook, general observations
keltavahvero (fi) — Cantharellus cibarius	keltavahvero (fi)		2019-10-10	Helsinki	Uusimaa (U)	Suomi	60.22796	24.945496	Sure	NEUTRAL	The Atlas of Finnish Fungi
keltavahvero (fi) — Cantharellus cibarius	keltavahvero (fi)		2019-10-06	Turku	Varsinais-Suomi (V)	Suomi	60.42924	22.314903	Sure	NEUTRAL	The Atlas of Finnish Fungi
keltavahvero (fi) — Cantharellus cibarius	keltavahvero (fi)		2019-10-05	Loviisa	Uusimaa (U)	Suomi	60.452849	26.249933	Sure	NEUTRAL	The Atlas of Finnish Fungi
keltavahvero (fi) — Cantharellus cibarius	keltavahvero (fi)	Useita	2019-10-01	Salo	Varsinais-Suomi (V)	Suomi	60.326875	23.218321	Unsure	EXPERT_VERIFIED	The Atlas of Finnish Fungi
keltavahvero (fi) — Cantharellus cibarius	keltavahvero (fi)	kymmeniä	2019-09-27	Pori	Satakunta (St)	Suomi	61.563866	21.527787	Sure	NEUTRAL	The Atlas of Finnish Fungi
keltavahvero (fi) — Cantharellus cibarius	keltavahvero (fi)	Noin 5	2019-09-27	Pori	Satakunta (St)	Suomi	61.5654	21.52732	Sure	EXPERT_VERIFIED	The Atlas of Finnish Fungi
keltavahvero (fi) — Cantharellus cibarius	keltavahvero (fi)	useita	2019-09-26	Mikkeli	Etelä-Savo (ES)	Suomi	61.367528	27.409085	Sure	NEUTRAL	The Atlas of Finnish Fungi
keltavahvero (fi) — Cantharellus cibarius	keltavahvero (fi)	keskikokoinen ryhmä	2019-09-26	Mikkeli	Etelä-Savo (ES)	Suomi	61.367572	27.40358	Sure	NEUTRAL	The Atlas of Finnish Fungi
keltavahvero (fi) — Cantharellus cibarius	keltavahvero (fi)	1	2019-09-23	Riihimäki	Etelä-Häme (EH)	Suomi	60.729539	24.740326	Sure	NEUTRAL	The Atlas of Finnish Fungi
keltavahvero (fi) — Cantharellus cibarius	keltavahvero (fi)		2019-09-21	Kirkkonummi	Uusimaa (U)	Suomi	59.98781	24.4452	Sure	NEUTRAL	Notebook, general observations
keltavahvero (fi) — Cantharellus cibarius	keltavahvero (fi)	yksittäisiä	2019-09-21	Ilmajoki, Kurikka	Etelä-Pohjanmaa (EP)	Suomi	62.743219	22.186315	Sure	EXPERT_VERIFIED	The Atlas of Finnish Fungi
keltavahvero (fi) — Cantharellus cibarius	keltavahvero (fi)		2019-09-21	Jyväskylä	Pohjois-Häme (PH)	Suomi	62.222817	25.750341	Sure	NEUTRAL	Notebook, general observations
keltavahvero (fi) — Cantharellus cibarius	keltavahvero (fi)		2019-09-20	Turku	Varsinais-Suomi (V)	Suomi	60.45643	22.284904		NEUTRAL	TUR-A Fungus collections of the the Åbo Akademi
keltavahvero (fi) — Cantharellus cibarius	keltavahvero (fi)		2019-09-19	Vantaa	Uusimaa (U)	Suomi	60.282675	25.167721	Sure	NEUTRAL	The Atlas of Finnish Fungi
keltavahvero (fi) — Cantharellus cibarius	keltavahvero (fi)		2019-09-18	Lohja	Varsinais-Suomi (V)	Suomi	60.198235	23.984324	Sure	NEUTRAL	The Atlas of Finnish Fungi
keltavahvero (fi) — Cantharellus cibarius	keltavahvero (fi)	5	2019-09-17	Parainen	Varsinais-Suomi (V)	Suomi	60.146853	22.295795	Sure	NEUTRAL	Notebook, general observations
keltavahvero (fi) — Cantharellus cibarius	keltavahvero (fi)	2	2019-09-17	Jyväskylä	Pohjois-Häme (PH)	Suomi	62.261094	25.70113	Sure	NEUTRAL	Notebook, general observations
keltavahvero (fi) — Cantharellus cibarius	keltavahvero (fi)		2019-09-16	Raasepori	Varsinais-Suomi (V)	Suomi	60.103328	23.484613	Sure	NEUTRAL	Notebook, general observations
keltavahvero (fi) — Cantharellus cibarius	keltavahvero (fi)		2019-09-14	Janakkala	Etelä-Häme (EH)	Suomi	60.829008	24.582976	Sure	NEUTRAL	Notebook, general observations
keltavahvero (fi) — Cantharellus cibarius	keltavahvero (fi)		2019-09-14	Sipoo	Uusimaa (U)	Suomi	60.419308	25.212363	Sure	NEUTRAL	The Atlas of Finnish Fungi
keltavahvero (fi) — Cantharellus cibarius	keltavahvero (fi)		2019-09-14	Kirkkonummi	Uusimaa (U)	Suomi	60.26957	24.49557		COMMUNITY_VERIFIED	iNaturalist Suomi Finland
keltavahvero (fi) — Cantharellus cibarius	keltavahvero (fi)		2019-09-14	Keuruu	Pohjois-Häme (PH)	Suomi	62.194852	24.783143	Sure	NEUTRAL	Notebook, general observations
keltavahvero (fi) — Cantharellus cibarius	keltavahvero (fi)	Runsaasti	2019-09-13 - 2019-09-14	Taivalkoski	Koillismaa (Ks)	Suomi	65.284369	28.367788	Sure	NEUTRAL	The Atlas of Finnish Fungi
keltavahvero (fi) — Cantharellus cibarius	keltavahvero (fi)		2019-09-12	Helsinki	Uusimaa (U)	Suomi	60.22972	25.05083		COMMUNITY_VERIFIED	iNaturalist Suomi Finland
keltavahvero (fi) — Cantharellus cibarius	keltavahvero (fi)		2019-09-12	Kirkkonummi	Uusimaa (U)	Suomi	60.102754	24.351658	Sure	NEUTRAL	Notebook, general observations
keltavahvero (fi) — Cantharellus cibarius	keltavahvero (fi)		2019-09-11	Kirkkonummi	Uusimaa (U)	Suomi	60.27774	24.45061		COMMUNITY_VERIFIED	iNaturalist Suomi Finland
keltavahvero (fi) — Cantharellus cibarius	keltavahvero (fi)	1	2019-09-10	Sodankylä	Sompion Lappi (SoL)	Suomi	68.155041	28.568406	Sure	NEUTRAL	The Atlas of Finnish Fungi
keltavahvero (fi) — Cantharellus cibarius	keltavahvero (fi)	runsaasti	2019-09-08	Paltamo	Kainuu (Kn)	Suomi	64.317492	28.082975	Sure	NEUTRAL	The Atlas of Finnish Fungi
keltavahvero (fi) — Cantharellus cibarius	keltavahvero (fi)		2019-09-06 - 2019-10-10	Inkoo	Uusimaa (U)	Suomi	60.07033	23.857508	Sure	NEUTRAL	Notebook, general observations
keltavahvero (fi) — Cantharellus cibarius	keltavahvero (fi)		2019-09-05	Tampere	Etelä-Häme (EH)	Suomi	61.512503	23.842074		NEUTRAL	Notebook, general observations
keltavahvero (fi) — Cantharellus cibarius	keltavahvero (fi)		2019-09-04	Helsinki	Uusimaa (U)	Suomi	60.210805	25.03211	Sure	NEUTRAL	Notebook, general observations
keltavahvero (fi) — Cantharellus cibarius	keltavahvero (fi)	muutama	2019-09-04	Turku	Varsinais-Suomi (V)	Suomi	60.426763	22.206345	Sure	NEUTRAL	Notebook, general observations
keltavahvero (fi) — Cantharellus cibarius	keltavahvero (fi)	10	2019-09-03	Rovaniemi	Perä-Pohjanmaa (PeP)	Suomi	66.320352	26.262424	Sure	NEUTRAL	The Atlas of Finnish Fungi
keltavahvero (fi) — Cantharellus cibarius	keltavahvero (fi)		2019-09-01	Espoo	Uusimaa (U)	Suomi	60.317366	24.667769	Sure	NEUTRAL	Notebook, general observations
keltavahvero (fi) — Cantharellus cibarius	keltavahvero (fi)	1	2019-08-31	Oulu	Oulun Pohjanmaa (OP)	Suomi	65.242819	25.322643	Sure	NEUTRAL	The Atlas of Finnish Fungi
keltavahvero (fi) — Cantharellus cibarius	keltavahvero (fi)	Paljon	2019-08-31	Mikkeli	Pohjois-Savo (PS)	Suomi	62.071188	27.092385	Sure	NEUTRAL	The Atlas of Finnish Fungi
keltavahvero (fi) — Cantharellus cibarius	keltavahvero (fi)		2019-08-27	Savonlinna	Etelä-Savo (ES)	Suomi	61.755194	29.275478	Sure	NEUTRAL	The Atlas of Finnish Fungi
keltavahvero (fi) — Cantharellus cibarius	keltavahvero (fi)		2019-08-27	Raasepori	Varsinais-Suomi (V)	Suomi	60.126202	23.517112	Sure	NEUTRAL	Notebook, general observations
keltavahvero (fi) — Cantharellus cibarius	keltavahvero (fi)	n. 10	2019-08-24	Posio	Koillismaa (Ks)	Suomi	66.121589	27.603329	Sure	NEUTRAL	The Atlas of Finnish Fungi
keltavahvero (fi) — Cantharellus cibarius	keltavahvero (fi)		2019-08-24	Savonlinna	Etelä-Savo (ES)	Suomi	61.737617	29.489358	Sure	NEUTRAL	The Atlas of Finnish Fungi
keltavahvero (fi) — Cantharellus cibarius	keltavahvero (fi)		2019-08-23	Savonlinna	Etelä-Savo (ES)	Suomi	61.767068	28.795875	Sure	NEUTRAL	The Atlas of Finnish Fungi
keltavahvero (fi) — Cantharellus cibarius	keltavahvero (fi)	muutamia	2019-08-21	Hämeenkyrö	Satakunta (St)	Suomi	61.581371	23.373106	Sure	NEUTRAL	The Atlas of Finnish Fungi
keltavahvero (fi) — Cantharellus cibarius	keltavahvero (fi)		2019-08-18	Savonlinna	Pohjois-Savo (PS)	Suomi	62.1063	29.10779		COMMUNITY_VERIFIED	iNaturalist Suomi Finland
keltavahvero (fi) — Cantharellus cibarius	keltavahvero (fi)	4	2019-08-17	Loimaa	Satakunta (St)	Suomi	60.930234	23.127416	Sure	NEUTRAL	The Atlas of Finnish Fungi
keltavahvero (fi) — Cantharellus cibarius	keltavahvero (fi)	1	2019-08-17	Loimaa	Satakunta (St)	Suomi	60.930421	23.126027	Sure	NEUTRAL	The Atlas of Finnish Fungi
keltavahvero (fi) — Cantharellus cibarius	keltavahvero (fi)		2019-08-04	Parikkala	Laatokan Karjala (LK)	Suomi	61.75027	29.91134		COMMUNITY_VERIFIED	iNaturalist Suomi Finland
keltavahvero (fi) — Cantharellus cibarius	keltavahvero (fi)		2019-08-03	Lapinlahti	Pohjois-Karjala (PK)	Suomi	63.434709	28.111622	Sure	NEUTRAL	The Atlas of Finnish Fungi
keltavahvero (fi) — Cantharellus cibarius	keltavahvero (fi)		2019-07-29	Jyväskylä	Pohjois-Häme (PH)	Suomi	62.26119	25.93568		COMMUNITY_VERIFIED	iNaturalist Suomi Finland
keltavahvero (fi) — Cantharellus cibarius	keltavahvero (fi)		2019-07-29	Jyväskylä	Pohjois-Häme (PH)	Suomi	62.26196	25.93432		COMMUNITY_VERIFIED	iNaturalist Suomi Finland
keltavahvero (fi) — Cantharellus cibarius	keltavahvero (fi)	5	2019-07-24	Oulu	Oulun Pohjanmaa (OP)	Suomi	65.039391	25.725059	Sure	NEUTRAL	The Atlas of Finnish Fungi
keltavahvero (fi) — Cantharellus cibarius	keltavahvero (fi)	10	2019-07-20	Nurmijärvi	Uusimaa (U)	Suomi	60.447381	24.846457	Sure	NEUTRAL	The Atlas of Finnish Fungi
keltavahvero (fi) — Cantharellus cibarius	keltavahvero (fi)	muutama	2019-07-19	Salo	Varsinais-Suomi (V)	Suomi	60.217381	22.907869	Sure	NEUTRAL	The Atlas of Finnish Fungi
keltavahvero (fi) — Cantharellus cibarius	keltavahvero (fi)		2019-07-19	Lapua	Etelä-Pohjanmaa (EP)	Suomi	62.960366	22.969306	Sure	NEUTRAL	The Atlas of Finnish Fungi
keltavahvero (fi) — Cantharellus cibarius	keltavahvero (fi)		2019-07-18	Ähtäri	Pohjois-Häme (PH)	Suomi	62.649556	24.043235	Sure	NEUTRAL	The Atlas of Finnish Fungi
keltavahvero (fi) — Cantharellus cibarius	keltavahvero (fi)	7	2019-07-17 [20:00-21:00]	Kontiolahti	Pohjois-Karjala (PK)	Suomi	62.620312	29.965498	Sure	COMMUNITY_VERIFIED	The Atlas of Finnish Fungi
keltavahvero (fi) — Cantharellus cibarius	keltavahvero (fi)		2019-07-17	Porvoo	Uusimaa (U)	Suomi	60.17171	25.42848		COMMUNITY_VERIFIED	iNaturalist Suomi Finland
keltavahvero (fi) — Cantharellus cibarius	keltavahvero (fi)		2019-07-17	Nurmijärvi	Uusimaa (U)	Suomi	60.4	24.76		COMMUNITY_VERIFIED	iNaturalist Suomi Finland
keltavahvero (fi) — Cantharellus cibarius	keltavahvero (fi)		2019-07-17	Nurmijärvi	Uusimaa (U)	Suomi	60.4	24.76		COMMUNITY_VERIFIED	iNaturalist Suomi Finland
keltavahvero (fi) — Cantharellus cibarius	keltavahvero (fi)		2019-07-16	Ylöjärvi	Etelä-Häme (EH)	Suomi	61.59693	23.68313		COMMUNITY_VERIFIED	iNaturalist Suomi Finland
keltavahvero (fi) — Cantharellus cibarius	keltavahvero (fi)	6	2019-07-15	Tuusula	Uusimaa (U)	Suomi	60.447346	24.980507	Sure	NEUTRAL	The Atlas of Finnish Fungi
keltavahvero (fi) — Cantharellus cibarius	keltavahvero (fi)		2019-07-13	Helsinki	Uusimaa (U)	Suomi	60.279219	25.220217	Sure	NEUTRAL	The Atlas of Finnish Fungi
keltavahvero (fi) — Cantharellus cibarius	keltavahvero (fi)		2019-07-13	Helsinki	Uusimaa (U)	Suomi	60.285683	25.206846	Sure	NEUTRAL	The Atlas of Finnish Fungi
keltavahvero (fi) — Cantharellus cibarius	keltavahvero (fi)		2019-07-13	Aura	Varsinais-Suomi (V)	Suomi	60.62722	22.60717		COMMUNITY_VERIFIED	iNaturalist Suomi Finland
keltavahvero (fi) — Cantharellus cibarius	keltavahvero (fi)	useita	2019-07-11	Hankasalmi	Pohjois-Häme (PH)	Suomi	62.319483	26.355924	Sure	NEUTRAL	The Atlas of Finnish Fungi
keltavahvero (fi) — Cantharellus cibarius	keltavahvero (fi)	n10	2019-07-10 [9:23] - 2019-07-14 [10:15]	Somero	Etelä-Häme (EH)	Suomi	60.666155	23.607665	Sure	NEUTRAL	Notebook, general observations
keltavahvero (fi) — Cantharellus cibarius	keltavahvero (fi)	Paljon	2019-07-10 [10:30]	Mikkeli	Pohjois-Savo (PS)	Suomi	62.071188	27.092385	Sure	NEUTRAL	The Atlas of Finnish Fungi
keltavahvero (fi) — Cantharellus cibarius	keltavahvero (fi)	10	2019-07-09	Jyväskylä	Pohjois-Häme (PH)	Suomi	62.253711	25.646228	Sure	NEUTRAL	The Atlas of Finnish Fungi
keltavahvero (fi) — Cantharellus cibarius	keltavahvero (fi)	Erittäin paljon yhdellä alueella	2019-07-09 [17:30] - 2019-07-11 [14:00]	Mikkeli	Pohjois-Savo (PS)	Suomi	62.071188	27.092385	Sure	NEUTRAL	The Atlas of Finnish Fungi
keltavahvero (fi) — Cantharellus cibarius	keltavahvero (fi)	Vähän	2019-07-09 [17:30] - 2019-07-11 [14:00]	Mikkeli	Pohjois-Savo (PS)	Suomi	62.071188	27.092385	Sure	NEUTRAL	The Atlas of Finnish Fungi
keltavahvero (fi) — Cantharellus cibarius	keltavahvero (fi)	noin 20	2019-07-09	Salo	Varsinais-Suomi (V)	Suomi	60.335329	23.205567	Sure	NEUTRAL	The Atlas of Finnish Fungi
keltavahvero (fi) — Cantharellus cibarius	keltavahvero (fi)	10	2019-07-08	Espoo, Helsinki, Vantaa	Uusimaa (U)	Suomi	60.260074	24.919328	Sure	NEUTRAL	The Atlas of Finnish Fungi
keltavahvero (fi) — Cantharellus cibarius	keltavahvero (fi)		2019-07-08	Hausjärvi	Etelä-Häme (EH)	Suomi	60.721863	24.844981	Sure	NEUTRAL	The Atlas of Finnish Fungi
keltavahvero (fi) — Cantharellus cibarius	keltavahvero (fi)	5	2019-07-08	Espoo, Helsinki, Vantaa	Uusimaa (U)	Suomi	60.260074	24.919328	Sure	NEUTRAL	The Atlas of Finnish Fungi
keltavahvero (fi) — Cantharellus cibarius	keltavahvero (fi)		2019-07-07	Sastamala	Satakunta (St)	Suomi	61.367549	22.638801	Sure	NEUTRAL	The Atlas of Finnish Fungi
keltavahvero (fi) — Cantharellus cibarius	keltavahvero (fi)	Yksi esiintymä	2019-07-06 [13:00] - 2019-08-04 [14:30]	Helsinki, Sipoo, Vantaa	Uusimaa (U)	Suomi	60.262809	25.09998	Sure	NEUTRAL	The Atlas of Finnish Fungi
keltavahvero (fi) — Cantharellus cibarius	keltavahvero (fi)	Useita	2019-07-06	Parainen	Varsinais-Suomi (V)	Suomi	60.190135	22.217603	Sure	NEUTRAL	The Atlas of Finnish Fungi
keltavahvero (fi) — Cantharellus cibarius	keltavahvero (fi)	10+	2019-07-04	Mikkeli	Etelä-Savo (ES)	Suomi	61.686638	27.710929	Sure	NEUTRAL	Notebook, general observations
keltavahvero (fi) — Cantharellus cibarius	keltavahvero (fi)	10	2019-07-03	Espoo, Helsinki, Vantaa	Uusimaa (U)	Suomi	60.260074	24.919328	Sure	NEUTRAL	The Atlas of Finnish Fungi
keltavahvero (fi) — Cantharellus cibarius	keltavahvero (fi)	25	2019-06-28	Espoo, Helsinki, Vantaa	Uusimaa (U)	Suomi	60.260074	24.919328	Sure	NEUTRAL	The Atlas of Finnish Fungi
keltavahvero (fi) — Cantharellus cibarius	keltavahvero (fi)	Yli 10	2019-06-26 [13:00]	Helsinki, Sipoo, Vantaa	Uusimaa (U)	Suomi	60.262809	25.09998	Sure	NEUTRAL	The Atlas of Finnish Fungi
keltavahvero (fi) — Cantharellus cibarius	keltavahvero (fi)	>50	2019-06-23	Vaasa	Etelä-Pohjanmaa (EP)	Suomi	63.087	21.6792	Sure	NEUTRAL	The Atlas of Finnish Fungi
keltavahvero (fi) — Cantharellus cibarius	keltavahvero (fi)		2019-06-23	Salo	Varsinais-Suomi (V)	Suomi	60.409924	22.913227	Sure	NEUTRAL	The Atlas of Finnish Fungi
keltavahvero (fi) — Cantharellus cibarius	keltavahvero (fi)		2019-06-15	Espoo, Helsinki, Vantaa	Uusimaa (U)	Suomi	60.260102	24.91945	Sure	EXPERT_VERIFIED	The Atlas of Finnish Fungi
keltavahvero (fi) — Cantharellus cibarius	keltavahvero (fi)		2019-06-14	Helsinki	Uusimaa (U)	Suomi	60.239554	25.142958	Sure	NEUTRAL	The Atlas of Finnish Fungi
keltavahvero (fi) — Cantharellus cibarius	keltavahvero (fi)		2019-06-12	Porvoo	Uusimaa (U)	Suomi	60.38068	25.663483	Sure	NEUTRAL	The Atlas of Finnish Fungi
keltavahvero (fi) — Cantharellus cibarius	keltavahvero (fi)		2019-06-05	Helsinki	Uusimaa (U)	Suomi	60.172521	24.90695	Sure	NEUTRAL	The Atlas of Finnish Fungi
keltavahvero (fi) — Cantharellus cibarius	keltavahvero (fi)	5	2019-04-30 - 2019-10-25	Kirkkonummi	Uusimaa (U)	Suomi	59.989227	24.437053	Sure	NEUTRAL	Notebook, general observations
keltavahvero (fi) — Cantharellus cibarius	keltavahvero (fi)	3	2018-11-21	Turku	Varsinais-Suomi (V)	Suomi	60.426763	22.206345	Sure	NEUTRAL	Notebook, general observations
keltavahvero (fi) — Cantharellus cibarius	keltavahvero (fi)	4	2018-11-18	Hankasalmi	Pohjois-Häme (PH)	Suomi	62.225828	26.34865	Sure	NEUTRAL	The Atlas of Finnish Fungi
keltavahvero (fi) — Cantharellus cibarius	keltavahvero (fi)	muutama	2018-11-03	Hankasalmi	Pohjois-Häme (PH)	Suomi	62.322125	26.385034	Sure	NEUTRAL	The Atlas of Finnish Fungi
keltavahvero (fi) — Cantharellus cibarius	keltavahvero (fi)		2018-10-27	Joensuu, Kontiolahti, Liperi	Pohjois-Karjala (PK)	Suomi	62.581197	29.818482	Sure	NEUTRAL	The Atlas of Finnish Fungi
keltavahvero (fi) — Cantharellus cibarius	keltavahvero (fi)		2018-10-26	Heinävesi	Pohjois-Savo (PS)	Suomi	62.39102	28.79947	Sure	EXPERT_VERIFIED	The Atlas of Finnish Fungi
keltavahvero (fi) — Cantharellus cibarius	keltavahvero (fi)	5	2018-10-19	Suomussalmi	Kainuu (Kn)	Suomi	64.992965	29.355475	Sure	EXPERT_VERIFIED	The Atlas of Finnish Fungi
keltavahvero (fi) — Cantharellus cibarius	keltavahvero (fi)	10	2018-10-19 - 2018-10-21	Pieksämäki	Pohjois-Savo (PS)	Suomi	62.249853	27.47778	Sure	NEUTRAL	Notebook, general observations
keltavahvero (fi) — Cantharellus cibarius	keltavahvero (fi)	4 yks	2018-10-16	Virolahti	Etelä-Karjala (EK)	Suomi	60.573279	27.593912	Sure	EXPERT_VERIFIED	The Atlas of Finnish Fungi
keltavahvero (fi) — Cantharellus cibarius	keltavahvero (fi)		2018-10-14	Mikkeli	Etelä-Savo (ES)	Suomi	61.696265	27.421187	Sure	EXPERT_VERIFIED	The Atlas of Finnish Fungi
keltavahvero (fi) — Cantharellus cibarius	keltavahvero (fi)		2018-10-13	Lohja	Varsinais-Suomi (V)	Suomi	60.5807	23.91203		COMMUNITY_VERIFIED	iNaturalist Suomi Finland
keltavahvero (fi) — Cantharellus cibarius	keltavahvero (fi)		2018-10-07	Sipoo	Uusimaa (U)	Suomi	60.316845	25.432202	Sure	EXPERT_VERIFIED	The Atlas of Finnish Fungi
keltavahvero (fi) — Cantharellus cibarius	keltavahvero (fi)	1	2018-10-07	Lappeenranta	Etelä-Savo (ES)	Suomi	61.083317	28.365212	Sure	EXPERT_VERIFIED	The Atlas of Finnish Fungi
keltavahvero (fi) — Cantharellus cibarius	keltavahvero (fi)		2018-10-06	Mikkeli	Etelä-Savo (ES)	Suomi	61.458075	27.542559	Sure	EXPERT_VERIFIED	The Atlas of Finnish Fungi
keltavahvero (fi) — Cantharellus cibarius	keltavahvero (fi)		2018-10-06	Padasjoki	Etelä-Häme (EH)	Suomi	61.32222	24.95139		COMMUNITY_VERIFIED	iNaturalist Suomi Finland
keltavahvero (fi) — Cantharellus cibarius	keltavahvero (fi)	10	2018-10-05	Mustasaari	Etelä-Pohjanmaa (EP)	Suomi	63.0413	21.8058	Sure	NEUTRAL	The Atlas of Finnish Fungi
keltavahvero (fi) — Cantharellus cibarius	keltavahvero (fi)		2018-10-04	Jyväskylä	Pohjois-Häme (PH)	Suomi	62.21351	25.79678		COMMUNITY_VERIFIED	iNaturalist Suomi Finland
keltavahvero (fi) — Cantharellus cibarius	keltavahvero (fi)		2018-10-04	Salo	Varsinais-Suomi (V)	Suomi	60.313952	23.567693		NEUTRAL	LajiGIS: Species mapping and surveys
keltavahvero (fi) — Cantharellus cibarius	keltavahvero (fi)	useita	2018-09-30	Hankasalmi	Pohjois-Häme (PH)	Suomi	62.502955	26.401636	Sure	NEUTRAL	The Atlas of Finnish Fungi
keltavahvero (fi) — Cantharellus cibarius	keltavahvero (fi)		2018-09-30	Lohja	Varsinais-Suomi (V)	Suomi	60.23828	23.78125		COMMUNITY_VERIFIED	iNaturalist Suomi Finland
keltavahvero (fi) — Cantharellus cibarius	keltavahvero (fi)		2018-09-29	Vaasa	Etelä-Pohjanmaa (EP)	Suomi	63.09867	21.621078	Sure	EXPERT_VERIFIED	The Atlas of Finnish Fungi
keltavahvero (fi) — Cantharellus cibarius	keltavahvero (fi)	15	2018-09-29 [14:00] - 2018-09-30 [15:30]	Heinola	Etelä-Häme (EH)	Suomi	61.34253	25.990229	Sure	EXPERT_VERIFIED	The Atlas of Finnish Fungi
keltavahvero (fi) — Cantharellus cibarius	keltavahvero (fi)	useita pieniä esiintymiä	2018-09-24	Loviisa	Uusimaa (U)	Suomi	60.386811	26.008361	Sure	NEUTRAL	The Atlas of Finnish Fungi
keltavahvero (fi) — Cantharellus cibarius	keltavahvero (fi)	50	2018-09-23	Loppi	Etelä-Häme (EH)	Suomi	60.698784	24.34165	Sure	EXPERT_VERIFIED	The Atlas of Finnish Fungi
keltavahvero (fi) — Cantharellus cibarius	keltavahvero (fi)		2018-09-23	Hartola, Sysmä	Etelä-Häme (EH)	Suomi	61.618573	25.959908	Sure	NEUTRAL	The Atlas of Finnish Fungi
keltavahvero (fi) — Cantharellus cibarius	keltavahvero (fi)	niukka	2018-09-23	Kannus	Keski-Pohjanmaa (KP)	Suomi	63.921319	24.055494	Sure	NEUTRAL	The Atlas of Finnish Fungi
keltavahvero (fi) — Cantharellus cibarius	keltavahvero (fi)	20	2018-09-22	Jyväskylä, Muurame	Etelä-Häme (EH)	Suomi	62.153439	25.558061	Sure	NEUTRAL	The Atlas of Finnish Fungi
keltavahvero (fi) — Cantharellus cibarius	keltavahvero (fi)	30	2018-09-21	Kemiönsaari	Varsinais-Suomi (V)	Suomi	60.06656	22.512623	Sure	EXPERT_VERIFIED	The Atlas of Finnish Fungi
keltavahvero (fi) — Cantharellus cibarius	keltavahvero (fi)	4	2018-09-17	Kuopio, Siilinjärvi	Pohjois-Savo (PS)	Suomi	62.966748	27.686712	Sure	NEUTRAL	The Atlas of Finnish Fungi
keltavahvero (fi) — Cantharellus cibarius	keltavahvero (fi)	10	2018-09-16	Pori	Satakunta (St)	Suomi	61.592361	21.900355	Sure	NEUTRAL	The Atlas of Finnish Fungi
keltavahvero (fi) — Cantharellus cibarius	keltavahvero (fi)	useita	2018-09-16	Hyvinkää	Uusimaa (U)	Suomi	60.519148	24.654425	Sure	EXPERT_VERIFIED	The Atlas of Finnish Fungi
keltavahvero (fi) — Cantharellus cibarius	keltavahvero (fi)	1	2018-09-16	Helsinki	Uusimaa (U)	Suomi	60.266951	25.220695	Sure	NEUTRAL	The Atlas of Finnish Fungi
keltavahvero (fi) — Cantharellus cibarius	keltavahvero (fi)		2018-09-16	Hämeenkyrö	Satakunta (St)	Suomi	61.628317	22.897464	Sure	EXPERT_VERIFIED	Notebook, general observations
keltavahvero (fi) — Cantharellus cibarius	keltavahvero (fi)		2018-09-16	Tuusula	Uusimaa (U)	Suomi	60.54705	24.97061		COMMUNITY_VERIFIED	iNaturalist Suomi Finland
keltavahvero (fi) — Cantharellus cibarius	keltavahvero (fi)		2018-09-15	Sipoo	Uusimaa (U)	Suomi	60.258401	25.396155	Sure	EXPERT_VERIFIED	The Atlas of Finnish Fungi
keltavahvero (fi) — Cantharellus cibarius	keltavahvero (fi)	30	2018-09-14	Jyväskylä	Pohjois-Häme (PH)	Suomi	62.207143	25.610329	Sure	NEUTRAL	The Atlas of Finnish Fungi
keltavahvero (fi) — Cantharellus cibarius	keltavahvero (fi)		2018-09-13	Kontiolahti	Pohjois-Karjala (PK)	Suomi	62.640039	29.867384	Sure	NEUTRAL	Notebook, general observations
keltavahvero (fi) — Cantharellus cibarius	keltavahvero (fi)	n10	2018-09-13 [10:57-11:33]	Somero	Etelä-Häme (EH)	Suomi	60.666188	23.600946	Sure	NEUTRAL	Notebook, general observations
keltavahvero (fi) — Cantharellus cibarius	keltavahvero (fi)	useita pieniä esiintymiä	2018-09-12	Loviisa	Uusimaa (U)	Suomi	60.388659	26.008036	Sure	EXPERT_VERIFIED	The Atlas of Finnish Fungi
keltavahvero (fi) — Cantharellus cibarius	keltavahvero (fi)	vähän	2018-09-11 - 2018-09-13	Hausjärvi	Etelä-Häme (EH)	Suomi	60.670231	24.914988	Sure	NEUTRAL	The Atlas of Finnish Fungi
keltavahvero (fi) — Cantharellus cibarius	keltavahvero (fi)		2018-09-09	Sastamala	Satakunta (St)	Suomi	61.467309	22.774197	Sure	NEUTRAL	Notebook, general observations
keltavahvero (fi) — Cantharellus cibarius	keltavahvero (fi)	5	2018-09-09	Pieksämäki	Pohjois-Savo (PS)	Suomi	62.212124	26.89679	Sure	EXPERT_VERIFIED	The Atlas of Finnish Fungi
keltavahvero (fi) — Cantharellus cibarius	keltavahvero (fi)	Kolme	2018-09-09	Pieksämäki	Pohjois-Savo (PS)	Suomi	62.288759	27.23715	Sure	EXPERT_VERIFIED	The Atlas of Finnish Fungi
keltavahvero (fi) — Cantharellus cibarius	keltavahvero (fi)	4	2018-09-08	Pieksämäki	Pohjois-Savo (PS)	Suomi	62.080054	27.379992	Sure	EXPERT_VERIFIED	The Atlas of Finnish Fungi
keltavahvero (fi) — Cantharellus cibarius	keltavahvero (fi)	2	2018-09-08	Pieksämäki	Pohjois-Savo (PS)	Suomi	62.081224	27.378923	Sure	EXPERT_VERIFIED	The Atlas of Finnish Fungi
keltavahvero (fi) — Cantharellus cibarius	keltavahvero (fi)	8	2018-09-08	Ruovesi	Etelä-Häme (EH)	Suomi	62.049298	23.987796	Sure	EXPERT_VERIFIED	The Atlas of Finnish Fungi
keltavahvero (fi) — Cantharellus cibarius	keltavahvero (fi)	useita pieniä esiintymiä 500m säteellä	2018-09-08	Loviisa	Uusimaa (U)	Suomi	60.386325	26.008224	Sure	EXPERT_VERIFIED	The Atlas of Finnish Fungi
keltavahvero (fi) — Cantharellus cibarius	keltavahvero (fi)		2018-09-07	Loimaa	Satakunta (St)	Suomi	60.807474	23.181064	Sure	EXPERT_VERIFIED	The Atlas of Finnish Fungi
keltavahvero (fi) — Cantharellus cibarius	keltavahvero (fi)	Yksittäisiä	2018-09-07	Hankasalmi	Pohjois-Häme (PH)	Suomi	62.277414	26.579097	Sure	NEUTRAL	The Atlas of Finnish Fungi
keltavahvero (fi) — Cantharellus cibarius	keltavahvero (fi)		2018-09-07	Pieksämäki	Pohjois-Savo (PS)	Suomi	62.344842	27.216265	Sure	EXPERT_VERIFIED	The Atlas of Finnish Fungi
keltavahvero (fi) — Cantharellus cibarius	keltavahvero (fi)	Useita	2018-09-07	Hankasalmi, Laukaa	Pohjois-Häme (PH)	Suomi	62.428461	26.319195	Sure	NEUTRAL	The Atlas of Finnish Fungi
keltavahvero (fi) — Cantharellus cibarius	keltavahvero (fi)		2018-09-07	Hankasalmi, Kangasniemi	Pohjois-Häme (PH)	Suomi	62.249828	26.515657	Sure	NEUTRAL	The Atlas of Finnish Fungi
keltavahvero (fi) — Cantharellus cibarius	keltavahvero (fi)		2018-09-06	Heinävesi	Pohjois-Savo (PS)	Suomi	62.40578	28.76566	Sure	EXPERT_VERIFIED	The Atlas of Finnish Fungi
keltavahvero (fi) — Cantharellus cibarius	keltavahvero (fi)	11	2018-09-06 [17:00-20:30]	Tammela	Etelä-Häme (EH)	Suomi	60.774012	23.851829	Sure	NEUTRAL	Notebook, general observations
keltavahvero (fi) — Cantharellus cibarius	keltavahvero (fi)		2018-09-04	Pelkosenniemi	Sompion Lappi (SoL)	Suomi	67.18759	27.082577	Sure	EXPERT_VERIFIED	The Atlas of Finnish Fungi
keltavahvero (fi) — Cantharellus cibarius	keltavahvero (fi)	10	2018-09-04	Joensuu	Pohjois-Karjala (PK)	Suomi	62.483214	30.197533	Sure	NEUTRAL	The Atlas of Finnish Fungi
keltavahvero (fi) — Cantharellus cibarius	keltavahvero (fi)	6	2018-09-03 [12:00-13:30]	Forssa	Etelä-Häme (EH)	Suomi	60.832142	23.606512	Sure	NEUTRAL	Notebook, general observations
keltavahvero (fi) — Cantharellus cibarius	keltavahvero (fi)		2018-09-02	Sipoo	Uusimaa (U)	Suomi	60.346421	25.181279	Sure	EXPERT_VERIFIED	The Atlas of Finnish Fungi
keltavahvero (fi) — Cantharellus cibarius	keltavahvero (fi)		2018-09-02	Vantaa	Uusimaa (U)	Suomi	60.3025	24.80327		COMMUNITY_VERIFIED	iNaturalist Suomi Finland
keltavahvero (fi) — Cantharellus cibarius	keltavahvero (fi)	2	2018-09-01	Loimaa	Satakunta (St)	Suomi	60.961085	22.680229	Sure	NEUTRAL	The Atlas of Finnish Fungi
keltavahvero (fi) — Cantharellus cibarius	keltavahvero (fi)		2018-09-01	Tammela	Etelä-Häme (EH)	Suomi	60.700358	23.925463	Sure	EXPERT_VERIFIED	The Atlas of Finnish Fungi
keltavahvero (fi) — Cantharellus cibarius	keltavahvero (fi)	5-10	2018-08-31	Kouvola	Etelä-Häme (EH)	Suomi	60.904354	26.720474	Sure	EXPERT_VERIFIED	The Atlas of Finnish Fungi
keltavahvero (fi) — Cantharellus cibarius	keltavahvero (fi)	30-40	2018-08-31	Kouvola	Etelä-Savo (ES)	Suomi	60.904354	26.720474	Sure	EXPERT_VERIFIED	The Atlas of Finnish Fungi
keltavahvero (fi) — Cantharellus cibarius	keltavahvero (fi)	1	2018-08-31	Joensuu, Kontiolahti, Liperi	Pohjois-Karjala (PK)	Suomi	62.581197	29.818482	Sure	NEUTRAL	The Atlas of Finnish Fungi
keltavahvero (fi) — Cantharellus cibarius	keltavahvero (fi)	5kpl	2018-08-28 - 2018-09-02	Ruovesi	Etelä-Häme (EH)	Suomi	62.129905	23.924432	Sure	NEUTRAL	The Atlas of Finnish Fungi
keltavahvero (fi) — Cantharellus cibarius	keltavahvero (fi)		2018-08-28	Puolanka	Kainuu (Kn)	Suomi	64.766644	27.78315	Sure	EXPERT_VERIFIED	The Atlas of Finnish Fungi
keltavahvero (fi) — Cantharellus cibarius	keltavahvero (fi)	10	2018-08-27	Hausjärvi	Etelä-Häme (EH)	Suomi	60.750351	24.843182	Sure	EXPERT_VERIFIED	The Atlas of Finnish Fungi
keltavahvero (fi) — Cantharellus cibarius	keltavahvero (fi)		2018-08-27 [17:30-18:30]	Nurmijärvi	Uusimaa (U)	Suomi	60.500653	24.915092	Sure	NEUTRAL	Notebook, general observations
keltavahvero (fi) — Cantharellus cibarius	keltavahvero (fi)	10-15	2018-08-26	Kouvola	Etelä-Savo (ES)	Suomi	60.84055	26.722668	Sure	EXPERT_VERIFIED	The Atlas of Finnish Fungi
keltavahvero (fi) — Cantharellus cibarius	keltavahvero (fi)	13	2018-08-25	Oulainen	Keski-Pohjanmaa (KP)	Suomi	64.24176	25.002837	Sure	EXPERT_VERIFIED	The Atlas of Finnish Fungi
keltavahvero (fi) — Cantharellus cibarius	keltavahvero (fi)	13	2018-08-25	Savitaipale	Etelä-Savo (ES)	Suomi	61.262771	27.81495	Sure	EXPERT_VERIFIED	The Atlas of Finnish Fungi
keltavahvero (fi) — Cantharellus cibarius	keltavahvero (fi)		2018-08-25	Humppila	Etelä-Häme (EH)	Suomi	60.945821	23.364951	Sure	EXPERT_VERIFIED	The Atlas of Finnish Fungi
keltavahvero (fi) — Cantharellus cibarius	keltavahvero (fi)	9	2018-08-25	Lohja	Varsinais-Suomi (V)	Suomi	60.282203	23.896144	Sure	EXPERT_VERIFIED	The Atlas of Finnish Fungi
keltavahvero (fi) — Cantharellus cibarius	keltavahvero (fi)	8	2018-08-24	Loimaa	Satakunta (St)	Suomi	60.884247	23.021399	Sure	EXPERT_VERIFIED	The Atlas of Finnish Fungi
keltavahvero (fi) — Cantharellus cibarius	keltavahvero (fi)	useita pieniä esiintymiä 5oom säteellä	2018-08-24	Loviisa	Uusimaa (U)	Suomi	60.390211	26.004261	Sure	EXPERT_VERIFIED	The Atlas of Finnish Fungi
keltavahvero (fi) — Cantharellus cibarius	keltavahvero (fi)	10	2018-08-24	Loimaa	Satakunta (St)	Suomi	60.930097	23.122465	Sure	EXPERT_VERIFIED	The Atlas of Finnish Fungi
keltavahvero (fi) — Cantharellus cibarius	keltavahvero (fi)	muutama	2018-08-23	Kangasniemi	Etelä-Savo (ES)	Suomi	62.127499	26.419887	Sure	NEUTRAL	The Atlas of Finnish Fungi
keltavahvero (fi) — Cantharellus cibarius	keltavahvero (fi)	7	2018-08-23	Lohja	Varsinais-Suomi (V)	Suomi	60.283002	23.902314	Sure	EXPERT_VERIFIED	The Atlas of Finnish Fungi
keltavahvero (fi) — Cantharellus cibarius	keltavahvero (fi)	1 litra	2018-08-23	Porvoo, Sipoo	Uusimaa (U)	Suomi	60.357207	25.456907	Sure	EXPERT_VERIFIED	The Atlas of Finnish Fungi
keltavahvero (fi) — Cantharellus cibarius	keltavahvero (fi)	1 litra	2018-08-23	Porvoo, Sipoo	Uusimaa (U)	Suomi	60.357207	25.456907	Sure	EXPERT_VERIFIED	The Atlas of Finnish Fungi
keltavahvero (fi) — Cantharellus cibarius	keltavahvero (fi)	3	2018-08-23	Hausjärvi	Etelä-Häme (EH)	Suomi	60.767679	24.905083	Sure	EXPERT_VERIFIED	The Atlas of Finnish Fungi
keltavahvero (fi) — Cantharellus cibarius	keltavahvero (fi)	1	2018-08-23	Hämeenkyrö, Nokia, Tampere, Ylöjärvi	Etelä-Häme (EH)	Suomi	61.578037	23.512903	Sure	NEUTRAL	The Atlas of Finnish Fungi
keltavahvero (fi) — Cantharellus cibarius	keltavahvero (fi)	8	2018-08-23	Hämeenkyrö, Nokia, Tampere, Ylöjärvi	Etelä-Häme (EH)	Suomi	61.578037	23.512903	Sure	NEUTRAL	The Atlas of Finnish Fungi
keltavahvero (fi) — Cantharellus cibarius	keltavahvero (fi)	3	2018-08-21	Paltamo	Kainuu (Kn)	Suomi	64.429641	27.98565	Sure	EXPERT_VERIFIED	The Atlas of Finnish Fungi
keltavahvero (fi) — Cantharellus cibarius	keltavahvero (fi)	9	2018-08-21 [13:00-14:00]	Inari	Inarin Lappi (InL)	Suomi	68.365596	27.60216	Sure	EXPERT_VERIFIED	The Atlas of Finnish Fungi
keltavahvero (fi) — Cantharellus cibarius	keltavahvero (fi)	10	2018-08-20 [19:30]	Oulu	Oulun Pohjanmaa (OP)	Suomi	65.008336	25.85821	Sure	NEUTRAL	The Atlas of Finnish Fungi
keltavahvero (fi) — Cantharellus cibarius	keltavahvero (fi)	3 litraa	2018-08-20	Naantali	Varsinais-Suomi (V)	Suomi	60.448946	21.985366	Sure	EXPERT_VERIFIED	The Atlas of Finnish Fungi
keltavahvero (fi) — Cantharellus cibarius	keltavahvero (fi)	10	2018-08-20	Kontiolahti	Pohjois-Karjala (PK)	Suomi	62.703677	29.739145	Sure	NEUTRAL	Notebook, general observations
keltavahvero (fi) — Cantharellus cibarius	keltavahvero (fi)	1	2018-08-19	Loimaa	Satakunta (St)	Suomi	60.848475	23.04314	Sure	EXPERT_VERIFIED	The Atlas of Finnish Fungi
keltavahvero (fi) — Cantharellus cibarius	keltavahvero (fi)	30	2018-08-19	Ylöjärvi	Etelä-Häme (EH)	Suomi	61.54485	23.623866	Sure	NEUTRAL	The Atlas of Finnish Fungi
keltavahvero (fi) — Cantharellus cibarius	keltavahvero (fi)	vähäisiä määriä, pieniä	2018-08-19	Jyväskylä, Jämsä, Petäjävesi	Etelä-Häme (EH)	Suomi	62.151279	25.366184	Sure	NEUTRAL	The Atlas of Finnish Fungi
keltavahvero (fi) — Cantharellus cibarius	keltavahvero (fi)	8	2018-08-19	Tampere	Etelä-Häme (EH)	Suomi	61.450003	23.857357	Sure	NEUTRAL	The Atlas of Finnish Fungi
keltavahvero (fi) — Cantharellus cibarius	keltavahvero (fi)		2018-08-18	Sysmä	Etelä-Häme (EH)	Suomi	61.639087	25.641074	Sure	NEUTRAL	Notebook, general observations
keltavahvero (fi) — Cantharellus cibarius	keltavahvero (fi)		2018-08-18	Heinävesi	Pohjois-Savo (PS)	Suomi	62.356809	29.026614	Sure	EXPERT_VERIFIED	The Atlas of Finnish Fungi
keltavahvero (fi) — Cantharellus cibarius	keltavahvero (fi)	muutama	2018-08-17	Lieksa	Pohjois-Karjala (PK)	Suomi	63.082715	29.836306	Sure	EXPERT_VERIFIED	The Atlas of Finnish Fungi
keltavahvero (fi) — Cantharellus cibarius	keltavahvero (fi)		2018-08-17	Lieksa	Pohjois-Karjala (PK)	Suomi	63.067935	29.831377	Sure	NEUTRAL	Notebook, general observations
keltavahvero (fi) — Cantharellus cibarius	keltavahvero (fi)	7	2018-08-17	Kontiolahti	Pohjois-Karjala (PK)	Suomi	62.819203	29.867968	Sure	EXPERT_VERIFIED	The Atlas of Finnish Fungi
keltavahvero (fi) — Cantharellus cibarius	keltavahvero (fi)		2018-08-16	Mikkeli	Etelä-Savo (ES)	Suomi	61.812841	27.356616	Sure	EXPERT_VERIFIED	The Atlas of Finnish Fungi
keltavahvero (fi) — Cantharellus cibarius	keltavahvero (fi)		2018-08-15	Hyvinkää, Nurmijärvi, Vihti	Uusimaa (U)	Suomi	60.526192	24.720215	Sure	EXPERT_VERIFIED	The Atlas of Finnish Fungi
keltavahvero (fi) — Cantharellus cibarius	keltavahvero (fi)	2	2018-08-12	Loimaa	Satakunta (St)	Suomi	60.848714	23.042335	Sure	EXPERT_VERIFIED	The Atlas of Finnish Fungi
keltavahvero (fi) — Cantharellus cibarius	keltavahvero (fi)	10	2018-08-11 - 2018-08-12	Mäntsälä	Uusimaa (U)	Suomi	60.55017	25.093784	Sure	EXPERT_VERIFIED	The Atlas of Finnish Fungi
keltavahvero (fi) — Cantharellus cibarius	keltavahvero (fi)		2018-08-10	Lappeenranta	Etelä-Savo (ES)	Suomi	61.0948	28.353052	Sure	EXPERT_VERIFIED	The Atlas of Finnish Fungi
keltavahvero (fi) — Cantharellus cibarius	keltavahvero (fi)	2	2018-08-08	Ypäjä	Etelä-Häme (EH)	Suomi	60.803725	23.19325	Sure	EXPERT_VERIFIED	The Atlas of Finnish Fungi
keltavahvero (fi) — Cantharellus cibarius	keltavahvero (fi)	5	2018-08-08	Nurmijärvi	Uusimaa (U)	Suomi	60.498624	24.691566	Sure	EXPERT_VERIFIED	The Atlas of Finnish Fungi
keltavahvero (fi) — Cantharellus cibarius	keltavahvero (fi)		2018-08-07	Salo	Varsinais-Suomi (V)	Suomi	60.423313	22.893844	Sure	EXPERT_VERIFIED	The Atlas of Finnish Fungi
keltavahvero (fi) — Cantharellus cibarius	keltavahvero (fi)	3	2018-08-05	Eura, Eurajoki	Satakunta (St)	Suomi	61.213046	21.939729	Sure	NEUTRAL	Notebook, general observations
keltavahvero (fi) — Cantharellus cibarius	keltavahvero (fi)	1	2018-08-01 [20:30-21:00]	Nurmes	Pohjois-Karjala (PK)	Suomi	63.561075	29.123936	Sure	EXPERT_VERIFIED	Notebook, general observations
keltavahvero (fi) — Cantharellus cibarius	keltavahvero (fi)		2018-08-01	Nurmes	Pohjois-Karjala (PK)	Suomi	63.55353	29.117687	Sure	EXPERT_VERIFIED	Notebook, general observations
keltavahvero (fi) — Cantharellus cibarius	keltavahvero (fi)	n9	2018-07-31 [9:45-11:33]	Somero	Etelä-Häme (EH)	Suomi	60.668565	23.604927	Sure	EXPERT_VERIFIED	Notebook, general observations
keltavahvero (fi) — Cantharellus cibarius	keltavahvero (fi)	5	2018-07-25 - 2018-07-26	Savonlinna	Pohjois-Savo (PS)	Suomi	62.191437	29.150823	Sure	NEUTRAL	Notebook, general observations
keltavahvero (fi) — Cantharellus cibarius	keltavahvero (fi)		2018-07-22	Keuruu	Pohjois-Häme (PH)	Suomi	62.194798	24.783193	Sure	NEUTRAL	Notebook, general observations
keltavahvero (fi) — Cantharellus cibarius	keltavahvero (fi)		2018-07-21	Helsinki	Uusimaa (U)	Suomi	60.233755	25.14276	Sure	EXPERT_VERIFIED	The Atlas of Finnish Fungi
keltavahvero (fi) — Cantharellus cibarius	keltavahvero (fi)		2018-07-15	Porvoo	Uusimaa (U)	Suomi	60.382468	25.653544	Sure	EXPERT_VERIFIED	The Atlas of Finnish Fungi
keltavahvero (fi) — Cantharellus cibarius	keltavahvero (fi)	6 runsasta esiintymää	2018-07-13	Loviisa	Uusimaa (U)	Suomi	60.389631	26.008345	Sure	NEUTRAL	The Atlas of Finnish Fungi
keltavahvero (fi) — Cantharellus cibarius	keltavahvero (fi)		2018-07-09	Sipoo	Uusimaa (U)	Suomi	60.3445	25.206989	Sure	EXPERT_VERIFIED	The Atlas of Finnish Fungi
keltavahvero (fi) — Cantharellus cibarius	keltavahvero (fi)	Useita.	2018-07-08	Parainen	Varsinais-Suomi (V)	Suomi	60.242997	22.217535	Sure	EXPERT_VERIFIED	The Atlas of Finnish Fungi
keltavahvero (fi) — Cantharellus cibarius	keltavahvero (fi)	Kourallinen	2018-07-06 - 2018-07-07 [1:30]	Mänttä-Vilppula	Etelä-Häme (EH)	Suomi	62.007043	24.554853	Sure	NEUTRAL	The Atlas of Finnish Fungi
keltavahvero (fi) — Cantharellus cibarius	keltavahvero (fi)	Kymmeniä	2018-07-03	Porvoo	Uusimaa (U)	Suomi	60.39348	25.776587	Sure	EXPERT_VERIFIED	The Atlas of Finnish Fungi
keltavahvero (fi) — Cantharellus cibarius	keltavahvero (fi)	4	2018-07-01	Vihti	Varsinais-Suomi (V)	Suomi	60.332446	24.554137	Sure	EXPERT_VERIFIED	The Atlas of Finnish Fungi
keltavahvero (fi) — Cantharellus cibarius	keltavahvero (fi)	pieniä alkuja	2018-06-26	Turku	Varsinais-Suomi (V)	Suomi	60.360611	22.248131	Sure	EXPERT_VERIFIED	The Atlas of Finnish Fungi
keltavahvero (fi) — Cantharellus cibarius	keltavahvero (fi)	20+	2018-06-23	Hausjärvi	Etelä-Häme (EH)	Suomi	60.715166	24.868853	Sure	EXPERT_VERIFIED	The Atlas of Finnish Fungi
keltavahvero (fi) — Cantharellus cibarius	keltavahvero (fi)		2018-06-23	Helsinki	Uusimaa (U)	Suomi	60.173577	25.028421	Sure	EXPERT_VERIFIED	The Atlas of Finnish Fungi
keltavahvero (fi) — Cantharellus cibarius	keltavahvero (fi)	2	2018-06-03	Savonlinna	Etelä-Savo (ES)	Suomi	61.927291	28.803722	Sure	EXPERT_VERIFIED	The Atlas of Finnish Fungi
keltavahvero (fi) — Cantharellus cibarius	keltavahvero (fi)		2018-01-05	Porvoo	Uusimaa (U)	Suomi	60.335663	25.723654		NEUTRAL	Aphyllophorales Fennoscandiae orientalis
keltavahvero (fi) — Cantharellus cibarius	keltavahvero (fi)	1	2018-01-02	Turku	Varsinais-Suomi (V)	Suomi	60.428384	22.202274	Sure	NEUTRAL	Hatikka.fi observations
keltavahvero (fi) — Cantharellus cibarius	keltavahvero (fi)	8	2018-01-01	Turku	Varsinais-Suomi (V)	Suomi	60.419542	22.184415		NEUTRAL	Hatikka.fi observations
keltavahvero (fi) — Cantharellus cibarius	keltavahvero (fi)		2017-11-25	Helsinki	Uusimaa (U)	Suomi	60.25644	25.03485		COMMUNITY_VERIFIED	iNaturalist Suomi Finland
keltavahvero (fi) — Cantharellus cibarius	keltavahvero (fi)	10	2017-11-14	Ylöjärvi	Etelä-Häme (EH)	Suomi	61.623881	23.583739	Sure	NEUTRAL	The Atlas of Finnish Fungi
keltavahvero (fi) — Cantharellus cibarius	keltavahvero (fi)		2017-11-12	Porvoo	Uusimaa (U)	Suomi	60.374989	25.72999	Sure	EXPERT_VERIFIED	The Atlas of Finnish Fungi
keltavahvero (fi) — Cantharellus cibarius	keltavahvero (fi)	n10	2017-11-12 [14:06-15:20]	Somero	Etelä-Häme (EH)	Suomi	60.664782	23.604626		EXPERT_VERIFIED	Hatikka.fi observations
keltavahvero (fi) — Cantharellus cibarius	keltavahvero (fi)	8 yks	2017-11-09	Orivesi	Etelä-Häme (EH)	Suomi	61.681504	24.444267	Sure	EXPERT_VERIFIED	The Atlas of Finnish Fungi
keltavahvero (fi) — Cantharellus cibarius	keltavahvero (fi)	3	2017-11-05	Helsinki	Uusimaa (U)	Suomi	60.257873	24.929628	Sure	EXPERT_VERIFIED	The Atlas of Finnish Fungi
keltavahvero (fi) — Cantharellus cibarius	keltavahvero (fi)	2	2017-10-27	Pieksämäki	Pohjois-Savo (PS)	Suomi	62.420253	27.283098	Sure	NEUTRAL	The Atlas of Finnish Fungi
keltavahvero (fi) — Cantharellus cibarius	keltavahvero (fi)		2017-10-21	Joutsa	Etelä-Savo (ES)	Suomi	61.76051	26.33033		COMMUNITY_VERIFIED	iNaturalist Suomi Finland
keltavahvero (fi) — Cantharellus cibarius	keltavahvero (fi)		2017-10-17	Lohja	Varsinais-Suomi (V)	Suomi	60.227311	23.864425		NEUTRAL	LajiGIS: Species mapping and surveys
keltavahvero (fi) — Cantharellus cibarius	keltavahvero (fi)		2017-10-15	Puolanka	Kainuu (Kn)	Suomi	64.704643	27.979681	Sure	EXPERT_VERIFIED	The Atlas of Finnish Fungi
keltavahvero (fi) — Cantharellus cibarius	keltavahvero (fi)	kymmeniä	2017-10-15 - 2018-09-30	Mikkeli	Pohjois-Savo (PS)	Suomi	62.071188	27.092385	Sure	EXPERT_VERIFIED	The Atlas of Finnish Fungi
keltavahvero (fi) — Cantharellus cibarius	keltavahvero (fi)	10	2017-10-15	Oulu	Oulun Pohjanmaa (OP)	Suomi	65.188493	25.448198	Sure	EXPERT_VERIFIED	The Atlas of Finnish Fungi
keltavahvero (fi) — Cantharellus cibarius	keltavahvero (fi)	3 yks	2017-10-09	Imatra	Etelä-Savo (ES)	Suomi	61.170455	28.774046	Sure	EXPERT_VERIFIED	The Atlas of Finnish Fungi
keltavahvero (fi) — Cantharellus cibarius	keltavahvero (fi)	9	2017-10-07	Espoo	Uusimaa (U)	Suomi	60.180149	24.819807	Sure	EXPERT_VERIFIED	The Atlas of Finnish Fungi
keltavahvero (fi) — Cantharellus cibarius	keltavahvero (fi)		2017-10-06	Tuusniemi	Pohjois-Savo (PS)	Suomi	62.87209	28.41845	Sure	EXPERT_VERIFIED	The Atlas of Finnish Fungi
keltavahvero (fi) — Cantharellus cibarius	keltavahvero (fi)	200	2017-10-06 [12:00-13:00]	Salla	Koillismaa (Ks)	Suomi	67.348159	29.205915	Sure	EXPERT_VERIFIED	The Atlas of Finnish Fungi
keltavahvero (fi) — Cantharellus cibarius	keltavahvero (fi)		2017-10-01 [18:00]	Kokemäki, Sastamala	Satakunta (St)	Suomi	61.461371	22.587169	Sure	NEUTRAL	The Atlas of Finnish Fungi
keltavahvero (fi) — Cantharellus cibarius	keltavahvero (fi)		2017-10-01 [18:00]	Sastamala	Satakunta (St)	Suomi	61.467309	22.774197	Sure	NEUTRAL	The Atlas of Finnish Fungi
keltavahvero (fi) — Cantharellus cibarius	keltavahvero (fi)		2017-09-30	Helsinki	Uusimaa (U)	Suomi	60.21317	24.97156		COMMUNITY_VERIFIED	iNaturalist Suomi Finland
keltavahvero (fi) — Cantharellus cibarius	keltavahvero (fi)	10	2017-09-30	Pihtipudas, Pyhäjärvi	Pohjois-Häme (PH)	Suomi	63.498745	25.490473	Sure	NEUTRAL	The Atlas of Finnish Fungi
keltavahvero (fi) — Cantharellus cibarius	keltavahvero (fi)	2	2017-09-28	Helsinki	Uusimaa (U)	Suomi	60.257792	24.926795	Sure	NEUTRAL	The Atlas of Finnish Fungi
keltavahvero (fi) — Cantharellus cibarius	keltavahvero (fi)	24	2017-09-26	Orivesi	Etelä-Häme (EH)	Suomi	61.692985	24.354955	Sure	EXPERT_VERIFIED	The Atlas of Finnish Fungi
keltavahvero (fi) — Cantharellus cibarius	keltavahvero (fi)		2017-09-25	Kangasniemi	Etelä-Savo (ES)	Suomi	61.944744	26.873632	Sure	EXPERT_VERIFIED	The Atlas of Finnish Fungi
keltavahvero (fi) — Cantharellus cibarius	keltavahvero (fi)		2017-09-24	Espoo	Uusimaa (U)	Suomi	60.33912	24.684453	Sure	EXPERT_VERIFIED	The Atlas of Finnish Fungi
keltavahvero (fi) — Cantharellus cibarius	keltavahvero (fi)	5	2017-09-24	Rovaniemi	Perä-Pohjanmaa (PeP)	Suomi	66.481544	25.455577	Sure	EXPERT_VERIFIED	The Atlas of Finnish Fungi
keltavahvero (fi) — Cantharellus cibarius	keltavahvero (fi)	muutamia	2017-09-23	Ylöjärvi	Etelä-Häme (EH)	Suomi	61.671	23.519	Sure	NEUTRAL	The Atlas of Finnish Fungi
keltavahvero (fi) — Cantharellus cibarius	keltavahvero (fi)		2017-09-23	Kokemäki, Sastamala	Satakunta (St)	Suomi	61.461371	22.587169	Sure	NEUTRAL	The Atlas of Finnish Fungi
keltavahvero (fi) — Cantharellus cibarius	keltavahvero (fi)		2017-09-23	Pyhäjärvi	Keski-Pohjanmaa (KP)	Suomi	63.77944	26.06873	Sure	EXPERT_VERIFIED	The Atlas of Finnish Fungi
keltavahvero (fi) — Cantharellus cibarius	keltavahvero (fi)		2017-09-23	Kokemäki, Sastamala	Satakunta (St)	Suomi	61.371899	22.599805	Sure	NEUTRAL	The Atlas of Finnish Fungi
keltavahvero (fi) — Cantharellus cibarius	keltavahvero (fi)		2017-09-23	Helsinki	Uusimaa (U)	Suomi	60.187963	25.145397	Sure	EXPERT_VERIFIED	The Atlas of Finnish Fungi
keltavahvero (fi) — Cantharellus cibarius	keltavahvero (fi)	5	2017-09-23	Joensuu	Pohjois-Karjala (PK)	Suomi	62.547246	30.060714	Sure	EXPERT_VERIFIED	The Atlas of Finnish Fungi
keltavahvero (fi) — Cantharellus cibarius	keltavahvero (fi)	12	2017-09-23	Masku	Varsinais-Suomi (V)	Suomi	60.595721	22.178432		NEUTRAL	Hatikka.fi observations
keltavahvero (fi) — Cantharellus cibarius	keltavahvero (fi)		2017-09-21	Kitee	Pohjois-Karjala (PK)	Suomi	62.096224	30.139151	Sure	EXPERT_VERIFIED	The Atlas of Finnish Fungi
keltavahvero (fi) — Cantharellus cibarius	keltavahvero (fi)		2017-09-19	Loppi	Etelä-Häme (EH)	Suomi	60.671434	24.426787	Sure	EXPERT_VERIFIED	The Atlas of Finnish Fungi
keltavahvero (fi) — Cantharellus cibarius	keltavahvero (fi)	10	2017-09-19	Turku	Varsinais-Suomi (V)	Suomi	60.486275	22.241785		NEUTRAL	Hatikka.fi observations
keltavahvero (fi) — Cantharellus cibarius	keltavahvero (fi)	10	2017-09-17	Kitee	Pohjois-Karjala (PK)	Suomi	62.140023	29.895581	Sure	NEUTRAL	The Atlas of Finnish Fungi
keltavahvero (fi) — Cantharellus cibarius	keltavahvero (fi)	5	2017-09-16	Kemijärvi	Perä-Pohjanmaa (PeP)	Suomi	66.64895	27.454352	Sure	EXPERT_VERIFIED	The Atlas of Finnish Fungi
kantarelli (kuvassa myös yksi valevahvero)			2017-09-15	Hyrynsalmi, Suomussalmi	Kainuu (Kn)	Suomi	64.766212	29.360883	Sure	EXPERT_VERIFIED	The Atlas of Finnish Fungi
keltavahvero (fi) — Cantharellus cibarius	keltavahvero (fi)	30	2017-09-14	Kitee	Pohjois-Karjala (PK)	Suomi	62.101149	30.110964	Sure	NEUTRAL	Notebook, general observations
keltavahvero (fi) — Cantharellus cibarius	keltavahvero (fi)	Vähäinen	2017-09-12	Ylöjärvi	Etelä-Häme (EH)	Suomi	61.547061	23.545932	Sure	EXPERT_VERIFIED	The Atlas of Finnish Fungi
keltavahvero (fi) — Cantharellus cibarius	keltavahvero (fi)		2017-09-11	Raisio	Varsinais-Suomi (V)	Suomi	60.473808	22.104985	Sure	EXPERT_VERIFIED	The Atlas of Finnish Fungi
keltavahvero (fi) — Cantharellus cibarius	keltavahvero (fi)		2017-09-11	Hyvinkää	Uusimaa (U)	Suomi	60.545303	24.647091		NEUTRAL	LajiGIS: Species mapping and surveys
keltavahvero (fi) — Cantharellus cibarius	keltavahvero (fi)		2017-09-10 [10:00-14:00]	Uusikaupunki	Varsinais-Suomi (V)	Suomi	60.835206	21.26273		NEUTRAL	Hatikka.fi observations
keltavahvero (fi) — Cantharellus cibarius	keltavahvero (fi)	2	2017-09-10	Turku	Varsinais-Suomi (V)	Suomi	60.427659	22.204968	Sure	NEUTRAL	Hatikka.fi observations
keltavahvero (fi) — Cantharellus cibarius	keltavahvero (fi)	paljon	2017-09-10	Kangasniemi	Etelä-Savo (ES)	Suomi	62.178093	26.411913	Sure	EXPERT_VERIFIED	The Atlas of Finnish Fungi
keltavahvero (fi) — Cantharellus cibarius	keltavahvero (fi)	10	2017-09-10	Hyvinkää, Nurmijärvi	Uusimaa (U)	Suomi	60.563483	24.740057	Sure	NEUTRAL	The Atlas of Finnish Fungi
keltavahvero (fi) — Cantharellus cibarius	keltavahvero (fi)		2017-09-08	Kitee	Pohjois-Karjala (PK)	Suomi	62.10916	30.27209	Sure	EXPERT_VERIFIED	The Atlas of Finnish Fungi
keltavahvero (fi) — Cantharellus cibarius	keltavahvero (fi)	2	2017-09-07	Hattula, Hämeenlinna	Etelä-Häme (EH)	Suomi	60.96393	24.134813	Sure	NEUTRAL	The Atlas of Finnish Fungi
keltavahvero (fi) — Cantharellus cibarius	keltavahvero (fi)		2017-09-06	Pöytyä	Varsinais-Suomi (V)	Suomi	60.771255	22.757853	Sure	NEUTRAL	The Atlas of Finnish Fungi
keltavahvero (fi) — Cantharellus cibarius	keltavahvero (fi)	30	2017-09-03	Raahe	Keski-Pohjanmaa (KP)	Suomi	64.55	24.383	Sure	EXPERT_VERIFIED	The Atlas of Finnish Fungi
keltavahvero (fi) — Cantharellus cibarius	keltavahvero (fi)		2017-09-02	Kokemäki, Sastamala	Satakunta (St)	Suomi	61.371899	22.599805	Sure	NEUTRAL	The Atlas of Finnish Fungi
keltavahvero (fi) — Cantharellus cibarius	keltavahvero (fi)		2017-09-02	Kokemäki, Sastamala	Satakunta (St)	Suomi	61.371899	22.599805	Sure	NEUTRAL	The Atlas of Finnish Fungi
keltavahvero (fi) — Cantharellus cibarius	keltavahvero (fi)		2017-09-02	Tampere	Etelä-Häme (EH)	Suomi	61.574884	23.877149	Sure	NEUTRAL	Notebook, general observations
keltavahvero (fi) — Cantharellus cibarius	keltavahvero (fi)		2017-08-28	Paltamo	Kainuu (Kn)	Suomi	64.449897	27.558793	Sure	EXPERT_VERIFIED	The Atlas of Finnish Fungi
keltavahvero (fi) — Cantharellus cibarius	keltavahvero (fi)		2017-08-28	Oulu	Oulun Pohjanmaa (OP)	Suomi	64.979322	25.58736	Sure	EXPERT_VERIFIED	The Atlas of Finnish Fungi
keltavahvero (fi) — Cantharellus cibarius	keltavahvero (fi)		2017-08-28	Oulu	Oulun Pohjanmaa (OP)	Suomi	64.979603	25.589205	Sure	EXPERT_VERIFIED	The Atlas of Finnish Fungi
keltavahvero (fi) — Cantharellus cibarius	keltavahvero (fi)		2017-08-28	Paltamo	Kainuu (Kn)	Suomi	64.449897	27.558793	Sure	EXPERT_VERIFIED	The Atlas of Finnish Fungi
keltavahvero (fi) — Cantharellus cibarius	keltavahvero (fi)		2017-08-27	Porvoo, Sipoo	Uusimaa (U)	Suomi	60.354983	25.275819	Sure	NEUTRAL	The Atlas of Finnish Fungi
keltavahvero (fi) — Cantharellus cibarius	keltavahvero (fi)		2017-08-27	Paltamo	Kainuu (Kn)	Suomi	64.390609	27.97788	Sure	EXPERT_VERIFIED	The Atlas of Finnish Fungi
keltavahvero (fi) — Cantharellus cibarius	keltavahvero (fi)		2017-08-27	Savonlinna	Etelä-Savo (ES)	Suomi	61.756423	29.278962	Sure	EXPERT_VERIFIED	The Atlas of Finnish Fungi
keltavahvero (fi) — Cantharellus cibarius	keltavahvero (fi)	kaksi kasvupaikkaa	2017-08-27 [14:00-17:30]	Loppi	Etelä-Häme (EH)	Suomi	60.736774	24.075443	Sure	EXPERT_VERIFIED	The Atlas of Finnish Fungi
keltavahvero (fi) — Cantharellus cibarius	keltavahvero (fi)		2017-08-27	Loppi	Etelä-Häme (EH)	Suomi	60.73825	24.07924		COMMUNITY_VERIFIED	iNaturalist Suomi Finland
keltavahvero (fi) — Cantharellus cibarius	keltavahvero (fi)	20	2017-08-27	Paltamo	Kainuu (Kn)	Suomi	64.383663	27.987378	Sure	NEUTRAL	The Atlas of Finnish Fungi
keltavahvero (fi) — Cantharellus cibarius	keltavahvero (fi)	useita	2017-08-26	Mynämäki	Varsinais-Suomi (V)	Suomi	60.63388	21.851583		NEUTRAL	Hatikka.fi observations
keltavahvero (fi) — Cantharellus cibarius	keltavahvero (fi)	useita	2017-08-26	Pyhäjoki	Keski-Pohjanmaa (KP)	Suomi	64.466603	24.189733	Sure	NEUTRAL	The Atlas of Finnish Fungi
keltavahvero (fi) — Cantharellus cibarius	keltavahvero (fi)		2017-08-25	Kauniainen	Uusimaa (U)	Suomi	60.212516	24.686818	Sure	NEUTRAL	The Atlas of Finnish Fungi
keltavahvero (fi) — Cantharellus cibarius	keltavahvero (fi)		2017-08-24	Vihti	Varsinais-Suomi (V)	Suomi	60.331052	24.496999	Sure	EXPERT_VERIFIED	The Atlas of Finnish Fungi
keltavahvero (fi) — Cantharellus cibarius	keltavahvero (fi)		2017-08-24	Helsinki	Uusimaa (U)	Suomi	60.213368	24.973106	Sure	NEUTRAL	The Atlas of Finnish Fungi
keltavahvero (fi) — Cantharellus cibarius	keltavahvero (fi)		2017-08-22	Raasepori	Uusimaa (U)	Suomi	59.968923	23.436287	Sure	EXPERT_VERIFIED	The Atlas of Finnish Fungi
keltavahvero (fi) — Cantharellus cibarius	keltavahvero (fi)		2017-08-22	Eurajoki	Satakunta (St)	Suomi	61.408727	21.58538		NEUTRAL	LajiGIS: Species mapping and surveys
keltavahvero (fi) — Cantharellus cibarius	keltavahvero (fi)		2017-08-21	Rovaniemi	Perä-Pohjanmaa (PeP)	Suomi	66.501479	25.760519	Sure	EXPERT_VERIFIED	The Atlas of Finnish Fungi
keltavahvero (fi) — Cantharellus cibarius	keltavahvero (fi)		2017-08-20	Inkoo	Uusimaa (U)	Suomi	60.04588	24.00458		COMMUNITY_VERIFIED	iNaturalist Suomi Finland
keltavahvero (fi) — Cantharellus cibarius	keltavahvero (fi)		2017-08-19	Sysmä	Etelä-Häme (EH)	Suomi	61.636448	25.641213	Sure	NEUTRAL	The Atlas of Finnish Fungi
keltavahvero (fi) — Cantharellus cibarius	keltavahvero (fi)		2017-08-19	Kouvola	Etelä-Häme (EH)	Suomi	61.1989	26.41416		COMMUNITY_VERIFIED	iNaturalist Suomi Finland
keltavahvero (fi) — Cantharellus cibarius	keltavahvero (fi)		2017-08-19	Ylöjärvi	Satakunta (St)	Suomi	61.723	23.243		NEUTRAL	Aphyllophorales Fennoscandiae orientalis
keltavahvero (fi) — Cantharellus cibarius	keltavahvero (fi)		2017-08-18	Heinävesi	Pohjois-Savo (PS)	Suomi	62.406726	28.772657	Sure	EXPERT_VERIFIED	The Atlas of Finnish Fungi
keltavahvero (fi) — Cantharellus cibarius	keltavahvero (fi)	27	2017-08-13	Eurajoki	Satakunta (St)	Suomi	61.181499	21.846639	Sure	NEUTRAL	Notebook, general observations
keltavahvero (fi) — Cantharellus cibarius	keltavahvero (fi)	Melko yleinen havaintoalueella	2017-08-13	Espoo, Kirkkonummi, Vihti	Varsinais-Suomi (V)	Suomi	60.286824	24.502933	Sure	NEUTRAL	The Atlas of Finnish Fungi
keltavahvero (fi) — Cantharellus cibarius	keltavahvero (fi)	5	2017-08-13	Oulu	Oulun Pohjanmaa (OP)	Suomi	65.174441	25.615399	Sure	NEUTRAL	The Atlas of Finnish Fungi
keltavahvero (fi) — Cantharellus cibarius	keltavahvero (fi)	10	2017-08-13	Sodankylä	Sompion Lappi (SoL)	Suomi	68.333393	27.492814	Sure	NEUTRAL	The Atlas of Finnish Fungi
keltavahvero (fi) — Cantharellus cibarius	keltavahvero (fi)		2017-08-11	Vantaa	Uusimaa (U)	Suomi	60.288318	25.157498	Sure	EXPERT_VERIFIED	The Atlas of Finnish Fungi
keltavahvero (fi) — Cantharellus cibarius	keltavahvero (fi)		2017-08-11	Sipoo	Uusimaa (U)	Suomi	60.344719	25.213377	Sure	EXPERT_VERIFIED	The Atlas of Finnish Fungi
keltavahvero (fi) — Cantharellus cibarius	keltavahvero (fi)		2017-08-09	Helsinki	Uusimaa (U)	Suomi	60.184531	24.930515	Sure	NEUTRAL	The Atlas of Finnish Fungi
keltavahvero (fi) — Cantharellus cibarius	keltavahvero (fi)		2017-08-08	Loimaa	Satakunta (St)	Suomi	60.870197	23.090774	Sure	EXPERT_VERIFIED	The Atlas of Finnish Fungi
keltavahvero (fi) — Cantharellus cibarius	keltavahvero (fi)		2017-08-08	Kontiolahti	Pohjois-Karjala (PK)	Suomi	62.929099	29.704142	Sure	NEUTRAL	The Atlas of Finnish Fungi
keltavahvero (fi) — Cantharellus cibarius	keltavahvero (fi)		2017-08-05	Imatra	Etelä-Savo (ES)	Suomi	61.194209	28.794957	Sure	EXPERT_VERIFIED	The Atlas of Finnish Fungi
keltavahvero (fi) — Cantharellus cibarius	keltavahvero (fi)		2017-08-05	Kokkola	Keski-Pohjanmaa (KP)	Suomi	63.852437	23.13669	Sure	NEUTRAL	The Atlas of Finnish Fungi
keltavahvero (fi) — Cantharellus cibarius	keltavahvero (fi)		2017-08-05 - 2017-08-20	Pälkäne	Etelä-Häme (EH)	Suomi	61.400064	24.440584	Sure	NEUTRAL	The Atlas of Finnish Fungi
keltavahvero (fi) — Cantharellus cibarius	keltavahvero (fi)		2017-08-04	Espoo	Uusimaa (U)	Suomi	60.305315	24.515661	Sure	EXPERT_VERIFIED	The Atlas of Finnish Fungi
keltavahvero (fi) — Cantharellus cibarius	keltavahvero (fi)		2017-08-03	Helsinki	Uusimaa (U)	Suomi	60.196485	24.921283	Sure	EXPERT_VERIFIED	The Atlas of Finnish Fungi
keltavahvero (fi) — Cantharellus cibarius	keltavahvero (fi)		2017-07-29	Helsinki	Uusimaa (U)	Suomi	60.213538	24.974784	Sure	EXPERT_VERIFIED	The Atlas of Finnish Fungi
keltavahvero (fi) — Cantharellus cibarius	keltavahvero (fi)		2017-07-28	Kustavi	Varsinais-Suomi (V)	Suomi	60.505005	21.219543	Sure	EXPERT_VERIFIED	The Atlas of Finnish Fungi
keltavahvero (fi) — Cantharellus cibarius	keltavahvero (fi)		2017-07-25 - 2017-07-28	Tuusula	Uusimaa (U)	Suomi	60.447298	24.980232	Sure	EXPERT_VERIFIED	The Atlas of Finnish Fungi
keltavahvero (fi) — Cantharellus cibarius	keltavahvero (fi)		2017-07-25	Kokkola	Keski-Pohjanmaa (KP)	Suomi	63.806471	22.940886	Sure	NEUTRAL	The Atlas of Finnish Fungi
keltavahvero (fi) — Cantharellus cibarius	keltavahvero (fi)		2017-07-18	Espoo	Uusimaa (U)	Suomi	60.2262	24.70202		COMMUNITY_VERIFIED	iNaturalist Suomi Finland
keltavahvero (fi) — Cantharellus cibarius	keltavahvero (fi)		2017-07-18	Espoo	Uusimaa (U)	Suomi	60.22626	24.70212		COMMUNITY_VERIFIED	iNaturalist Suomi Finland
keltavahvero (fi) — Cantharellus cibarius	keltavahvero (fi)		2017-07-13	Kuhmoinen	Etelä-Häme (EH)	Suomi	61.690914	25.024058	Sure	NEUTRAL	The Atlas of Finnish Fungi
keltavahvero (fi) — Cantharellus cibarius	keltavahvero (fi)		2017-07-13	Helsinki	Uusimaa (U)	Suomi	60.171649	24.908395	Sure	EXPERT_VERIFIED	The Atlas of Finnish Fungi
keltavahvero (fi) — Cantharellus cibarius	keltavahvero (fi)		2017-07-05	Kustavi	Varsinais-Suomi (V)	Suomi	60.506758	21.218053	Sure	EXPERT_VERIFIED	The Atlas of Finnish Fungi
Cantharellus cibarius Fr.		n100 pientä	2017-07-05 [16:50-22:10]	Somero	Etelä-Häme (EH)	Suomi	60.672319	23.608171	Sure	NEUTRAL	Hatikka.fi observations
keltavahvero (fi) — Cantharellus cibarius	keltavahvero (fi)		2017-07-01 - 2018-11-01	Raasepori	Varsinais-Suomi (V)	Suomi	60.06654	23.821774	Sure	NEUTRAL	Notebook, general observations
keltavahvero (fi) — Cantharellus cibarius	keltavahvero (fi)		2017-02-16 - 2017-08-14	Närpiö	Etelä-Pohjanmaa (EP)	Suomi	62.436793	21.196452	Sure	NEUTRAL	The Atlas of Finnish Fungi
keltavahvero (fi) — Cantharellus cibarius	keltavahvero (fi)		2016-09-24	Hattula	Etelä-Häme (EH)	Suomi	61.055445	24.475022	Sure	EXPERT_VERIFIED	Notebook, general observations
keltavahvero (fi) — Cantharellus cibarius	keltavahvero (fi)	5	2016-09-24	Pudasjärvi	Oulun Pohjanmaa (OP)	Suomi	65.680961	27.529209		NEUTRAL	Hatikka.fi observations
keltavahvero (fi) — Cantharellus cibarius	keltavahvero (fi)		2016-09-22	Espoo	Uusimaa (U)	Suomi	60.254716	24.606991	Sure	NEUTRAL	Notebook, general observations
keltavahvero (fi) — Cantharellus cibarius	keltavahvero (fi)		2016-09-20	Haapavesi, Oulainen	Keski-Pohjanmaa (KP)	Suomi	64.253503	25.044145	Sure	EXPERT_VERIFIED	The Atlas of Finnish Fungi
Cantharellus cibarius var. alba			2016-09-17	Hämeenlinna	Etelä-Häme (EH)	Suomi	60.996645	24.40895		NEUTRAL	TUR Fungus collections of the University of Turku
keltavahvero (fi) — Cantharellus cibarius	keltavahvero (fi)		2016-09-14	Lappeenranta	Etelä-Karjala (EK)	Suomi	60.7597	27.982861		NEUTRAL	TUR-A Fungus collections of the the Åbo Akademi
keltavahvero (fi) — Cantharellus cibarius	keltavahvero (fi)		2016-09-13	Virolahti	Etelä-Karjala (EK)	Suomi	60.508438	27.687652		NEUTRAL	TUR-A Fungus collections of the the Åbo Akademi
keltavahvero (fi) — Cantharellus cibarius	keltavahvero (fi)	2	2016-09-13	Kontiolahti	Pohjois-Karjala (PK)	Suomi	62.60803	30.028107	Sure	NEUTRAL	The Atlas of Finnish Fungi
keltavahvero (fi) — Cantharellus cibarius	keltavahvero (fi)		2016-09-08	Kajaani	Kainuu (Kn)	Suomi	64.08214	27.687313	Sure	EXPERT_VERIFIED	The Atlas of Finnish Fungi
keltavahvero (fi) — Cantharellus cibarius	keltavahvero (fi)		2016-09-04	Kontiolahti	Pohjois-Karjala (PK)	Suomi	62.69194	29.6375		COMMUNITY_VERIFIED	iNaturalist Suomi Finland
keltavahvero (fi) — Cantharellus cibarius	keltavahvero (fi)	muutama litra	2016-09-03	Lestijärvi	Keski-Pohjanmaa (KP)	Suomi	63.505959	24.72242		EXPERT_VERIFIED	Löydös Open Finnish Observation Database
keltavahvero (fi) — Cantharellus cibarius	keltavahvero (fi)	2	2016-09-03	Espoo	Uusimaa (U)	Suomi	60.22259	24.79278		NEUTRAL	Hatikka.fi observations
keltavahvero (fi) — Cantharellus cibarius	keltavahvero (fi)	2	2016-08-24 - 2016-08-30	Kuopio	Pohjois-Savo (PS)	Suomi	62.882924	27.68977	Sure	NEUTRAL	The Atlas of Finnish Fungi
keltavahvero (fi) — Cantharellus cibarius	keltavahvero (fi)	10	2016-08-21	Kuopio	Pohjois-Savo (PS)	Suomi	62.925388	27.661273	Sure	NEUTRAL	The Atlas of Finnish Fungi
keltavahvero (fi) — Cantharellus cibarius	keltavahvero (fi)		2016-08-21	Turku	Varsinais-Suomi (V)	Suomi	60.441875	22.198203	Sure	EXPERT_VERIFIED	The Atlas of Finnish Fungi
keltavahvero (fi) — Cantharellus cibarius	keltavahvero (fi)	8	2016-08-19	Sipoo	Uusimaa (U)	Suomi	60.387483	25.270958		EXPERT_VERIFIED	Löydös Open Finnish Observation Database
keltavahvero (fi) — Cantharellus cibarius	keltavahvero (fi)		2016-08-19	Rovaniemi	Perä-Pohjanmaa (PeP)	Suomi	66.305156	25.113212		NEUTRAL	LajiGIS: Species mapping and surveys
keltavahvero (fi) — Cantharellus cibarius	keltavahvero (fi)	n10	2016-08-10 [17:39-19:25]	Somero	Etelä-Häme (EH)	Suomi	60.664482	23.603779	Sure	NEUTRAL	Hatikka.fi observations
keltavahvero (fi) — Cantharellus cibarius	keltavahvero (fi)		2016-08-04	Lieksa	Pohjois-Karjala (PK)	Suomi	63.145867	30.607095	Sure	NEUTRAL	The Atlas of Finnish Fungi
keltavahvero (fi) — Cantharellus cibarius	keltavahvero (fi)		2016-08-04	Lieksa	Pohjois-Karjala (PK)	Suomi	63.162883	30.589626	Sure	NEUTRAL	The Atlas of Finnish Fungi
keltavahvero (fi) — Cantharellus cibarius	keltavahvero (fi)		2016-08-03	Rovaniemi	Perä-Pohjanmaa (PeP)	Suomi	66.368893	25.377021	Sure	EXPERT_VERIFIED	The Atlas of Finnish Fungi
keltavahvero (fi) — Cantharellus cibarius	keltavahvero (fi)		2016-07-29	Vesilahti	Etelä-Häme (EH)	Suomi	61.304626	23.476745	Sure	EXPERT_VERIFIED	The Atlas of Finnish Fungi
keltavahvero (fi) — Cantharellus cibarius	keltavahvero (fi)		2016-07-29	Kontiolahti	Pohjois-Karjala (PK)	Suomi	62.704557	29.795991	Sure	NEUTRAL	The Atlas of Finnish Fungi
keltavahvero (fi) — Cantharellus cibarius	keltavahvero (fi)	11	2016-07-27	Kontiolahti	Pohjois-Karjala (PK)	Suomi	62.695312	29.7405	Sure	NEUTRAL	The Atlas of Finnish Fungi
keltavahvero (fi) — Cantharellus cibarius	keltavahvero (fi)	5	2016-07-27	Kontiolahti	Pohjois-Karjala (PK)	Suomi	62.683126	29.705244	Sure	NEUTRAL	The Atlas of Finnish Fungi
keltavahvero (fi) — Cantharellus cibarius	keltavahvero (fi)		2016-07-23	Kitee	Pohjois-Karjala (PK)	Suomi	61.905007	29.807972	Sure	EXPERT_VERIFIED	The Atlas of Finnish Fungi
keltavahvero (fi) — Cantharellus cibarius	keltavahvero (fi)		2016-07-20	Kontiolahti	Pohjois-Karjala (PK)	Suomi	62.60803	30.028107	Sure	NEUTRAL	The Atlas of Finnish Fungi
keltavahvero (fi) — Cantharellus cibarius	keltavahvero (fi)	4	2016-07-14 [17:11]	Somero	Etelä-Häme (EH)	Suomi	60.663515	23.613106		EXPERT_VERIFIED	Hatikka.fi observations
keltavahvero (fi) — Cantharellus cibarius	keltavahvero (fi)	20	2016-07-10	Heinola	Etelä-Häme (EH)	Suomi	61.310227	25.934601		NEUTRAL	Löydös Open Finnish Observation Database
keltavahvero (fi) — Cantharellus cibarius	keltavahvero (fi)	11	2016-07-08	Turku	Varsinais-Suomi (V)	Suomi	60.486676	22.227229		NEUTRAL	Hatikka.fi observations
keltavahvero (fi) — Cantharellus cibarius	keltavahvero (fi)	11	2016-07-06	Turku	Varsinais-Suomi (V)	Suomi	60.484578	22.239946		NEUTRAL	Hatikka.fi observations
keltavahvero (fi) — Cantharellus cibarius	keltavahvero (fi)		2016-07-03	Espoo	Uusimaa (U)	Suomi	60.2678	24.648919	Sure	NEUTRAL	The Atlas of Finnish Fungi
keltavahvero (fi) — Cantharellus cibarius	keltavahvero (fi)	+	2016-07-02 [15:25-20:10]	Rautjärvi	Etelä-Savo (ES)	Suomi	61.234593	29.054487		NEUTRAL	Hatikka.fi observations
keltavahvero (fi) — Cantharellus cibarius	keltavahvero (fi)	n50	2016-06-25 [5:41] - 2016-06-26 [13:43]	Tammela	Etelä-Häme (EH)	Suomi	60.776472	23.846145		EXPERT_VERIFIED	Hatikka.fi observations
keltavahvero (fi) — Cantharellus cibarius	keltavahvero (fi)	30	2016-06-22	Turku	Varsinais-Suomi (V)	Suomi	60.481277	22.212848		NEUTRAL	Hatikka.fi observations
keltavahvero (fi) — Cantharellus cibarius	keltavahvero (fi)	3	2015-12-01 [12:30-13:30]	Uusikaupunki	Varsinais-Suomi (V)	Suomi	60.837102	21.247405		NEUTRAL	Hatikka.fi observations
keltavahvero (fi) — Cantharellus cibarius	keltavahvero (fi)	n5	2015-09-10 [10:38-17:05]	Somero	Etelä-Häme (EH)	Suomi	60.666856	23.602119	Sure	EXPERT_VERIFIED	Hatikka.fi observations
keltavahvero (fi) — Cantharellus cibarius	keltavahvero (fi)		2015-08-09	Helsinki	Uusimaa (U)	Suomi	60.234062	25.129861	Sure	EXPERT_VERIFIED	The Atlas of Finnish Fungi
keltavahvero (fi) — Cantharellus cibarius	keltavahvero (fi)		2015-08-09	Helsinki	Uusimaa (U)	Suomi	60.276704	25.219963	Sure	EXPERT_VERIFIED	The Atlas of Finnish Fungi
keltavahvero (fi) — Cantharellus cibarius	keltavahvero (fi)	n10	2015-08-09	Heinola	Etelä-Häme (EH)	Suomi	61.310527	25.935291		NEUTRAL	Hatikka.fi observations
keltavahvero (fi) — Cantharellus cibarius	keltavahvero (fi)	40	2015-08-01	Turku	Varsinais-Suomi (V)	Suomi	60.484691	22.227242		NEUTRAL	Hatikka.fi observations
keltavahvero (fi) — Cantharellus cibarius	keltavahvero (fi)	8	2015-07-28	Nousiainen	Varsinais-Suomi (V)	Suomi	60.637556	22.074261		NEUTRAL	Hatikka.fi observations
keltavahvero (fi) — Cantharellus cibarius	keltavahvero (fi)	100	2015-07-28	Mynämäki	Varsinais-Suomi (V)	Suomi	60.671607	22.011221		NEUTRAL	Hatikka.fi observations
keltavahvero (fi) — Cantharellus cibarius	keltavahvero (fi)	40	2015-07-25	Nousiainen	Varsinais-Suomi (V)	Suomi	60.654789	22.269927		NEUTRAL	Hatikka.fi observations
keltavahvero (fi) — Cantharellus cibarius	keltavahvero (fi)	14	2015-07-25	Nousiainen	Varsinais-Suomi (V)	Suomi	60.68598	22.224215		NEUTRAL	Hatikka.fi observations
keltavahvero (fi) — Cantharellus cibarius	keltavahvero (fi)	15	2015-07-25	Nousiainen	Varsinais-Suomi (V)	Suomi	60.704283	22.265971		NEUTRAL	Hatikka.fi observations
keltavahvero (fi) — Cantharellus cibarius	keltavahvero (fi)	53	2015-07-25	Nousiainen	Varsinais-Suomi (V)	Suomi	60.634704	22.232258		NEUTRAL	Hatikka.fi observations
keltavahvero (fi) — Cantharellus cibarius	keltavahvero (fi)		2015-07-24	Helsinki	Uusimaa (U)	Suomi	60.171795	24.908782	Sure	EXPERT_VERIFIED	The Atlas of Finnish Fungi
keltavahvero (fi) — Cantharellus cibarius	keltavahvero (fi)	n30	2015-07-22 [15:41-18:43]	Somero	Etelä-Häme (EH)	Suomi	60.665935	23.608641	Sure	NEUTRAL	Hatikka.fi observations
keltavahvero (fi) — Cantharellus cibarius	keltavahvero (fi)	muutama	2015-07-22	Kuopio	Pohjois-Savo (PS)	Suomi	62.846248	27.68907	Sure	NEUTRAL	The Atlas of Finnish Fungi
keltavahvero (fi) — Cantharellus cibarius	keltavahvero (fi)	muutama	2015-07-21	Kuopio	Pohjois-Savo (PS)	Suomi	62.846908	27.689442	Sure	NEUTRAL	The Atlas of Finnish Fungi
keltavahvero (fi) — Cantharellus cibarius	keltavahvero (fi)	90	2015-07-19	Turku	Varsinais-Suomi (V)	Suomi	60.482439	22.220087		NEUTRAL	Hatikka.fi observations
keltavahvero (fi) — Cantharellus cibarius	keltavahvero (fi)		2015-07-19 [15:40-16:15]	Ruokolahti	Etelä-Savo (ES)	Suomi	61.322011	28.555956		NEUTRAL	Hatikka.fi observations
keltavahvero (fi) — Cantharellus cibarius	keltavahvero (fi)	muutama	2015-07-15	Kuopio	Pohjois-Savo (PS)	Suomi	62.846058	27.687235	Sure	NEUTRAL	The Atlas of Finnish Fungi
keltavahvero (fi) — Cantharellus cibarius	keltavahvero (fi)	10	2015-07-10	Sastamala	Satakunta (St)	Suomi	61.413931	22.630613		NEUTRAL	Hatikka.fi observations
keltavahvero (fi) — Cantharellus cibarius	keltavahvero (fi)	8	2015-07-06	Rusko	Varsinais-Suomi (V)	Suomi	60.652042	22.309047		NEUTRAL	Hatikka.fi observations
keltavahvero (fi) — Cantharellus cibarius	keltavahvero (fi)	65	2015-07-05	Turku	Varsinais-Suomi (V)	Suomi	60.481282	22.212289		NEUTRAL	Hatikka.fi observations
keltavahvero (fi) — Cantharellus cibarius	keltavahvero (fi)	n40	2015-07-03 [19:31-20:56]	Somero	Etelä-Häme (EH)	Suomi	60.667555	23.599225		EXPERT_VERIFIED	Hatikka.fi observations
keltavahvero (fi) — Cantharellus cibarius	keltavahvero (fi)	50	2015-06-21	Turku	Varsinais-Suomi (V)	Suomi	60.50736	22.271969		NEUTRAL	Hatikka.fi observations
