Species	Vernacular name	Number	Time	Municipality	Biogeographical Province	Country	WGS84 N	WGS84 E	The stated certainty of the observation	Observation Reliability	Collection
korvasieni (fi) — Gyromitra esculenta	korvasieni (fi)		2026-07-12	Vaasa	Etelä-Pohjanmaa (EP)	Suomi	63.07409	21.66107		NEUTRAL	iNaturalist Suomi Finland
korvasieni (fi) — Gyromitra esculenta	korvasieni (fi)		2026-06-23	Kuusamo	Koillismaa (Ks)	Suomi	66.27434	28.64752		NEUTRAL	iNaturalist Suomi Finland
korvasieni (fi) — Gyromitra esculenta	korvasieni (fi)		2026-06-22	Lapinlahti	Pohjois-Savo (PS)	Suomi	63.33919	27.34377		NEUTRAL	iNaturalist Suomi Finland
korvasieni (fi) — Gyromitra esculenta	korvasieni (fi)		2026-06-22	Vieremä	Pohjois-Savo (PS)	Suomi	63.80112	27.14607		NEUTRAL	iNaturalist Suomi Finland
korvasieni (fi) — Gyromitra esculenta	korvasieni (fi)		2026-06-19	Posio	Koillismaa (Ks)	Suomi	66.15262	27.54407		COMMUNITY_VERIFIED	iNaturalist Suomi Finland
korvasieni (fi) — Gyromitra esculenta	korvasieni (fi)		2026-06-17	Muonio	Kittilän Lappi (KiL)	Suomi	68.02472	24.12353		NEUTRAL	iNaturalist Suomi Finland
korvasieni (fi) — Gyromitra esculenta	korvasieni (fi)		2026-06-11	Inari	Inarin Lappi (InL)	Suomi	68.39762	27.50185		NEUTRAL	iNaturalist Suomi Finland
korvasieni (fi) — Gyromitra esculenta	korvasieni (fi)	2	2026-06-08	Enontekiö	Enontekiön Lappi (EnL)	Suomi	68.368193	23.687815	Sure	NEUTRAL	The Atlas of Finnish Fungi
korvasieni (fi) — Gyromitra esculenta	korvasieni (fi)	1	2026-06-07	Rovaniemi	Perä-Pohjanmaa (PeP)	Suomi	66.493222	25.803637	Sure	NEUTRAL	The Atlas of Finnish Fungi
korvasieni (fi) — Gyromitra esculenta	korvasieni (fi)		2026-06-07	Rautavaara	Pohjois-Karjala (PK)	Suomi	63.62793	28.46809		COMMUNITY_VERIFIED	iNaturalist Suomi Finland
korvasieni (fi) — Gyromitra esculenta	korvasieni (fi)		2026-06-07	Kuusamo	Koillismaa (Ks)	Suomi	66.37972	29.30202		COMMUNITY_VERIFIED	iNaturalist Suomi Finland
korvasieni (fi) — Gyromitra esculenta	korvasieni (fi)		2026-06-06	Rautavaara	Pohjois-Karjala (PK)	Suomi	63.57902	28.59046		NEUTRAL	iNaturalist Suomi Finland
korvasieni (fi) — Gyromitra esculenta	korvasieni (fi)		2026-06-05	Inari	Inarin Lappi (InL)	Suomi	68.35763	27.29888		COMMUNITY_VERIFIED	iNaturalist Suomi Finland
korvasieni (fi) — Gyromitra esculenta	korvasieni (fi)		2026-06-04	Kuusamo	Koillismaa (Ks)	Suomi	66.22004	29.30422		NEUTRAL	iNaturalist Suomi Finland
korvasieni (fi) — Gyromitra esculenta	korvasieni (fi)		2026-06-04	Sotkamo	Kainuu (Kn)	Suomi	64.06278	27.94199		COMMUNITY_VERIFIED	iNaturalist Suomi Finland
korvasieni (fi) — Gyromitra esculenta	korvasieni (fi)		2026-06-02	Joensuu, Kontiolahti, Tohmajärvi	Pohjois-Karjala (PK)	Suomi	62.5	30.1		COMMUNITY_VERIFIED	iNaturalist Suomi Finland
korvasieni (fi) — Gyromitra esculenta	korvasieni (fi)		2026-06-01	Muonio	Kittilän Lappi (KiL)	Suomi	68.024	23.51894		NEUTRAL	iNaturalist Suomi Finland
korvasieni (fi) — Gyromitra esculenta	korvasieni (fi)		2026-05-31	Rovaniemi	Perä-Pohjanmaa (PeP)	Suomi	66.79964	25.28594		COMMUNITY_VERIFIED	iNaturalist Suomi Finland
korvasieni (fi) — Gyromitra esculenta	korvasieni (fi)		2026-05-31	Sotkamo	Kainuu (Kn)	Suomi	64.1974	28.21724		COMMUNITY_VERIFIED	iNaturalist Suomi Finland
korvasieni (fi) — Gyromitra esculenta	korvasieni (fi)		2026-05-30	Liperi	Pohjois-Karjala (PK)	Suomi	62.65175	29.326		NEUTRAL	iNaturalist Suomi Finland
korvasieni (fi) — Gyromitra esculenta	korvasieni (fi)		2026-05-30	Iisalmi	Pohjois-Savo (PS)	Suomi	63.65196	27.18767		NEUTRAL	iNaturalist Suomi Finland
korvasieni (fi) — Gyromitra esculenta	korvasieni (fi)		2026-05-30	Iisalmi	Pohjois-Savo (PS)	Suomi	63.65156	27.18682		NEUTRAL	iNaturalist Suomi Finland
korvasieni (fi) — Gyromitra esculenta	korvasieni (fi)		2026-05-28	Lieksa	Pohjois-Karjala (PK)	Suomi	63.32596	30.22874		COMMUNITY_VERIFIED	iNaturalist Suomi Finland
korvasieni (fi) — Gyromitra esculenta	korvasieni (fi)		2026-05-28	Lieksa	Pohjois-Karjala (PK)	Suomi	63.32596	30.22874		NEUTRAL	iNaturalist Suomi Finland
korvasieni (fi) — Gyromitra esculenta	korvasieni (fi)		2026-05-28	Salla	Koillismaa (Ks)	Suomi	66.73879	28.81826		COMMUNITY_VERIFIED	iNaturalist Suomi Finland
korvasieni (fi) — Gyromitra esculenta	korvasieni (fi)		2026-05-27	Viitasaari	Pohjois-Häme (PH)	Suomi	62.9648	25.71646		COMMUNITY_VERIFIED	iNaturalist Suomi Finland
korvasieni (fi) — Gyromitra esculenta	korvasieni (fi)		2026-05-27	Ikaalinen	Satakunta (St)	Suomi	61.87459	23.44375		COMMUNITY_VERIFIED	iNaturalist Suomi Finland
korvasieni (fi) — Gyromitra esculenta	korvasieni (fi)		2026-05-25	Iisalmi	Pohjois-Savo (PS)	Suomi	63.65138	27.19374		COMMUNITY_VERIFIED	iNaturalist Suomi Finland
korvasieni (fi) — Gyromitra esculenta	korvasieni (fi)		2026-05-24	Lahti	Uusimaa (U)	Suomi	60.929656	25.711189	Sure	NEUTRAL	The Atlas of Finnish Fungi
korvasieni (fi) — Gyromitra esculenta	korvasieni (fi)		2026-05-24	Hollola	Etelä-Häme (EH)	Suomi	60.98818	25.4944		COMMUNITY_VERIFIED	iNaturalist Suomi Finland
korvasieni (fi) — Gyromitra esculenta	korvasieni (fi)		2026-05-24	Espoo	Uusimaa (U)	Suomi	60.28146	24.72588		NEUTRAL	iNaturalist Suomi Finland
korvasieni (fi) — Gyromitra esculenta	korvasieni (fi)		2026-05-23	Pelkosenniemi	Sompion Lappi (SoL)	Suomi	67.01291	27.232		COMMUNITY_VERIFIED	iNaturalist Suomi Finland
korvasieni (fi) — Gyromitra esculenta	korvasieni (fi)	1	2026-05-20 [10:36]	Kuopio	Pohjois-Savo (PS)	Suomi	63.01457	27.179334	Sure	NEUTRAL	Notebook, general observations
korvasieni (fi) — Gyromitra esculenta	korvasieni (fi)		2026-05-20	Joroinen	Pohjois-Savo (PS)	Suomi	62.01647	27.7253		COMMUNITY_VERIFIED	iNaturalist Suomi Finland
korvasieni (fi) — Gyromitra esculenta	korvasieni (fi)		2026-05-20	Jyväskylä	Pohjois-Häme (PH)	Suomi	62.27001	25.82919		NEUTRAL	iNaturalist Suomi Finland
korvasieni (fi) — Gyromitra esculenta	korvasieni (fi)		2026-05-19	Lappeenranta	Etelä-Savo (ES)	Suomi	61.09197	28.15869		COMMUNITY_VERIFIED	iNaturalist Suomi Finland
korvasieni (fi) — Gyromitra esculenta	korvasieni (fi)		2026-05-18	Kustavi, Masku, Mynämäki, Naantali, Parainen, Taivassalo, Vehmaa	Varsinais-Suomi (V)	Suomi	60.46475	21.70818		COMMUNITY_VERIFIED	iNaturalist Suomi Finland
korvasieni (fi) — Gyromitra esculenta	korvasieni (fi)		2026-05-17	Vihti	Varsinais-Suomi (V)	Suomi	60.30997	24.49738		COMMUNITY_VERIFIED	iNaturalist Suomi Finland
korvasieni (fi) — Gyromitra esculenta	korvasieni (fi)		2026-05-17	Lapinlahti	Pohjois-Savo (PS)	Suomi	63.4933	27.7147		NEUTRAL	iNaturalist Suomi Finland
korvasieni (fi) — Gyromitra esculenta	korvasieni (fi)		2026-05-17	Salo	Varsinais-Suomi (V)	Suomi	60.19281	23.38683		COMMUNITY_VERIFIED	iNaturalist Suomi Finland
korvasieni (fi) — Gyromitra esculenta	korvasieni (fi)		2026-05-17	Salo	Varsinais-Suomi (V)	Suomi	60.19038	23.39342		NEUTRAL	iNaturalist Suomi Finland
korvasieni (fi) — Gyromitra esculenta	korvasieni (fi)		2026-05-17	Salo	Varsinais-Suomi (V)	Suomi	60.19158	23.38011		NEUTRAL	iNaturalist Suomi Finland
korvasieni (fi) — Gyromitra esculenta	korvasieni (fi)		2026-05-16	Sipoo	Uusimaa (U)	Suomi	60.3051	25.20866		COMMUNITY_VERIFIED	iNaturalist Suomi Finland
korvasieni (fi) — Gyromitra esculenta	korvasieni (fi)		2026-05-16	Ilomantsi	Pohjois-Karjala (PK)	Suomi	62.58624	31.15877		COMMUNITY_VERIFIED	iNaturalist Suomi Finland
korvasieni (fi) — Gyromitra esculenta	korvasieni (fi)		2026-05-16	Jyväskylä	Pohjois-Häme (PH)	Suomi	62.26216	25.68639		NEUTRAL	iNaturalist Suomi Finland
korvasieni (fi) — Gyromitra esculenta	korvasieni (fi)		2026-05-16	Sipoo	Uusimaa (U)	Suomi	60.33913	25.1961		NEUTRAL	iNaturalist Suomi Finland
korvasieni (fi) — Gyromitra esculenta	korvasieni (fi)		2026-05-15	Kuhmoinen	Etelä-Häme (EH)	Suomi	61.66817	25.11199		COMMUNITY_VERIFIED	iNaturalist Suomi Finland
korvasieni (fi) — Gyromitra esculenta	korvasieni (fi)	1	2026-05-14 [18:31-21:34]	Turku	Varsinais-Suomi (V)	Suomi	60.467835	22.331531	Sure	NEUTRAL	The Atlas of Finnish Fungi
korvasieni (fi) — Gyromitra esculenta	korvasieni (fi)		2026-05-12	Lappeenranta	Etelä-Savo (ES)	Suomi	61.18699	28.70565		COMMUNITY_VERIFIED	iNaturalist Suomi Finland
korvasieni (fi) — Gyromitra esculenta	korvasieni (fi)		2026-05-11 - 2026-05-15	Espoo	Uusimaa (U)	Suomi	60.259538	24.60894	Sure	NEUTRAL	The Atlas of Finnish Fungi
korvasieni (fi) — Gyromitra esculenta	korvasieni (fi)		2026-05-10	Vihti	Varsinais-Suomi (V)	Suomi	60.3517	24.508		NEUTRAL	iNaturalist Suomi Finland
korvasieni (fi) — Gyromitra esculenta	korvasieni (fi)		2026-05-09	Sipoo	Uusimaa (U)	Suomi	60.349268	25.192493	Sure	NEUTRAL	The Atlas of Finnish Fungi
korvasieni (fi) — Gyromitra esculenta	korvasieni (fi)		2026-05-08	Pudasjärvi	Oulun Pohjanmaa (OP)	Suomi	65.22902	26.86275		NEUTRAL	iNaturalist Suomi Finland
korvasieni (fi) — Gyromitra esculenta	korvasieni (fi)		2026-05-06	Padasjoki	Etelä-Häme (EH)	Suomi	61.28695	25.35555		COMMUNITY_VERIFIED	iNaturalist Suomi Finland
korvasieni (fi) — Gyromitra esculenta	korvasieni (fi)		2026-05-06	Espoo	Uusimaa (U)	Suomi	60.33174	24.68273		COMMUNITY_VERIFIED	iNaturalist Suomi Finland
korvasieni (fi) — Gyromitra esculenta	korvasieni (fi)		2026-05-06	Helsinki	Uusimaa (U)	Suomi	60.20801	24.91172		COMMUNITY_VERIFIED	iNaturalist Suomi Finland
korvasieni (fi) — Gyromitra esculenta	korvasieni (fi)		2026-05-04	Hämeenlinna	Etelä-Häme (EH)	Suomi	61.2283	25.1876		COMMUNITY_VERIFIED	iNaturalist Suomi Finland
korvasieni (fi) — Gyromitra esculenta	korvasieni (fi)		2026-05-03	Kirkkonummi	Uusimaa (U)	Suomi	60.12951	24.35227		COMMUNITY_VERIFIED	iNaturalist Suomi Finland
korvasieni (fi) — Gyromitra esculenta	korvasieni (fi)		2026-05-03	Parainen	Varsinais-Suomi (V)	Suomi	59.91112	21.76368		COMMUNITY_VERIFIED	iNaturalist Suomi Finland
korvasieni (fi) — Gyromitra esculenta	korvasieni (fi)		2026-05-02	Paimio	Varsinais-Suomi (V)	Suomi	60.41737	22.68832		COMMUNITY_VERIFIED	iNaturalist Suomi Finland
korvasieni (fi) — Gyromitra esculenta	korvasieni (fi)		2026-05-02	Kuopio	Pohjois-Savo (PS)	Suomi	62.90763	27.56314		NEUTRAL	iNaturalist Suomi Finland
korvasieni (fi) — Gyromitra esculenta	korvasieni (fi)		2026-04-26	Kauniainen	Uusimaa (U)	Suomi	60.213289	24.683356	Sure	NEUTRAL	The Atlas of Finnish Fungi
korvasieni (fi) — Gyromitra esculenta	korvasieni (fi)		2026-04-25	Salo	Varsinais-Suomi (V)	Suomi	60.21129	22.93155		COMMUNITY_VERIFIED	iNaturalist Suomi Finland
korvasieni (fi) — Gyromitra esculenta	korvasieni (fi)		2026-04-12	Salo	Varsinais-Suomi (V)	Suomi	60.17691	23.27646		COMMUNITY_VERIFIED	iNaturalist Suomi Finland
korvasieni (fi) — Gyromitra esculenta	korvasieni (fi)		2026-04-12	Espoo	Uusimaa (U)	Suomi	60.33245	24.6697		COMMUNITY_VERIFIED	iNaturalist Suomi Finland
korvasieni (fi) — Gyromitra esculenta	korvasieni (fi)		2026-04-06	Vehmaa	Varsinais-Suomi (V)	Suomi	60.74542	21.75615		NEUTRAL	iNaturalist Suomi Finland
korvasieni (fi) — Gyromitra esculenta	korvasieni (fi)		2026-04-02	Imatra	Etelä-Savo (ES)	Suomi	61.19639	28.72965		NEUTRAL	iNaturalist Suomi Finland
korvasieni (fi) — Gyromitra esculenta	korvasieni (fi)		2025-11-12	Närpiö	Etelä-Pohjanmaa (EP)	Suomi	62.53992	21.12417		NEUTRAL	iNaturalist Suomi Finland
korvasieni (fi) — Gyromitra esculenta	korvasieni (fi)	1 runko	2025-09-29	Tyrnävä	Oulun Pohjanmaa (OP)	Suomi	64.774295	25.762695	Sure	NEUTRAL	The Atlas of Finnish Fungi
korvasieni (fi) — Gyromitra esculenta	korvasieni (fi)	1 runko	2025-09-25	Kuusamo	Koillismaa (Ks)	Suomi	66.307075	28.604494	Sure	NEUTRAL	The Atlas of Finnish Fungi
korvasieni (fi) — Gyromitra esculenta	korvasieni (fi)	pari	2025-08-03	Loviisa	Uusimaa (U)	Suomi	60.521648	26.040968	Sure	NEUTRAL	The Atlas of Finnish Fungi
korvasieni (fi) — Gyromitra esculenta	korvasieni (fi)		2025-06-14	Taivalkoski	Koillismaa (Ks)	Suomi	65.64678	27.9207		NEUTRAL	iNaturalist Suomi Finland
korvasieni (fi) — Gyromitra esculenta	korvasieni (fi)	15	2025-06-12	Kittilä	Kittilän Lappi (KiL)	Suomi	67.80631	24.825261	Sure	NEUTRAL	The Atlas of Finnish Fungi
korvasieni (fi) — Gyromitra esculenta	korvasieni (fi)		2025-06-11	Isojoki	Etelä-Pohjanmaa (EP)	Suomi	62.12321	21.75918		NEUTRAL	iNaturalist Suomi Finland
korvasieni (fi) — Gyromitra esculenta	korvasieni (fi)		2025-06-10	Suomussalmi	Kainuu (Kn)	Suomi	65.51036	29.3178		COMMUNITY_VERIFIED	iNaturalist Suomi Finland
korvasieni (fi) — Gyromitra esculenta	korvasieni (fi)		2025-06-10	Muonio	Kittilän Lappi (KiL)	Suomi	68.01207	24.12964		COMMUNITY_VERIFIED	iNaturalist Suomi Finland
korvasieni (fi) — Gyromitra esculenta	korvasieni (fi)		2025-06-10	Muhos	Oulun Pohjanmaa (OP)	Suomi	64.751	26.144		COMMUNITY_VERIFIED	iNaturalist Suomi Finland
korvasieni (fi) — Gyromitra esculenta	korvasieni (fi)		2025-06-09	Inari	Inarin Lappi (InL)	Suomi	68.8242	27.7873		COMMUNITY_VERIFIED	iNaturalist Suomi Finland
korvasieni (fi) — Gyromitra esculenta	korvasieni (fi)		2025-06-09	Sotkamo	Kainuu (Kn)	Suomi	63.90179	28.98528		COMMUNITY_VERIFIED	iNaturalist Suomi Finland
korvasieni (fi) — Gyromitra esculenta	korvasieni (fi)	5	2025-06-08	Pyhäjärvi	Keski-Pohjanmaa (KP)	Suomi	63.76667	26.06778	Sure	NEUTRAL	The Atlas of Finnish Fungi
korvasieni (fi) — Gyromitra esculenta	korvasieni (fi)		2025-06-08	Iisalmi	Pohjois-Savo (PS)	Suomi	63.65321	27.19396		COMMUNITY_VERIFIED	iNaturalist Suomi Finland
korvasieni (fi) — Gyromitra esculenta	korvasieni (fi)		2025-06-07	Savonlinna	Etelä-Savo (ES)	Suomi	61.87847	28.99015		COMMUNITY_VERIFIED	iNaturalist Suomi Finland
korvasieni (fi) — Gyromitra esculenta	korvasieni (fi)		2025-06-07	Kemijärvi	Perä-Pohjanmaa (PeP)	Suomi	67.00865	27.22379		NEUTRAL	iNaturalist Suomi Finland
korvasieni (fi) — Gyromitra esculenta	korvasieni (fi)		2025-06-06	Ilmajoki, Kurikka, Laihia, Teuva	Etelä-Pohjanmaa (EP)	Suomi	62.7	22.1		NEUTRAL	iNaturalist Suomi Finland
korvasieni (fi) — Gyromitra esculenta	korvasieni (fi)		2025-06-06	Kuusamo	Koillismaa (Ks)	Suomi	66.32334	29.38983		COMMUNITY_VERIFIED	iNaturalist Suomi Finland
korvasieni (fi) — Gyromitra esculenta	korvasieni (fi)		2025-06-01	Heinävesi	Pohjois-Savo (PS)	Suomi	62.49814	28.53401		NEUTRAL	iNaturalist Suomi Finland
korvasieni (fi) — Gyromitra esculenta	korvasieni (fi)		2025-05-31	Rautjärvi	Etelä-Savo (ES)	Suomi	61.23539	29.11499		COMMUNITY_VERIFIED	iNaturalist Suomi Finland
korvasieni (fi) — Gyromitra esculenta	korvasieni (fi)		2025-05-31	Puumala	Etelä-Savo (ES)	Suomi	61.57277	28.14214		COMMUNITY_VERIFIED	iNaturalist Suomi Finland
korvasieni (fi) — Gyromitra esculenta	korvasieni (fi)		2025-05-31	Ylöjärvi	Etelä-Häme (EH)	Suomi	61.90583	23.47768		COMMUNITY_VERIFIED	iNaturalist Suomi Finland
korvasieni (fi) — Gyromitra esculenta	korvasieni (fi)		2025-05-30	Mikkeli	Etelä-Savo (ES)	Suomi	61.51413	27.41284		COMMUNITY_VERIFIED	iNaturalist Suomi Finland
korvasieni (fi) — Gyromitra esculenta	korvasieni (fi)		2025-05-30	Juva, Mikkeli	Etelä-Savo (ES)	Suomi	61.7	27.5		COMMUNITY_VERIFIED	iNaturalist Suomi Finland
korvasieni (fi) — Gyromitra esculenta	korvasieni (fi)		2025-05-30	Jyväskylä	Etelä-Häme (EH)	Suomi	62.10388	25.77664		COMMUNITY_VERIFIED	iNaturalist Suomi Finland
korvasieni (fi) — Gyromitra esculenta	korvasieni (fi)		2025-05-30 [10:52-19:22]	Kaarina	Varsinais-Suomi (V)	Suomi	60.429531	22.365688	Sure	NEUTRAL	The Atlas of Finnish Fungi
korvasieni (fi) — Gyromitra esculenta	korvasieni (fi)		2025-05-30	Liperi	Pohjois-Karjala (PK)	Suomi	62.63636	29.26573		COMMUNITY_VERIFIED	iNaturalist Suomi Finland
korvasieni (fi) — Gyromitra esculenta	korvasieni (fi)		2025-05-30	Iitti	Etelä-Häme (EH)	Suomi	60.90962	26.23424		NEUTRAL	iNaturalist Suomi Finland
korvasieni (fi) — Gyromitra esculenta	korvasieni (fi)		2025-05-30	Sotkamo	Kainuu (Kn)	Suomi	64.06394	27.93467		COMMUNITY_VERIFIED	iNaturalist Suomi Finland
korvasieni (fi) — Gyromitra esculenta	korvasieni (fi)		2025-05-28	Sotkamo	Kainuu (Kn)	Suomi	64.06442	28.23518		COMMUNITY_VERIFIED	iNaturalist Suomi Finland
korvasieni (fi) — Gyromitra esculenta	korvasieni (fi)		2025-05-28	Kaavi, Outokumpu, Polvijärvi	Pohjois-Karjala (PK)	Suomi	62.9	28.9		NEUTRAL	iNaturalist Suomi Finland
korvasieni (fi) — Gyromitra esculenta	korvasieni (fi)		2025-05-27	Karstula	Pohjois-Häme (PH)	Suomi	62.89386	25.12804		COMMUNITY_VERIFIED	iNaturalist Suomi Finland
korvasieni (fi) — Gyromitra esculenta	korvasieni (fi)		2025-05-26	Naantali	Varsinais-Suomi (V)	Suomi	60.46475	21.70818		COMMUNITY_VERIFIED	iNaturalist Suomi Finland
korvasieni (fi) — Gyromitra esculenta	korvasieni (fi)		2025-05-26	Saarijärvi	Pohjois-Häme (PH)	Suomi	62.8423	25.46373		NEUTRAL	iNaturalist Suomi Finland
korvasieni (fi) — Gyromitra esculenta	korvasieni (fi)	6	2025-05-26	Pelkosenniemi, Sodankylä	Sompion Lappi (SoL)	Suomi	67.363226	27.112354		NEUTRAL	Notebook, general observations
korvasieni (fi) — Gyromitra esculenta	korvasieni (fi)		2025-05-25 - 2025-05-29	Lappeenranta	Etelä-Savo (ES)	Suomi	60.933375	27.99251	Sure	NEUTRAL	Notebook, general observations
korvasieni (fi) — Gyromitra esculenta	korvasieni (fi)		2025-05-25	Järvenpää	Uusimaa (U)	Suomi	60.48457	25.12422		NEUTRAL	iNaturalist Suomi Finland
korvasieni (fi) — Gyromitra esculenta	korvasieni (fi)		2025-05-24	Hollola	Etelä-Häme (EH)	Suomi	60.98858	25.50496		NEUTRAL	iNaturalist Suomi Finland
korvasieni (fi) — Gyromitra esculenta	korvasieni (fi)	5	2025-05-23 [18:00]	Hamina	Etelä-Karjala (EK)	Suomi	60.809714	27.34354	Sure	NEUTRAL	Notebook, general observations
korvasieni (fi) — Gyromitra esculenta	korvasieni (fi)	1	2025-05-23 [20:30] - 2025-05-25 [16:12]	Asikkala	Etelä-Häme (EH)	Suomi	61.16876	25.870883	Sure	NEUTRAL	Notebook, general observations
korvasieni (fi) — Gyromitra esculenta	korvasieni (fi)	2 itiöemää	2025-05-22 [7:16-16:24]	Virolahti	Etelä-Karjala (EK)	Suomi	60.568241	27.695256	Sure	NEUTRAL	Notebook, general observations
korvasieni (fi) — Gyromitra esculenta	korvasieni (fi)		2025-05-22 [14:30-21:17]	Turku	Varsinais-Suomi (V)	Suomi	60.451754	22.342524	Sure	NEUTRAL	The Atlas of Finnish Fungi
korvasieni (fi) — Gyromitra esculenta	korvasieni (fi)		2025-05-22	Kuopio	Pohjois-Savo (PS)	Suomi	62.9384	28.03034		COMMUNITY_VERIFIED	iNaturalist Suomi Finland
korvasieni (fi) — Gyromitra esculenta	korvasieni (fi)		2025-05-22	Turku	Varsinais-Suomi (V)	Suomi	60.51904	22.28026		COMMUNITY_VERIFIED	iNaturalist Suomi Finland
korvasieni (fi) — Gyromitra esculenta	korvasieni (fi)		2025-05-20	Kouvola	Etelä-Savo (ES)	Suomi	61.192715	26.86219	Sure	NEUTRAL	Notebook, general observations
korvasieni (fi) — Gyromitra esculenta	korvasieni (fi)		2025-05-20	Kustavi	Varsinais-Suomi (V)	Suomi	60.51485	21.25773		COMMUNITY_VERIFIED	iNaturalist Suomi Finland
korvasieni (fi) — Gyromitra esculenta	korvasieni (fi)		2025-05-19	Kemiönsaari	Varsinais-Suomi (V)	Suomi	60.07029	22.51553		COMMUNITY_VERIFIED	iNaturalist Suomi Finland
korvasieni (fi) — Gyromitra esculenta	korvasieni (fi)		2025-05-19	Sipoo	Uusimaa (U)	Suomi	60.44749	25.30569		COMMUNITY_VERIFIED	iNaturalist Suomi Finland
korvasieni (fi) — Gyromitra esculenta	korvasieni (fi)		2025-05-19	Hyvinkää	Uusimaa (U)	Suomi	60.539149	24.646887	Sure	NEUTRAL	The Atlas of Finnish Fungi
korvasieni (fi) — Gyromitra esculenta	korvasieni (fi)		2025-05-18	Kangasniemi, Mikkeli	Etelä-Savo (ES), Pohjois-Savo (PS)	Suomi	61.9	27.1		COMMUNITY_VERIFIED	iNaturalist Suomi Finland
korvasieni (fi) — Gyromitra esculenta	korvasieni (fi)		2025-05-18	Mäntyharju	Etelä-Savo (ES)	Suomi	61.51397	26.40985		COMMUNITY_VERIFIED	iNaturalist Suomi Finland
korvasieni (fi) — Gyromitra esculenta	korvasieni (fi)	2	2025-05-18	Kustavi	Varsinais-Suomi (V)	Suomi	60.593774	21.389396	Sure	NEUTRAL	The Atlas of Finnish Fungi
korvasieni (fi) — Gyromitra esculenta	korvasieni (fi)		2025-05-18	Mäntyharju	Etelä-Savo (ES)	Suomi	61.28259	26.80226		COMMUNITY_VERIFIED	iNaturalist Suomi Finland
korvasieni (fi) — Gyromitra esculenta	korvasieni (fi)		2025-05-18	Vihti	Varsinais-Suomi (V)	Suomi	60.52752	24.553585	Sure	NEUTRAL	The Atlas of Finnish Fungi
korvasieni (fi) — Gyromitra esculenta	korvasieni (fi)	>10	2025-05-18 [19:18]	Tammela	Etelä-Häme (EH)	Suomi	60.770886	23.827842	Sure	NEUTRAL	Notebook, general observations
korvasieni (fi) — Gyromitra esculenta	korvasieni (fi)	2	2025-05-18 [16:46]	Tammela	Etelä-Häme (EH)	Suomi	60.736796	24.030835	Sure	NEUTRAL	Notebook, general observations
korvasieni (fi) — Gyromitra esculenta	korvasieni (fi)		2025-05-17	Vantaa	Uusimaa (U)	Suomi	60.34916	25.07343		NEUTRAL	iNaturalist Suomi Finland
korvasieni (fi) — Gyromitra esculenta	korvasieni (fi)		2025-05-17	Mikkeli	Etelä-Savo (ES)	Suomi	61.44854	27.62616		NEUTRAL	iNaturalist Suomi Finland
korvasieni (fi) — Gyromitra esculenta	korvasieni (fi)		2025-05-17	Kaarina, Lieto, Masku, Nousiainen, Raisio, Rusko, Turku	Varsinais-Suomi (V)	Suomi	60.5	22.3		COMMUNITY_VERIFIED	iNaturalist Suomi Finland
korvasieni (fi) — Gyromitra esculenta	korvasieni (fi)		2025-05-17	Espoo	Uusimaa (U)	Suomi	60.30598	24.52942		COMMUNITY_VERIFIED	iNaturalist Suomi Finland
korvasieni (fi) — Gyromitra esculenta	korvasieni (fi)		2025-05-17	Vantaa	Uusimaa (U)	Suomi	60.34907	25.07321		NEUTRAL	iNaturalist Suomi Finland
korvasieni (fi) — Gyromitra esculenta	korvasieni (fi)	1	2025-05-17 [18:45]	Hamina	Etelä-Karjala (EK)	Suomi	60.640082	27.291862	Sure	NEUTRAL	Notebook, general observations
korvasieni (fi) — Gyromitra esculenta	korvasieni (fi)		2025-05-17	Lapinlahti	Pohjois-Savo (PS)	Suomi	63.40221	27.30328		COMMUNITY_VERIFIED	iNaturalist Suomi Finland
korvasieni (fi) — Gyromitra esculenta	korvasieni (fi)		2025-05-17	Kerava	Uusimaa (U)	Suomi	60.37448	25.13225		COMMUNITY_VERIFIED	iNaturalist Suomi Finland
korvasieni (fi) — Gyromitra esculenta	korvasieni (fi)		2025-05-17	Turku	Varsinais-Suomi (V)	Suomi	60.417	22.32165		NEUTRAL	iNaturalist Suomi Finland
korvasieni (fi) — Gyromitra esculenta	korvasieni (fi)		2025-05-17	Joutsa	Etelä-Savo (ES)	Suomi	61.92703	26.30349		NEUTRAL	iNaturalist Suomi Finland
korvasieni (fi) — Gyromitra esculenta	korvasieni (fi)	1	2025-05-17 [11:05]	Akaa	Etelä-Häme (EH)	Suomi	61.169866	23.828102	Sure	NEUTRAL	Notebook, general observations
korvasieni (fi) — Gyromitra esculenta	korvasieni (fi)	1	2025-05-17 [9:40]	Akaa	Etelä-Häme (EH)	Suomi	61.175714	23.817052	Sure	NEUTRAL	Notebook, general observations
korvasieni (fi) — Gyromitra esculenta	korvasieni (fi)	1	2025-05-17 [9:59]	Akaa	Etelä-Häme (EH)	Suomi	61.172861	23.814525	Sure	NEUTRAL	Notebook, general observations
korvasieni (fi) — Gyromitra esculenta	korvasieni (fi)		2025-05-16	Hyvinkää	Uusimaa (U)	Suomi	60.64566	25.07736		COMMUNITY_VERIFIED	iNaturalist Suomi Finland
korvasieni (fi) — Gyromitra esculenta	korvasieni (fi)	30-40	2025-05-16	Orivesi	Etelä-Häme (EH)	Suomi	61.750469	24.311915	Sure	NEUTRAL	The Atlas of Finnish Fungi
korvasieni (fi) — Gyromitra esculenta	korvasieni (fi)		2025-05-16	Siilinjärvi	Pohjois-Savo (PS)	Suomi	63.01081	27.70388		NEUTRAL	iNaturalist Suomi Finland
korvasieni (fi) — Gyromitra esculenta	korvasieni (fi)	muutama	2025-05-15	Espoo	Uusimaa (U)	Suomi	60.203429	24.82054	Sure	NEUTRAL	The Atlas of Finnish Fungi
korvasieni (fi) — Gyromitra esculenta	korvasieni (fi)		2025-05-15	Juva, Mikkeli	Etelä-Savo (ES)	Suomi	61.7	27.5		COMMUNITY_VERIFIED	iNaturalist Suomi Finland
korvasieni (fi) — Gyromitra esculenta	korvasieni (fi)		2025-05-15	Lieksa	Pohjois-Karjala (PK)	Suomi	63.48135	29.71687		NEUTRAL	iNaturalist Suomi Finland
korvasieni (fi) — Gyromitra esculenta	korvasieni (fi)		2025-05-15	Vihti	Varsinais-Suomi (V)	Suomi	60.28665	24.48966		COMMUNITY_VERIFIED	iNaturalist Suomi Finland
korvasieni (fi) — Gyromitra esculenta	korvasieni (fi)	5	2025-05-15	Porvoo	Uusimaa (U)	Suomi	60.385038	25.652348	Sure	NEUTRAL	Notebook, general observations
korvasieni (fi) — Gyromitra esculenta	korvasieni (fi)		2025-05-14	Karkkila, Loppi, Vihti	Etelä-Häme (EH), Varsinais-Suomi (V)	Suomi	60.5	24.3		NEUTRAL	iNaturalist Suomi Finland
korvasieni (fi) — Gyromitra esculenta	korvasieni (fi)		2025-05-14	Sipoo	Uusimaa (U)	Suomi	60.30161	25.1853		COMMUNITY_VERIFIED	iNaturalist Suomi Finland
korvasieni (fi) — Gyromitra esculenta	korvasieni (fi)		2025-05-14	Juupajoki	Etelä-Häme (EH)	Suomi	61.81252	24.6095		COMMUNITY_VERIFIED	iNaturalist Suomi Finland
korvasieni (fi) — Gyromitra esculenta	korvasieni (fi)		2025-05-13	Kaarina	Varsinais-Suomi (V)	Suomi	60.47156	22.34292		COMMUNITY_VERIFIED	iNaturalist Suomi Finland
korvasieni (fi) — Gyromitra esculenta	korvasieni (fi)		2025-05-13	Salo	Varsinais-Suomi (V)	Suomi	60.24853	22.9846		NEUTRAL	iNaturalist Suomi Finland
korvasieni (fi) — Gyromitra esculenta	korvasieni (fi)		2025-05-11	Savitaipale	Etelä-Savo (ES)	Suomi	61.18814	27.48861		COMMUNITY_VERIFIED	iNaturalist Suomi Finland
korvasieni (fi) — Gyromitra esculenta	korvasieni (fi)	4	2025-05-11	Ruovesi	Etelä-Häme (EH)	Suomi	61.985509	24.049526	Sure	NEUTRAL	The Atlas of Finnish Fungi
korvasieni (fi) — Gyromitra esculenta	korvasieni (fi)	6	2025-05-10	Ruovesi	Etelä-Häme (EH)	Suomi	62.046693	24.001885	Sure	NEUTRAL	The Atlas of Finnish Fungi
korvasieni (fi) — Gyromitra esculenta	korvasieni (fi)		2025-05-10	Virrat	Pohjois-Häme (PH)	Suomi	62.18903	23.70556		COMMUNITY_VERIFIED	iNaturalist Suomi Finland
korvasieni (fi) — Gyromitra esculenta	korvasieni (fi)		2025-05-10	Pyhtää	Uusimaa (U)	Suomi	60.46559	26.84056		NEUTRAL	iNaturalist Suomi Finland
korvasieni (fi) — Gyromitra esculenta	korvasieni (fi)		2025-05-10	Hyvinkää	Uusimaa (U)	Suomi	60.62377	25.07179		NEUTRAL	iNaturalist Suomi Finland
korvasieni (fi) — Gyromitra esculenta	korvasieni (fi)		2025-05-10	Hyvinkää	Uusimaa (U)	Suomi	60.65193	24.78338		COMMUNITY_VERIFIED	iNaturalist Suomi Finland
korvasieni (fi) — Gyromitra esculenta	korvasieni (fi)		2025-05-10	Lapinjärvi, Loviisa	Uusimaa (U)	Suomi	60.5	26.1		COMMUNITY_VERIFIED	iNaturalist Suomi Finland
korvasieni (fi) — Gyromitra esculenta	korvasieni (fi)	Muutamia havaintoalueella	2025-05-10	Pyhtää	Uusimaa (U)	Suomi	60.593517	26.625014	Sure	NEUTRAL	The Atlas of Finnish Fungi
korvasieni (fi) — Gyromitra esculenta	korvasieni (fi)	3	2025-05-10	Askola	Uusimaa (U)	Suomi	60.587999	25.571597	Sure	NEUTRAL	Notebook, general observations
korvasieni (fi) — Gyromitra esculenta	korvasieni (fi)		2025-05-09	Ylöjärvi	Etelä-Häme (EH)	Suomi	61.54893	23.59488		COMMUNITY_VERIFIED	iNaturalist Suomi Finland
korvasieni (fi) — Gyromitra esculenta	korvasieni (fi)		2025-05-09	Lohja, Raasepori, Salo	Varsinais-Suomi (V)	Suomi	60.3	23.5		NEUTRAL	iNaturalist Suomi Finland
korvasieni (fi) — Gyromitra esculenta	korvasieni (fi)		2025-05-09	Vantaa	Uusimaa (U)	Suomi	60.27749	25.06168		COMMUNITY_VERIFIED	iNaturalist Suomi Finland
korvasieni (fi) — Gyromitra esculenta	korvasieni (fi)		2025-05-09	Kustavi	Varsinais-Suomi (V)	Suomi	60.5697	21.24549		COMMUNITY_VERIFIED	iNaturalist Suomi Finland
korvasieni (fi) — Gyromitra esculenta	korvasieni (fi)		2025-05-09	Turku	Varsinais-Suomi (V)	Suomi	60.48999	22.29957		COMMUNITY_VERIFIED	iNaturalist Suomi Finland
korvasieni (fi) — Gyromitra esculenta	korvasieni (fi)		2025-05-08	Muurame	Etelä-Häme (EH)	Suomi	62.16442	25.63586		COMMUNITY_VERIFIED	iNaturalist Suomi Finland
korvasieni (fi) — Gyromitra esculenta	korvasieni (fi)		2025-05-08	Espoo	Uusimaa (U)	Suomi	60.23673	24.7056		NEUTRAL	iNaturalist Suomi Finland
korvasieni (fi) — Gyromitra esculenta	korvasieni (fi)		2025-05-08	Helsinki	Uusimaa (U)	Suomi	60.23979	25.14573		COMMUNITY_VERIFIED	iNaturalist Suomi Finland
korvasieni (fi) — Gyromitra esculenta	korvasieni (fi)	1	2025-05-08 [14:20]	Hämeenlinna	Etelä-Häme (EH)	Suomi	60.845249	24.44845	Sure	NEUTRAL	Notebook, general observations
korvasieni (fi) — Gyromitra esculenta	korvasieni (fi)		2025-05-08	Espoo	Uusimaa (U)	Suomi	60.267923	24.644082	Sure	NEUTRAL	The Atlas of Finnish Fungi
korvasieni (fi) — Gyromitra esculenta	korvasieni (fi)		2025-05-07	Turku	Varsinais-Suomi (V)	Suomi	60.50094	22.27376		COMMUNITY_VERIFIED	iNaturalist Suomi Finland
korvasieni (fi) — Gyromitra esculenta	korvasieni (fi)		2025-05-07	Heinävesi	Pohjois-Savo (PS)	Suomi	62.40552	28.3786		NEUTRAL	iNaturalist Suomi Finland
korvasieni (fi) — Gyromitra esculenta	korvasieni (fi)	1	2025-05-07 [8:51]	Akaa	Etelä-Häme (EH)	Suomi	61.175719	23.816815	Sure	NEUTRAL	Notebook, general observations
korvasieni (fi) — Gyromitra esculenta	korvasieni (fi)	1	2025-05-07 [9:17]	Akaa	Etelä-Häme (EH)	Suomi	61.172006	23.814217	Sure	NEUTRAL	Notebook, general observations
korvasieni (fi) — Gyromitra esculenta	korvasieni (fi)		2025-05-06 [16:02-16:35]	Salo	Varsinais-Suomi (V)	Suomi	60.34281	23.234564	Sure	NEUTRAL	The Atlas of Finnish Fungi
korvasieni (fi) — Gyromitra esculenta	korvasieni (fi)		2025-05-06	Espoo	Uusimaa (U)	Suomi	60.196971	24.690084	Sure	NEUTRAL	The Atlas of Finnish Fungi
korvasieni (fi) — Gyromitra esculenta	korvasieni (fi)		2025-05-05	Imatra	Etelä-Savo (ES)	Suomi	61.22479	28.77462		COMMUNITY_VERIFIED	iNaturalist Suomi Finland
korvasieni (fi) — Gyromitra esculenta	korvasieni (fi)		2025-05-05	Nurmijärvi	Uusimaa (U)	Suomi	60.510174	24.745898	Sure	NEUTRAL	The Atlas of Finnish Fungi
korvasieni (fi) — Gyromitra esculenta	korvasieni (fi)	3	2025-05-05 [12:45]	Hamina	Etelä-Karjala (EK)	Suomi	60.641947	27.132544	Sure	NEUTRAL	Notebook, general observations
korvasieni (fi) — Gyromitra esculenta	korvasieni (fi)		2025-05-05	Kemiönsaari	Varsinais-Suomi (V)	Suomi	60.18057	22.42576		NEUTRAL	iNaturalist Suomi Finland
korvasieni (fi) — Gyromitra esculenta	korvasieni (fi)		2025-05-05	Sipoo	Uusimaa (U)	Suomi	60.462943	25.187929	Sure	NEUTRAL	The Atlas of Finnish Fungi
korvasieni (fi) — Gyromitra esculenta	korvasieni (fi)		2025-05-05 [14:04-14:33]	Salo	Varsinais-Suomi (V)	Suomi	60.338104	23.215605	Sure	NEUTRAL	The Atlas of Finnish Fungi
korvasieni (fi) — Gyromitra esculenta	korvasieni (fi)		2025-05-04	Espoo, Kauniainen	Uusimaa (U)	Suomi	60.214146	24.697295	Sure	NEUTRAL	The Atlas of Finnish Fungi
korvasieni (fi) — Gyromitra esculenta	korvasieni (fi)		2025-05-04	Raisio	Varsinais-Suomi (V)	Suomi	60.48207	22.20529		COMMUNITY_VERIFIED	iNaturalist Suomi Finland
korvasieni (fi) — Gyromitra esculenta	korvasieni (fi)		2025-05-04	Espoo	Uusimaa (U)	Suomi	60.33736	24.68657		NEUTRAL	iNaturalist Suomi Finland
korvasieni (fi) — Gyromitra esculenta	korvasieni (fi)		2025-05-04	Kauniainen	Uusimaa (U)	Suomi	60.211533	24.680198	Sure	NEUTRAL	The Atlas of Finnish Fungi
korvasieni (fi) — Gyromitra esculenta	korvasieni (fi)		2025-05-03	Vehmaa	Varsinais-Suomi (V)	Suomi	60.74542	21.75615		COMMUNITY_VERIFIED	iNaturalist Suomi Finland
korvasieni (fi) — Gyromitra esculenta	korvasieni (fi)		2025-05-03	Vantaa	Uusimaa (U)	Suomi	60.26944	24.83322		NEUTRAL	iNaturalist Suomi Finland
korvasieni (fi) — Gyromitra esculenta	korvasieni (fi)		2025-05-03	Taivassalo	Varsinais-Suomi (V)	Suomi	60.59216	21.45955		COMMUNITY_VERIFIED	iNaturalist Suomi Finland
korvasieni (fi) — Gyromitra esculenta	korvasieni (fi)		2025-05-03	Parkano	Satakunta (St)	Suomi	62.0348	22.91935		COMMUNITY_VERIFIED	iNaturalist Suomi Finland
korvasieni (fi) — Gyromitra esculenta	korvasieni (fi)		2025-05-03	Turku	Varsinais-Suomi (V)	Suomi	60.4797	22.24355		COMMUNITY_VERIFIED	iNaturalist Suomi Finland
korvasieni (fi) — Gyromitra esculenta	korvasieni (fi)		2025-05-03	Helsinki	Uusimaa (U)	Suomi	60.18096	24.9835		COMMUNITY_VERIFIED	iNaturalist Suomi Finland
korvasieni (fi) — Gyromitra esculenta	korvasieni (fi)		2025-05-03	Tuusula	Uusimaa (U)	Suomi	60.4277	25.0791		COMMUNITY_VERIFIED	iNaturalist Suomi Finland
korvasieni (fi) — Gyromitra esculenta	korvasieni (fi)		2025-05-02	Sipoo	Uusimaa (U)	Suomi	60.35225	25.34869		COMMUNITY_VERIFIED	iNaturalist Suomi Finland
korvasieni (fi) — Gyromitra esculenta	korvasieni (fi)		2025-05-02	Valkeakoski	Etelä-Häme (EH)	Suomi	61.26663	24.07747		COMMUNITY_VERIFIED	iNaturalist Suomi Finland
korvasieni (fi) — Gyromitra esculenta	korvasieni (fi)		2025-05-02	Espoo	Uusimaa (U)	Suomi	60.20364	24.82166		COMMUNITY_VERIFIED	iNaturalist Suomi Finland
korvasieni (fi) — Gyromitra esculenta	korvasieni (fi)		2025-05-01	Vantaa	Uusimaa (U)	Suomi	60.31137	25.12539		NEUTRAL	iNaturalist Suomi Finland
korvasieni (fi) — Gyromitra esculenta	korvasieni (fi)		2025-05-01	Mikkeli	Etelä-Savo (ES)	Suomi	61.7	27.3		COMMUNITY_VERIFIED	iNaturalist Suomi Finland
korvasieni (fi) — Gyromitra esculenta	korvasieni (fi)		2025-05-01	Salo	Varsinais-Suomi (V)	Suomi	60.17681	23.27676		COMMUNITY_VERIFIED	iNaturalist Suomi Finland
korvasieni (fi) — Gyromitra esculenta	korvasieni (fi)		2025-05-01	Helsinki	Uusimaa (U)	Suomi	60.26924	24.90738		COMMUNITY_VERIFIED	iNaturalist Suomi Finland
korvasieni (fi) — Gyromitra esculenta	korvasieni (fi)		2025-05-01 [15:13-21:57]	Kaarina	Varsinais-Suomi (V)	Suomi	60.425743	22.370751	Sure	NEUTRAL	The Atlas of Finnish Fungi
korvasieni (fi) — Gyromitra esculenta	korvasieni (fi)		2025-05-01	Espoo	Uusimaa (U)	Suomi	60.191468	24.680107	Sure	NEUTRAL	The Atlas of Finnish Fungi
korvasieni (fi) — Gyromitra esculenta	korvasieni (fi)		2025-04-30	Imatra	Etelä-Savo (ES)	Suomi	61.20269	28.73434		NEUTRAL	iNaturalist Suomi Finland
korvasieni (fi) — Gyromitra esculenta	korvasieni (fi)	pari	2025-04-30	Loviisa	Uusimaa (U)	Suomi	60.521648	26.040968	Sure	NEUTRAL	The Atlas of Finnish Fungi
korvasieni (fi) — Gyromitra esculenta	korvasieni (fi)		2025-04-30	Pyhtää	Uusimaa (U)	Suomi	60.48579	26.75061		COMMUNITY_VERIFIED	iNaturalist Suomi Finland
korvasieni (fi) — Gyromitra esculenta	korvasieni (fi)		2025-04-30	Tuusula	Uusimaa (U)	Suomi	60.43828	24.9676		COMMUNITY_VERIFIED	iNaturalist Suomi Finland
korvasieni (fi) — Gyromitra esculenta	korvasieni (fi)		2025-04-29	Laitila	Varsinais-Suomi (V)	Suomi	60.80387	21.79505		COMMUNITY_VERIFIED	iNaturalist Suomi Finland
korvasieni (fi) — Gyromitra esculenta	korvasieni (fi)		2025-04-29	Tuusula	Uusimaa (U)	Suomi	60.40492	24.94588		COMMUNITY_VERIFIED	iNaturalist Suomi Finland
korvasieni (fi) — Gyromitra esculenta	korvasieni (fi)		2025-04-28	Pöytyä	Varsinais-Suomi (V)	Suomi	60.78454	22.51491		COMMUNITY_VERIFIED	iNaturalist Suomi Finland
korvasieni (fi) — Gyromitra esculenta	korvasieni (fi)		2025-04-28	Ruovesi	Etelä-Häme (EH)	Suomi	61.98579	24.07652		NEUTRAL	iNaturalist Suomi Finland
korvasieni (fi) — Gyromitra esculenta	korvasieni (fi)	1	2025-04-27	Sysmä	Etelä-Häme (EH)	Suomi	61.403913	26.110022	Sure	NEUTRAL	Notebook, general observations
korvasieni (fi) — Gyromitra esculenta	korvasieni (fi)		2025-04-27	Helsinki	Uusimaa (U)	Suomi	60.24354	25.20025		COMMUNITY_VERIFIED	iNaturalist Suomi Finland
korvasieni (fi) — Gyromitra esculenta	korvasieni (fi)	1	2025-04-27 [18:42]	Virrat	Pohjois-Häme (PH)	Suomi	62.24362	23.740164	Sure	NEUTRAL	Notebook, general observations
korvasieni (fi) — Gyromitra esculenta	korvasieni (fi)	2	2025-04-27 [14:08-16:00]	Espoo	Uusimaa (U)	Suomi	60.19063	24.70373	Sure	NEUTRAL	Notebook, general observations
korvasieni (fi) — Gyromitra esculenta	korvasieni (fi)		2025-04-26	Lumparland	Ahvenanmaa (A)	Suomi	60.14159	20.23548		COMMUNITY_VERIFIED	iNaturalist Suomi Finland
korvasieni (fi) — Gyromitra esculenta	korvasieni (fi)		2025-04-26	Sund	Ahvenanmaa (A)	Suomi	60.27847	20.21332		COMMUNITY_VERIFIED	iNaturalist Suomi Finland
korvasieni (fi) — Gyromitra esculenta	korvasieni (fi)		2025-04-26	Turku	Varsinais-Suomi (V)	Suomi	60.38546	22.14036		COMMUNITY_VERIFIED	iNaturalist Suomi Finland
korvasieni (fi) — Gyromitra esculenta	korvasieni (fi)		2025-04-26	Helsinki	Uusimaa (U)	Suomi	60.26956	25.17749		COMMUNITY_VERIFIED	iNaturalist Suomi Finland
korvasieni (fi) — Gyromitra esculenta	korvasieni (fi)		2025-04-26	Mynämäki	Varsinais-Suomi (V)	Suomi	60.74596	22.33742		COMMUNITY_VERIFIED	iNaturalist Suomi Finland
korvasieni (fi) — Gyromitra esculenta	korvasieni (fi)		2025-04-25	Vantaa	Uusimaa (U)	Suomi	60.35297	25.09242		COMMUNITY_VERIFIED	iNaturalist Suomi Finland
korvasieni (fi) — Gyromitra esculenta	korvasieni (fi)		2025-04-24	Tampere	Etelä-Häme (EH)	Suomi	61.50584	23.91753		NEUTRAL	iNaturalist Suomi Finland
korvasieni (fi) — Gyromitra esculenta	korvasieni (fi)		2025-04-24	Espoo	Uusimaa (U)	Suomi	60.27057	24.69872		NEUTRAL	iNaturalist Suomi Finland
korvasieni (fi) — Gyromitra esculenta	korvasieni (fi)	5	2025-04-24	Raasepori	Varsinais-Suomi (V)	Suomi	60.041552	23.050451	Sure	NEUTRAL	Notebook, general observations
korvasieni (fi) — Gyromitra esculenta	korvasieni (fi)	5	2025-04-21	Kaarina	Varsinais-Suomi (V)	Suomi	60.389513	22.362724	Sure	NEUTRAL	The Atlas of Finnish Fungi
korvasieni (fi) — Gyromitra esculenta	korvasieni (fi)		2025-04-21	Kaarina	Varsinais-Suomi (V)	Suomi	60.4049	22.28585		NEUTRAL	iNaturalist Suomi Finland
korvasieni (fi) — Gyromitra esculenta	korvasieni (fi)		2025-04-18	Vehmaa	Varsinais-Suomi (V)	Suomi	60.74542	21.75615		COMMUNITY_VERIFIED	iNaturalist Suomi Finland
korvasieni (fi) — Gyromitra esculenta	korvasieni (fi)	3	2025-04-18	Turku	Varsinais-Suomi (V)	Suomi	60.523	22.223	Sure	NEUTRAL	The Atlas of Finnish Fungi
korvasieni (fi) — Gyromitra esculenta	korvasieni (fi)		2025-04-18	Vehmaa	Varsinais-Suomi (V)	Suomi	60.745914	21.755903	Sure	NEUTRAL	Notebook, general observations
korvasieni (fi) — Gyromitra esculenta	korvasieni (fi)	3	2025-04-17 [14:05]	Hamina	Etelä-Karjala (EK)	Suomi	60.642588	27.118401	Sure	NEUTRAL	Notebook, general observations
korvasieni (fi) — Gyromitra esculenta	korvasieni (fi)		2025-04-16	Vantaa	Uusimaa (U)	Suomi	60.26804	24.83641		COMMUNITY_VERIFIED	iNaturalist Suomi Finland
Korvasieni( Lehto korvasieni)		1	2025-04-14	Lempäälä, Pirkkala, Tampere	Etelä-Häme (EH)	Suomi	61.403559	23.719904		NEUTRAL	Notebook, general observations
korvasieni (fi) — Gyromitra esculenta	korvasieni (fi)		2025-04-06	Lohja, Raasepori	Varsinais-Suomi (V)	Suomi	60.3	23.9		COMMUNITY_VERIFIED	iNaturalist Suomi Finland
korvasieni (fi) — Gyromitra esculenta	korvasieni (fi)	3	2025-04-06	Kaarina	Varsinais-Suomi (V)	Suomi	60.399058	22.309159	Sure	NEUTRAL	The Atlas of Finnish Fungi
korvasieni (fi) — Gyromitra esculenta	korvasieni (fi)		2025-03-19	Turku	Varsinais-Suomi (V)	Suomi	60.42861	22.26742		COMMUNITY_VERIFIED	iNaturalist Suomi Finland
korvasieni (fi) — Gyromitra esculenta	korvasieni (fi)		2025-03-08	Kauniainen	Uusimaa (U)	Suomi	60.211761	24.679382	Sure	NEUTRAL	The Atlas of Finnish Fungi
korvasieni (fi) — Gyromitra esculenta	korvasieni (fi)		2024-10-22	Jyväskylä, Muurame, Toivakka	Etelä-Häme (EH), Pohjois-Häme (PH)	Suomi	62.1	25.7		COMMUNITY_VERIFIED	iNaturalist Suomi Finland
korvasieni (fi) — Gyromitra esculenta	korvasieni (fi)		2024-06-04	Hirvensalmi, Kangasniemi	Etelä-Savo (ES)	Suomi	61.9	26.7		COMMUNITY_VERIFIED	iNaturalist Suomi Finland
korvasieni (fi) — Gyromitra esculenta	korvasieni (fi)		2024-06-04	Kuhmo	Kainuu (Kn)	Suomi	64.32003	30.16118		NEUTRAL	iNaturalist Suomi Finland
korvasieni (fi) — Gyromitra esculenta	korvasieni (fi)		2024-06-04	Sotkamo	Kainuu (Kn)	Suomi	64.06537	27.92834		COMMUNITY_VERIFIED	iNaturalist Suomi Finland
korvasieni (fi) — Gyromitra esculenta	korvasieni (fi)		2024-06-04	Kolari	Kittilän Lappi (KiL)	Suomi	67.60207	24.21723		COMMUNITY_VERIFIED	iNaturalist Suomi Finland
korvasieni (fi) — Gyromitra esculenta	korvasieni (fi)		2024-06-03	Kittilä	Kittilän Lappi (KiL)	Suomi	67.17709	24.90231		COMMUNITY_VERIFIED	iNaturalist Suomi Finland
korvasieni (fi) — Gyromitra esculenta	korvasieni (fi)		2024-05-31	Pelkosenniemi	Sompion Lappi (SoL)	Suomi	67.15303	27.284		COMMUNITY_VERIFIED	iNaturalist Suomi Finland
korvasieni (fi) — Gyromitra esculenta	korvasieni (fi)	10	2024-05-28	Kemijärvi	Perä-Pohjanmaa (PeP)	Suomi	66.716294	27.267275	Sure	NEUTRAL	The Atlas of Finnish Fungi
korvasieni (fi) — Gyromitra esculenta	korvasieni (fi)		2024-05-25	Tammela	Etelä-Häme (EH)	Suomi	60.87185	23.74118		COMMUNITY_VERIFIED	iNaturalist Suomi Finland
korvasieni (fi) — Gyromitra esculenta	korvasieni (fi)		2024-05-25	Turku	Varsinais-Suomi (V)	Suomi	60.52264	22.22658		COMMUNITY_VERIFIED	iNaturalist Suomi Finland
korvasieni (fi) — Gyromitra esculenta	korvasieni (fi)		2024-05-24	Kirkkonummi	Uusimaa (U)	Suomi	60.15295	24.5572		COMMUNITY_VERIFIED	iNaturalist Suomi Finland
korvasieni (fi) — Gyromitra esculenta	korvasieni (fi)		2024-05-23	Hattula, Hämeenlinna	Etelä-Häme (EH)	Suomi	61.1	24.5		COMMUNITY_VERIFIED	iNaturalist Suomi Finland
korvasieni (fi) — Gyromitra esculenta	korvasieni (fi)		2024-05-22	Savonlinna	Etelä-Savo (ES)	Suomi	61.76709	29.49684		COMMUNITY_VERIFIED	iNaturalist Suomi Finland
korvasieni (fi) — Gyromitra esculenta	korvasieni (fi)		2024-05-21	Salo	Varsinais-Suomi (V)	Suomi	60.17716	23.27606		NEUTRAL	iNaturalist Suomi Finland
korvasieni (fi) — Gyromitra esculenta	korvasieni (fi)		2024-05-21	Taipalsaari	Etelä-Savo (ES)	Suomi	61.172344	28.378122	Sure	NEUTRAL	Notebook, general observations
korvasieni (fi) — Gyromitra esculenta	korvasieni (fi)		2024-05-21	Sipoo	Uusimaa (U)	Suomi	60.34148	25.20002		COMMUNITY_VERIFIED	iNaturalist Suomi Finland
korvasieni (fi) — Gyromitra esculenta	korvasieni (fi)		2024-05-20	Nurmijärvi	Uusimaa (U)	Suomi	60.5058	24.697178	Sure	NEUTRAL	The Atlas of Finnish Fungi
korvasieni (fi) — Gyromitra esculenta	korvasieni (fi)		2024-05-20	Kitee	Pohjois-Karjala (PK)	Suomi	61.94758	30.24379		COMMUNITY_VERIFIED	iNaturalist Suomi Finland
korvasieni (fi) — Gyromitra esculenta	korvasieni (fi)		2024-05-19	Helsinki	Uusimaa (U)	Suomi	60.23438	25.1596		COMMUNITY_VERIFIED	iNaturalist Suomi Finland
korvasieni (fi) — Gyromitra esculenta	korvasieni (fi)		2024-05-19	Kirkkonummi	Uusimaa (U)	Suomi	60.18273	24.52634		COMMUNITY_VERIFIED	iNaturalist Suomi Finland
korvasieni (fi) — Gyromitra esculenta	korvasieni (fi)	1	2024-05-18	Mikkeli	Pohjois-Savo (PS)	Suomi	62.071188	27.092385	Sure	NEUTRAL	The Atlas of Finnish Fungi
korvasieni (fi) — Gyromitra esculenta	korvasieni (fi)		2024-05-18	Helsinki	Uusimaa (U)	Suomi	60.20647	24.99963		COMMUNITY_VERIFIED	iNaturalist Suomi Finland
korvasieni (fi) — Gyromitra esculenta	korvasieni (fi)		2024-05-17	Hamina	Etelä-Karjala (EK)	Suomi	60.6814	27.11413		COMMUNITY_VERIFIED	iNaturalist Suomi Finland
korvasieni (fi) — Gyromitra esculenta	korvasieni (fi)		2024-05-16	Masku, Mynämäki, Naantali	Varsinais-Suomi (V)	Suomi	60.5	21.9		COMMUNITY_VERIFIED	iNaturalist Suomi Finland
korvasieni (fi) — Gyromitra esculenta	korvasieni (fi)		2024-05-16	Kontiolahti	Pohjois-Karjala (PK)	Suomi	62.64235	29.83818		COMMUNITY_VERIFIED	iNaturalist Suomi Finland
korvasieni (fi) — Gyromitra esculenta	korvasieni (fi)		2024-05-16	Somero	Etelä-Häme (EH)	Suomi	60.60381	23.81983		COMMUNITY_VERIFIED	iNaturalist Suomi Finland
korvasieni (fi) — Gyromitra esculenta	korvasieni (fi)		2024-05-15	Laukaa	Pohjois-Häme (PH)	Suomi	62.26042	26.09681		COMMUNITY_VERIFIED	iNaturalist Suomi Finland
korvasieni (fi) — Gyromitra esculenta	korvasieni (fi)	1	2024-05-15	Heinävesi	Pohjois-Savo (PS)	Suomi	62.40776	28.7757	Sure	NEUTRAL	The Atlas of Finnish Fungi
korvasieni (fi) — Gyromitra esculenta	korvasieni (fi)	4	2024-05-14	Porvoo	Uusimaa (U)	Suomi	60.379224	25.654127	Sure	NEUTRAL	The Atlas of Finnish Fungi
korvasieni (fi) — Gyromitra esculenta	korvasieni (fi)	Muutamia	2024-05-14	Hyvinkää, Vihti	Uusimaa (U), Varsinais-Suomi (V)	Suomi	60.540778	24.616184	Sure	NEUTRAL	The Atlas of Finnish Fungi
korvasieni (fi) — Gyromitra esculenta	korvasieni (fi)	Muutamia	2024-05-13	Vihti	Varsinais-Suomi (V)	Suomi	60.562961	24.583937	Sure	NEUTRAL	The Atlas of Finnish Fungi
korvasieni (fi) — Gyromitra esculenta	korvasieni (fi)		2024-05-12	Espoo	Uusimaa (U)	Suomi	60.17973	24.72296		COMMUNITY_VERIFIED	iNaturalist Suomi Finland
korvasieni (fi) — Gyromitra esculenta	korvasieni (fi)	1	2024-05-12	Kouvola, Loviisa, Pyhtää	Uusimaa (U)	Suomi	60.54487	26.541366	Sure	NEUTRAL	The Atlas of Finnish Fungi
korvasieni (fi) — Gyromitra esculenta	korvasieni (fi)	2	2024-05-12	Ruovesi	Etelä-Häme (EH)	Suomi	62.057266	23.862822	Sure	NEUTRAL	The Atlas of Finnish Fungi
korvasieni (fi) — Gyromitra esculenta	korvasieni (fi)		2024-05-11	Jämsä, Kuhmoinen, Orivesi	Etelä-Häme (EH)	Suomi	61.7	24.9		NEUTRAL	iNaturalist Suomi Finland
korvasieni (fi) — Gyromitra esculenta	korvasieni (fi)		2024-05-11	Ylöjärvi	Etelä-Häme (EH)	Suomi	61.54334	23.59016		COMMUNITY_VERIFIED	iNaturalist Suomi Finland
korvasieni (fi) — Gyromitra esculenta	korvasieni (fi)		2024-05-11	Sipoo	Uusimaa (U)	Suomi	60.26122	25.29362		COMMUNITY_VERIFIED	iNaturalist Suomi Finland
korvasieni (fi) — Gyromitra esculenta	korvasieni (fi)	2	2024-05-09	Helsinki, Sipoo, Vantaa	Uusimaa (U)	Suomi	60.262809	25.09998	Sure	NEUTRAL	The Atlas of Finnish Fungi
korvasieni (fi) — Gyromitra esculenta	korvasieni (fi)	2	2024-05-09	Helsinki, Sipoo, Vantaa	Uusimaa (U)	Suomi	60.262809	25.09998	Sure	NEUTRAL	The Atlas of Finnish Fungi
korvasieni (fi) — Gyromitra esculenta	korvasieni (fi)	Muutamia	2024-05-07	Vihti	Varsinais-Suomi (V)	Suomi	60.484268	24.51499	Sure	NEUTRAL	The Atlas of Finnish Fungi
korvasieni (fi) — Gyromitra esculenta	korvasieni (fi)		2024-05-05	Kemiönsaari, Paimio, Salo, Sauvo	Varsinais-Suomi (V)	Suomi	60.3	22.9		COMMUNITY_VERIFIED	iNaturalist Suomi Finland
korvasieni (fi) — Gyromitra esculenta	korvasieni (fi)	1	2024-05-05	Porvoo	Uusimaa (U)	Suomi	60.359185	25.638022	Sure	NEUTRAL	The Atlas of Finnish Fungi
korvasieni (fi) — Gyromitra esculenta	korvasieni (fi)	Muutamia	2024-05-05	Vihti	Varsinais-Suomi (V)	Suomi	60.540797	24.565889	Sure	NEUTRAL	The Atlas of Finnish Fungi
korvasieni (fi) — Gyromitra esculenta	korvasieni (fi)		2024-05-05	Kaarina	Varsinais-Suomi (V)	Suomi	60.4057	22.36404		COMMUNITY_VERIFIED	iNaturalist Suomi Finland
korvasieni (fi) — Gyromitra esculenta	korvasieni (fi)		2024-05-05	Vihti	Varsinais-Suomi (V)	Suomi	60.32066	24.49433		COMMUNITY_VERIFIED	iNaturalist Suomi Finland
korvasieni (fi) — Gyromitra esculenta	korvasieni (fi)		2024-05-05	Nurmijärvi	Uusimaa (U)	Suomi	60.54056	24.87466		COMMUNITY_VERIFIED	iNaturalist Suomi Finland
korvasieni (fi) — Gyromitra esculenta	korvasieni (fi)		2024-05-04	Tuusula	Uusimaa (U)	Suomi	60.36565	25.00207		COMMUNITY_VERIFIED	iNaturalist Suomi Finland
korvasieni (fi) — Gyromitra esculenta	korvasieni (fi)		2024-05-04	Espoo	Uusimaa (U)	Suomi	60.26821	24.61379		COMMUNITY_VERIFIED	iNaturalist Suomi Finland
korvasieni (fi) — Gyromitra esculenta	korvasieni (fi)		2024-05-04	Vihti	Varsinais-Suomi (V)	Suomi	60.33476	24.52343		COMMUNITY_VERIFIED	iNaturalist Suomi Finland
korvasieni (fi) — Gyromitra esculenta	korvasieni (fi)	3	2024-05-02	Porvoo	Uusimaa (U)	Suomi	60.388407	25.748917	Sure	NEUTRAL	The Atlas of Finnish Fungi
korvasieni (fi) — Gyromitra esculenta	korvasieni (fi)	muutama	2024-04-29	Loviisa	Uusimaa (U)	Suomi	60.527788	26.009483	Sure	NEUTRAL	The Atlas of Finnish Fungi
korvasieni (fi) — Gyromitra esculenta	korvasieni (fi)		2024-04-26	Rantasalmi	Etelä-Savo (ES)	Suomi	62.00916	28.41148		NEUTRAL	iNaturalist Suomi Finland
korvasieni (fi) — Gyromitra esculenta	korvasieni (fi)		2023-06-11	Rautalampi	Pohjois-Häme (PH)	Suomi	62.58789	26.70506		COMMUNITY_VERIFIED	iNaturalist Suomi Finland
korvasieni (fi) — Gyromitra esculenta	korvasieni (fi)		2023-06-11	Rovaniemi	Perä-Pohjanmaa (PeP)	Suomi	66.91035	25.4418		COMMUNITY_VERIFIED	iNaturalist Suomi Finland
korvasieni (fi) — Gyromitra esculenta	korvasieni (fi)	3	2023-06-10	Pyhäjärvi	Keski-Pohjanmaa (KP)	Suomi	63.775968	26.065438	Sure	NEUTRAL	The Atlas of Finnish Fungi
korvasieni (fi) — Gyromitra esculenta	korvasieni (fi)		2023-06-09	Sodankylä	Sompion Lappi (SoL)	Suomi	67.81654	27.57425		COMMUNITY_VERIFIED	iNaturalist Suomi Finland
korvasieni (fi) — Gyromitra esculenta	korvasieni (fi)		2023-06-08	Inari	Inarin Lappi (InL)	Suomi	68.4114	27.43264		COMMUNITY_VERIFIED	iNaturalist Suomi Finland
korvasieni (fi) — Gyromitra esculenta	korvasieni (fi)	1	2023-06-08	Enontekiö	Enontekiön Lappi (EnL)	Suomi	68.374775	23.67906		NEUTRAL	Löydös Open Finnish Observation Database
korvasieni (fi) — Gyromitra esculenta	korvasieni (fi)		2023-06-06	Pertunmaa	Etelä-Savo (ES)	Suomi	61.58988	26.46303		NEUTRAL	iNaturalist Suomi Finland
korvasieni (fi) — Gyromitra esculenta	korvasieni (fi)		2023-06-05	Oulu	Oulun Pohjanmaa (OP)	Suomi	65.13883	25.25023		COMMUNITY_VERIFIED	iNaturalist Suomi Finland
korvasieni (fi) — Gyromitra esculenta	korvasieni (fi)		2023-06-03	Suomussalmi	Kainuu (Kn)	Suomi	64.681791	29.72228	Sure	NEUTRAL	Notebook, general observations
korvasieni (fi) — Gyromitra esculenta	korvasieni (fi)		2023-06-03	Helsinki	Uusimaa (U)	Suomi	60.27178	25.16293		COMMUNITY_VERIFIED	iNaturalist Suomi Finland
korvasieni (fi) — Gyromitra esculenta	korvasieni (fi)		2023-06-02	Nurmes	Pohjois-Karjala (PK)	Suomi	63.79995	28.90403		COMMUNITY_VERIFIED	iNaturalist Suomi Finland
korvasieni (fi) — Gyromitra esculenta	korvasieni (fi)		2023-06-01	Pello	Perä-Pohjanmaa (PeP)	Suomi	66.75522	24.18861		COMMUNITY_VERIFIED	iNaturalist Suomi Finland
korvasieni (fi) — Gyromitra esculenta	korvasieni (fi)		2023-05-31	Sipoo	Uusimaa (U)	Suomi	60.30759	25.32646		COMMUNITY_VERIFIED	iNaturalist Suomi Finland
korvasieni (fi) — Gyromitra esculenta	korvasieni (fi)		2023-05-31	Iisalmi	Pohjois-Savo (PS)	Suomi	63.6472	27.20618		COMMUNITY_VERIFIED	iNaturalist Suomi Finland
korvasieni (fi) — Gyromitra esculenta	korvasieni (fi)		2023-05-31	Haapajärvi	Keski-Pohjanmaa (KP)	Suomi	63.77471	25.62833		COMMUNITY_VERIFIED	iNaturalist Suomi Finland
korvasieni (fi) — Gyromitra esculenta	korvasieni (fi)	2	2023-05-31	Alavus	Etelä-Pohjanmaa (EP)	Suomi	62.433921	23.42165	Sure	NEUTRAL	The Atlas of Finnish Fungi
korvasieni (fi) — Gyromitra esculenta	korvasieni (fi)	12	2023-05-30	Oulu	Oulun Pohjanmaa (OP)	Suomi	65.078465	25.531869	Sure	NEUTRAL	The Atlas of Finnish Fungi
korvasieni (fi) — Gyromitra esculenta	korvasieni (fi)		2023-05-30	Kuopio	Pohjois-Savo (PS)	Suomi	63.05432	28.35698		COMMUNITY_VERIFIED	iNaturalist Suomi Finland
korvasieni (fi) — Gyromitra esculenta	korvasieni (fi)		2023-05-30	Uurainen	Pohjois-Häme (PH)	Suomi	62.51201	25.41665		COMMUNITY_VERIFIED	iNaturalist Suomi Finland
korvasieni (fi) — Gyromitra esculenta	korvasieni (fi)		2023-05-30	Lieksa	Pohjois-Karjala (PK)	Suomi	63.11962	30.72408		COMMUNITY_VERIFIED	iNaturalist Suomi Finland
korvasieni (fi) — Gyromitra esculenta	korvasieni (fi)		2023-05-29	Harjavalta	Satakunta (St)	Suomi	61.34818	22.15399		COMMUNITY_VERIFIED	iNaturalist Suomi Finland
korvasieni (fi) — Gyromitra esculenta	korvasieni (fi)		2023-05-29	Joutsa	Etelä-Savo (ES)	Suomi	61.70098	26.22823		NEUTRAL	iNaturalist Suomi Finland
korvasieni (fi) — Gyromitra esculenta	korvasieni (fi)		2023-05-29	Lieksa	Pohjois-Karjala (PK)	Suomi	63.07994	29.82464		COMMUNITY_VERIFIED	iNaturalist Suomi Finland
korvasieni (fi) — Gyromitra esculenta	korvasieni (fi)		2023-05-28	Taivalkoski	Koillismaa (Ks)	Suomi	65.61024	27.99287		COMMUNITY_VERIFIED	iNaturalist Suomi Finland
korvasieni (fi) — Gyromitra esculenta	korvasieni (fi)		2023-05-28	Lieksa	Pohjois-Karjala (PK)	Suomi	63.13956	30.704		COMMUNITY_VERIFIED	iNaturalist Suomi Finland
korvasieni (fi) — Gyromitra esculenta	korvasieni (fi)		2023-05-27	Lahti	Etelä-Häme (EH)	Suomi	60.96164	25.85549		COMMUNITY_VERIFIED	iNaturalist Suomi Finland
korvasieni (fi) — Gyromitra esculenta	korvasieni (fi)	2	2023-05-27	Rovaniemi	Perä-Pohjanmaa (PeP)	Suomi	66.413893	25.837277	Sure	COMMUNITY_VERIFIED	The Atlas of Finnish Fungi
korvasieni (fi) — Gyromitra esculenta	korvasieni (fi)		2023-05-27	Jyväskylä	Pohjois-Häme (PH)	Suomi	62.12162	25.93047		COMMUNITY_VERIFIED	iNaturalist Suomi Finland
korvasieni (fi) — Gyromitra esculenta	korvasieni (fi)		2023-05-27	Vihti	Varsinais-Suomi (V)	Suomi	60.33562	24.52441		NEUTRAL	iNaturalist Suomi Finland
korvasieni (fi) — Gyromitra esculenta	korvasieni (fi)		2023-05-27	Porvoo	Uusimaa (U)	Suomi	60.45868	25.80509		COMMUNITY_VERIFIED	iNaturalist Suomi Finland
korvasieni (fi) — Gyromitra esculenta	korvasieni (fi)		2023-05-27	Kajaani	Kainuu (Kn)	Suomi	64.00993	27.08536		COMMUNITY_VERIFIED	iNaturalist Suomi Finland
korvasieni (fi) — Gyromitra esculenta	korvasieni (fi)		2023-05-27	Kajaani	Kainuu (Kn)	Suomi	64.00047	27.09537		COMMUNITY_VERIFIED	iNaturalist Suomi Finland
korvasieni (fi) — Gyromitra esculenta	korvasieni (fi)		2023-05-27	Kangasala	Etelä-Häme (EH)	Suomi	61.52238	24.43303		COMMUNITY_VERIFIED	iNaturalist Suomi Finland
korvasieni (fi) — Gyromitra esculenta	korvasieni (fi)	1	2023-05-27	Jyväskylä	Pohjois-Häme (PH)	Suomi	62.207845	25.743263	Sure	NEUTRAL	Notebook, general observations
korvasieni (fi) — Gyromitra esculenta	korvasieni (fi)		2023-05-26	Alavus	Etelä-Pohjanmaa (EP)	Suomi	62.48115	23.63146		COMMUNITY_VERIFIED	iNaturalist Suomi Finland
korvasieni (fi) — Gyromitra esculenta	korvasieni (fi)		2023-05-25	Parainen	Varsinais-Suomi (V)	Suomi	60.22084	22.29297		COMMUNITY_VERIFIED	iNaturalist Suomi Finland
korvasieni (fi) — Gyromitra esculenta	korvasieni (fi)		2023-05-25	Lapinlahti	Pohjois-Savo (PS)	Suomi	63.45378	27.45609		COMMUNITY_VERIFIED	iNaturalist Suomi Finland
korvasieni (fi) — Gyromitra esculenta	korvasieni (fi)		2023-05-25	Kuusamo	Koillismaa (Ks)	Suomi	66.36083	29.31933		COMMUNITY_VERIFIED	iNaturalist Suomi Finland
korvasieni (fi) — Gyromitra esculenta	korvasieni (fi)		2023-05-23	Joensuu, Kontiolahti, Liperi, Polvijärvi	Pohjois-Karjala (PK)	Suomi	62.7	29.7		COMMUNITY_VERIFIED	iNaturalist Suomi Finland
korvasieni (fi) — Gyromitra esculenta	korvasieni (fi)		2023-05-23	Vaala	Kainuu (Kn)	Suomi	64.7166	27.16248		COMMUNITY_VERIFIED	iNaturalist Suomi Finland
korvasieni (fi) — Gyromitra esculenta	korvasieni (fi)		2023-05-22	Ikaalinen	Satakunta (St)	Suomi	61.87437	23.44459		COMMUNITY_VERIFIED	iNaturalist Suomi Finland
korvasieni (fi) — Gyromitra esculenta	korvasieni (fi)		2023-05-22	Kemiönsaari	Varsinais-Suomi (V)	Suomi	60.06871	22.77063		NEUTRAL	iNaturalist Suomi Finland
korvasieni (fi) — Gyromitra esculenta	korvasieni (fi)		2023-05-22	Pudasjärvi	Oulun Pohjanmaa (OP)	Suomi	65.49472	26.4728		COMMUNITY_VERIFIED	iNaturalist Suomi Finland
korvasieni (fi) — Gyromitra esculenta	korvasieni (fi)		2023-05-22	Raasepori	Varsinais-Suomi (V)	Suomi	60.09259	23.29776		COMMUNITY_VERIFIED	iNaturalist Suomi Finland
korvasieni (fi) — Gyromitra esculenta	korvasieni (fi)		2023-05-21	Iisalmi	Pohjois-Savo (PS)	Suomi	63.64814	27.19659		COMMUNITY_VERIFIED	iNaturalist Suomi Finland
korvasieni (fi) — Gyromitra esculenta	korvasieni (fi)		2023-05-21	Porvoo	Uusimaa (U)	Suomi	60.34702	25.59868		COMMUNITY_VERIFIED	iNaturalist Suomi Finland
korvasieni (fi) — Gyromitra esculenta	korvasieni (fi)		2023-05-21	Paimio	Varsinais-Suomi (V)	Suomi	60.49533	22.6721		COMMUNITY_VERIFIED	iNaturalist Suomi Finland
korvasieni (fi) — Gyromitra esculenta	korvasieni (fi)		2023-05-21	Sysmä	Etelä-Häme (EH)	Suomi	61.429561	25.539011	Sure	NEUTRAL	Notebook, general observations
korvasieni (fi) — Gyromitra esculenta	korvasieni (fi)	3	2023-05-21 [12:45-13:45]	Rauma	Satakunta (St)	Suomi	61.099798	21.556802	Sure	NEUTRAL	Notebook, general observations
korvasieni (fi) — Gyromitra esculenta	korvasieni (fi)		2023-05-20	Eura, Eurajoki, Laitila, Rauma	Satakunta (St), Varsinais-Suomi (V)	Suomi	61.1	21.9		COMMUNITY_VERIFIED	iNaturalist Suomi Finland
korvasieni (fi) — Gyromitra esculenta	korvasieni (fi)		2023-05-20	Mäntsälä	Uusimaa (U)	Suomi	60.60059	25.23887		COMMUNITY_VERIFIED	iNaturalist Suomi Finland
korvasieni (fi) — Gyromitra esculenta	korvasieni (fi)		2023-05-20	Porvoo	Uusimaa (U)	Suomi	60.383245	25.681585	Sure	NEUTRAL	The Atlas of Finnish Fungi
korvasieni (fi) — Gyromitra esculenta	korvasieni (fi)	4	2023-05-20	Rovaniemi	Perä-Pohjanmaa (PeP)	Suomi	66.386402	26.866776	Sure	NEUTRAL	The Atlas of Finnish Fungi
korvasieni (fi) — Gyromitra esculenta	korvasieni (fi)		2023-05-20	Pudasjärvi	Oulun Pohjanmaa (OP)	Suomi	65.58967	27.70922		NEUTRAL	iNaturalist Suomi Finland
korvasieni (fi) — Gyromitra esculenta	korvasieni (fi)		2023-05-20	Kouvola	Etelä-Savo (ES)	Suomi	61.12433	26.75433		COMMUNITY_VERIFIED	iNaturalist Suomi Finland
korvasieni (fi) — Gyromitra esculenta	korvasieni (fi)		2023-05-20	Kouvola	Etelä-Savo (ES)	Suomi	60.9541	27.16033		NEUTRAL	iNaturalist Suomi Finland
korvasieni (fi) — Gyromitra esculenta	korvasieni (fi)	Muutama litra	2023-05-19 [12:28-17:24]	Kangasniemi	Etelä-Savo (ES)	Suomi	62.17709	26.411264	Sure	NEUTRAL	The Atlas of Finnish Fungi
korvasieni (fi) — Gyromitra esculenta	korvasieni (fi)		2023-05-19	Vihti	Varsinais-Suomi (V)	Suomi	60.32698	24.59483		COMMUNITY_VERIFIED	iNaturalist Suomi Finland
korvasieni (fi) — Gyromitra esculenta	korvasieni (fi)		2023-05-19	Reisjärvi	Keski-Pohjanmaa (KP)	Suomi	63.71288	24.95421		COMMUNITY_VERIFIED	iNaturalist Suomi Finland
korvasieni (fi) — Gyromitra esculenta	korvasieni (fi)		2023-05-19	Espoo	Uusimaa (U)	Suomi	60.1779	24.71015		COMMUNITY_VERIFIED	iNaturalist Suomi Finland
korvasieni (fi) — Gyromitra esculenta	korvasieni (fi)		2023-05-19	Nurmijärvi	Uusimaa (U)	Suomi	60.4987	24.64882		COMMUNITY_VERIFIED	iNaturalist Suomi Finland
korvasieni (fi) — Gyromitra esculenta	korvasieni (fi)		2023-05-18	Karkkila	Varsinais-Suomi (V)	Suomi	60.59083	24.35916		NEUTRAL	iNaturalist Suomi Finland
korvasieni (fi) — Gyromitra esculenta	korvasieni (fi)		2023-05-18	Hyvinkää, Hämeenlinna, Janakkala, Loppi	Etelä-Häme (EH), Uusimaa (U)	Suomi	60.7	24.5		NEUTRAL	iNaturalist Suomi Finland
korvasieni (fi) — Gyromitra esculenta	korvasieni (fi)	1	2023-05-18	Pedersören kunta	Keski-Pohjanmaa (KP)	Suomi	63.501919	22.887502		NEUTRAL	Löydös Open Finnish Observation Database
korvasieni (fi) — Gyromitra esculenta	korvasieni (fi)		2023-05-18	Riihimäki	Etelä-Häme (EH)	Suomi	60.67354	24.80945		COMMUNITY_VERIFIED	iNaturalist Suomi Finland
korvasieni (fi) — Gyromitra esculenta	korvasieni (fi)		2023-05-18	Taivalkoski	Koillismaa (Ks)	Suomi	65.291834	28.352861	Sure	NEUTRAL	The Atlas of Finnish Fungi
korvasieni (fi) — Gyromitra esculenta	korvasieni (fi)		2023-05-18	Urjala	Etelä-Häme (EH)	Suomi	61.04754	23.64072		COMMUNITY_VERIFIED	iNaturalist Suomi Finland
korvasieni (fi) — Gyromitra esculenta	korvasieni (fi)	3	2023-05-18 [13:05]	Hamina	Etelä-Karjala (EK)	Suomi	60.646097	27.281423	Sure	NEUTRAL	Notebook, general observations
korvasieni (fi) — Gyromitra esculenta	korvasieni (fi)		2023-05-17	Tampere	Etelä-Häme (EH)	Suomi	61.60191	23.977		COMMUNITY_VERIFIED	iNaturalist Suomi Finland
korvasieni (fi) — Gyromitra esculenta	korvasieni (fi)		2023-05-17	Pälkäne	Etelä-Häme (EH)	Suomi	61.32677	24.33965		COMMUNITY_VERIFIED	iNaturalist Suomi Finland
korvasieni (fi) — Gyromitra esculenta	korvasieni (fi)		2023-05-16	Espoo	Uusimaa (U)	Suomi	60.29267	24.56283		COMMUNITY_VERIFIED	iNaturalist Suomi Finland
korvasieni (fi) — Gyromitra esculenta	korvasieni (fi)		2023-05-16	Espoo	Uusimaa (U)	Suomi	60.32714	24.66652		COMMUNITY_VERIFIED	iNaturalist Suomi Finland
korvasieni (fi) — Gyromitra esculenta	korvasieni (fi)		2023-05-16	Kaavi	Pohjois-Karjala (PK)	Suomi	63.04676	28.88034		COMMUNITY_VERIFIED	iNaturalist Suomi Finland
korvasieni (fi) — Gyromitra esculenta	korvasieni (fi)	1	2023-05-15	Salo	Varsinais-Suomi (V)	Suomi	60.286183	23.080309	Sure	NEUTRAL	Notebook, general observations
korvasieni (fi) — Gyromitra esculenta	korvasieni (fi)		2023-05-15	Eurajoki	Satakunta (St)	Suomi	61.21429	21.73373		COMMUNITY_VERIFIED	iNaturalist Suomi Finland
korvasieni (fi) — Gyromitra esculenta	korvasieni (fi)		2023-05-15	Mikkeli	Etelä-Savo (ES)	Suomi	61.70559	27.26282		COMMUNITY_VERIFIED	iNaturalist Suomi Finland
korvasieni (fi) — Gyromitra esculenta	korvasieni (fi)		2023-05-14	Iisalmi	Pohjois-Savo (PS)	Suomi	63.65166	27.19415		COMMUNITY_VERIFIED	iNaturalist Suomi Finland
korvasieni (fi) — Gyromitra esculenta	korvasieni (fi)		2023-05-14	Helsinki	Uusimaa (U)	Suomi	60.19765	24.91373		COMMUNITY_VERIFIED	iNaturalist Suomi Finland
korvasieni (fi) — Gyromitra esculenta	korvasieni (fi)		2023-05-14	Naantali	Varsinais-Suomi (V)	Suomi	60.38709	21.9049		COMMUNITY_VERIFIED	iNaturalist Suomi Finland
korvasieni (fi) — Gyromitra esculenta	korvasieni (fi)	runsas	2023-05-13	Pieksämäki	Pohjois-Savo (PS)	Suomi	62.081036	27.383903	Sure	NEUTRAL	The Atlas of Finnish Fungi
korvasieni (fi) — Gyromitra esculenta	korvasieni (fi)		2023-05-13	Sastamala	Satakunta (St)	Suomi	61.376523	23.123107	Sure	NEUTRAL	The Atlas of Finnish Fungi
korvasieni (fi) — Gyromitra esculenta	korvasieni (fi)		2023-05-13	Tuusniemi	Pohjois-Savo (PS)	Suomi	62.81434	28.48714		COMMUNITY_VERIFIED	iNaturalist Suomi Finland
korvasieni (fi) — Gyromitra esculenta	korvasieni (fi)		2023-05-13	Espoo	Uusimaa (U)	Suomi	60.2918	24.65		COMMUNITY_VERIFIED	iNaturalist Suomi Finland
korvasieni (fi) — Gyromitra esculenta	korvasieni (fi)		2023-05-13	Helsinki	Uusimaa (U)	Suomi	60.27089	25.20725		COMMUNITY_VERIFIED	iNaturalist Suomi Finland
korvasieni (fi) — Gyromitra esculenta	korvasieni (fi)		2023-05-13	Hollola	Etelä-Häme (EH)	Suomi	61.01534	25.45312		COMMUNITY_VERIFIED	iNaturalist Suomi Finland
korvasieni (fi) — Gyromitra esculenta	korvasieni (fi)		2023-05-13	Laukaa	Pohjois-Häme (PH)	Suomi	62.48475	25.75071		NEUTRAL	iNaturalist Suomi Finland
korvasieni (fi) — Gyromitra esculenta	korvasieni (fi)		2023-05-12	Mikkeli	Etelä-Savo (ES)	Suomi	61.5069	27.28531		COMMUNITY_VERIFIED	iNaturalist Suomi Finland
korvasieni (fi) — Gyromitra esculenta	korvasieni (fi)		2023-05-12	Mikkeli	Etelä-Savo (ES)	Suomi	61.50691	27.28535		COMMUNITY_VERIFIED	iNaturalist Suomi Finland
korvasieni (fi) — Gyromitra esculenta	korvasieni (fi)		2023-05-12	Vihti	Varsinais-Suomi (V)	Suomi	60.32219	24.49303		COMMUNITY_VERIFIED	iNaturalist Suomi Finland
korvasieni (fi) — Gyromitra esculenta	korvasieni (fi)		2023-05-12	Tammela	Etelä-Häme (EH)	Suomi	60.65801	23.883		COMMUNITY_VERIFIED	iNaturalist Suomi Finland
korvasieni (fi) — Gyromitra esculenta	korvasieni (fi)	4	2023-05-12 [13:00]	Valkeakoski	Etelä-Häme (EH)	Suomi	61.250774	24.090533	Sure	NEUTRAL	Notebook, general observations
korvasieni (fi) — Gyromitra esculenta	korvasieni (fi)	2	2023-05-12 [13:06]	Valkeakoski	Etelä-Häme (EH)	Suomi	61.251026	24.090453	Sure	NEUTRAL	Notebook, general observations
korvasieni (fi) — Gyromitra esculenta	korvasieni (fi)	1	2023-05-12 [15:32]	Valkeakoski	Etelä-Häme (EH)	Suomi	61.248656	24.093154	Sure	NEUTRAL	Notebook, general observations
korvasieni (fi) — Gyromitra esculenta	korvasieni (fi)	1	2023-05-11 [3:00]	Espoo	Uusimaa (U)	Suomi	60.277518	24.620029	Sure	NEUTRAL	Notebook, general observations
korvasieni (fi) — Gyromitra esculenta	korvasieni (fi)	4	2023-05-11 [14:44]	Valkeakoski	Etelä-Häme (EH)	Suomi	61.252157	24.094071	Sure	NEUTRAL	Notebook, general observations
korvasieni (fi) — Gyromitra esculenta	korvasieni (fi)		2023-05-11	Helsinki	Uusimaa (U)	Suomi	60.26791	24.90469		COMMUNITY_VERIFIED	iNaturalist Suomi Finland
korvasieni (fi) — Gyromitra esculenta	korvasieni (fi)		2023-05-10	Loppi	Etelä-Häme (EH)	Suomi	60.68502	24.290615	Sure	NEUTRAL	Notebook, general observations
korvasieni (fi) — Gyromitra esculenta	korvasieni (fi)		2023-05-10	Lohja, Salo	Varsinais-Suomi (V)	Suomi	60.3	23.7		COMMUNITY_VERIFIED	iNaturalist Suomi Finland
korvasieni (fi) — Gyromitra esculenta	korvasieni (fi)		2023-05-10	Inkoo, Lohja, Raasepori, Salo	Uusimaa (U), Varsinais-Suomi (V)	Suomi	60.1	23.7		COMMUNITY_VERIFIED	iNaturalist Suomi Finland
korvasieni (fi) — Gyromitra esculenta	korvasieni (fi)		2023-05-10	Helsinki	Uusimaa (U)	Suomi	60.2228	24.924		COMMUNITY_VERIFIED	iNaturalist Suomi Finland
korvasieni (fi) — Gyromitra esculenta	korvasieni (fi)	9	2023-05-09 [13:14]	Valkeakoski	Etelä-Häme (EH)	Suomi	61.253479	24.090445	Sure	NEUTRAL	Notebook, general observations
korvasieni (fi) — Gyromitra esculenta	korvasieni (fi)		2023-05-09	Reisjärvi	Keski-Pohjanmaa (KP)	Suomi	63.71555	24.96696		COMMUNITY_VERIFIED	iNaturalist Suomi Finland
korvasieni (fi) — Gyromitra esculenta	korvasieni (fi)		2023-05-09	Hämeenlinna	Etelä-Häme (EH)	Suomi	61.23468	25.08217		COMMUNITY_VERIFIED	iNaturalist Suomi Finland
korvasieni (fi) — Gyromitra esculenta	korvasieni (fi)		2023-05-09	Hämeenlinna	Etelä-Häme (EH)	Suomi	61.216606	25.021855		NEUTRAL	Notebook, general observations
korvasieni (fi) — Gyromitra esculenta	korvasieni (fi)	11	2023-05-08 [11:53]	Valkeakoski	Etelä-Häme (EH)	Suomi	61.255561	24.095124	Sure	NEUTRAL	Notebook, general observations
korvasieni (fi) — Gyromitra esculenta	korvasieni (fi)		2023-05-08	Heinävesi	Pohjois-Savo (PS)	Suomi	62.39671	28.81455	Sure	NEUTRAL	The Atlas of Finnish Fungi
korvasieni (fi) — Gyromitra esculenta	korvasieni (fi)		2023-05-08	Espoo	Uusimaa (U)	Suomi	60.33793	24.65815		COMMUNITY_VERIFIED	iNaturalist Suomi Finland
korvasieni (fi) — Gyromitra esculenta	korvasieni (fi)		2023-05-08	Parainen	Varsinais-Suomi (V)	Suomi	60.23425	21.96495		COMMUNITY_VERIFIED	iNaturalist Suomi Finland
korvasieni (fi) — Gyromitra esculenta	korvasieni (fi)		2023-05-07	Nurmijärvi	Uusimaa (U)	Suomi	60.509115	24.747239	Sure	COMMUNITY_VERIFIED	The Atlas of Finnish Fungi
korvasieni (fi) — Gyromitra esculenta	korvasieni (fi)		2023-05-07	Sipoo	Uusimaa (U)	Suomi	60.4819	25.237025	Sure	NEUTRAL	The Atlas of Finnish Fungi
korvasieni (fi) — Gyromitra esculenta	korvasieni (fi)		2023-05-07	Hollola	Etelä-Häme (EH)	Suomi	61.01648	25.45322		COMMUNITY_VERIFIED	iNaturalist Suomi Finland
korvasieni (fi) — Gyromitra esculenta	korvasieni (fi)		2023-05-07	Hollola	Etelä-Häme (EH)	Suomi	61.01643	25.45326		COMMUNITY_VERIFIED	iNaturalist Suomi Finland
korvasieni (fi) — Gyromitra esculenta	korvasieni (fi)		2023-05-07	Iisalmi	Pohjois-Savo (PS)	Suomi	63.64655	27.17283		COMMUNITY_VERIFIED	iNaturalist Suomi Finland
korvasieni (fi) — Gyromitra esculenta	korvasieni (fi)		2023-05-07	Heinola	Etelä-Häme (EH)	Suomi	61.25644	26.07765		COMMUNITY_VERIFIED	iNaturalist Suomi Finland
korvasieni (fi) — Gyromitra esculenta	korvasieni (fi)		2023-05-07	Kaarina	Varsinais-Suomi (V)	Suomi	60.41134	22.37094		COMMUNITY_VERIFIED	iNaturalist Suomi Finland
korvasieni (fi) — Gyromitra esculenta	korvasieni (fi)		2023-05-07	Joroinen	Pohjois-Savo (PS)	Suomi	62.17556	27.97768		COMMUNITY_VERIFIED	iNaturalist Suomi Finland
korvasieni (fi) — Gyromitra esculenta	korvasieni (fi)		2023-05-07	Virrat	Pohjois-Häme (PH)	Suomi	62.23435	23.74533		NEUTRAL	iNaturalist Suomi Finland
korvasieni (fi) — Gyromitra esculenta	korvasieni (fi)		2023-05-06	Masku, Mynämäki, Naantali	Varsinais-Suomi (V)	Suomi	60.5	21.9		COMMUNITY_VERIFIED	iNaturalist Suomi Finland
korvasieni (fi) — Gyromitra esculenta	korvasieni (fi)		2023-05-06	Riihimäki	Etelä-Häme (EH)	Suomi	60.77321	24.82201		COMMUNITY_VERIFIED	iNaturalist Suomi Finland
korvasieni (fi) — Gyromitra esculenta	korvasieni (fi)		2023-05-06	Mikkeli	Etelä-Savo (ES)	Suomi	61.70134	27.42413		COMMUNITY_VERIFIED	iNaturalist Suomi Finland
korvasieni (fi) — Gyromitra esculenta	korvasieni (fi)		2023-05-06	Kirkkonummi	Uusimaa (U)	Suomi	60.14877	24.3639		COMMUNITY_VERIFIED	iNaturalist Suomi Finland
korvasieni (fi) — Gyromitra esculenta	korvasieni (fi)		2023-05-06	Sipoo	Uusimaa (U)	Suomi	60.32722	25.12477		COMMUNITY_VERIFIED	iNaturalist Suomi Finland
korvasieni (fi) — Gyromitra esculenta	korvasieni (fi)		2023-05-06	Turku	Varsinais-Suomi (V)	Suomi	60.38453	22.13711		COMMUNITY_VERIFIED	iNaturalist Suomi Finland
korvasieni (fi) — Gyromitra esculenta	korvasieni (fi)		2023-05-06	Lempäälä	Etelä-Häme (EH)	Suomi	61.314	23.82871		NEUTRAL	iNaturalist Suomi Finland
korvasieni (fi) — Gyromitra esculenta	korvasieni (fi)		2023-05-06	Espoo	Uusimaa (U)	Suomi	60.33241	24.61229		NEUTRAL	iNaturalist Suomi Finland
korvasieni (fi) — Gyromitra esculenta	korvasieni (fi)		2023-05-05	Seinäjoki	Etelä-Pohjanmaa (EP)	Suomi	62.78772	22.85043		COMMUNITY_VERIFIED	iNaturalist Suomi Finland
korvasieni (fi) — Gyromitra esculenta	korvasieni (fi)		2023-05-04	Imatra	Etelä-Savo (ES)	Suomi	61.20295	28.72881		COMMUNITY_VERIFIED	iNaturalist Suomi Finland
korvasieni (fi) — Gyromitra esculenta	korvasieni (fi)		2023-05-01	Inkoo, Lohja, Raasepori, Salo	Uusimaa (U), Varsinais-Suomi (V)	Suomi	60.1	23.7		COMMUNITY_VERIFIED	iNaturalist Suomi Finland
korvasieni (fi) — Gyromitra esculenta	korvasieni (fi)	4	2023-05-01	Porvoo	Uusimaa (U)	Suomi	60.353916	25.724337	Sure	NEUTRAL	The Atlas of Finnish Fungi
korvasieni (fi) — Gyromitra esculenta	korvasieni (fi)		2023-05-01	Tuusula	Uusimaa (U)	Suomi	60.42574	25.07068		COMMUNITY_VERIFIED	iNaturalist Suomi Finland
korvasieni (fi) — Gyromitra esculenta	korvasieni (fi)		2023-05-01	Mikkeli	Etelä-Savo (ES)	Suomi	61.65748	27.28354		COMMUNITY_VERIFIED	iNaturalist Suomi Finland
korvasieni (fi) — Gyromitra esculenta	korvasieni (fi)		2023-05-01	Rauma	Satakunta (St)	Suomi	61.13059	21.49034		COMMUNITY_VERIFIED	iNaturalist Suomi Finland
korvasieni (fi) — Gyromitra esculenta	korvasieni (fi)		2023-05-01	Vihti	Varsinais-Suomi (V)	Suomi	60.33929	24.60759		COMMUNITY_VERIFIED	iNaturalist Suomi Finland
korvasieni (fi) — Gyromitra esculenta	korvasieni (fi)		2023-04-29	Turku	Varsinais-Suomi (V)	Suomi	60.42165	22.31981		COMMUNITY_VERIFIED	iNaturalist Suomi Finland
korvasieni (fi) — Gyromitra esculenta	korvasieni (fi)	12	2023-04-29	Espoo, Helsinki, Vantaa	Uusimaa (U)	Suomi	60.260102	24.91945	Sure	NEUTRAL	Notebook, general observations
korvasieni (fi) — Gyromitra esculenta	korvasieni (fi)		2023-04-29	Kerava	Uusimaa (U)	Suomi	60.37169	25.13941		COMMUNITY_VERIFIED	iNaturalist Suomi Finland
korvasieni (fi) — Gyromitra esculenta	korvasieni (fi)		2023-04-29	Turku	Varsinais-Suomi (V)	Suomi	60.45306	22.33928		COMMUNITY_VERIFIED	iNaturalist Suomi Finland
korvasieni (fi) — Gyromitra esculenta	korvasieni (fi)		2023-04-29	Salo	Varsinais-Suomi (V)	Suomi	60.17683	23.27674		COMMUNITY_VERIFIED	iNaturalist Suomi Finland
korvasieni (fi) — Gyromitra esculenta	korvasieni (fi)		2023-04-29	Padasjoki	Etelä-Häme (EH)	Suomi	61.32186	25.01629		COMMUNITY_VERIFIED	iNaturalist Suomi Finland
korvasieni (fi) — Gyromitra esculenta	korvasieni (fi)		2023-04-28	Valkeakoski	Etelä-Häme (EH)	Suomi	61.25798	24.06543		COMMUNITY_VERIFIED	iNaturalist Suomi Finland
korvasieni (fi) — Gyromitra esculenta	korvasieni (fi)	3	2023-04-27	Helsinki	Uusimaa (U)	Suomi	60.214215	25.03816	Sure	NEUTRAL	The Atlas of Finnish Fungi
korvasieni (fi) — Gyromitra esculenta	korvasieni (fi)		2023-04-26	Vihti	Varsinais-Suomi (V)	Suomi	60.44828	24.49544		COMMUNITY_VERIFIED	iNaturalist Suomi Finland
korvasieni (fi) — Gyromitra esculenta	korvasieni (fi)		2023-04-26	Mikkeli	Etelä-Savo (ES)	Suomi	61.70564	27.42662		COMMUNITY_VERIFIED	iNaturalist Suomi Finland
korvasieni (fi) — Gyromitra esculenta	korvasieni (fi)	5	2023-04-26 [14:50]	Hamina	Etelä-Karjala (EK)	Suomi	60.661671	27.323895	Sure	NEUTRAL	Notebook, general observations
korvasieni (fi) — Gyromitra esculenta	korvasieni (fi)		2023-04-24	Siuntio	Uusimaa (U)	Suomi	60.26546	24.31135		COMMUNITY_VERIFIED	iNaturalist Suomi Finland
korvasieni (fi) — Gyromitra esculenta	korvasieni (fi)		2023-04-22	Pälkäne	Etelä-Häme (EH)	Suomi	61.4097	24.57691		COMMUNITY_VERIFIED	iNaturalist Suomi Finland
korvasieni (fi) — Gyromitra esculenta	korvasieni (fi)	4	2023-04-13	Espoo, Helsinki, Vantaa	Uusimaa (U)	Suomi	60.260102	24.91945	Sure	NEUTRAL	Notebook, general observations
korvasieni (fi) — Gyromitra esculenta	korvasieni (fi)		2023-04-12	Kauniainen	Uusimaa (U)	Suomi	60.212723	24.681996	Sure	NEUTRAL	The Atlas of Finnish Fungi
korvasieni (fi) — Gyromitra esculenta	korvasieni (fi)		2023-04-11	Sipoo	Uusimaa (U)	Suomi	60.31377	25.16184		COMMUNITY_VERIFIED	iNaturalist Suomi Finland
korvasieni (fi) — Gyromitra esculenta	korvasieni (fi)		2022-08-29	Joensuu	Pohjois-Karjala (PK)	Suomi	62.60361	29.73892		NEUTRAL	iNaturalist Suomi Finland
korvasieni (fi) — Gyromitra esculenta	korvasieni (fi)		2022-06-15	Pirkkala	Etelä-Häme (EH)	Suomi	61.44916	23.57771		COMMUNITY_VERIFIED	iNaturalist Suomi Finland
korvasieni (fi) — Gyromitra esculenta	korvasieni (fi)		2022-06-14	Sodankylä	Sompion Lappi (SoL)	Suomi	67.560222	25.909913	Sure	NEUTRAL	Notebook, general observations
korvasieni (fi) — Gyromitra esculenta	korvasieni (fi)		2022-06-14	Sodankylä	Sompion Lappi (SoL)	Suomi	67.561447	25.899497	Sure	NEUTRAL	Notebook, general observations
korvasieni (fi) — Gyromitra esculenta	korvasieni (fi)		2022-06-12	Keuruu, Multia	Pohjois-Häme (PH)	Suomi	62.3	24.7		COMMUNITY_VERIFIED	iNaturalist Suomi Finland
korvasieni (fi) — Gyromitra esculenta	korvasieni (fi)		2022-06-12	Rautavaara	Pohjois-Karjala (PK)	Suomi	63.53528	28.22167		COMMUNITY_VERIFIED	iNaturalist Suomi Finland
korvasieni (fi) — Gyromitra esculenta	korvasieni (fi)		2022-06-11	Mäntsälä	Uusimaa (U)	Suomi	60.66793	25.14313		COMMUNITY_VERIFIED	iNaturalist Suomi Finland
korvasieni (fi) — Gyromitra esculenta	korvasieni (fi)		2022-06-11	Jämijärvi	Satakunta (St)	Suomi	61.82773	22.67068		NEUTRAL	iNaturalist Suomi Finland
korvasieni (fi) — Gyromitra esculenta	korvasieni (fi)		2022-06-10	Asikkala, Heinola, Sysmä	Etelä-Häme (EH)	Suomi	61.3	25.9		COMMUNITY_VERIFIED	iNaturalist Suomi Finland
korvasieni (fi) — Gyromitra esculenta	korvasieni (fi)		2022-06-10	Äänekoski	Pohjois-Häme (PH)	Suomi	62.7735	25.76275		NEUTRAL	iNaturalist Suomi Finland
korvasieni (fi) — Gyromitra esculenta	korvasieni (fi)		2022-06-10	Äänekoski	Pohjois-Häme (PH)	Suomi	62.77453	25.77076		COMMUNITY_VERIFIED	iNaturalist Suomi Finland
korvasieni (fi) — Gyromitra esculenta	korvasieni (fi)		2022-06-06	Kolari	Kittilän Lappi (KiL)	Suomi	67.6136	24.13758		COMMUNITY_VERIFIED	iNaturalist Suomi Finland
korvasieni (fi) — Gyromitra esculenta	korvasieni (fi)		2022-06-06	Kuusamo	Koillismaa (Ks)	Suomi	66.35871	29.32473		COMMUNITY_VERIFIED	iNaturalist Suomi Finland
korvasieni (fi) — Gyromitra esculenta	korvasieni (fi)		2022-06-06	Salla	Koillismaa (Ks)	Suomi	66.54214	28.94151		COMMUNITY_VERIFIED	iNaturalist Suomi Finland
korvasieni (fi) — Gyromitra esculenta	korvasieni (fi)	1	2022-06-06 [18:15]	Hamina	Etelä-Karjala (EK)	Suomi	60.654958	27.262248	Sure	NEUTRAL	Notebook, general observations
korvasieni (fi) — Gyromitra esculenta	korvasieni (fi)	1	2022-06-06 [19:15]	Hamina	Etelä-Karjala (EK)	Suomi	60.660003	27.257132	Sure	NEUTRAL	Notebook, general observations
korvasieni (fi) — Gyromitra esculenta	korvasieni (fi)		2022-06-05	Sipoo	Uusimaa (U)	Suomi	60.40053	25.17299		COMMUNITY_VERIFIED	iNaturalist Suomi Finland
korvasieni (fi) — Gyromitra esculenta	korvasieni (fi)		2022-06-05	Mäntsälä	Uusimaa (U)	Suomi	60.63366	25.11718		COMMUNITY_VERIFIED	iNaturalist Suomi Finland
korvasieni (fi) — Gyromitra esculenta	korvasieni (fi)		2022-06-05	Sotkamo	Kainuu (Kn)	Suomi	64.11842	28.24355		COMMUNITY_VERIFIED	iNaturalist Suomi Finland
korvasieni (fi) — Gyromitra esculenta	korvasieni (fi)		2022-06-05	Hämeenlinna	Etelä-Häme (EH)	Suomi	61.21614	25.01945		COMMUNITY_VERIFIED	iNaturalist Suomi Finland
korvasieni (fi) — Gyromitra esculenta	korvasieni (fi)		2022-06-04 - 2022-06-10	Suomussalmi	Kainuu (Kn)	Suomi	65.176488	29.228406	Sure	NEUTRAL	Notebook, general observations
korvasieni (fi) — Gyromitra esculenta	korvasieni (fi)		2022-06-04	Hollola, Kärkölä, Mäntsälä, Orimattila	Etelä-Häme (EH), Uusimaa (U)	Suomi	60.9	25.3		COMMUNITY_VERIFIED	iNaturalist Suomi Finland
korvasieni (fi) — Gyromitra esculenta	korvasieni (fi)		2022-06-04	Iisalmi	Pohjois-Savo (PS)	Suomi	63.65139	27.19389		COMMUNITY_VERIFIED	iNaturalist Suomi Finland
korvasieni (fi) — Gyromitra esculenta	korvasieni (fi)		2022-06-04	Oulu	Oulun Pohjanmaa (OP)	Suomi	65.09167	25.44849		COMMUNITY_VERIFIED	iNaturalist Suomi Finland
korvasieni (fi) — Gyromitra esculenta	korvasieni (fi)		2022-06-03	Oulu	Oulun Pohjanmaa (OP)	Suomi	65.1543	25.313527	Sure	NEUTRAL	The Atlas of Finnish Fungi
korvasieni (fi) — Gyromitra esculenta	korvasieni (fi)	5	2022-06-03 [15:05]	Hamina	Etelä-Karjala (EK)	Suomi	60.657395	27.325333	Sure	NEUTRAL	Notebook, general observations
korvasieni (fi) — Gyromitra esculenta	korvasieni (fi)		2022-06-01	Mikkeli	Etelä-Savo (ES)	Suomi	61.49332	27.24734		COMMUNITY_VERIFIED	iNaturalist Suomi Finland
korvasieni (fi) — Gyromitra esculenta	korvasieni (fi)		2022-06-01	Mikkeli	Etelä-Savo (ES)	Suomi	61.49676	27.29332		COMMUNITY_VERIFIED	iNaturalist Suomi Finland
korvasieni (fi) — Gyromitra esculenta	korvasieni (fi)		2022-06-01	Karstula	Pohjois-Häme (PH)	Suomi	62.801521	24.483452	Sure	NEUTRAL	Notebook, general observations
korvasieni (fi) — Gyromitra esculenta	korvasieni (fi)		2022-05-31	Sotkamo	Kainuu (Kn)	Suomi	64.07991	28.23478		COMMUNITY_VERIFIED	iNaturalist Suomi Finland
korvasieni (fi) — Gyromitra esculenta	korvasieni (fi)	1	2022-05-31	Karstula	Pohjois-Häme (PH)	Suomi	62.82427	24.454343	Sure	NEUTRAL	Notebook, general observations
korvasieni (fi) — Gyromitra esculenta	korvasieni (fi)		2022-05-30	Rovaniemi	Perä-Pohjanmaa (PeP)	Suomi	66.946582	25.790806	Sure	NEUTRAL	The Atlas of Finnish Fungi
korvasieni (fi) — Gyromitra esculenta	korvasieni (fi)		2022-05-30 [13:17]	Laukaa	Pohjois-Häme (PH)	Suomi	62.241965	26.263562	Sure	NEUTRAL	The Atlas of Finnish Fungi
korvasieni (fi) — Gyromitra esculenta	korvasieni (fi)		2022-05-29	Valkeakoski	Etelä-Häme (EH)	Suomi	61.26669	24.07736		COMMUNITY_VERIFIED	iNaturalist Suomi Finland
korvasieni (fi) — Gyromitra esculenta	korvasieni (fi)		2022-05-29	Keminmaa	Perä-Pohjanmaa (PeP)	Suomi	65.8119	24.52987		COMMUNITY_VERIFIED	iNaturalist Suomi Finland
korvasieni (fi) — Gyromitra esculenta	korvasieni (fi)		2022-05-28	Heinola	Etelä-Häme (EH)	Suomi	61.166453	25.933469	Sure	NEUTRAL	The Atlas of Finnish Fungi
korvasieni (fi) — Gyromitra esculenta	korvasieni (fi)		2022-05-28	Merikarvia	Satakunta (St)	Suomi	61.97925	21.53841		COMMUNITY_VERIFIED	iNaturalist Suomi Finland
korvasieni (fi) — Gyromitra esculenta	korvasieni (fi)		2022-05-28	Rantasalmi	Etelä-Savo (ES)	Suomi	61.98219	28.28457		COMMUNITY_VERIFIED	iNaturalist Suomi Finland
korvasieni (fi) — Gyromitra esculenta	korvasieni (fi)		2022-05-28	Hämeenlinna	Etelä-Häme (EH)	Suomi	61.21193	25.08705		NEUTRAL	iNaturalist Suomi Finland
korvasieni (fi) — Gyromitra esculenta	korvasieni (fi)		2022-05-26	Savonlinna	Etelä-Savo (ES)	Suomi	61.88836	28.99683		COMMUNITY_VERIFIED	iNaturalist Suomi Finland
korvasieni (fi) — Gyromitra esculenta	korvasieni (fi)		2022-05-26	Joutsa	Etelä-Savo (ES)	Suomi	61.68581	26.2335		COMMUNITY_VERIFIED	iNaturalist Suomi Finland
korvasieni (fi) — Gyromitra esculenta	korvasieni (fi)		2022-05-26	Joensuu	Pohjois-Karjala (PK)	Suomi	62.98528	30.06464		COMMUNITY_VERIFIED	iNaturalist Suomi Finland
korvasieni (fi) — Gyromitra esculenta	korvasieni (fi)		2022-05-26	Pello	Perä-Pohjanmaa (PeP)	Suomi	66.79398	24.17338		COMMUNITY_VERIFIED	iNaturalist Suomi Finland
korvasieni (fi) — Gyromitra esculenta	korvasieni (fi)		2022-05-25	Pyhäntä	Keski-Pohjanmaa (KP)	Suomi	63.91803	26.43233		COMMUNITY_VERIFIED	iNaturalist Suomi Finland
korvasieni (fi) — Gyromitra esculenta	korvasieni (fi)		2022-05-25	Nurmes	Pohjois-Karjala (PK)	Suomi	63.61347	28.73346		COMMUNITY_VERIFIED	iNaturalist Suomi Finland
korvasieni (fi) — Gyromitra esculenta	korvasieni (fi)		2022-05-25	Iisalmi	Pohjois-Savo (PS)	Suomi	63.64932	27.19716		COMMUNITY_VERIFIED	iNaturalist Suomi Finland
korvasieni (fi) — Gyromitra esculenta	korvasieni (fi)		2022-05-25	Iisalmi	Pohjois-Savo (PS)	Suomi	63.64833	27.19806		COMMUNITY_VERIFIED	iNaturalist Suomi Finland
korvasieni (fi) — Gyromitra esculenta	korvasieni (fi)	2	2022-05-25 [20:15]	Taipalsaari	Etelä-Savo (ES)	Suomi	61.25239	27.85713	Sure	NEUTRAL	Notebook, general observations
korvasieni (fi) — Gyromitra esculenta	korvasieni (fi)	1	2022-05-25 [20:40]	Taipalsaari	Etelä-Savo (ES)	Suomi	61.236922	27.87062	Sure	NEUTRAL	Notebook, general observations
korvasieni (fi) — Gyromitra esculenta	korvasieni (fi)		2022-05-25	Karstula	Pohjois-Häme (PH)	Suomi	62.843039	24.480928	Sure	NEUTRAL	Notebook, general observations
korvasieni (fi) — Gyromitra esculenta	korvasieni (fi)		2022-05-25	Karstula	Pohjois-Häme (PH)	Suomi	62.832783	24.484386	Sure	NEUTRAL	Notebook, general observations
korvasieni (fi) — Gyromitra esculenta	korvasieni (fi)	Useita n. 20 l	2022-05-24	Kangasniemi	Etelä-Savo (ES)	Suomi	62.174769	26.412028	Sure	NEUTRAL	The Atlas of Finnish Fungi
korvasieni (fi) — Gyromitra esculenta	korvasieni (fi)		2022-05-24	Nurmes	Pohjois-Karjala (PK)	Suomi	63.47675	29.13688		COMMUNITY_VERIFIED	iNaturalist Suomi Finland
korvasieni (fi) — Gyromitra esculenta	korvasieni (fi)		2022-05-24	Pieksämäki	Pohjois-Savo (PS)	Suomi	62.36168	27.67282		COMMUNITY_VERIFIED	iNaturalist Suomi Finland
korvasieni (fi) — Gyromitra esculenta	korvasieni (fi)	10	2022-05-24 [21:00]	Hamina	Etelä-Karjala (EK)	Suomi	60.644074	27.295626	Sure	NEUTRAL	Notebook, general observations
korvasieni (fi) — Gyromitra esculenta	korvasieni (fi)		2022-05-24	Enonkoski, Savonlinna	Etelä-Savo (ES)	Suomi	62.112167	28.974323	Sure	NEUTRAL	Notebook, general observations
korvasieni (fi) — Gyromitra esculenta	korvasieni (fi)		2022-05-23	Hankasalmi, Pieksämäki, Rautalampi	Pohjois-Häme (PH), Pohjois-Savo (PS)	Suomi	62.5	26.7		COMMUNITY_VERIFIED	iNaturalist Suomi Finland
korvasieni (fi) — Gyromitra esculenta	korvasieni (fi)		2022-05-23	Hankasalmi	Pohjois-Häme (PH)	Suomi	62.409051	26.603304	Sure	NEUTRAL	The Atlas of Finnish Fungi
korvasieni (fi) — Gyromitra esculenta	korvasieni (fi)		2022-05-23	Kittilä	Kittilän Lappi (KiL)	Suomi	67.80873	24.76478		COMMUNITY_VERIFIED	iNaturalist Suomi Finland
korvasieni (fi) — Gyromitra esculenta	korvasieni (fi)		2022-05-23	Muurame	Etelä-Häme (EH)	Suomi	62.18343	25.57799		NEUTRAL	iNaturalist Suomi Finland
korvasieni (fi) — Gyromitra esculenta	korvasieni (fi)		2022-05-22	Hankasalmi, Pieksämäki, Rautalampi	Pohjois-Häme (PH), Pohjois-Savo (PS)	Suomi	62.5	26.7		COMMUNITY_VERIFIED	iNaturalist Suomi Finland
korvasieni (fi) — Gyromitra esculenta	korvasieni (fi)	2	2022-05-22	Rautalampi	Pohjois-Häme (PH)	Suomi	62.555701	26.623334	Sure	NEUTRAL	The Atlas of Finnish Fungi
korvasieni (fi) — Gyromitra esculenta	korvasieni (fi)		2022-05-22	Virrat	Pohjois-Häme (PH)	Suomi	62.21523	23.80156		COMMUNITY_VERIFIED	iNaturalist Suomi Finland
korvasieni (fi) — Gyromitra esculenta	korvasieni (fi)		2022-05-22	Ruokolahti	Etelä-Savo (ES)	Suomi	61.29196	28.81557		COMMUNITY_VERIFIED	iNaturalist Suomi Finland
korvasieni (fi) — Gyromitra esculenta	korvasieni (fi)		2022-05-22	Jyväskylä	Pohjois-Häme (PH)	Suomi	62.25326	25.669225	Sure	NEUTRAL	Notebook, general observations
korvasieni (fi) — Gyromitra esculenta	korvasieni (fi)	5	2022-05-21	Sodankylä	Sompion Lappi (SoL)	Suomi	67.704556	26.998063		NEUTRAL	Löydös Open Finnish Observation Database
korvasieni (fi) — Gyromitra esculenta	korvasieni (fi)		2022-05-21	Pudasjärvi	Oulun Pohjanmaa (OP)	Suomi	65.32053	27.47177		NEUTRAL	iNaturalist Suomi Finland
korvasieni (fi) — Gyromitra esculenta	korvasieni (fi)		2022-05-21	Pudasjärvi	Oulun Pohjanmaa (OP)	Suomi	65.32165	27.47033		NEUTRAL	iNaturalist Suomi Finland
korvasieni (fi) — Gyromitra esculenta	korvasieni (fi)		2022-05-21	Hämeenlinna	Etelä-Häme (EH)	Suomi	61.24075	25.06299		NEUTRAL	iNaturalist Suomi Finland
korvasieni (fi) — Gyromitra esculenta	korvasieni (fi)		2022-05-21	Vihti	Varsinais-Suomi (V)	Suomi	60.3324	24.50352		COMMUNITY_VERIFIED	iNaturalist Suomi Finland
korvasieni (fi) — Gyromitra esculenta	korvasieni (fi)		2022-05-21	Kuopio	Pohjois-Savo (PS)	Suomi	62.87666	27.59359		COMMUNITY_VERIFIED	iNaturalist Suomi Finland
korvasieni (fi) — Gyromitra esculenta	korvasieni (fi)		2022-05-21	Polvijärvi	Pohjois-Karjala (PK)	Suomi	62.74038	29.55676		NEUTRAL	iNaturalist Suomi Finland
korvasieni (fi) — Gyromitra esculenta	korvasieni (fi)	1	2022-05-20	Lieksa	Pohjois-Karjala (PK)	Suomi	63.481526	30.230533	Sure	NEUTRAL	Notebook, general observations
korvasieni (fi) — Gyromitra esculenta	korvasieni (fi)	3	2022-05-20	Kivijärvi	Pohjois-Häme (PH)	Suomi	63.163015	25.025017		NEUTRAL	Löydös Open Finnish Observation Database
korvasieni (fi) — Gyromitra esculenta	korvasieni (fi)		2022-05-20	Mikkeli	Etelä-Savo (ES)	Suomi	61.66816	27.76862		COMMUNITY_VERIFIED	iNaturalist Suomi Finland
korvasieni (fi) — Gyromitra esculenta	korvasieni (fi)		2022-05-20	Mikkeli	Etelä-Savo (ES)	Suomi	61.44815	27.54597		COMMUNITY_VERIFIED	iNaturalist Suomi Finland
korvasieni (fi) — Gyromitra esculenta	korvasieni (fi)	5	2022-05-20	Tampere	Etelä-Häme (EH)	Suomi	61.486912	23.913817		NEUTRAL	Notebook, general observations
korvasieni (fi) — Gyromitra esculenta	korvasieni (fi)		2022-05-20	Polvijärvi	Pohjois-Karjala (PK)	Suomi	62.828906	29.247912	Sure	NEUTRAL	Notebook, general observations
korvasieni (fi) — Gyromitra esculenta	korvasieni (fi)		2022-05-19	Turku	Varsinais-Suomi (V)	Suomi	60.51735	22.28458		COMMUNITY_VERIFIED	iNaturalist Suomi Finland
korvasieni (fi) — Gyromitra esculenta	korvasieni (fi)		2022-05-19	Jyväskylä	Etelä-Häme (EH)	Suomi	62.07687	25.34588		COMMUNITY_VERIFIED	iNaturalist Suomi Finland
korvasieni (fi) — Gyromitra esculenta	korvasieni (fi)		2022-05-19	Polvijärvi	Pohjois-Karjala (PK)	Suomi	62.849684	29.285119	Sure	NEUTRAL	Notebook, general observations
korvasieni (fi) — Gyromitra esculenta	korvasieni (fi)	1	2022-05-19	Laihia	Etelä-Pohjanmaa (EP)	Suomi	62.902968	21.94806	Sure	NEUTRAL	The Atlas of Finnish Fungi
korvasieni (fi) — Gyromitra esculenta	korvasieni (fi)	1	2022-05-18	Karstula	Pohjois-Häme (PH)	Suomi	62.852853	24.420653	Sure	NEUTRAL	Notebook, general observations
korvasieni (fi) — Gyromitra esculenta	korvasieni (fi)		2022-05-18	Karstula	Pohjois-Häme (PH)	Suomi	62.847216	24.441484	Sure	NEUTRAL	Notebook, general observations
korvasieni (fi) — Gyromitra esculenta	korvasieni (fi)		2022-05-18	Salo	Varsinais-Suomi (V)	Suomi	60.3	23.1		COMMUNITY_VERIFIED	iNaturalist Suomi Finland
korvasieni (fi) — Gyromitra esculenta	korvasieni (fi)	1	2022-05-18	Savonlinna	Etelä-Savo (ES)	Suomi	61.641826	29.258347	Sure	NEUTRAL	The Atlas of Finnish Fungi
korvasieni (fi) — Gyromitra esculenta	korvasieni (fi)		2022-05-18	Kuopio	Pohjois-Savo (PS)	Suomi	62.87691	27.59272		COMMUNITY_VERIFIED	iNaturalist Suomi Finland
korvasieni (fi) — Gyromitra esculenta	korvasieni (fi)		2022-05-18	Perho	Keski-Pohjanmaa (KP)	Suomi	63.33502	24.35438		COMMUNITY_VERIFIED	iNaturalist Suomi Finland
korvasieni (fi) — Gyromitra esculenta	korvasieni (fi)		2022-05-18	Halsua	Keski-Pohjanmaa (KP)	Suomi	63.35136	24.33803		COMMUNITY_VERIFIED	iNaturalist Suomi Finland
korvasieni (fi) — Gyromitra esculenta	korvasieni (fi)		2022-05-18	Mikkeli	Etelä-Savo (ES)	Suomi	61.70164	27.42425		COMMUNITY_VERIFIED	iNaturalist Suomi Finland
korvasieni (fi) — Gyromitra esculenta	korvasieni (fi)	1	2022-05-17 [13:30]	Hamina	Etelä-Karjala (EK)	Suomi	60.6136	27.38367	Sure	NEUTRAL	Notebook, general observations
korvasieni (fi) — Gyromitra esculenta	korvasieni (fi)	1	2022-05-16	Porvoo	Uusimaa (U)	Suomi	60.356576	25.726191	Sure	NEUTRAL	Notebook, general observations
korvasieni (fi) — Gyromitra esculenta	korvasieni (fi)		2022-05-16	Mäntsälä	Uusimaa (U)	Suomi	60.58578	25.2123		COMMUNITY_VERIFIED	iNaturalist Suomi Finland
korvasieni (fi) — Gyromitra esculenta	korvasieni (fi)		2022-05-16	Padasjoki	Etelä-Häme (EH)	Suomi	61.34478	25.47126		COMMUNITY_VERIFIED	iNaturalist Suomi Finland
korvasieni (fi) — Gyromitra esculenta	korvasieni (fi)		2022-05-16	Lohja	Varsinais-Suomi (V)	Suomi	60.21222	23.78498		COMMUNITY_VERIFIED	iNaturalist Suomi Finland
korvasieni (fi) — Gyromitra esculenta	korvasieni (fi)	2	2022-05-16	Helsinki, Sipoo, Vantaa	Uusimaa (U)	Suomi	60.262809	25.09998	Sure	NEUTRAL	Notebook, general observations
korvasieni (fi) — Gyromitra esculenta	korvasieni (fi)		2022-05-15	Taivalkoski	Koillismaa (Ks)	Suomi	65.284369	28.367788	Sure	NEUTRAL	The Atlas of Finnish Fungi
korvasieni (fi) — Gyromitra esculenta	korvasieni (fi)		2022-05-15	Alajärvi	Keski-Pohjanmaa (KP)	Suomi	62.91998	23.76089		COMMUNITY_VERIFIED	iNaturalist Suomi Finland
korvasieni (fi) — Gyromitra esculenta	korvasieni (fi)		2022-05-15	Iisalmi	Pohjois-Savo (PS)	Suomi	63.6053	27.09016		COMMUNITY_VERIFIED	iNaturalist Suomi Finland
korvasieni (fi) — Gyromitra esculenta	korvasieni (fi)	13	2022-05-14	Jyväskylä, Jämsä, Kuhmoinen, Luhanka	Etelä-Häme (EH)	Suomi	61.794631	25.574908	Sure	NEUTRAL	Notebook, general observations
korvasieni (fi) — Gyromitra esculenta	korvasieni (fi)		2022-05-14	Uusikaupunki	Varsinais-Suomi (V)	Suomi	60.83767	21.24815		COMMUNITY_VERIFIED	iNaturalist Suomi Finland
korvasieni (fi) — Gyromitra esculenta	korvasieni (fi)		2022-05-14	Joensuu	Pohjois-Karjala (PK)	Suomi	62.58537	29.79303		COMMUNITY_VERIFIED	iNaturalist Suomi Finland
korvasieni (fi) — Gyromitra esculenta	korvasieni (fi)		2022-05-14	Hankasalmi	Pohjois-Häme (PH)	Suomi	62.32835	26.33044		COMMUNITY_VERIFIED	iNaturalist Suomi Finland
korvasieni (fi) — Gyromitra esculenta	korvasieni (fi)	10	2022-05-14 [17:30]	Hamina	Etelä-Karjala (EK)	Suomi	60.636212	27.287331	Sure	NEUTRAL	Notebook, general observations
korvasieni (fi) — Gyromitra esculenta	korvasieni (fi)	5	2022-05-13 [19:00] - 2022-05-14 [15:30]	Laukaa	Pohjois-Häme (PH)	Suomi	62.293763	26.132446	Sure	NEUTRAL	Notebook, general observations
korvasieni (fi) — Gyromitra esculenta	korvasieni (fi)		2022-05-13	Sievi	Keski-Pohjanmaa (KP)	Suomi	63.82638	24.89658		NEUTRAL	iNaturalist Suomi Finland
korvasieni (fi) — Gyromitra esculenta	korvasieni (fi)		2022-05-11	Savitaipale	Etelä-Savo (ES)	Suomi	61.33717	27.79872		COMMUNITY_VERIFIED	iNaturalist Suomi Finland
korvasieni (fi) — Gyromitra esculenta	korvasieni (fi)		2022-05-09 [18:20]	Rautalampi	Pohjois-Häme (PH)	Suomi	62.54126	26.704681	Sure	NEUTRAL	The Atlas of Finnish Fungi
korvasieni (fi) — Gyromitra esculenta	korvasieni (fi)		2022-05-08	Iisalmi	Pohjois-Savo (PS)	Suomi	63.64705	27.18508		COMMUNITY_VERIFIED	iNaturalist Suomi Finland
korvasieni (fi) — Gyromitra esculenta	korvasieni (fi)		2022-05-07	Mikkeli	Etelä-Savo (ES)	Suomi	61.69862	27.41668		COMMUNITY_VERIFIED	iNaturalist Suomi Finland
korvasieni (fi) — Gyromitra esculenta	korvasieni (fi)		2022-05-03	Tampere	Etelä-Häme (EH)	Suomi	61.4596	23.84059		COMMUNITY_VERIFIED	iNaturalist Suomi Finland
korvasieni (fi) — Gyromitra esculenta	korvasieni (fi)		2022-05-03	Riihimäki	Uusimaa (U)	Suomi	60.67351	24.72157		COMMUNITY_VERIFIED	iNaturalist Suomi Finland
korvasieni (fi) — Gyromitra esculenta	korvasieni (fi)		2022-05-01	Seinäjoki	Etelä-Pohjanmaa (EP)	Suomi	62.78787	22.85043		COMMUNITY_VERIFIED	iNaturalist Suomi Finland
korvasieni (fi) — Gyromitra esculenta	korvasieni (fi)		2022-04-30	Kangasniemi	Etelä-Savo (ES)	Suomi	61.90606	26.48833		COMMUNITY_VERIFIED	iNaturalist Suomi Finland
korvasieni (fi) — Gyromitra esculenta	korvasieni (fi)		2022-04-30	Mäntyharju	Etelä-Savo (ES)	Suomi	61.30478	26.69615		COMMUNITY_VERIFIED	iNaturalist Suomi Finland
korvasieni (fi) — Gyromitra esculenta	korvasieni (fi)	Kymmenen	2021-07-16	Jyväskylä	Pohjois-Häme (PH)	Suomi	62.260213	25.693452	Sure	NEUTRAL	The Atlas of Finnish Fungi
korvasieni (fi) — Gyromitra esculenta	korvasieni (fi)	1	2021-07-16	Jyväskylä	Pohjois-Häme (PH)	Suomi	62.263762	25.687504	Sure	NEUTRAL	The Atlas of Finnish Fungi
korvasieni (fi) — Gyromitra esculenta	korvasieni (fi)		2021-06-27	Salla	Koillismaa (Ks)	Suomi	67.44666	29.73402		COMMUNITY_VERIFIED	iNaturalist Suomi Finland
korvasieni (fi) — Gyromitra esculenta	korvasieni (fi)		2021-06-26	Inari	Inarin Lappi (InL)	Suomi	68.85211	27.29105		COMMUNITY_VERIFIED	iNaturalist Suomi Finland
korvasieni (fi) — Gyromitra esculenta	korvasieni (fi)		2021-06-19	Inari	Inarin Lappi (InL)	Suomi	68.87032	26.34285		COMMUNITY_VERIFIED	iNaturalist Suomi Finland
korvasieni (fi) — Gyromitra esculenta	korvasieni (fi)		2021-06-10	Enontekiö	Enontekiön Lappi (EnL)	Suomi	68.30366	23.89406		COMMUNITY_VERIFIED	iNaturalist Suomi Finland
korvasieni (fi) — Gyromitra esculenta	korvasieni (fi)		2021-06-05	Uusikaupunki	Varsinais-Suomi (V)	Suomi	60.88151	21.3729		COMMUNITY_VERIFIED	iNaturalist Suomi Finland
korvasieni (fi) — Gyromitra esculenta	korvasieni (fi)		2021-06-05	Suomussalmi	Kainuu (Kn)	Suomi	64.76695	29.21608		COMMUNITY_VERIFIED	iNaturalist Suomi Finland
korvasieni (fi) — Gyromitra esculenta	korvasieni (fi)		2021-06-04	Liminka, Lumijoki, Siikajoki	Keski-Pohjanmaa (KP), Oulun Pohjanmaa (OP)	Suomi	64.7	25.1		COMMUNITY_VERIFIED	iNaturalist Suomi Finland
korvasieni (fi) — Gyromitra esculenta	korvasieni (fi)		2021-06-02	Toivakka	Pohjois-Häme (PH)	Suomi	62.16324	25.97445		COMMUNITY_VERIFIED	iNaturalist Suomi Finland
korvasieni (fi) — Gyromitra esculenta	korvasieni (fi)	4	2021-06-01 - 2021-06-02	Virolahti	Etelä-Karjala (EK)	Suomi	60.549182	27.421847	Sure	NEUTRAL	The Atlas of Finnish Fungi
korvasieni (fi) — Gyromitra esculenta	korvasieni (fi)		2021-06-01	Simo	Perä-Pohjanmaa (PeP)	Suomi	65.97838	25.37823		COMMUNITY_VERIFIED	iNaturalist Suomi Finland
korvasieni (fi) — Gyromitra esculenta	korvasieni (fi)		2021-05-30	Rovaniemi	Perä-Pohjanmaa (PeP)	Suomi	66.90422	25.81918	Sure	NEUTRAL	The Atlas of Finnish Fungi
korvasieni (fi) — Gyromitra esculenta	korvasieni (fi)	muutama	2021-05-30	Rovaniemi	Perä-Pohjanmaa (PeP)	Suomi	66.52768	26.237878	Sure	NEUTRAL	The Atlas of Finnish Fungi
korvasieni (fi) — Gyromitra esculenta	korvasieni (fi)	muutama	2021-05-30	Rovaniemi	Perä-Pohjanmaa (PeP)	Suomi	66.492036	26.119707	Sure	NEUTRAL	The Atlas of Finnish Fungi
korvasieni (fi) — Gyromitra esculenta	korvasieni (fi)	useita	2021-05-30	Rovaniemi	Perä-Pohjanmaa (PeP)	Suomi	66.489896	26.119716	Sure	NEUTRAL	The Atlas of Finnish Fungi
korvasieni (fi) — Gyromitra esculenta	korvasieni (fi)	3	2021-05-30	Heinävesi	Pohjois-Savo (PS)	Suomi	62.486164	28.655316	Sure	NEUTRAL	Notebook, general observations
korvasieni (fi) — Gyromitra esculenta	korvasieni (fi)		2021-05-29	Lieksa	Pohjois-Karjala (PK)	Suomi	63.102601	30.626525	Sure	NEUTRAL	The Atlas of Finnish Fungi
korvasieni (fi) — Gyromitra esculenta	korvasieni (fi)		2021-05-29	Kärkölä	Etelä-Häme (EH)	Suomi	60.85076	25.39414		COMMUNITY_VERIFIED	iNaturalist Suomi Finland
korvasieni (fi) — Gyromitra esculenta	korvasieni (fi)		2021-05-28	Hankasalmi	Pohjois-Häme (PH)	Suomi	62.478383	26.516528	Sure	NEUTRAL	The Atlas of Finnish Fungi
korvasieni (fi) — Gyromitra esculenta	korvasieni (fi)		2021-05-28	Lieksa	Pohjois-Karjala (PK)	Suomi	63.354947	30.398551	Sure	NEUTRAL	The Atlas of Finnish Fungi
korvasieni (fi) — Gyromitra esculenta	korvasieni (fi)		2021-05-28	Sipoo	Uusimaa (U)	Suomi	60.34143	25.19734		COMMUNITY_VERIFIED	iNaturalist Suomi Finland
korvasieni (fi) — Gyromitra esculenta	korvasieni (fi)		2021-05-28 [15:07-15:49]	Rauma	Satakunta (St)	Suomi	61.018223	21.861057	Sure	NEUTRAL	Notebook, general observations
korvasieni (fi) — Gyromitra esculenta	korvasieni (fi)		2021-05-27	Joensuu	Pohjois-Karjala (PK)	Suomi	62.61099	29.72959		COMMUNITY_VERIFIED	iNaturalist Suomi Finland
korvasieni (fi) — Gyromitra esculenta	korvasieni (fi)		2021-05-27	Helsinki	Uusimaa (U)	Suomi	60.23783	24.95323		COMMUNITY_VERIFIED	iNaturalist Suomi Finland
korvasieni (fi) — Gyromitra esculenta	korvasieni (fi)		2021-05-26	Kittilä	Kittilän Lappi (KiL)	Suomi	67.9	25.1		COMMUNITY_VERIFIED	iNaturalist Suomi Finland
korvasieni (fi) — Gyromitra esculenta	korvasieni (fi)		2021-05-26	Suomussalmi	Kainuu (Kn)	Suomi	65.51568	29.31739		COMMUNITY_VERIFIED	iNaturalist Suomi Finland
korvasieni (fi) — Gyromitra esculenta	korvasieni (fi)	7	2021-05-25	Vaasa	Etelä-Pohjanmaa (EP)	Suomi	63.077069	21.677474	Sure	NEUTRAL	The Atlas of Finnish Fungi
korvasieni (fi) — Gyromitra esculenta	korvasieni (fi)	10	2021-05-25	Rovaniemi	Perä-Pohjanmaa (PeP)	Suomi	66.361826	25.163581	Sure	NEUTRAL	The Atlas of Finnish Fungi
korvasieni (fi) — Gyromitra esculenta	korvasieni (fi)		2021-05-25	Kauhava	Keski-Pohjanmaa (KP)	Suomi	63.17923	22.86696		COMMUNITY_VERIFIED	iNaturalist Suomi Finland
korvasieni (fi) — Gyromitra esculenta	korvasieni (fi)		2021-05-24	Virrat	Pohjois-Häme (PH)	Suomi	62.44905	23.75547		COMMUNITY_VERIFIED	iNaturalist Suomi Finland
korvasieni (fi) — Gyromitra esculenta	korvasieni (fi)		2021-05-24	Laihia, Mustasaari, Vaasa	Etelä-Pohjanmaa (EP)	Suomi	63.1	21.9		COMMUNITY_VERIFIED	iNaturalist Suomi Finland
korvasieni (fi) — Gyromitra esculenta	korvasieni (fi)		2021-05-24	Tampere	Etelä-Häme (EH)	Suomi	61.51326	23.90935		COMMUNITY_VERIFIED	iNaturalist Suomi Finland
korvasieni (fi) — Gyromitra esculenta	korvasieni (fi)		2021-05-24	Kirkkonummi	Uusimaa (U)	Suomi	60.02222	24.50222		COMMUNITY_VERIFIED	iNaturalist Suomi Finland
korvasieni (fi) — Gyromitra esculenta	korvasieni (fi)		2021-05-24	Valkeakoski	Etelä-Häme (EH)	Suomi	61.26666	24.07814		COMMUNITY_VERIFIED	iNaturalist Suomi Finland
korvasieni (fi) — Gyromitra esculenta	korvasieni (fi)		2021-05-24	Kirkkonummi	Uusimaa (U)	Suomi	60.02222	24.50222		COMMUNITY_VERIFIED	iNaturalist Suomi Finland
korvasieni (fi) — Gyromitra esculenta	korvasieni (fi)		2021-05-23	Lempäälä	Etelä-Häme (EH)	Suomi	61.37097	23.78862		COMMUNITY_VERIFIED	iNaturalist Suomi Finland
korvasieni (fi) — Gyromitra esculenta	korvasieni (fi)		2021-05-23	Petäjävesi	Pohjois-Häme (PH)	Suomi	62.33699	25.37219		COMMUNITY_VERIFIED	iNaturalist Suomi Finland
korvasieni (fi) — Gyromitra esculenta	korvasieni (fi)		2021-05-23	Hattula, Hämeenlinna	Etelä-Häme (EH)	Suomi	61.1	24.5		COMMUNITY_VERIFIED	iNaturalist Suomi Finland
korvasieni (fi) — Gyromitra esculenta	korvasieni (fi)	Yhteensä kymmenkunta	2021-05-23	Rovaniemi	Perä-Pohjanmaa (PeP)	Suomi	66.497973	25.785242	Sure	NEUTRAL	The Atlas of Finnish Fungi
korvasieni (fi) — Gyromitra esculenta	korvasieni (fi)	1	2021-05-23	Espoo	Uusimaa (U)	Suomi	60.231071	24.755264	Sure	NEUTRAL	The Atlas of Finnish Fungi
korvasieni (fi) — Gyromitra esculenta	korvasieni (fi)		2021-05-23	Keuruu	Pohjois-Häme (PH)	Suomi	62.3608	24.27667		COMMUNITY_VERIFIED	iNaturalist Suomi Finland
korvasieni (fi) — Gyromitra esculenta	korvasieni (fi)		2021-05-22	Hyrynsalmi	Kainuu (Kn)	Suomi	64.725488	28.279027	Sure	NEUTRAL	Notebook, general observations
korvasieni (fi) — Gyromitra esculenta	korvasieni (fi)		2021-05-22	Jyväskylä	Etelä-Häme (EH)	Suomi	62.07214	25.6693		COMMUNITY_VERIFIED	iNaturalist Suomi Finland
korvasieni (fi) — Gyromitra esculenta	korvasieni (fi)		2021-05-22	Lahti	Etelä-Häme (EH)	Suomi	60.98532	25.55401		COMMUNITY_VERIFIED	iNaturalist Suomi Finland
korvasieni (fi) — Gyromitra esculenta	korvasieni (fi)		2021-05-22	Kontiolahti	Pohjois-Karjala (PK)	Suomi	62.74549	29.84503		COMMUNITY_VERIFIED	iNaturalist Suomi Finland
korvasieni (fi) — Gyromitra esculenta	korvasieni (fi)		2021-05-22	Järvenpää	Uusimaa (U)	Suomi	60.47901	25.10685		COMMUNITY_VERIFIED	iNaturalist Suomi Finland
korvasieni (fi) — Gyromitra esculenta	korvasieni (fi)		2021-05-22	Kemijärvi	Perä-Pohjanmaa (PeP)	Suomi	66.67818	27.59801		COMMUNITY_VERIFIED	iNaturalist Suomi Finland
korvasieni (fi) — Gyromitra esculenta	korvasieni (fi)		2021-05-22	Espoo	Uusimaa (U)	Suomi	60.30885	24.68564		COMMUNITY_VERIFIED	iNaturalist Suomi Finland
korvasieni (fi) — Gyromitra esculenta	korvasieni (fi)		2021-05-21	Nurmes	Pohjois-Karjala (PK)	Suomi	63.48262	28.76292		COMMUNITY_VERIFIED	iNaturalist Suomi Finland
korvasieni (fi) — Gyromitra esculenta	korvasieni (fi)		2021-05-21	Nurmes	Pohjois-Karjala (PK)	Suomi	63.48258	28.76274		NEUTRAL	iNaturalist Suomi Finland
korvasieni (fi) — Gyromitra esculenta	korvasieni (fi)		2021-05-21	Nurmes	Pohjois-Karjala (PK)	Suomi	63.48264	28.76292		COMMUNITY_VERIFIED	iNaturalist Suomi Finland
korvasieni (fi) — Gyromitra esculenta	korvasieni (fi)		2021-05-21	Vaala	Kainuu (Kn)	Suomi	64.35153	27.03558		NEUTRAL	iNaturalist Suomi Finland
korvasieni (fi) — Gyromitra esculenta	korvasieni (fi)		2021-05-20	Jämsä	Etelä-Häme (EH)	Suomi	61.81627	25.01511		COMMUNITY_VERIFIED	iNaturalist Suomi Finland
korvasieni (fi) — Gyromitra esculenta	korvasieni (fi)	8	2021-05-20	Taipalsaari	Etelä-Savo (ES)	Suomi	61.164491	28.350983	Sure	NEUTRAL	Notebook, general observations
korvasieni (fi) — Gyromitra esculenta	korvasieni (fi)	1	2021-05-20 [15:05]	Salo	Varsinais-Suomi (V)	Suomi	60.447208	23.071545	Sure	NEUTRAL	Notebook, general observations
korvasieni (fi) — Gyromitra esculenta	korvasieni (fi)		2021-05-19	Savonlinna	Etelä-Savo (ES)	Suomi	61.97628	29.5707		NEUTRAL	iNaturalist Suomi Finland
korvasieni (fi) — Gyromitra esculenta	korvasieni (fi)		2021-05-19	Hankasalmi	Pohjois-Häme (PH)	Suomi	62.344213	26.328569	Sure	NEUTRAL	The Atlas of Finnish Fungi
korvasieni (fi) — Gyromitra esculenta	korvasieni (fi)		2021-05-19	Hankasalmi	Pohjois-Häme (PH)	Suomi	62.340741	26.332565	Sure	NEUTRAL	The Atlas of Finnish Fungi
korvasieni (fi) — Gyromitra esculenta	korvasieni (fi)		2021-05-19	Mikkeli	Etelä-Savo (ES)	Suomi	61.7015	27.42417		COMMUNITY_VERIFIED	iNaturalist Suomi Finland
korvasieni (fi) — Gyromitra esculenta	korvasieni (fi)	1	2021-05-18	Kemijärvi, Pelkosenniemi, Rovaniemi, Sodankylä	Perä-Pohjanmaa (PeP)	Suomi	66.913888	26.424946	Sure	NEUTRAL	The Atlas of Finnish Fungi
korvasieni (fi) — Gyromitra esculenta	korvasieni (fi)		2021-05-18	Hämeenlinna	Etelä-Häme (EH)	Suomi	61.06564	24.15959		COMMUNITY_VERIFIED	iNaturalist Suomi Finland
korvasieni (fi) — Gyromitra esculenta	korvasieni (fi)		2021-05-18	Toivakka	Pohjois-Häme (PH)	Suomi	62.01761	26.0877		COMMUNITY_VERIFIED	iNaturalist Suomi Finland
korvasieni (fi) — Gyromitra esculenta	korvasieni (fi)		2021-05-17 [19:33-20:22]	Hämeenkyrö	Satakunta (St)	Suomi	61.662849	23.478732	Sure	NEUTRAL	The Atlas of Finnish Fungi
korvasieni (fi) — Gyromitra esculenta	korvasieni (fi)		2021-05-17	Virolahti	Etelä-Karjala (EK)	Suomi	60.55601	27.67428		COMMUNITY_VERIFIED	iNaturalist Suomi Finland
korvasieni (fi) — Gyromitra esculenta	korvasieni (fi)		2021-05-17	Siikajoki	Keski-Pohjanmaa (KP)	Suomi	64.69194	24.76419		COMMUNITY_VERIFIED	iNaturalist Suomi Finland
korvasieni (fi) — Gyromitra esculenta	korvasieni (fi)		2021-05-16	Taipalsaari	Etelä-Savo (ES)	Suomi	61.1115	28.04801		COMMUNITY_VERIFIED	iNaturalist Suomi Finland
korvasieni (fi) — Gyromitra esculenta	korvasieni (fi)		2021-05-16	Ylöjärvi	Etelä-Häme (EH)	Suomi	61.54956	23.5961		COMMUNITY_VERIFIED	iNaturalist Suomi Finland
korvasieni (fi) — Gyromitra esculenta	korvasieni (fi)		2021-05-16	Iitti	Etelä-Häme (EH)	Suomi	60.85033	26.27785		COMMUNITY_VERIFIED	iNaturalist Suomi Finland
korvasieni (fi) — Gyromitra esculenta	korvasieni (fi)		2021-05-16	Oulu	Oulun Pohjanmaa (OP)	Suomi	65.00157	26.48309		COMMUNITY_VERIFIED	iNaturalist Suomi Finland
korvasieni (fi) — Gyromitra esculenta	korvasieni (fi)		2021-05-16	Hämeenlinna	Etelä-Häme (EH)	Suomi	60.99954	24.42211		COMMUNITY_VERIFIED	iNaturalist Suomi Finland
korvasieni (fi) — Gyromitra esculenta	korvasieni (fi)		2021-05-16	Vantaa	Uusimaa (U)	Suomi	60.33471	25.04619		COMMUNITY_VERIFIED	iNaturalist Suomi Finland
korvasieni (fi) — Gyromitra esculenta	korvasieni (fi)		2021-05-15	Imatra	Etelä-Savo (ES)	Suomi	61.16827	28.77282		COMMUNITY_VERIFIED	iNaturalist Suomi Finland
korvasieni (fi) — Gyromitra esculenta	korvasieni (fi)		2021-05-15	Hankasalmi, Pieksämäki, Rautalampi	Pohjois-Häme (PH), Pohjois-Savo (PS)	Suomi	62.5	26.7		COMMUNITY_VERIFIED	iNaturalist Suomi Finland
korvasieni (fi) — Gyromitra esculenta	korvasieni (fi)		2021-05-15	Hankasalmi, Pieksämäki, Rautalampi	Pohjois-Häme (PH), Pohjois-Savo (PS)	Suomi	62.5	26.7		COMMUNITY_VERIFIED	iNaturalist Suomi Finland
korvasieni (fi) — Gyromitra esculenta	korvasieni (fi)	Satoja	2021-05-15	Kangasniemi	Etelä-Savo (ES)	Suomi	61.931105	26.940984		NEUTRAL	Löydös Open Finnish Observation Database
korvasieni (fi) — Gyromitra esculenta	korvasieni (fi)		2021-05-15	Salo	Varsinais-Suomi (V)	Suomi	60.40198	23.68787		COMMUNITY_VERIFIED	iNaturalist Suomi Finland
korvasieni (fi) — Gyromitra esculenta	korvasieni (fi)		2021-05-15	Kuhmoinen	Etelä-Häme (EH)	Suomi	61.69856	25.01604		COMMUNITY_VERIFIED	iNaturalist Suomi Finland
korvasieni (fi) — Gyromitra esculenta	korvasieni (fi)		2021-05-15	Pälkäne	Etelä-Häme (EH)	Suomi	61.39725	24.87664		COMMUNITY_VERIFIED	iNaturalist Suomi Finland
korvasieni (fi) — Gyromitra esculenta	korvasieni (fi)		2021-05-15	Kankaanpää	Satakunta (St)	Suomi	61.8	22.39		NEUTRAL	iNaturalist Suomi Finland
korvasieni (fi) — Gyromitra esculenta	korvasieni (fi)	1	2021-05-14	Heinävesi	Pohjois-Savo (PS)	Suomi	62.563234	28.669981	Sure	NEUTRAL	Notebook, general observations
korvasieni (fi) — Gyromitra esculenta	korvasieni (fi)	1	2021-05-14	Turku	Varsinais-Suomi (V)	Suomi	60.360124	22.239336	Sure	NEUTRAL	Notebook, general observations
korvasieni (fi) — Gyromitra esculenta	korvasieni (fi)		2021-05-14	Masku, Mynämäki, Naantali	Varsinais-Suomi (V)	Suomi	60.5	21.9		COMMUNITY_VERIFIED	iNaturalist Suomi Finland
korvasieni (fi) — Gyromitra esculenta	korvasieni (fi)		2021-05-14	Loviisa	Uusimaa (U)	Suomi	60.52182	25.8932		COMMUNITY_VERIFIED	iNaturalist Suomi Finland
korvasieni (fi) — Gyromitra esculenta	korvasieni (fi)		2021-05-14	Kangasala	Etelä-Häme (EH)	Suomi	61.4275	23.97083		COMMUNITY_VERIFIED	iNaturalist Suomi Finland
korvasieni (fi) — Gyromitra esculenta	korvasieni (fi)		2021-05-14	Nurmijärvi	Uusimaa (U)	Suomi	60.38917	24.75343		COMMUNITY_VERIFIED	iNaturalist Suomi Finland
korvasieni (fi) — Gyromitra esculenta	korvasieni (fi)		2021-05-14	Viitasaari	Pohjois-Häme (PH)	Suomi	63.07793	25.85842		COMMUNITY_VERIFIED	iNaturalist Suomi Finland
korvasieni (fi) — Gyromitra esculenta	korvasieni (fi)		2021-05-13	Espoo	Uusimaa (U)	Suomi	60.2044	24.81919		COMMUNITY_VERIFIED	iNaturalist Suomi Finland
korvasieni (fi) — Gyromitra esculenta	korvasieni (fi)	10	2021-05-13	Taivalkoski	Koillismaa (Ks)	Suomi	65.289795	28.376998	Sure	NEUTRAL	The Atlas of Finnish Fungi
korvasieni (fi) — Gyromitra esculenta	korvasieni (fi)		2021-05-13	Kirkkonummi	Uusimaa (U)	Suomi	60.28401	24.47134		COMMUNITY_VERIFIED	iNaturalist Suomi Finland
korvasieni (fi) — Gyromitra esculenta	korvasieni (fi)		2021-05-13	Juva	Etelä-Savo (ES)	Suomi	61.58752	27.89812		COMMUNITY_VERIFIED	iNaturalist Suomi Finland
korvasieni (fi) — Gyromitra esculenta	korvasieni (fi)		2021-05-13	Parkano	Satakunta (St)	Suomi	62.03496	22.91947		COMMUNITY_VERIFIED	iNaturalist Suomi Finland
korvasieni (fi) — Gyromitra esculenta	korvasieni (fi)	satoja	2021-05-12	Kirkkonummi	Uusimaa (U)	Suomi	60.084246	24.596992	Sure	NEUTRAL	The Atlas of Finnish Fungi
korvasieni (fi) — Gyromitra esculenta	korvasieni (fi)		2021-05-12	Helsinki	Uusimaa (U)	Suomi	60.24178	25.00731		COMMUNITY_VERIFIED	iNaturalist Suomi Finland
korvasieni (fi) — Gyromitra esculenta	korvasieni (fi)		2021-05-12	Savonlinna	Etelä-Savo (ES)	Suomi	61.86493	28.85919		COMMUNITY_VERIFIED	iNaturalist Suomi Finland
korvasieni (fi) — Gyromitra esculenta	korvasieni (fi)		2021-05-12	Jyväskylä	Pohjois-Häme (PH)	Suomi	62.25165	25.75083		COMMUNITY_VERIFIED	iNaturalist Suomi Finland
korvasieni (fi) — Gyromitra esculenta	korvasieni (fi)		2021-05-12	Padasjoki	Etelä-Häme (EH)	Suomi	61.27954	25.08411		NEUTRAL	iNaturalist Suomi Finland
korvasieni (fi) — Gyromitra esculenta	korvasieni (fi)	5	2021-05-11 [8:22-9:11]	Espoo	Uusimaa (U)	Suomi	60.182784	24.677019	Sure	NEUTRAL	Notebook, general observations
korvasieni (fi) — Gyromitra esculenta	korvasieni (fi)	1	2021-05-11 [8:22-9:11]	Espoo	Uusimaa (U)	Suomi	60.182858	24.677142	Sure	NEUTRAL	Notebook, general observations
korvasieni (fi) — Gyromitra esculenta	korvasieni (fi)		2021-05-11	Helsinki	Uusimaa (U)	Suomi	60.23545	25.14251		COMMUNITY_VERIFIED	iNaturalist Suomi Finland
korvasieni (fi) — Gyromitra esculenta	korvasieni (fi)		2021-05-11	Ikaalinen	Satakunta (St)	Suomi	61.79797	23.35873		COMMUNITY_VERIFIED	iNaturalist Suomi Finland
korvasieni (fi) — Gyromitra esculenta	korvasieni (fi)	1	2021-05-10	Ruovesi	Etelä-Häme (EH)	Suomi	62.050794	23.948065	Sure	NEUTRAL	The Atlas of Finnish Fungi
korvasieni (fi) — Gyromitra esculenta	korvasieni (fi)	1	2021-05-10	Raasepori	Varsinais-Suomi (V)	Suomi	60.10365	23.620109	Sure	NEUTRAL	The Atlas of Finnish Fungi
korvasieni (fi) — Gyromitra esculenta	korvasieni (fi)	Muutamia	2021-05-09	Ylöjärvi	Satakunta (St)	Suomi	61.745101	23.271298	Sure	NEUTRAL	The Atlas of Finnish Fungi
korvasieni (fi) — Gyromitra esculenta	korvasieni (fi)		2021-05-09	Salo	Varsinais-Suomi (V)	Suomi	60.17687	23.27667		COMMUNITY_VERIFIED	iNaturalist Suomi Finland
korvasieni (fi) — Gyromitra esculenta	korvasieni (fi)		2021-05-09	Järvenpää	Uusimaa (U)	Suomi	60.46963	25.13921		COMMUNITY_VERIFIED	iNaturalist Suomi Finland
korvasieni (fi) — Gyromitra esculenta	korvasieni (fi)		2021-05-09	Pukkila	Uusimaa (U)	Suomi	60.65179	25.46642		COMMUNITY_VERIFIED	iNaturalist Suomi Finland
korvasieni (fi) — Gyromitra esculenta	korvasieni (fi)		2021-05-09	Pedersören kunta	Keski-Pohjanmaa (KP)	Suomi	63.48399	23.01964		COMMUNITY_VERIFIED	iNaturalist Suomi Finland
korvasieni (fi) — Gyromitra esculenta	korvasieni (fi)		2021-05-09	Heinävesi	Pohjois-Savo (PS)	Suomi	62.50947	28.56323		COMMUNITY_VERIFIED	iNaturalist Suomi Finland
korvasieni (fi) — Gyromitra esculenta	korvasieni (fi)		2021-05-09	Hämeenlinna	Etelä-Häme (EH)	Suomi	60.82218	24.09333		COMMUNITY_VERIFIED	iNaturalist Suomi Finland
korvasieni (fi) — Gyromitra esculenta	korvasieni (fi)		2021-05-09	Jyväskylä	Pohjois-Häme (PH)	Suomi	62.24155	25.73689		COMMUNITY_VERIFIED	iNaturalist Suomi Finland
korvasieni (fi) — Gyromitra esculenta	korvasieni (fi)	2	2021-05-08	Hämeenlinna	Etelä-Häme (EH)	Suomi	61.039426	24.513134		NEUTRAL	Löydös Open Finnish Observation Database
korvasieni (fi) — Gyromitra esculenta	korvasieni (fi)	muutama	2021-05-08	Karkkila	Varsinais-Suomi (V)	Suomi	60.53807	24.398408	Sure	NEUTRAL	The Atlas of Finnish Fungi
korvasieni (fi) — Gyromitra esculenta	korvasieni (fi)		2021-05-08	Nokia	Etelä-Häme (EH)	Suomi	61.50336	23.55167		COMMUNITY_VERIFIED	iNaturalist Suomi Finland
korvasieni (fi) — Gyromitra esculenta	korvasieni (fi)		2021-05-08	Helsinki	Uusimaa (U)	Suomi	60.22967	25.04676		COMMUNITY_VERIFIED	iNaturalist Suomi Finland
korvasieni (fi) — Gyromitra esculenta	korvasieni (fi)		2021-05-08	Äänekoski	Pohjois-Häme (PH)	Suomi	62.79913	25.68566		NEUTRAL	iNaturalist Suomi Finland
korvasieni (fi) — Gyromitra esculenta	korvasieni (fi)		2021-05-07	Helsinki, Kerava, Sipoo, Tuusula, Vantaa	Uusimaa (U)	Suomi	60.3	25.1		COMMUNITY_VERIFIED	iNaturalist Suomi Finland
korvasieni (fi) — Gyromitra esculenta	korvasieni (fi)	1	2021-05-07	Raasepori	Varsinais-Suomi (V)	Suomi	60.111232	23.270357	Sure	NEUTRAL	The Atlas of Finnish Fungi
korvasieni (fi) — Gyromitra esculenta	korvasieni (fi)	Useita	2021-05-05	Kangasniemi	Etelä-Savo (ES)	Suomi	62.176713	26.413081	Sure	NEUTRAL	The Atlas of Finnish Fungi
korvasieni (fi) — Gyromitra esculenta	korvasieni (fi)	Paikoittain havaintoalueella	2021-05-04	Vihti	Varsinais-Suomi (V)	Suomi	60.482102	24.50084	Sure	NEUTRAL	The Atlas of Finnish Fungi
korvasieni (fi) — Gyromitra esculenta	korvasieni (fi)	3	2021-05-03	Porvoo	Uusimaa (U)	Suomi	60.373815	25.721194	Sure	NEUTRAL	The Atlas of Finnish Fungi
korvasieni (fi) — Gyromitra esculenta	korvasieni (fi)		2021-05-03	Vihti	Varsinais-Suomi (V)	Suomi	60.529437	24.558661	Sure	NEUTRAL	The Atlas of Finnish Fungi
korvasieni (fi) — Gyromitra esculenta	korvasieni (fi)		2021-05-02	Porvoo	Uusimaa (U)	Suomi	60.42543	25.88511		NEUTRAL	iNaturalist Suomi Finland
korvasieni (fi) — Gyromitra esculenta	korvasieni (fi)		2021-05-02	Vantaa	Uusimaa (U)	Suomi	60.34188	25.06702		COMMUNITY_VERIFIED	iNaturalist Suomi Finland
korvasieni (fi) — Gyromitra esculenta	korvasieni (fi)		2021-05-02	Porvoo	Uusimaa (U)	Suomi	60.36667	25.6809		NEUTRAL	iNaturalist Suomi Finland
korvasieni (fi) — Gyromitra esculenta	korvasieni (fi)		2021-05-01 - 2021-05-02	Lempäälä	Etelä-Häme (EH)	Suomi	61.334	23.869	Sure	NEUTRAL	The Atlas of Finnish Fungi
korvasieni (fi) — Gyromitra esculenta	korvasieni (fi)		2021-05-01	Sipoo	Uusimaa (U)	Suomi	60.3295	25.30092		COMMUNITY_VERIFIED	iNaturalist Suomi Finland
korvasieni (fi) — Gyromitra esculenta	korvasieni (fi)		2021-05-01	Ypäjä	Etelä-Häme (EH)	Suomi	60.75681	23.30457		COMMUNITY_VERIFIED	iNaturalist Suomi Finland
korvasieni (fi) — Gyromitra esculenta	korvasieni (fi)		2021-05-01	Espoo	Uusimaa (U)	Suomi	60.32672	24.68593		COMMUNITY_VERIFIED	iNaturalist Suomi Finland
korvasieni (fi) — Gyromitra esculenta	korvasieni (fi)		2021-05-01	Naantali	Varsinais-Suomi (V)	Suomi	60.40774	21.81439		COMMUNITY_VERIFIED	iNaturalist Suomi Finland
korvasieni (fi) — Gyromitra esculenta	korvasieni (fi)		2021-05-01	Kuhmoinen	Etelä-Häme (EH)	Suomi	61.62208	24.87374		COMMUNITY_VERIFIED	iNaturalist Suomi Finland
korvasieni (fi) — Gyromitra esculenta	korvasieni (fi)		2021-04-30	Vihti	Varsinais-Suomi (V)	Suomi	60.33844	24.59925		COMMUNITY_VERIFIED	iNaturalist Suomi Finland
korvasieni (fi) — Gyromitra esculenta	korvasieni (fi)	6	2021-04-29	Heinola	Etelä-Häme (EH)	Suomi	61.158105	25.941996	Sure	NEUTRAL	The Atlas of Finnish Fungi
korvasieni (fi) — Gyromitra esculenta	korvasieni (fi)		2021-04-28	Espoo, Helsinki, Kirkkonummi	Uusimaa (U)	Suomi	60.1	24.7		COMMUNITY_VERIFIED	iNaturalist Suomi Finland
korvasieni (fi) — Gyromitra esculenta	korvasieni (fi)	20	2021-04-28	Sysmä	Etelä-Häme (EH)	Suomi	61.480019	25.583548	Sure	NEUTRAL	The Atlas of Finnish Fungi
korvasieni (fi) — Gyromitra esculenta	korvasieni (fi)		2021-04-28	Jyväskylä	Pohjois-Häme (PH)	Suomi	62.24568	25.90243		COMMUNITY_VERIFIED	iNaturalist Suomi Finland
korvasieni (fi) — Gyromitra esculenta	korvasieni (fi)		2021-04-28	Lahti	Etelä-Häme (EH)	Suomi	60.96507	25.67841		COMMUNITY_VERIFIED	iNaturalist Suomi Finland
korvasieni (fi) — Gyromitra esculenta	korvasieni (fi)	8	2021-04-28	Luumäki	Etelä-Savo (ES)	Suomi	60.95665	27.381666	Sure	NEUTRAL	Notebook, general observations
korvasieni (fi) — Gyromitra esculenta	korvasieni (fi)		2021-04-24	Hollola, Kärkölä, Lahti, Orimattila	Etelä-Häme (EH), Uusimaa (U)	Suomi	60.9	25.5		COMMUNITY_VERIFIED	iNaturalist Suomi Finland
korvasieni (fi) — Gyromitra esculenta	korvasieni (fi)		2021-04-22	Lohja	Varsinais-Suomi (V)	Suomi	60.58037	23.97611		COMMUNITY_VERIFIED	iNaturalist Suomi Finland
korvasieni (fi) — Gyromitra esculenta	korvasieni (fi)		2021-04-21	Espoo	Uusimaa (U)	Suomi	60.234362	24.772889	Sure	NEUTRAL	The Atlas of Finnish Fungi
korvasieni (fi) — Gyromitra esculenta	korvasieni (fi)	6	2021-04-21	Taipalsaari	Etelä-Savo (ES)	Suomi	61.235254	27.979692	Sure	NEUTRAL	Notebook, general observations
korvasieni (fi) — Gyromitra esculenta	korvasieni (fi)		2021-04-20	Jyväskylä	Pohjois-Häme (PH)	Suomi	62.24143	25.73697		COMMUNITY_VERIFIED	iNaturalist Suomi Finland
korvasieni (fi) — Gyromitra esculenta	korvasieni (fi)		2021-04-20	Jyväskylä	Pohjois-Häme (PH)	Suomi	62.24186	25.73754		COMMUNITY_VERIFIED	iNaturalist Suomi Finland
korvasieni (fi) — Gyromitra esculenta	korvasieni (fi)		2021-04-20	Juva, Mikkeli	Etelä-Savo (ES)	Suomi	61.7	27.5		COMMUNITY_VERIFIED	iNaturalist Suomi Finland
korvasieni (fi) — Gyromitra esculenta	korvasieni (fi)	1	2021-04-18	Kangasala	Etelä-Häme (EH)	Suomi	61.471516	24.430329		NEUTRAL	Löydös Open Finnish Observation Database
korvasieni (fi) — Gyromitra esculenta	korvasieni (fi)		2021-04-18	Sipoo	Uusimaa (U)	Suomi	60.31692	25.15263		COMMUNITY_VERIFIED	iNaturalist Suomi Finland
korvasieni (fi) — Gyromitra esculenta	korvasieni (fi)		2021-04-17	Alavus	Etelä-Pohjanmaa (EP)	Suomi	62.48681	23.67767		COMMUNITY_VERIFIED	iNaturalist Suomi Finland
korvasieni (fi) — Gyromitra esculenta	korvasieni (fi)		2021-04-17	Sipoo	Uusimaa (U)	Suomi	60.3088	25.21758		COMMUNITY_VERIFIED	iNaturalist Suomi Finland
korvasieni (fi) — Gyromitra esculenta	korvasieni (fi)		2021-04-16	Vantaa	Uusimaa (U)	Suomi	60.32201	25.00613		COMMUNITY_VERIFIED	iNaturalist Suomi Finland
korvasieni (fi) — Gyromitra esculenta	korvasieni (fi)		2021-04-15	Alavus, Seinäjoki	Etelä-Pohjanmaa (EP)	Suomi	62.7	23.1		NEUTRAL	iNaturalist Suomi Finland
korvasieni (fi) — Gyromitra esculenta	korvasieni (fi)	1	2021-04-15	Pieksämäki	Pohjois-Savo (PS)	Suomi	62.237347	27.425939	Sure	NEUTRAL	Notebook, general observations
korvasieni (fi) — Gyromitra esculenta	korvasieni (fi)	2	2021-04-13	Seinäjoki	Etelä-Pohjanmaa (EP)	Suomi	62.701746	22.835201		NEUTRAL	Löydös Open Finnish Observation Database
korvasieni (fi) — Gyromitra esculenta	korvasieni (fi)		2021-04-11	Paimio	Varsinais-Suomi (V)	Suomi	60.46337	22.76609		COMMUNITY_VERIFIED	iNaturalist Suomi Finland
korvasieni (fi) — Gyromitra esculenta	korvasieni (fi)		2021-04-11	Paimio	Varsinais-Suomi (V)	Suomi	60.46328	22.76613		NEUTRAL	iNaturalist Suomi Finland
korvasieni (fi) — Gyromitra esculenta	korvasieni (fi)		2021-04-06	Hollola	Etelä-Häme (EH)	Suomi	61.03727	25.7749		COMMUNITY_VERIFIED	iNaturalist Suomi Finland
korvasieni (fi) — Gyromitra esculenta	korvasieni (fi)	1	2020-06-20	Posio	Koillismaa (Ks)	Suomi	66.148952	27.539037	Sure	NEUTRAL	The Atlas of Finnish Fungi
korvasieni (fi) — Gyromitra esculenta	korvasieni (fi)		2020-06-19 - 2020-06-25	Enontekiö	Enontekiön Lappi (EnL)	Suomi	68.309603	23.341641	Sure	NEUTRAL	Notebook, general observations
korvasieni (fi) — Gyromitra esculenta	korvasieni (fi)		2020-06-19	Savukoski	Sompion Lappi (SoL)	Suomi	67.9	29.1		COMMUNITY_VERIFIED	iNaturalist Suomi Finland
korvasieni (fi) — Gyromitra esculenta	korvasieni (fi)		2020-06-17	Siikalatva	Keski-Pohjanmaa (KP)	Suomi	64.21955	26.07031		COMMUNITY_VERIFIED	iNaturalist Suomi Finland
korvasieni (fi) — Gyromitra esculenta	korvasieni (fi)	10	2020-06-15	Siikalatva	Keski-Pohjanmaa (KP)	Suomi	64.210029	26.088428	Sure	NEUTRAL	Notebook, general observations
korvasieni (fi) — Gyromitra esculenta	korvasieni (fi)	10	2020-06-13	Kittilä	Kittilän Lappi (KiL)	Suomi	67.796929	24.79724	Sure	NEUTRAL	The Atlas of Finnish Fungi
korvasieni (fi) — Gyromitra esculenta	korvasieni (fi)		2020-06-13	Kontiolahti	Pohjois-Karjala (PK)	Suomi	62.95221	29.85241		COMMUNITY_VERIFIED	iNaturalist Suomi Finland
korvasieni (fi) — Gyromitra esculenta	korvasieni (fi)		2020-06-11	Rovaniemi	Perä-Pohjanmaa (PeP)	Suomi	66.85848	25.58353	Sure	NEUTRAL	The Atlas of Finnish Fungi
korvasieni (fi) — Gyromitra esculenta	korvasieni (fi)	3	2020-06-11 [11:21]	Kittilä	Kittilän Lappi (KiL)	Suomi	67.801173	24.796321		NEUTRAL	Notebook, general observations
korvasieni (fi) — Gyromitra esculenta	korvasieni (fi)		2020-06-11	Rovaniemi	Perä-Pohjanmaa (PeP)	Suomi	66.98914	25.51373		COMMUNITY_VERIFIED	iNaturalist Suomi Finland
korvasieni (fi) — Gyromitra esculenta	korvasieni (fi)		2020-06-10	Heinola	Etelä-Häme (EH)	Suomi	61.2068	26.20334		COMMUNITY_VERIFIED	iNaturalist Suomi Finland
korvasieni (fi) — Gyromitra esculenta	korvasieni (fi)		2020-06-10	Kontiolahti	Pohjois-Karjala (PK)	Suomi	62.71238	29.76137		COMMUNITY_VERIFIED	iNaturalist Suomi Finland
korvasieni (fi) — Gyromitra esculenta	korvasieni (fi)	Satoja	2020-06-08	Oulu	Oulun Pohjanmaa (OP)	Suomi	65.144329	25.912447	Sure	NEUTRAL	The Atlas of Finnish Fungi
korvasieni (fi) — Gyromitra esculenta	korvasieni (fi)		2020-06-07	Luumäki	Etelä-Savo (ES)	Suomi	60.99182	27.70781		NEUTRAL	iNaturalist Suomi Finland
korvasieni (fi) — Gyromitra esculenta	korvasieni (fi)		2020-06-07	Joensuu	Pohjois-Karjala (PK)	Suomi	62.60449	29.73677		COMMUNITY_VERIFIED	iNaturalist Suomi Finland
korvasieni (fi) — Gyromitra esculenta	korvasieni (fi)		2020-06-07	Tammela	Etelä-Häme (EH)	Suomi	60.86652	23.85573		COMMUNITY_VERIFIED	iNaturalist Suomi Finland
korvasieni (fi) — Gyromitra esculenta	korvasieni (fi)		2020-06-06	Posio	Koillismaa (Ks)	Suomi	66.145354	27.546073	Sure	NEUTRAL	The Atlas of Finnish Fungi
korvasieni (fi) — Gyromitra esculenta	korvasieni (fi)		2020-06-05	Rovaniemi	Perä-Pohjanmaa (PeP)	Suomi	66.91006	25.82946	Sure	NEUTRAL	The Atlas of Finnish Fungi
korvasieni (fi) — Gyromitra esculenta	korvasieni (fi)	1	2020-06-04	Rovaniemi	Perä-Pohjanmaa (PeP)	Suomi	66.536761	26.116316	Sure	NEUTRAL	The Atlas of Finnish Fungi
korvasieni (fi) — Gyromitra esculenta	korvasieni (fi)	55	2020-06-04	Kuhmo	Kainuu (Kn)	Suomi	64.332471	30.215395		NEUTRAL	Löydös Open Finnish Observation Database
korvasieni (fi) — Gyromitra esculenta	korvasieni (fi)		2020-06-04	Jämsä	Etelä-Häme (EH)	Suomi	62.00904	25.29789		COMMUNITY_VERIFIED	iNaturalist Suomi Finland
korvasieni (fi) — Gyromitra esculenta	korvasieni (fi)		2020-06-03	Kittilä	Kittilän Lappi (KiL)	Suomi	67.94939	25.1302		COMMUNITY_VERIFIED	iNaturalist Suomi Finland
korvasieni (fi) — Gyromitra esculenta	korvasieni (fi)		2020-06-03	Jyväskylä	Pohjois-Häme (PH)	Suomi	62.20889	25.81778		COMMUNITY_VERIFIED	iNaturalist Suomi Finland
korvasieni (fi) — Gyromitra esculenta	korvasieni (fi)		2020-06-02	Kontiolahti	Pohjois-Karjala (PK)	Suomi	62.65548	29.71766		COMMUNITY_VERIFIED	iNaturalist Suomi Finland
korvasieni (fi) — Gyromitra esculenta	korvasieni (fi)		2020-06-02	Nurmes	Pohjois-Karjala (PK)	Suomi	63.46981	28.77754		COMMUNITY_VERIFIED	iNaturalist Suomi Finland
korvasieni (fi) — Gyromitra esculenta	korvasieni (fi)		2020-05-31	Joutsa, Toivakka	Etelä-Savo (ES), Pohjois-Häme (PH)	Suomi	61.9	26.1		NEUTRAL	iNaturalist Suomi Finland
korvasieni (fi) — Gyromitra esculenta	korvasieni (fi)		2020-05-31	Joutsa, Toivakka	Etelä-Savo (ES), Pohjois-Häme (PH)	Suomi	61.9	26.1		COMMUNITY_VERIFIED	iNaturalist Suomi Finland
korvasieni (fi) — Gyromitra esculenta	korvasieni (fi)	6	2020-05-31	Taipalsaari	Etelä-Savo (ES)	Suomi	61.220602	28.07833		NEUTRAL	Löydös Open Finnish Observation Database
korvasieni (fi) — Gyromitra esculenta	korvasieni (fi)		2020-05-31	Virrat	Pohjois-Häme (PH)	Suomi	62.20138	23.51101		COMMUNITY_VERIFIED	iNaturalist Suomi Finland
korvasieni (fi) — Gyromitra esculenta	korvasieni (fi)		2020-05-31	Sotkamo	Kainuu (Kn)	Suomi	63.89606	29.00486		NEUTRAL	iNaturalist Suomi Finland
korvasieni (fi) — Gyromitra esculenta	korvasieni (fi)	N. 10	2020-05-30	Tervola	Perä-Pohjanmaa (PeP)	Suomi	66.140711	25.280688		NEUTRAL	Löydös Open Finnish Observation Database
korvasieni (fi) — Gyromitra esculenta	korvasieni (fi)	N. 10	2020-05-30	Tervola	Perä-Pohjanmaa (PeP)	Suomi	66.140711	25.280688		NEUTRAL	Löydös Open Finnish Observation Database
korvasieni (fi) — Gyromitra esculenta	korvasieni (fi)		2020-05-30	Saarijärvi	Pohjois-Häme (PH)	Suomi	62.75738	25.37956		COMMUNITY_VERIFIED	iNaturalist Suomi Finland
korvasieni (fi) — Gyromitra esculenta	korvasieni (fi)		2020-05-30	Jyväskylä	Etelä-Häme (EH)	Suomi	61.9889	25.6767		COMMUNITY_VERIFIED	iNaturalist Suomi Finland
korvasieni (fi) — Gyromitra esculenta	korvasieni (fi)		2020-05-30	Alavus	Etelä-Pohjanmaa (EP)	Suomi	62.48715	23.67791		COMMUNITY_VERIFIED	iNaturalist Suomi Finland
korvasieni (fi) — Gyromitra esculenta	korvasieni (fi)	3	2020-05-29	Helsinki	Uusimaa (U)	Suomi	60.232365	25.159047	Sure	NEUTRAL	The Atlas of Finnish Fungi
korvasieni (fi) — Gyromitra esculenta	korvasieni (fi)		2020-05-29	Lahti	Etelä-Häme (EH)	Suomi	60.95566	25.88345		COMMUNITY_VERIFIED	iNaturalist Suomi Finland
korvasieni (fi) — Gyromitra esculenta	korvasieni (fi)		2020-05-29	Turku	Varsinais-Suomi (V)	Suomi	60.41494	22.31836		COMMUNITY_VERIFIED	iNaturalist Suomi Finland
korvasieni (fi) — Gyromitra esculenta	korvasieni (fi)		2020-05-29	Vantaa	Uusimaa (U)	Suomi	60.33118	25.04048		COMMUNITY_VERIFIED	iNaturalist Suomi Finland
korvasieni (fi) — Gyromitra esculenta	korvasieni (fi)		2020-05-28	Hämeenlinna, Janakkala	Etelä-Häme (EH)	Suomi	61.1	24.9		COMMUNITY_VERIFIED	iNaturalist Suomi Finland
korvasieni (fi) — Gyromitra esculenta	korvasieni (fi)		2020-05-28	Mäntsälä	Uusimaa (U)	Suomi	60.6115	25.16638		COMMUNITY_VERIFIED	iNaturalist Suomi Finland
korvasieni (fi) — Gyromitra esculenta	korvasieni (fi)		2020-05-28	Juva	Etelä-Savo (ES)	Suomi	61.69676	27.88217		COMMUNITY_VERIFIED	iNaturalist Suomi Finland
korvasieni (fi) — Gyromitra esculenta	korvasieni (fi)		2020-05-28	Pori	Satakunta (St)	Suomi	61.42674	21.69922		NEUTRAL	iNaturalist Suomi Finland
korvasieni (fi) — Gyromitra esculenta	korvasieni (fi)	10	2020-05-27	Rovaniemi	Perä-Pohjanmaa (PeP)	Suomi	66.780376	25.388802	Sure	NEUTRAL	The Atlas of Finnish Fungi
korvasieni (fi) — Gyromitra esculenta	korvasieni (fi)		2020-05-26	Mikkeli	Etelä-Savo (ES)	Suomi	61.50662	27.28487		COMMUNITY_VERIFIED	iNaturalist Suomi Finland
korvasieni (fi) — Gyromitra esculenta	korvasieni (fi)	4	2020-05-26	Heinävesi	Pohjois-Savo (PS)	Suomi	62.510148	28.646658	Subspecies unsure	NEUTRAL	The Atlas of Finnish Fungi
korvasieni (fi) — Gyromitra esculenta	korvasieni (fi)		2020-05-26	Jyväskylä	Pohjois-Häme (PH)	Suomi	62.19143	25.71936		COMMUNITY_VERIFIED	iNaturalist Suomi Finland
korvasieni (fi) — Gyromitra esculenta	korvasieni (fi)		2020-05-26	Hausjärvi	Etelä-Häme (EH)	Suomi	60.72071	24.93425		COMMUNITY_VERIFIED	iNaturalist Suomi Finland
korvasieni (fi) — Gyromitra esculenta	korvasieni (fi)		2020-05-26	Turku	Varsinais-Suomi (V)	Suomi	60.41501	22.31843		COMMUNITY_VERIFIED	iNaturalist Suomi Finland
korvasieni (fi) — Gyromitra esculenta	korvasieni (fi)	5	2020-05-25	Kouvola	Etelä-Karjala (EK)	Suomi	60.769612	26.790277		NEUTRAL	Löydös Open Finnish Observation Database
korvasieni (fi) — Gyromitra esculenta	korvasieni (fi)	1	2020-05-25 [10:30]	Mikkeli	Pohjois-Savo (PS)	Suomi	62.071188	27.092385	Sure	NEUTRAL	The Atlas of Finnish Fungi
korvasieni (fi) — Gyromitra esculenta	korvasieni (fi)		2020-05-25	Asikkala	Etelä-Häme (EH)	Suomi	61.14882	25.56181		NEUTRAL	iNaturalist Suomi Finland
korvasieni (fi) — Gyromitra esculenta	korvasieni (fi)		2020-05-25	Hämeenkyrö	Satakunta (St)	Suomi	61.62712	22.97742		COMMUNITY_VERIFIED	iNaturalist Suomi Finland
korvasieni (fi) — Gyromitra esculenta	korvasieni (fi)		2020-05-25	Kärkölä	Etelä-Häme (EH)	Suomi	60.88825	25.17148		COMMUNITY_VERIFIED	iNaturalist Suomi Finland
korvasieni (fi) — Gyromitra esculenta	korvasieni (fi)		2020-05-25	Salo	Varsinais-Suomi (V)	Suomi	60.18611	23.28925		COMMUNITY_VERIFIED	iNaturalist Suomi Finland
korvasieni (fi) — Gyromitra esculenta	korvasieni (fi)		2020-05-25	Espoo	Uusimaa (U)	Suomi	60.33528	24.65278		COMMUNITY_VERIFIED	iNaturalist Suomi Finland
korvasieni (fi) — Gyromitra esculenta	korvasieni (fi)		2020-05-24	Hirvensalmi, Mäntyharju	Etelä-Savo (ES)	Suomi	61.5	26.5		COMMUNITY_VERIFIED	iNaturalist Suomi Finland
korvasieni (fi) — Gyromitra esculenta	korvasieni (fi)	Yksittäin useita	2020-05-24	Mikkeli	Pohjois-Savo (PS)	Suomi	62.071188	27.092385	Sure	NEUTRAL	The Atlas of Finnish Fungi
korvasieni (fi) — Gyromitra esculenta	korvasieni (fi)	Useita yksittäin	2020-05-24	Mikkeli	Pohjois-Savo (PS)	Suomi	62.071188	27.092385	Sure	NEUTRAL	The Atlas of Finnish Fungi
korvasieni (fi) — Gyromitra esculenta	korvasieni (fi)	1	2020-05-24 [18:00]	Kangasniemi, Mikkeli	Pohjois-Savo (PS)	Suomi	61.981459	27.092114	Sure	NEUTRAL	The Atlas of Finnish Fungi
korvasieni (fi) — Gyromitra esculenta	korvasieni (fi)		2020-05-24	Lappeenranta	Etelä-Savo (ES)	Suomi	61.07028	28.25159		COMMUNITY_VERIFIED	iNaturalist Suomi Finland
korvasieni (fi) — Gyromitra esculenta	korvasieni (fi)		2020-05-24	Hämeenlinna	Etelä-Häme (EH)	Suomi	61.04735	24.88566		COMMUNITY_VERIFIED	iNaturalist Suomi Finland
korvasieni (fi) — Gyromitra esculenta	korvasieni (fi)		2020-05-24	Kouvola	Uusimaa (U)	Suomi	60.69995	26.70408		COMMUNITY_VERIFIED	iNaturalist Suomi Finland
korvasieni (fi) — Gyromitra esculenta	korvasieni (fi)		2020-05-24	Tohmajärvi	Pohjois-Karjala (PK)	Suomi	62.18241	30.51538		COMMUNITY_VERIFIED	iNaturalist Suomi Finland
korvasieni (fi) — Gyromitra esculenta	korvasieni (fi)		2020-05-24	Tuusula	Uusimaa (U)	Suomi	60.37962	25.02598		COMMUNITY_VERIFIED	iNaturalist Suomi Finland
korvasieni (fi) — Gyromitra esculenta	korvasieni (fi)		2020-05-24	Uusikaupunki	Varsinais-Suomi (V)	Suomi	60.6504	21.43333		COMMUNITY_VERIFIED	iNaturalist Suomi Finland
korvasieni (fi) — Gyromitra esculenta	korvasieni (fi)		2020-05-24	Helsinki	Uusimaa (U)	Suomi	60.22704	25.10407		COMMUNITY_VERIFIED	iNaturalist Suomi Finland
korvasieni (fi) — Gyromitra esculenta	korvasieni (fi)		2020-05-24	Juupajoki	Etelä-Häme (EH)	Suomi	61.77687	24.53652		COMMUNITY_VERIFIED	iNaturalist Suomi Finland
korvasieni (fi) — Gyromitra esculenta	korvasieni (fi)		2020-05-24	Vantaa	Uusimaa (U)	Suomi	60.31923	25.04785		COMMUNITY_VERIFIED	iNaturalist Suomi Finland
korvasieni (fi) — Gyromitra esculenta	korvasieni (fi)		2020-05-23	Helsinki, Porvoo, Sipoo	Uusimaa (U)	Suomi	60.3	25.3		COMMUNITY_VERIFIED	iNaturalist Suomi Finland
korvasieni (fi) — Gyromitra esculenta	korvasieni (fi)	muutama	2020-05-23	Kitee	Pohjois-Karjala (PK)	Suomi	62.107776	30.269955	Sure	NEUTRAL	The Atlas of Finnish Fungi
korvasieni (fi) — Gyromitra esculenta	korvasieni (fi)	useampi kilo	2020-05-23	Hankasalmi	Pohjois-Häme (PH)	Suomi	62.408932	26.602514	Sure	NEUTRAL	The Atlas of Finnish Fungi
korvasieni (fi) — Gyromitra esculenta	korvasieni (fi)	Muutama	2020-05-23	Mikkeli	Pohjois-Savo (PS)	Suomi	62.071188	27.092385	Sure	NEUTRAL	The Atlas of Finnish Fungi
korvasieni (fi) — Gyromitra esculenta	korvasieni (fi)	Muutama	2020-05-23	Mikkeli	Pohjois-Savo (PS)	Suomi	62.071188	27.092385	Sure	NEUTRAL	The Atlas of Finnish Fungi
korvasieni (fi) — Gyromitra esculenta	korvasieni (fi)	Muutama	2020-05-23	Mikkeli	Pohjois-Savo (PS)	Suomi	62.071188	27.092385	Sure	NEUTRAL	The Atlas of Finnish Fungi
korvasieni (fi) — Gyromitra esculenta	korvasieni (fi)		2020-05-23	Nousiainen	Varsinais-Suomi (V)	Suomi	60.62366	22.16012		COMMUNITY_VERIFIED	iNaturalist Suomi Finland
korvasieni (fi) — Gyromitra esculenta	korvasieni (fi)		2020-05-23	Loviisa	Uusimaa (U)	Suomi	60.52823	25.91828		COMMUNITY_VERIFIED	iNaturalist Suomi Finland
korvasieni (fi) — Gyromitra esculenta	korvasieni (fi)		2020-05-23	Kajaani	Kainuu (Kn)	Suomi	64.15004	27.37595		COMMUNITY_VERIFIED	iNaturalist Suomi Finland
korvasieni (fi) — Gyromitra esculenta	korvasieni (fi)		2020-05-23	Somero	Etelä-Häme (EH)	Suomi	60.63846	23.55851		COMMUNITY_VERIFIED	iNaturalist Suomi Finland
korvasieni (fi) — Gyromitra esculenta	korvasieni (fi)		2020-05-23	Ylöjärvi	Etelä-Häme (EH)	Suomi	61.93279	23.70547		NEUTRAL	iNaturalist Suomi Finland
korvasieni (fi) — Gyromitra esculenta	korvasieni (fi)		2020-05-23	Sipoo	Uusimaa (U)	Suomi	60.262	25.49818		COMMUNITY_VERIFIED	iNaturalist Suomi Finland
korvasieni (fi) — Gyromitra esculenta	korvasieni (fi)		2020-05-23	Espoo	Uusimaa (U)	Suomi	60.34051	24.73935		COMMUNITY_VERIFIED	iNaturalist Suomi Finland
korvasieni (fi) — Gyromitra esculenta	korvasieni (fi)		2020-05-23	Äänekoski	Pohjois-Häme (PH)	Suomi	62.80312	25.68574		COMMUNITY_VERIFIED	iNaturalist Suomi Finland
korvasieni (fi) — Gyromitra esculenta	korvasieni (fi)		2020-05-22	Masku, Mynämäki, Naantali	Varsinais-Suomi (V)	Suomi	60.5	21.9		COMMUNITY_VERIFIED	iNaturalist Suomi Finland
korvasieni (fi) — Gyromitra esculenta	korvasieni (fi)		2020-05-22	Hausjärvi, Hyvinkää, Janakkala, Loppi, Riihimäki	Etelä-Häme (EH), Uusimaa (U)	Suomi	60.7	24.7		COMMUNITY_VERIFIED	iNaturalist Suomi Finland
korvasieni (fi) — Gyromitra esculenta	korvasieni (fi)	Monta	2020-05-22 - 2020-05-24	Mikkeli	Pohjois-Savo (PS)	Suomi	62.071188	27.092385	Sure	NEUTRAL	The Atlas of Finnish Fungi
korvasieni (fi) — Gyromitra esculenta	korvasieni (fi)	Monta	2020-05-22 - 2020-05-24	Mikkeli	Pohjois-Savo (PS)	Suomi	62.071188	27.092385	Sure	NEUTRAL	The Atlas of Finnish Fungi
korvasieni (fi) — Gyromitra esculenta	korvasieni (fi)	1	2020-05-22 - 2020-05-24	Mikkeli	Pohjois-Savo (PS)	Suomi	62.071188	27.092385	Sure	NEUTRAL	The Atlas of Finnish Fungi
korvasieni (fi) — Gyromitra esculenta	korvasieni (fi)	1	2020-05-22 - 2020-05-24	Mikkeli	Pohjois-Savo (PS)	Suomi	62.071188	27.092385	Sure	NEUTRAL	The Atlas of Finnish Fungi
korvasieni (fi) — Gyromitra esculenta	korvasieni (fi)	12	2020-05-22 - 2020-05-24	Mikkeli	Pohjois-Savo (PS)	Suomi	62.071188	27.092385	Sure	NEUTRAL	The Atlas of Finnish Fungi
korvasieni (fi) — Gyromitra esculenta	korvasieni (fi)	2	2020-05-22	Somero	Etelä-Häme (EH)	Suomi	60.503046	23.686252	Sure	NEUTRAL	The Atlas of Finnish Fungi
korvasieni (fi) — Gyromitra esculenta	korvasieni (fi)		2020-05-22	Kitee	Pohjois-Karjala (PK)	Suomi	61.94225	29.85899		COMMUNITY_VERIFIED	iNaturalist Suomi Finland
korvasieni (fi) — Gyromitra esculenta	korvasieni (fi)		2020-05-22	Heinola	Etelä-Häme (EH)	Suomi	61.19681	26.09752		COMMUNITY_VERIFIED	iNaturalist Suomi Finland
korvasieni (fi) — Gyromitra esculenta	korvasieni (fi)		2020-05-22	Salo	Varsinais-Suomi (V)	Suomi	60.25602	22.96155		COMMUNITY_VERIFIED	iNaturalist Suomi Finland
korvasieni (fi) — Gyromitra esculenta	korvasieni (fi)		2020-05-22	Suomussalmi	Kainuu (Kn)	Suomi	65.46955	29.52383		NEUTRAL	iNaturalist Suomi Finland
korvasieni (fi) — Gyromitra esculenta	korvasieni (fi)	Muutama	2020-05-22 [15:21]	Vaala	Oulun Pohjanmaa (OP)	Suomi	64.571663	26.719177		NEUTRAL	Notebook, general observations
korvasieni (fi) — Gyromitra esculenta	korvasieni (fi)		2020-05-21	Lappeenranta, Taipalsaari	Etelä-Savo (ES)	Suomi	61.1	28.1		NEUTRAL	iNaturalist Suomi Finland
korvasieni (fi) — Gyromitra esculenta	korvasieni (fi)		2020-05-21	Hausjärvi, Hyvinkää, Riihimäki	Etelä-Häme (EH), Uusimaa (U)	Suomi	60.7	24.9		NEUTRAL	iNaturalist Suomi Finland
korvasieni (fi) — Gyromitra esculenta	korvasieni (fi)		2020-05-21	Kitee	Pohjois-Karjala (PK)	Suomi	62.113322	30.274812	Sure	NEUTRAL	The Atlas of Finnish Fungi
korvasieni (fi) — Gyromitra esculenta	korvasieni (fi)	Muutamia	2020-05-21	Loimaa	Satakunta (St)	Suomi	60.960408	22.676909	Sure	NEUTRAL	The Atlas of Finnish Fungi
korvasieni (fi) — Gyromitra esculenta	korvasieni (fi)	1	2020-05-21	Joensuu	Pohjois-Karjala (PK)	Suomi	62.561998	30.678363	Sure	NEUTRAL	The Atlas of Finnish Fungi
korvasieni (fi) — Gyromitra esculenta	korvasieni (fi)		2020-05-21 - 2020-09-10	Sastamala	Satakunta (St)	Suomi	61.532766	23.051909	Sure	NEUTRAL	Notebook, general observations
korvasieni (fi) — Gyromitra esculenta	korvasieni (fi)		2020-05-21	Polvijärvi	Pohjois-Karjala (PK)	Suomi	62.85799	29.52948		COMMUNITY_VERIFIED	iNaturalist Suomi Finland
korvasieni (fi) — Gyromitra esculenta	korvasieni (fi)		2020-05-21	Savonlinna	Etelä-Savo (ES)	Suomi	61.88151	29.00355		COMMUNITY_VERIFIED	iNaturalist Suomi Finland
korvasieni (fi) — Gyromitra esculenta	korvasieni (fi)		2020-05-21	Ilomantsi	Pohjois-Karjala (PK)	Suomi	62.84492	30.59576		COMMUNITY_VERIFIED	iNaturalist Suomi Finland
korvasieni (fi) — Gyromitra esculenta	korvasieni (fi)		2020-05-21	Vaasa	Etelä-Pohjanmaa (EP)	Suomi	63.05514	22.11544		COMMUNITY_VERIFIED	iNaturalist Suomi Finland
korvasieni (fi) — Gyromitra esculenta	korvasieni (fi)		2020-05-21	Pöytyä	Satakunta (St)	Suomi	60.77733	22.33725		COMMUNITY_VERIFIED	iNaturalist Suomi Finland
korvasieni (fi) — Gyromitra esculenta	korvasieni (fi)		2020-05-21	Tammela	Etelä-Häme (EH)	Suomi	60.67816	23.71954		COMMUNITY_VERIFIED	iNaturalist Suomi Finland
korvasieni (fi) — Gyromitra esculenta	korvasieni (fi)		2020-05-21	Kaarina	Varsinais-Suomi (V)	Suomi	60.42641	22.52323		COMMUNITY_VERIFIED	iNaturalist Suomi Finland
korvasieni (fi) — Gyromitra esculenta	korvasieni (fi)		2020-05-21	Joensuu	Pohjois-Karjala (PK)	Suomi	62.57607	29.80857		COMMUNITY_VERIFIED	iNaturalist Suomi Finland
korvasieni (fi) — Gyromitra esculenta	korvasieni (fi)		2020-05-20	Kärkölä	Etelä-Häme (EH)	Suomi	60.90179	25.23952		COMMUNITY_VERIFIED	iNaturalist Suomi Finland
korvasieni (fi) — Gyromitra esculenta	korvasieni (fi)		2020-05-20	Kärkölä	Etelä-Häme (EH)	Suomi	60.9021	25.23958		NEUTRAL	iNaturalist Suomi Finland
korvasieni (fi) — Gyromitra esculenta	korvasieni (fi)		2020-05-20	Kangasala, Orivesi, Tampere	Etelä-Häme (EH)	Suomi	61.5	24.1		NEUTRAL	iNaturalist Suomi Finland
korvasieni (fi) — Gyromitra esculenta	korvasieni (fi)		2020-05-20	Jyväskylä	Pohjois-Häme (PH)	Suomi	62.30331	25.63574		COMMUNITY_VERIFIED	iNaturalist Suomi Finland
korvasieni (fi) — Gyromitra esculenta	korvasieni (fi)		2020-05-20	Turku	Varsinais-Suomi (V)	Suomi	60.48278	22.21913		COMMUNITY_VERIFIED	iNaturalist Suomi Finland
korvasieni (fi) — Gyromitra esculenta	korvasieni (fi)		2020-05-20	Virrat	Pohjois-Häme (PH)	Suomi	62.2281	23.77674		COMMUNITY_VERIFIED	iNaturalist Suomi Finland
korvasieni (fi) — Gyromitra esculenta	korvasieni (fi)		2020-05-20	Iisalmi	Pohjois-Savo (PS)	Suomi	63.65167	27.19917		COMMUNITY_VERIFIED	iNaturalist Suomi Finland
korvasieni (fi) — Gyromitra esculenta	korvasieni (fi)		2020-05-19	Ilmajoki, Kurikka, Seinäjoki	Etelä-Pohjanmaa (EP)	Suomi	62.7	22.9		COMMUNITY_VERIFIED	iNaturalist Suomi Finland
korvasieni (fi) — Gyromitra esculenta	korvasieni (fi)		2020-05-19	Mikkeli	Etelä-Savo (ES)	Suomi	61.70755	27.27036		COMMUNITY_VERIFIED	iNaturalist Suomi Finland
korvasieni (fi) — Gyromitra esculenta	korvasieni (fi)		2020-05-19	Tampere	Etelä-Häme (EH)	Suomi	61.45028	23.82232		COMMUNITY_VERIFIED	iNaturalist Suomi Finland
korvasieni (fi) — Gyromitra esculenta	korvasieni (fi)		2020-05-19	Hämeenlinna	Etelä-Häme (EH)	Suomi	61.19918	25.14262		COMMUNITY_VERIFIED	iNaturalist Suomi Finland
korvasieni (fi) — Gyromitra esculenta	korvasieni (fi)		2020-05-19	Turku	Varsinais-Suomi (V)	Suomi	60.44455	22.34556		COMMUNITY_VERIFIED	iNaturalist Suomi Finland
korvasieni (fi) — Gyromitra esculenta	korvasieni (fi)		2020-05-19	Ulvila	Satakunta (St)	Suomi	61.51476	22.27079		COMMUNITY_VERIFIED	iNaturalist Suomi Finland
korvasieni (fi) — Gyromitra esculenta	korvasieni (fi)		2020-05-18	Orivesi, Ruovesi	Etelä-Häme (EH)	Suomi	61.9	24.1		COMMUNITY_VERIFIED	iNaturalist Suomi Finland
korvasieni (fi) — Gyromitra esculenta	korvasieni (fi)		2020-05-18	Mikkeli	Etelä-Savo (ES)	Suomi	61.50667	27.28494		COMMUNITY_VERIFIED	iNaturalist Suomi Finland
korvasieni (fi) — Gyromitra esculenta	korvasieni (fi)	4	2020-05-18	Turku	Varsinais-Suomi (V)	Suomi	60.432906	22.284673	Sure	NEUTRAL	The Atlas of Finnish Fungi
korvasieni (fi) — Gyromitra esculenta	korvasieni (fi)		2020-05-18	Vihti	Varsinais-Suomi (V)	Suomi	60.566133	24.589448	Sure	NEUTRAL	The Atlas of Finnish Fungi
korvasieni (fi) — Gyromitra esculenta	korvasieni (fi)		2020-05-18	Seinäjoki	Etelä-Pohjanmaa (EP)	Suomi	62.722405	23.086716		COMMUNITY_VERIFIED	iNaturalist Suomi Finland
korvasieni (fi) — Gyromitra esculenta	korvasieni (fi)		2020-05-18	Joutsa	Etelä-Savo (ES)	Suomi	61.74169	26.12411		COMMUNITY_VERIFIED	iNaturalist Suomi Finland
korvasieni (fi) — Gyromitra esculenta	korvasieni (fi)		2020-05-18	Kouvola	Etelä-Häme (EH)	Suomi	61.15691	26.38883		COMMUNITY_VERIFIED	iNaturalist Suomi Finland
korvasieni (fi) — Gyromitra esculenta	korvasieni (fi)		2020-05-18	Ruokolahti	Etelä-Savo (ES)	Suomi	61.36933	28.91848		COMMUNITY_VERIFIED	iNaturalist Suomi Finland
korvasieni (fi) — Gyromitra esculenta	korvasieni (fi)		2020-05-18	Seinäjoki	Etelä-Pohjanmaa (EP)	Suomi	62.72179	23.08503		NEUTRAL	iNaturalist Suomi Finland
korvasieni (fi) — Gyromitra esculenta	korvasieni (fi)		2020-05-18	Mikkeli	Etelä-Savo (ES)	Suomi	61.54931	27.39147		COMMUNITY_VERIFIED	iNaturalist Suomi Finland
korvasieni (fi) — Gyromitra esculenta	korvasieni (fi)		2020-05-18	Tuusula	Uusimaa (U)	Suomi	60.42272	25.04258		COMMUNITY_VERIFIED	iNaturalist Suomi Finland
korvasieni (fi) — Gyromitra esculenta	korvasieni (fi)		2020-05-18	Riihimäki	Etelä-Häme (EH)	Suomi	60.6706	24.74679		COMMUNITY_VERIFIED	iNaturalist Suomi Finland
korvasieni (fi) — Gyromitra esculenta	korvasieni (fi)		2020-05-18	Joutsa	Etelä-Savo (ES)	Suomi	61.74292	26.11372		COMMUNITY_VERIFIED	iNaturalist Suomi Finland
korvasieni (fi) — Gyromitra esculenta	korvasieni (fi)	4	2020-05-18	Sastamala	Satakunta (St)	Suomi	61.410766	22.639494		NEUTRAL	Notebook, general observations
korvasieni (fi) — Gyromitra esculenta	korvasieni (fi)		2020-05-17	Kurikka, Seinäjoki	Etelä-Pohjanmaa (EP)	Suomi	62.5	22.9		COMMUNITY_VERIFIED	iNaturalist Suomi Finland
korvasieni (fi) — Gyromitra esculenta	korvasieni (fi)		2020-05-17	Hausjärvi, Hyvinkää, Riihimäki	Etelä-Häme (EH), Uusimaa (U)	Suomi	60.7	24.9		COMMUNITY_VERIFIED	iNaturalist Suomi Finland
korvasieni (fi) — Gyromitra esculenta	korvasieni (fi)		2020-05-17	Muurame	Etelä-Häme (EH)	Suomi	62.15155	25.70593		COMMUNITY_VERIFIED	iNaturalist Suomi Finland
korvasieni (fi) — Gyromitra esculenta	korvasieni (fi)		2020-05-17	Jyväskylä	Pohjois-Häme (PH)	Suomi	62.27897	25.80944		COMMUNITY_VERIFIED	iNaturalist Suomi Finland
korvasieni (fi) — Gyromitra esculenta	korvasieni (fi)		2020-05-17	Polvijärvi	Pohjois-Karjala (PK)	Suomi	62.75638	29.3757		COMMUNITY_VERIFIED	iNaturalist Suomi Finland
korvasieni (fi) — Gyromitra esculenta	korvasieni (fi)		2020-05-17	Jyväskylä	Etelä-Häme (EH)	Suomi	61.90127	25.78397		COMMUNITY_VERIFIED	iNaturalist Suomi Finland
korvasieni (fi) — Gyromitra esculenta	korvasieni (fi)		2020-05-17	Espoo	Uusimaa (U)	Suomi	60.18206	24.68911		COMMUNITY_VERIFIED	iNaturalist Suomi Finland
korvasieni (fi) — Gyromitra esculenta	korvasieni (fi)		2020-05-17	Espoo	Uusimaa (U)	Suomi	60.34434	24.72594		COMMUNITY_VERIFIED	iNaturalist Suomi Finland
korvasieni (fi) — Gyromitra esculenta	korvasieni (fi)		2020-05-17	Loviisa	Uusimaa (U)	Suomi	60.31373	25.98663		COMMUNITY_VERIFIED	iNaturalist Suomi Finland
korvasieni (fi) — Gyromitra esculenta	korvasieni (fi)		2020-05-17	Asikkala	Etelä-Häme (EH)	Suomi	61.24444	25.51583		COMMUNITY_VERIFIED	iNaturalist Suomi Finland
korvasieni (fi) — Gyromitra esculenta	korvasieni (fi)		2020-05-17	Tuusula	Uusimaa (U)	Suomi	60.45006	24.96974		NEUTRAL	iNaturalist Suomi Finland
korvasieni (fi) — Gyromitra esculenta	korvasieni (fi)		2020-05-17	Iitti	Etelä-Häme (EH)	Suomi	60.98995	26.18051		NEUTRAL	iNaturalist Suomi Finland
korvasieni (fi) — Gyromitra esculenta	korvasieni (fi)		2020-05-16	Kuopio, Lapinlahti, Rautavaara	Pohjois-Karjala (PK), Pohjois-Savo (PS)	Suomi	63.3	28.1		COMMUNITY_VERIFIED	iNaturalist Suomi Finland
korvasieni (fi) — Gyromitra esculenta	korvasieni (fi)		2020-05-16	Konnevesi	Pohjois-Häme (PH)	Suomi	62.600713	26.447817	Sure	NEUTRAL	The Atlas of Finnish Fungi
korvasieni (fi) — Gyromitra esculenta	korvasieni (fi)	Yksittäisiä	2020-05-16	Sastamala	Satakunta (St)	Suomi	61.477131	22.610101	Sure	NEUTRAL	The Atlas of Finnish Fungi
korvasieni (fi) — Gyromitra esculenta	korvasieni (fi)		2020-05-16	Ilomantsi	Pohjois-Karjala (PK)	Suomi	62.58993	31.15367		COMMUNITY_VERIFIED	iNaturalist Suomi Finland
korvasieni (fi) — Gyromitra esculenta	korvasieni (fi)		2020-05-16	Lieksa	Pohjois-Karjala (PK)	Suomi	63.07152	29.82476		COMMUNITY_VERIFIED	iNaturalist Suomi Finland
korvasieni (fi) — Gyromitra esculenta	korvasieni (fi)		2020-05-16	Mäntsälä	Uusimaa (U)	Suomi	60.64787	25.3227		COMMUNITY_VERIFIED	iNaturalist Suomi Finland
korvasieni (fi) — Gyromitra esculenta	korvasieni (fi)		2020-05-16	Pornainen	Uusimaa (U)	Suomi	60.52858	25.29085		COMMUNITY_VERIFIED	iNaturalist Suomi Finland
korvasieni (fi) — Gyromitra esculenta	korvasieni (fi)		2020-05-16	Mynämäki	Varsinais-Suomi (V)	Suomi	60.69184	22.02907		COMMUNITY_VERIFIED	iNaturalist Suomi Finland
korvasieni (fi) — Gyromitra esculenta	korvasieni (fi)		2020-05-16	Lieksa	Pohjois-Karjala (PK)	Suomi	63.42639	29.75278		NEUTRAL	iNaturalist Suomi Finland
korvasieni (fi) — Gyromitra esculenta	korvasieni (fi)		2020-05-16	Mikkeli	Etelä-Savo (ES)	Suomi	61.59459	27.24624		COMMUNITY_VERIFIED	iNaturalist Suomi Finland
korvasieni (fi) — Gyromitra esculenta	korvasieni (fi)		2020-05-15	Hankasalmi, Pieksämäki, Rautalampi	Pohjois-Häme (PH), Pohjois-Savo (PS)	Suomi	62.5	26.7		COMMUNITY_VERIFIED	iNaturalist Suomi Finland
korvasieni (fi) — Gyromitra esculenta	korvasieni (fi)	6	2020-05-15 [18:01]	Kirkkonummi	Uusimaa (U)	Suomi	60.145189	24.368038		NEUTRAL	Notebook, general observations
korvasieni (fi) — Gyromitra esculenta	korvasieni (fi)		2020-05-15	Kirkkonummi	Uusimaa (U)	Suomi	60.27166	24.44868		COMMUNITY_VERIFIED	iNaturalist Suomi Finland
korvasieni (fi) — Gyromitra esculenta	korvasieni (fi)		2020-05-15	Kirkkonummi	Uusimaa (U)	Suomi	60.14661	24.37057		COMMUNITY_VERIFIED	iNaturalist Suomi Finland
korvasieni (fi) — Gyromitra esculenta	korvasieni (fi)		2020-05-15	Iitti	Etelä-Häme (EH)	Suomi	60.88	26.29194		COMMUNITY_VERIFIED	iNaturalist Suomi Finland
korvasieni (fi) — Gyromitra esculenta	korvasieni (fi)		2020-05-15	Nokia	Etelä-Häme (EH)	Suomi	61.47578	23.34986		COMMUNITY_VERIFIED	iNaturalist Suomi Finland
korvasieni (fi) — Gyromitra esculenta	korvasieni (fi)		2020-05-14	Kangasala, Orivesi, Tampere	Etelä-Häme (EH)	Suomi	61.5	24.1		COMMUNITY_VERIFIED	iNaturalist Suomi Finland
korvasieni (fi) — Gyromitra esculenta	korvasieni (fi)	2	2020-05-13	Oulu	Oulun Pohjanmaa (OP)	Suomi	65.204372	25.443245		NEUTRAL	Löydös Open Finnish Observation Database
korvasieni (fi) — Gyromitra esculenta	korvasieni (fi)		2020-05-13	Helsinki	Uusimaa (U)	Suomi	60.231632	25.157863	Sure	NEUTRAL	The Atlas of Finnish Fungi
korvasieni (fi) — Gyromitra esculenta	korvasieni (fi)		2020-05-13	Punkalaidun	Satakunta (St)	Suomi	61.18532	23.03651		COMMUNITY_VERIFIED	iNaturalist Suomi Finland
korvasieni (fi) — Gyromitra esculenta	korvasieni (fi)		2020-05-12	Helsinki	Uusimaa (U)	Suomi	60.236	24.89574		COMMUNITY_VERIFIED	iNaturalist Suomi Finland
korvasieni (fi) — Gyromitra esculenta	korvasieni (fi)		2020-05-12	Kaarina	Varsinais-Suomi (V)	Suomi	60.42533	22.3593		COMMUNITY_VERIFIED	iNaturalist Suomi Finland
korvasieni (fi) — Gyromitra esculenta	korvasieni (fi)		2020-05-10	Espoo, Helsinki, Kirkkonummi	Uusimaa (U)	Suomi	60.1	24.7		COMMUNITY_VERIFIED	iNaturalist Suomi Finland
korvasieni (fi) — Gyromitra esculenta	korvasieni (fi)		2020-05-10	Espoo	Uusimaa (U)	Suomi	60.310968	24.764437	Sure	NEUTRAL	The Atlas of Finnish Fungi
korvasieni (fi) — Gyromitra esculenta	korvasieni (fi)		2020-05-10	Helsinki	Uusimaa (U)	Suomi	60.24515	25.06759		COMMUNITY_VERIFIED	iNaturalist Suomi Finland
korvasieni (fi) — Gyromitra esculenta	korvasieni (fi)		2020-05-10	Lapinlahti	Pohjois-Savo (PS)	Suomi	63.476	28.11273		COMMUNITY_VERIFIED	iNaturalist Suomi Finland
korvasieni (fi) — Gyromitra esculenta	korvasieni (fi)		2020-05-10	Somero	Etelä-Häme (EH)	Suomi	60.67633	23.58727		COMMUNITY_VERIFIED	iNaturalist Suomi Finland
korvasieni (fi) — Gyromitra esculenta	korvasieni (fi)		2020-05-10	Sastamala	Satakunta (St)	Suomi	61.31071	22.94258		COMMUNITY_VERIFIED	iNaturalist Suomi Finland
korvasieni (fi) — Gyromitra esculenta	korvasieni (fi)		2020-05-10	Kirkkonummi	Uusimaa (U)	Suomi	60.17093	24.50298		COMMUNITY_VERIFIED	iNaturalist Suomi Finland
korvasieni (fi) — Gyromitra esculenta	korvasieni (fi)	1	2020-05-10	Sastamala	Satakunta (St)	Suomi	61.313974	22.936168	Sure	NEUTRAL	Notebook, general observations
korvasieni (fi) — Gyromitra esculenta	korvasieni (fi)	2	2020-05-09	Rautalampi	Pohjois-Häme (PH)	Suomi	62.56242	26.625326	Sure	NEUTRAL	The Atlas of Finnish Fungi
korvasieni (fi) — Gyromitra esculenta	korvasieni (fi)	Muutamia	2020-05-09	Hämeenkyrö	Satakunta (St)	Suomi	61.646223	23.026952	Sure	NEUTRAL	The Atlas of Finnish Fungi
korvasieni (fi) — Gyromitra esculenta	korvasieni (fi)		2020-05-09	Kirkkonummi	Uusimaa (U)	Suomi	60.15808	24.52213		COMMUNITY_VERIFIED	iNaturalist Suomi Finland
korvasieni (fi) — Gyromitra esculenta	korvasieni (fi)		2020-05-08	Mäntsälä	Uusimaa (U)	Suomi	60.76534	25.27869		COMMUNITY_VERIFIED	iNaturalist Suomi Finland
korvasieni (fi) — Gyromitra esculenta	korvasieni (fi)		2020-05-08	Taipalsaari	Etelä-Savo (ES)	Suomi	61.15237	28.22471		NEUTRAL	iNaturalist Suomi Finland
korvasieni (fi) — Gyromitra esculenta	korvasieni (fi)		2020-05-08	Tohmajärvi	Pohjois-Karjala (PK)	Suomi	62.38861	30.09194		COMMUNITY_VERIFIED	iNaturalist Suomi Finland
korvasieni (fi) — Gyromitra esculenta	korvasieni (fi)		2020-05-08	Vantaa	Uusimaa (U)	Suomi	60.29944	24.78647		COMMUNITY_VERIFIED	iNaturalist Suomi Finland
korvasieni (fi) — Gyromitra esculenta	korvasieni (fi)		2020-05-08	Masku	Varsinais-Suomi (V)	Suomi	60.54228	21.81884		COMMUNITY_VERIFIED	iNaturalist Suomi Finland
korvasieni (fi) — Gyromitra esculenta	korvasieni (fi)	1	2020-05-07	Hausjärvi	Etelä-Häme (EH)	Suomi	60.72323	24.849301	Sure	NEUTRAL	The Atlas of Finnish Fungi
korvasieni (fi) — Gyromitra esculenta	korvasieni (fi)		2020-05-06 [20:16]	Jyväskylä	Etelä-Häme (EH)	Suomi	61.966942	25.689249		NEUTRAL	Notebook, general observations
korvasieni (fi) — Gyromitra esculenta	korvasieni (fi)		2020-05-06	Porvoo	Uusimaa (U)	Suomi	60.349987	25.72964		NEUTRAL	Ascomycetes Fennoscandiae orientalis
korvasieni (fi) — Gyromitra esculenta	korvasieni (fi)	5	2020-05-05	Uusikaupunki	Varsinais-Suomi (V)	Suomi	60.835774	21.252	Sure	NEUTRAL	Notebook, general observations
korvasieni (fi) — Gyromitra esculenta	korvasieni (fi)		2020-05-05	Huittinen, Kokemäki, Sastamala	Satakunta (St)	Suomi	61.3	22.5		COMMUNITY_VERIFIED	iNaturalist Suomi Finland
korvasieni (fi) — Gyromitra esculenta	korvasieni (fi)	1	2020-05-05	Pieksämäki	Pohjois-Savo (PS)	Suomi	62.237347	27.425939	Sure	NEUTRAL	Notebook, general observations
korvasieni (fi) — Gyromitra esculenta	korvasieni (fi)		2020-05-04	Lempäälä	Etelä-Häme (EH)	Suomi	61.37915	23.88242		COMMUNITY_VERIFIED	iNaturalist Suomi Finland
korvasieni (fi) — Gyromitra esculenta	korvasieni (fi)		2020-05-03	Sipoo	Uusimaa (U)	Suomi	60.33384	25.14472		COMMUNITY_VERIFIED	iNaturalist Suomi Finland
korvasieni (fi) — Gyromitra esculenta	korvasieni (fi)	13	2020-05-03 [10:25]	Rauma	Varsinais-Suomi (V)	Suomi	61.006219	21.66652	Sure	NEUTRAL	Notebook, general observations
korvasieni (fi) — Gyromitra esculenta	korvasieni (fi)	yksittäisiä	2020-05-02	Hankasalmi	Pohjois-Häme (PH)	Suomi	62.2628	26.4305	Sure	NEUTRAL	The Atlas of Finnish Fungi
korvasieni (fi) — Gyromitra esculenta	korvasieni (fi)	4	2020-05-02 [10:34]	Oulu	Oulun Pohjanmaa (OP)	Suomi	64.943849	25.797368		NEUTRAL	Notebook, general observations
korvasieni (fi) — Gyromitra esculenta	korvasieni (fi)		2020-05-02	Sipoo	Uusimaa (U)	Suomi	60.412455	25.242976	Sure	NEUTRAL	The Atlas of Finnish Fungi
korvasieni (fi) — Gyromitra esculenta	korvasieni (fi)		2020-05-01	Laukaa	Pohjois-Häme (PH)	Suomi	62.479959	25.768475	Sure	NEUTRAL	Notebook, general observations
korvasieni (fi) — Gyromitra esculenta	korvasieni (fi)		2020-04-30	Loimaa, Oripää, Pöytyä, Säkylä	Satakunta (St), Varsinais-Suomi (V)	Suomi	60.9	22.5		COMMUNITY_VERIFIED	iNaturalist Suomi Finland
korvasieni (fi) — Gyromitra esculenta	korvasieni (fi)		2020-04-30	Turku	Varsinais-Suomi (V)	Suomi	60.49327	22.27587		COMMUNITY_VERIFIED	iNaturalist Suomi Finland
korvasieni (fi) — Gyromitra esculenta	korvasieni (fi)	1	2020-04-30	Raasepori	Varsinais-Suomi (V)	Suomi	60.148042	23.529609	Sure	NEUTRAL	Notebook, general observations
korvasieni (fi) — Gyromitra esculenta	korvasieni (fi)	1	2020-04-30	Raasepori	Varsinais-Suomi (V)	Suomi	60.142646	23.518475	Sure	NEUTRAL	Notebook, general observations
korvasieni (fi) — Gyromitra esculenta	korvasieni (fi)	3	2020-04-28	Helsinki	Uusimaa (U)	Suomi	60.235196	25.142692	Sure	NEUTRAL	The Atlas of Finnish Fungi
korvasieni (fi) — Gyromitra esculenta	korvasieni (fi)		2020-04-28	Mäntsälä	Uusimaa (U)	Suomi	60.76546	25.27877		COMMUNITY_VERIFIED	iNaturalist Suomi Finland
korvasieni (fi) — Gyromitra esculenta	korvasieni (fi)	1	2020-04-27 [18:05]	Kirkkonummi	Uusimaa (U)	Suomi	60.146197	24.37299		NEUTRAL	Notebook, general observations
korvasieni (fi) — Gyromitra esculenta	korvasieni (fi)	3	2020-04-26	Parainen	Varsinais-Suomi (V)	Suomi	60.129845	21.949312		NEUTRAL	Löydös Open Finnish Observation Database
korvasieni (fi) — Gyromitra esculenta	korvasieni (fi)	15	2020-04-26	Lohja	Varsinais-Suomi (V)	Suomi	60.276768	23.759676	Sure	NEUTRAL	The Atlas of Finnish Fungi
korvasieni (fi) — Gyromitra esculenta	korvasieni (fi)	2	2020-04-26 [19:43]	Espoo	Uusimaa (U)	Suomi	60.298742	24.749069		NEUTRAL	Notebook, general observations
korvasieni (fi) — Gyromitra esculenta	korvasieni (fi)	4 kpl	2020-04-26 [18:10]	Kirkkonummi	Uusimaa (U)	Suomi	60.134503	24.474671		NEUTRAL	Notebook, general observations
korvasieni (fi) — Gyromitra esculenta	korvasieni (fi)		2020-04-26	Siuntio	Uusimaa (U)	Suomi	60.22754	24.13317		COMMUNITY_VERIFIED	iNaturalist Suomi Finland
korvasieni (fi) — Gyromitra esculenta	korvasieni (fi)		2020-04-25	Hollola, Kärkölä, Lahti, Orimattila	Etelä-Häme (EH), Uusimaa (U)	Suomi	60.9	25.5		COMMUNITY_VERIFIED	iNaturalist Suomi Finland
korvasieni (fi) — Gyromitra esculenta	korvasieni (fi)		2020-04-25	Espoo	Uusimaa (U)	Suomi	60.18206	24.67057		COMMUNITY_VERIFIED	iNaturalist Suomi Finland
korvasieni (fi) — Gyromitra esculenta	korvasieni (fi)		2020-04-25	Kauniainen	Uusimaa (U)	Suomi	60.211728	24.680226	Sure	NEUTRAL	The Atlas of Finnish Fungi
korvasieni (fi) — Gyromitra esculenta	korvasieni (fi)		2020-04-25	Porvoo	Uusimaa (U)	Suomi	60.339492	25.737476		NEUTRAL	Ascomycetes Fennoscandiae orientalis
korvasieni (fi) — Gyromitra esculenta	korvasieni (fi)		2020-04-24	Hausjärvi	Etelä-Häme (EH)	Suomi	60.800838	25.001888		NEUTRAL	Löydös Open Finnish Observation Database
korvasieni (fi) — Gyromitra esculenta	korvasieni (fi)		2020-04-24	Helsinki	Uusimaa (U)	Suomi	60.22378	25.12566		COMMUNITY_VERIFIED	iNaturalist Suomi Finland
korvasieni (fi) — Gyromitra esculenta	korvasieni (fi)		2020-04-23	Espoo, Helsinki	Uusimaa (U)	Suomi	60.1	24.9		COMMUNITY_VERIFIED	iNaturalist Suomi Finland
korvasieni (fi) — Gyromitra esculenta	korvasieni (fi)		2020-04-23 - 2020-04-28	Vihti	Varsinais-Suomi (V)	Suomi	60.528764	24.560109	Sure	NEUTRAL	The Atlas of Finnish Fungi
korvasieni (fi) — Gyromitra esculenta	korvasieni (fi)	5	2020-04-23	Porvoo	Uusimaa (U)	Suomi	60.472161	25.601215	Sure	NEUTRAL	The Atlas of Finnish Fungi
korvasieni (fi) — Gyromitra esculenta	korvasieni (fi)	5	2020-04-23	Porvoo	Uusimaa (U)	Suomi	60.468925	25.59923	Sure	NEUTRAL	The Atlas of Finnish Fungi
korvasieni (fi) — Gyromitra esculenta	korvasieni (fi)	Muutamia	2020-04-22	Seinäjoki	Etelä-Pohjanmaa (EP)	Suomi	62.701746	22.835201		NEUTRAL	Löydös Open Finnish Observation Database
korvasieni (fi) — Gyromitra esculenta	korvasieni (fi)		2020-04-22	Loppi	Etelä-Häme (EH)	Suomi	60.6193	24.39756		COMMUNITY_VERIFIED	iNaturalist Suomi Finland
korvasieni (fi) — Gyromitra esculenta	korvasieni (fi)		2020-04-20 [20:41]	Espoo	Uusimaa (U)	Suomi	60.297673	24.748666		NEUTRAL	Notebook, general observations
korvasieni (fi) — Gyromitra esculenta	korvasieni (fi)		2020-04-20	Espoo	Uusimaa (U)	Suomi	60.193962	24.705343	Sure	NEUTRAL	The Atlas of Finnish Fungi
korvasieni (fi) — Gyromitra esculenta	korvasieni (fi)	2	2020-04-19	Raisio	Varsinais-Suomi (V)	Suomi	60.527	22.151	Sure	NEUTRAL	The Atlas of Finnish Fungi
korvasieni (fi) — Gyromitra esculenta	korvasieni (fi)	2	2020-04-19 [14:30]	Helsinki, Sipoo	Uusimaa (U)	Suomi	60.173105	25.105165	Sure	NEUTRAL	The Atlas of Finnish Fungi
korvasieni (fi) — Gyromitra esculenta	korvasieni (fi)	1	2020-04-19	Raasepori	Uusimaa (U)	Suomi	59.897892	23.484851	Sure	NEUTRAL	Notebook, general observations
korvasieni (fi) — Gyromitra esculenta	korvasieni (fi)	2	2020-04-18	Espoo	Uusimaa (U)	Suomi	60.131924	24.720795		NEUTRAL	Löydös Open Finnish Observation Database
korvasieni (fi) — Gyromitra esculenta	korvasieni (fi)	1	2020-04-18	Raasepori	Varsinais-Suomi (V)	Suomi	60.112115	23.532756	Sure	NEUTRAL	Notebook, general observations
korvasieni (fi) — Gyromitra esculenta	korvasieni (fi)		2020-04-13	Tampere	Etelä-Häme (EH)	Suomi	61.512	23.863	Sure	NEUTRAL	The Atlas of Finnish Fungi
korvasieni (fi) — Gyromitra esculenta	korvasieni (fi)	6	2020-04-10	Helsinki	Uusimaa (U)	Suomi	60.261355	25.087099		NEUTRAL	Löydös Open Finnish Observation Database
korvasieni (fi) — Gyromitra esculenta	korvasieni (fi)		2020-04-10	Vehmaa	Varsinais-Suomi (V)	Suomi	60.746446	21.756257	Sure	NEUTRAL	Notebook, general observations
korvasieni (fi) — Gyromitra esculenta	korvasieni (fi)	10	2020-04-10	Espoo, Nurmijärvi, Vihti	Uusimaa (U)	Suomi	60.343595	24.551678	Sure	NEUTRAL	The Atlas of Finnish Fungi
korvasieni (fi) — Gyromitra esculenta	korvasieni (fi)		2020-04-02	Espoo	Uusimaa (U)	Suomi	60.23427	24.79325		COMMUNITY_VERIFIED	iNaturalist Suomi Finland
korvasieni (fi) — Gyromitra esculenta	korvasieni (fi)	2	2020-03-28	Parainen	Varsinais-Suomi (V)	Suomi	60.279575	22.204522	Sure	NEUTRAL	The Atlas of Finnish Fungi
korvasieni (fi) — Gyromitra esculenta	korvasieni (fi)	3	2020-03-28	Porvoo	Uusimaa (U)	Suomi	60.366678	25.68082	Sure	NEUTRAL	The Atlas of Finnish Fungi
korvasieni (fi) — Gyromitra esculenta	korvasieni (fi)	1	2020-03-24	Espoo, Nurmijärvi, Vihti	Uusimaa (U)	Suomi	60.343623	24.551802	Sure	NEUTRAL	The Atlas of Finnish Fungi
korvasieni (fi) — Gyromitra esculenta	korvasieni (fi)		2020-03-24	Vihti	Varsinais-Suomi (V)	Suomi	60.31276	24.4809		NEUTRAL	iNaturalist Suomi Finland
korvasieni (fi) — Gyromitra esculenta	korvasieni (fi)	1	2020-03-22 [13:00-15:00]	Espoo, Nurmijärvi, Vihti	Uusimaa (U)	Suomi	60.343623	24.551802	Sure	NEUTRAL	Notebook, general observations
korvasieni (fi) — Gyromitra esculenta	korvasieni (fi)		2020-03-21	Porvoo	Uusimaa (U)	Suomi	60.340471	25.73088		NEUTRAL	Ascomycetes Fennoscandiae orientalis
korvasieni (fi) — Gyromitra esculenta	korvasieni (fi)		2020-03-20	Porvoo	Uusimaa (U)	Suomi	60.367126	25.705021		NEUTRAL	Ascomycetes Fennoscandiae orientalis
korvasieni (fi) — Gyromitra esculenta	korvasieni (fi)	4	2020-03-17	Porvoo	Uusimaa (U)	Suomi	60.380211	25.732552	Sure	EXPERT_VERIFIED	The Atlas of Finnish Fungi
korvasieni (fi) — Gyromitra esculenta	korvasieni (fi)		2019-10-12	Turku	Varsinais-Suomi (V)	Suomi	60.370383	22.160065	Sure	NEUTRAL	Notebook, general observations
korvasieni (fi) — Gyromitra esculenta	korvasieni (fi)	1	2019-07-04	Kittilä	Kittilän Lappi (KiL)	Suomi	67.790998	24.754421	Sure	NEUTRAL	The Atlas of Finnish Fungi
korvasieni (fi) — Gyromitra esculenta	korvasieni (fi)		2019-06-20	Kuusamo	Koillismaa (Ks)	Suomi	66.37457	29.32223		COMMUNITY_VERIFIED	iNaturalist Suomi Finland
korvasieni (fi) — Gyromitra esculenta	korvasieni (fi)	2	2019-06-19	Rovaniemi	Perä-Pohjanmaa (PeP)	Suomi	66.541458	26.123336	Sure	NEUTRAL	The Atlas of Finnish Fungi
korvasieni (fi) — Gyromitra esculenta	korvasieni (fi)		2019-06-17	Kuusamo	Koillismaa (Ks)	Suomi	65.96459	29.18867		COMMUNITY_VERIFIED	iNaturalist Suomi Finland
korvasieni (fi) — Gyromitra esculenta	korvasieni (fi)		2019-06-15	Salla	Koillismaa (Ks)	Suomi	66.80393	28.39513		COMMUNITY_VERIFIED	iNaturalist Suomi Finland
korvasieni (fi) — Gyromitra esculenta	korvasieni (fi)		2019-06-09	Rovaniemi	Perä-Pohjanmaa (PeP)	Suomi	66.40672	25.093		COMMUNITY_VERIFIED	iNaturalist Suomi Finland
korvasieni (fi) — Gyromitra esculenta	korvasieni (fi)		2019-06-08	Rovaniemi	Perä-Pohjanmaa (PeP)	Suomi	66.86084	25.63818	Sure	NEUTRAL	The Atlas of Finnish Fungi
korvasieni (fi) — Gyromitra esculenta	korvasieni (fi)	6	2019-06-07	Inari	Inarin Lappi (InL)	Suomi	68.794094	28.110323	Sure	NEUTRAL	The Atlas of Finnish Fungi
korvasieni (fi) — Gyromitra esculenta	korvasieni (fi)		2019-06-06	Ylitornio	Perä-Pohjanmaa (PeP)	Suomi	66.4053	24.8001		COMMUNITY_VERIFIED	iNaturalist Suomi Finland
korvasieni (fi) — Gyromitra esculenta	korvasieni (fi)	1	2019-06-05	Tervola	Perä-Pohjanmaa (PeP)	Suomi	66.033302	24.722834	Sure	NEUTRAL	The Atlas of Finnish Fungi
korvasieni (fi) — Gyromitra esculenta	korvasieni (fi)	Runsaasti	2019-06-05	Pyhäjärvi	Keski-Pohjanmaa (KP)	Suomi	63.77209	26.06237	Sure	NEUTRAL	The Atlas of Finnish Fungi
korvasieni (fi) — Gyromitra esculenta	korvasieni (fi)		2019-06-04	Pyhäjärvi	Keski-Pohjanmaa (KP)	Suomi	63.77422	26.06486	Sure	NEUTRAL	The Atlas of Finnish Fungi
korvasieni (fi) — Gyromitra esculenta	korvasieni (fi)	30	2019-06-04	Kontiolahti	Pohjois-Karjala (PK)	Suomi	62.641774	29.959724	Sure	NEUTRAL	The Atlas of Finnish Fungi
korvasieni (fi) — Gyromitra esculenta	korvasieni (fi)	Kymmeniä	2019-06-02	Kemi	Perä-Pohjanmaa (PeP)	Suomi	65.677358	24.584866	Sure	NEUTRAL	The Atlas of Finnish Fungi
korvasieni (fi) — Gyromitra esculenta	korvasieni (fi)		2019-06-02	Joensuu	Pohjois-Karjala (PK)	Suomi	62.583489	29.825826	Sure	NEUTRAL	The Atlas of Finnish Fungi
korvasieni (fi) — Gyromitra esculenta	korvasieni (fi)		2019-06-02	Joensuu	Pohjois-Karjala (PK)	Suomi	62.582342	29.827428	Sure	NEUTRAL	The Atlas of Finnish Fungi
korvasieni (fi) — Gyromitra esculenta	korvasieni (fi)		2019-06-02	Joensuu	Pohjois-Karjala (PK)	Suomi	62.577058	29.821163	Sure	NEUTRAL	The Atlas of Finnish Fungi
korvasieni (fi) — Gyromitra esculenta	korvasieni (fi)		2019-06-02	Joensuu	Pohjois-Karjala (PK)	Suomi	62.573746	29.806206	Sure	NEUTRAL	The Atlas of Finnish Fungi
korvasieni (fi) — Gyromitra esculenta	korvasieni (fi)	Useita	2019-06-01	Salo	Varsinais-Suomi (V)	Suomi	60.369941	23.190334	Sure	NEUTRAL	The Atlas of Finnish Fungi
korvasieni (fi) — Gyromitra esculenta	korvasieni (fi)		2019-05-31	Vehmaa	Varsinais-Suomi (V)	Suomi	60.745361	21.755503	Sure	NEUTRAL	Notebook, general observations
korvasieni (fi) — Gyromitra esculenta	korvasieni (fi)		2019-05-31	Paltamo	Kainuu (Kn)	Suomi	64.43388	27.78207		COMMUNITY_VERIFIED	iNaturalist Suomi Finland
korvasieni (fi) — Gyromitra esculenta	korvasieni (fi)		2019-05-31	Kangasniemi	Etelä-Savo (ES)	Suomi	62.00084	26.70351		COMMUNITY_VERIFIED	iNaturalist Suomi Finland
korvasieni (fi) — Gyromitra esculenta	korvasieni (fi)	5	2019-05-30	Oulu	Oulun Pohjanmaa (OP)	Suomi	65.078262	25.531385	Sure	NEUTRAL	The Atlas of Finnish Fungi
korvasieni (fi) — Gyromitra esculenta	korvasieni (fi)	7 itiöemää	2019-05-30	Harjavalta	Satakunta (St)	Suomi	61.388498	22.163021	Sure	NEUTRAL	The Atlas of Finnish Fungi
korvasieni (fi) — Gyromitra esculenta	korvasieni (fi)	1	2019-05-29	Hankasalmi	Pohjois-Häme (PH)	Suomi	62.451866	26.411882	Sure	NEUTRAL	The Atlas of Finnish Fungi
korvasieni (fi) — Gyromitra esculenta	korvasieni (fi)		2019-05-29	Mustasaari	Etelä-Pohjanmaa (EP)	Suomi	63.13189	21.71809	Sure	NEUTRAL	The Atlas of Finnish Fungi
korvasieni (fi) — Gyromitra esculenta	korvasieni (fi)	muutama	2019-05-28	Hankasalmi	Pohjois-Häme (PH)	Suomi	62.344104	26.328511	Sure	NEUTRAL	The Atlas of Finnish Fungi
korvasieni (fi) — Gyromitra esculenta	korvasieni (fi)	useita	2019-05-28	Hankasalmi	Pohjois-Häme (PH)	Suomi	62.340446	26.332911	Sure	NEUTRAL	The Atlas of Finnish Fungi
korvasieni (fi) — Gyromitra esculenta	korvasieni (fi)	7	2019-05-28	Hankasalmi	Pohjois-Häme (PH)	Suomi	62.34839	26.327948	Sure	NEUTRAL	The Atlas of Finnish Fungi
korvasieni (fi) — Gyromitra esculenta	korvasieni (fi)	2	2019-05-27	Pöytyä	Varsinais-Suomi (V)	Suomi	60.642196	22.788109		NEUTRAL	Notebook, general observations
korvasieni (fi) — Gyromitra esculenta	korvasieni (fi)	2	2019-05-26	Rovaniemi	Perä-Pohjanmaa (PeP)	Suomi	66.816009	25.289398	Sure	NEUTRAL	The Atlas of Finnish Fungi
korvasieni (fi) — Gyromitra esculenta	korvasieni (fi)	20?	2019-05-26	Rovaniemi	Perä-Pohjanmaa (PeP)	Suomi	66.386615	25.486412	Sure	NEUTRAL	The Atlas of Finnish Fungi
korvasieni (fi) — Gyromitra esculenta	korvasieni (fi)		2019-05-26	Tervola	Perä-Pohjanmaa (PeP)	Suomi	66.13538	25.23804	Sure	NEUTRAL	The Atlas of Finnish Fungi
korvasieni (fi) — Gyromitra esculenta	korvasieni (fi)	3	2019-05-26	Paltamo	Kainuu (Kn)	Suomi	64.450427	27.637988	Sure	NEUTRAL	The Atlas of Finnish Fungi
korvasieni (fi) — Gyromitra esculenta	korvasieni (fi)	20	2019-05-26	Kuusamo	Koillismaa (Ks)	Suomi	66.217869	29.455111	Sure	NEUTRAL	The Atlas of Finnish Fungi
korvasieni (fi) — Gyromitra esculenta	korvasieni (fi)	1 kg	2019-05-25	Hankasalmi	Pohjois-Häme (PH)	Suomi	62.225329	26.412492	Sure	NEUTRAL	The Atlas of Finnish Fungi
korvasieni (fi) — Gyromitra esculenta	korvasieni (fi)	11,5 kg	2019-05-25	Kangasniemi	Etelä-Savo (ES)	Suomi	62.177218	26.411383	Sure	NEUTRAL	The Atlas of Finnish Fungi
korvasieni (fi) — Gyromitra esculenta	korvasieni (fi)	4	2019-05-25	Rovaniemi	Perä-Pohjanmaa (PeP)	Suomi	66.642404	25.325981	Sure	NEUTRAL	The Atlas of Finnish Fungi
korvasieni (fi) — Gyromitra esculenta	korvasieni (fi)	6	2019-05-25	Paltamo	Kainuu (Kn)	Suomi	64.440191	27.618703	Sure	NEUTRAL	The Atlas of Finnish Fungi
korvasieni (fi) — Gyromitra esculenta	korvasieni (fi)	18	2019-05-25 [8:30]	Mikkeli	Pohjois-Savo (PS)	Suomi	62.071188	27.092385	Sure	NEUTRAL	The Atlas of Finnish Fungi
korvasieni (fi) — Gyromitra esculenta	korvasieni (fi)	4	2019-05-24	Rovaniemi	Perä-Pohjanmaa (PeP)	Suomi	66.871614	25.623791	Sure	NEUTRAL	The Atlas of Finnish Fungi
korvasieni (fi) — Gyromitra esculenta	korvasieni (fi)	N 20	2019-05-24	Rovaniemi	Perä-Pohjanmaa (PeP)	Suomi	66.69789	25.926825	Sure	NEUTRAL	The Atlas of Finnish Fungi
korvasieni (fi) — Gyromitra esculenta	korvasieni (fi)	Yli 50	2019-05-24	Kemijärvi	Perä-Pohjanmaa (PeP)	Suomi	66.362943	27.458507	Sure	NEUTRAL	The Atlas of Finnish Fungi
korvasieni (fi) — Gyromitra esculenta	korvasieni (fi)	2	2019-05-23	Rovaniemi	Perä-Pohjanmaa (PeP)	Suomi	66.343638	26.279099	Sure	NEUTRAL	The Atlas of Finnish Fungi
korvasieni (fi) — Gyromitra esculenta	korvasieni (fi)	4	2019-05-23	Jämsä	Etelä-Häme (EH)	Suomi	61.741987	25.302118	Sure	NEUTRAL	The Atlas of Finnish Fungi
korvasieni (fi) — Gyromitra esculenta	korvasieni (fi)	6	2019-05-23	Kuhmoinen	Etelä-Häme (EH)	Suomi	61.630612	25.323753	Sure	NEUTRAL	The Atlas of Finnish Fungi
korvasieni (fi) — Gyromitra esculenta	korvasieni (fi)		2019-05-22	Rovaniemi	Perä-Pohjanmaa (PeP)	Suomi	66.58258	25.65867	Sure	NEUTRAL	The Atlas of Finnish Fungi
korvasieni (fi) — Gyromitra esculenta	korvasieni (fi)	Kymmeniä	2019-05-20	Oulu	Oulun Pohjanmaa (OP)	Suomi	65.125517	25.695779	Sure	NEUTRAL	The Atlas of Finnish Fungi
korvasieni (fi) — Gyromitra esculenta	korvasieni (fi)		2019-05-19	Kuhmo	Kainuu (Kn)	Suomi	64.184205	29.25944	Sure	NEUTRAL	Notebook, general observations
korvasieni (fi) — Gyromitra esculenta	korvasieni (fi)	1	2019-05-19	Taipalsaari	Etelä-Savo (ES)	Suomi	61.18032	28.168445	Sure	NEUTRAL	The Atlas of Finnish Fungi
korvasieni (fi) — Gyromitra esculenta	korvasieni (fi)	muutama	2019-05-19	Heinävesi	Pohjois-Savo (PS)	Suomi	62.562944	28.624957	Sure	NEUTRAL	Notebook, general observations
korvasieni (fi) — Gyromitra esculenta	korvasieni (fi)	useita kymmeniä laajalla alueella	2019-05-19	Jyväskylä	Pohjois-Häme (PH)	Suomi	62.258872	25.691969	Sure	NEUTRAL	The Atlas of Finnish Fungi
korvasieni (fi) — Gyromitra esculenta	korvasieni (fi)	2	2019-05-18	Jämsä	Etelä-Häme (EH)	Suomi	61.724677	25.333113	Sure	NEUTRAL	The Atlas of Finnish Fungi
korvasieni (fi) — Gyromitra esculenta	korvasieni (fi)	7	2019-05-18	Jämsä	Etelä-Häme (EH)	Suomi	61.729054	25.310295	Sure	NEUTRAL	The Atlas of Finnish Fungi
korvasieni (fi) — Gyromitra esculenta	korvasieni (fi)	Korillinen	2019-05-18	Rovaniemi	Perä-Pohjanmaa (PeP)	Suomi	66.471262	25.711344	Sure	NEUTRAL	The Atlas of Finnish Fungi
korvasieni (fi) — Gyromitra esculenta	korvasieni (fi)	Yksi	2019-05-18 - 2019-05-23	Suomussalmi	Kainuu (Kn)	Suomi	64.931166	28.793713	Sure	NEUTRAL	The Atlas of Finnish Fungi
korvasieni (fi) — Gyromitra esculenta	korvasieni (fi)	1	2019-05-18	Kirkkonummi	Uusimaa (U)	Suomi	60.132805	24.479069	Sure	NEUTRAL	The Atlas of Finnish Fungi
korvasieni (fi) — Gyromitra esculenta	korvasieni (fi)	n 10-15 pientä ie:ää 10 m:llä	2019-05-18	Kontiolahti	Pohjois-Karjala (PK)	Suomi	62.720596	29.872501	Sure	NEUTRAL	The Atlas of Finnish Fungi
korvasieni (fi) — Gyromitra esculenta	korvasieni (fi)		2019-05-18	Helsinki	Uusimaa (U)	Suomi	60.27268	25.16413		COMMUNITY_VERIFIED	iNaturalist Suomi Finland
korvasieni (fi) — Gyromitra esculenta	korvasieni (fi)	6	2019-05-17	Haapavesi, Oulainen	Keski-Pohjanmaa (KP)	Suomi	64.211225	25.039977	Sure	NEUTRAL	The Atlas of Finnish Fungi
korvasieni (fi) — Gyromitra esculenta	korvasieni (fi)	runsaasti	2019-05-17	Laukaa	Pohjois-Häme (PH)	Suomi	62.29112	26.245222	Sure	NEUTRAL	The Atlas of Finnish Fungi
korvasieni (fi) — Gyromitra esculenta	korvasieni (fi)	2	2019-05-16	Espoo	Uusimaa (U)	Suomi	60.300037	24.757483	Sure	NEUTRAL	The Atlas of Finnish Fungi
korvasieni (fi) — Gyromitra esculenta	korvasieni (fi)	2	2019-05-16	Espoo	Uusimaa (U)	Suomi	60.299786	24.755434	Sure	NEUTRAL	The Atlas of Finnish Fungi
korvasieni (fi) — Gyromitra esculenta	korvasieni (fi)	5	2019-05-16	Hyvinkää	Uusimaa (U)	Suomi	60.615855	24.828892	Sure	NEUTRAL	The Atlas of Finnish Fungi
korvasieni (fi) — Gyromitra esculenta	korvasieni (fi)	1	2019-05-16 [0:00]	Oulu	Oulun Pohjanmaa (OP)	Suomi	65.114819	25.464594		NEUTRAL	Notebook, general observations
korvasieni (fi) — Gyromitra esculenta	korvasieni (fi)	2	2019-05-15	Hyvinkää	Uusimaa (U)	Suomi	60.643514	24.821656	Sure	NEUTRAL	The Atlas of Finnish Fungi
korvasieni (fi) — Gyromitra esculenta	korvasieni (fi)	9	2019-05-15	Oulu	Oulun Pohjanmaa (OP)	Suomi	65.069297	25.533814	Sure	NEUTRAL	The Atlas of Finnish Fungi
korvasieni (fi) — Gyromitra esculenta	korvasieni (fi)	5	2019-05-15	Mikkeli	Etelä-Savo (ES)	Suomi	61.688589	27.562938	Sure	NEUTRAL	The Atlas of Finnish Fungi
korvasieni (fi) — Gyromitra esculenta	korvasieni (fi)	10	2019-05-15	Oulu	Oulun Pohjanmaa (OP)	Suomi	65.214993	25.814969	Sure	NEUTRAL	The Atlas of Finnish Fungi
korvasieni (fi) — Gyromitra esculenta	korvasieni (fi)	10	2019-05-14	Joensuu	Pohjois-Karjala (PK)	Suomi	62.613018	29.799762	Sure	NEUTRAL	The Atlas of Finnish Fungi
korvasieni (fi) — Gyromitra esculenta	korvasieni (fi)	10kg	2019-05-14	Hirvensalmi, Mikkeli, Mäntyharju	Etelä-Savo (ES)	Suomi	61.53279	26.902814	Sure	NEUTRAL	The Atlas of Finnish Fungi
korvasieni (fi) — Gyromitra esculenta	korvasieni (fi)	3 itiöemää	2019-05-14 [13:30] - 2019-06-05	Nakkila	Satakunta (St)	Suomi	61.378854	22.069296	Sure	NEUTRAL	The Atlas of Finnish Fungi
korvasieni (fi) — Gyromitra esculenta	korvasieni (fi)	4	2019-05-13	Hankasalmi	Pohjois-Häme (PH)	Suomi	62.223087	26.344719	Sure	NEUTRAL	The Atlas of Finnish Fungi
korvasieni (fi) — Gyromitra esculenta	korvasieni (fi)	useita	2019-05-13	Hankasalmi	Pohjois-Häme (PH)	Suomi	62.222663	26.341071	Sure	NEUTRAL	The Atlas of Finnish Fungi
korvasieni (fi) — Gyromitra esculenta	korvasieni (fi)		2019-05-13	Pori	Satakunta (St)	Suomi	61.598544	21.950869	Sure	NEUTRAL	Notebook, general observations
korvasieni (fi) — Gyromitra esculenta	korvasieni (fi)	10 itiöemää	2019-05-13 [12:30] - 2019-06-05	Nakkila	Satakunta (St)	Suomi	61.378681	22.068794	Sure	NEUTRAL	The Atlas of Finnish Fungi
korvasieni (fi) — Gyromitra esculenta	korvasieni (fi)	1	2019-05-13	Oulu	Oulun Pohjanmaa (OP)	Suomi	65.246124	25.339813	Sure	NEUTRAL	The Atlas of Finnish Fungi
korvasieni (fi) — Gyromitra esculenta	korvasieni (fi)	1	2019-05-12	Jyväskylä	Pohjois-Häme (PH)	Suomi	62.21195	25.777473	Sure	NEUTRAL	The Atlas of Finnish Fungi
korvasieni (fi) — Gyromitra esculenta	korvasieni (fi)	runsaasti	2019-05-11	Hankasalmi	Pohjois-Häme (PH)	Suomi	62.408766	26.602667	Sure	NEUTRAL	The Atlas of Finnish Fungi
korvasieni (fi) — Gyromitra esculenta	korvasieni (fi)	4	2019-05-11	Hankasalmi	Pohjois-Häme (PH)	Suomi	62.46705	26.511485	Sure	NEUTRAL	The Atlas of Finnish Fungi
korvasieni (fi) — Gyromitra esculenta	korvasieni (fi)		2019-05-11	Hankasalmi	Pohjois-Häme (PH)	Suomi	62.46413	26.430593	Sure	NEUTRAL	The Atlas of Finnish Fungi
korvasieni (fi) — Gyromitra esculenta	korvasieni (fi)	10	2019-05-11	Espoo	Uusimaa (U)	Suomi	60.337621	24.649079	Sure	NEUTRAL	The Atlas of Finnish Fungi
korvasieni (fi) — Gyromitra esculenta	korvasieni (fi)	50	2019-05-11	Loppi	Etelä-Häme (EH)	Suomi	60.58712	24.467303	Sure	NEUTRAL	The Atlas of Finnish Fungi
korvasieni (fi) — Gyromitra esculenta	korvasieni (fi)		2019-05-11	Heinävesi	Pohjois-Savo (PS)	Suomi	62.40625	28.75567	Sure	NEUTRAL	The Atlas of Finnish Fungi
korvasieni (fi) — Gyromitra esculenta	korvasieni (fi)	1	2019-05-11	Espoo	Uusimaa (U)	Suomi	60.258829	24.61419	Sure	NEUTRAL	The Atlas of Finnish Fungi
korvasieni (fi) — Gyromitra esculenta	korvasieni (fi)	20	2019-05-11	Oripää	Satakunta (St)	Suomi	60.881974	22.730307	Sure	NEUTRAL	The Atlas of Finnish Fungi
korvasieni (fi) — Gyromitra esculenta	korvasieni (fi)	3	2019-05-10	Rovaniemi	Perä-Pohjanmaa (PeP)	Suomi	66.475064	25.705592	Sure	NEUTRAL	The Atlas of Finnish Fungi
korvasieni (fi) — Gyromitra esculenta	korvasieni (fi)	100	2019-05-10	Juva, Puumala, Sulkava	Etelä-Savo (ES)	Suomi	61.708378	28.036538	Sure	NEUTRAL	Notebook, general observations
korvasieni (fi) — Gyromitra esculenta	korvasieni (fi)	5	2019-05-10	Heinävesi	Pohjois-Savo (PS)	Suomi	62.3884	28.81646	Sure	NEUTRAL	The Atlas of Finnish Fungi
korvasieni (fi) — Gyromitra esculenta	korvasieni (fi)		2019-05-10	Jyväskylä	Pohjois-Häme (PH)	Suomi	62.259964	25.653764	Sure	NEUTRAL	Notebook, general observations
korvasieni (fi) — Gyromitra esculenta	korvasieni (fi)	50	2019-05-10	Hyvinkää, Nurmijärvi	Uusimaa (U)	Suomi	60.560009	24.726869	Sure	NEUTRAL	The Atlas of Finnish Fungi
korvasieni (fi) — Gyromitra esculenta	korvasieni (fi)	Yksi	2019-05-10	Janakkala	Etelä-Häme (EH)	Suomi	60.895353	24.724947	Sure	NEUTRAL	The Atlas of Finnish Fungi
korvasieni (fi) — Gyromitra esculenta	korvasieni (fi)	useita itiäemiä	2019-05-09	Hämeenkyrö	Satakunta (St)	Suomi	61.619454	23.25679	Sure	EXPERT_VERIFIED	The Atlas of Finnish Fungi
korvasieni (fi) — Gyromitra esculenta	korvasieni (fi)		2019-05-08	Kauhajoki	Etelä-Pohjanmaa (EP)	Suomi	62.37047	21.90415		COMMUNITY_VERIFIED	iNaturalist Suomi Finland
korvasieni (fi) — Gyromitra esculenta	korvasieni (fi)	Muutama	2019-05-06	Salo	Varsinais-Suomi (V)	Suomi	60.338392	23.216229	Sure	NEUTRAL	The Atlas of Finnish Fungi
korvasieni (fi) — Gyromitra esculenta	korvasieni (fi)		2019-05-06	Hyvinkää	Uusimaa (U)	Suomi	60.64018	24.90676		COMMUNITY_VERIFIED	iNaturalist Suomi Finland
korvasieni (fi) — Gyromitra esculenta	korvasieni (fi)	7	2019-05-06 - 2019-05-10	Kotka	Etelä-Karjala (EK)	Suomi	60.490774	26.839982	Sure	NEUTRAL	The Atlas of Finnish Fungi
korvasieni (fi) — Gyromitra esculenta	korvasieni (fi)		2019-05-05	Helsinki	Uusimaa (U)	Suomi	60.235215	25.1427	Sure	NEUTRAL	The Atlas of Finnish Fungi
korvasieni (fi) — Gyromitra esculenta	korvasieni (fi)		2019-05-05	Sipoo	Uusimaa (U)	Suomi	60.335821	25.195141	Sure	NEUTRAL	Notebook, general observations
korvasieni (fi) — Gyromitra esculenta	korvasieni (fi)	1	2019-05-04	Ylöjärvi	Satakunta (St)	Suomi	61.666763	23.334369	Sure	NEUTRAL	The Atlas of Finnish Fungi
korvasieni (fi) — Gyromitra esculenta	korvasieni (fi)	1	2019-05-04	Rovaniemi	Perä-Pohjanmaa (PeP)	Suomi	66.474317	25.710014	Sure	NEUTRAL	The Atlas of Finnish Fungi
korvasieni (fi) — Gyromitra esculenta	korvasieni (fi)		2019-05-02	Salo	Varsinais-Suomi (V)	Suomi	60.428055	22.896697	Sure	NEUTRAL	The Atlas of Finnish Fungi
korvasieni (fi) — Gyromitra esculenta	korvasieni (fi)	6	2019-05-02	Parainen	Varsinais-Suomi (V)	Suomi	60.279575	22.204522	Sure	NEUTRAL	The Atlas of Finnish Fungi
korvasieni (fi) — Gyromitra esculenta	korvasieni (fi)	2	2019-05-01	Porvoo	Uusimaa (U)	Suomi	60.381221	25.730996	Sure	NEUTRAL	The Atlas of Finnish Fungi
korvasieni (fi) — Gyromitra esculenta	korvasieni (fi)	2	2019-04-30 - 2019-10-25	Kirkkonummi	Uusimaa (U)	Suomi	59.989227	24.437053	Sure	NEUTRAL	Notebook, general observations
korvasieni (fi) — Gyromitra esculenta	korvasieni (fi)	12	2019-04-30	Kaarina, Parainen, Turku	Varsinais-Suomi (V)	Suomi	60.37543	22.371994	Sure	NEUTRAL	The Atlas of Finnish Fungi
korvasieni (fi) — Gyromitra esculenta	korvasieni (fi)	1	2019-04-30	Hyvinkää	Uusimaa (U)	Suomi	60.615	24.834	Sure	NEUTRAL	The Atlas of Finnish Fungi
korvasieni (fi) — Gyromitra esculenta	korvasieni (fi)		2019-04-30	Joensuu	Pohjois-Karjala (PK)	Suomi	62.612632	29.800174	Sure	NEUTRAL	The Atlas of Finnish Fungi
korvasieni (fi) — Gyromitra esculenta	korvasieni (fi)	3kpl 30.4.2019	2019-04-30	Vantaa	Uusimaa (U)	Suomi	60.293679	24.861782	Sure	NEUTRAL	The Atlas of Finnish Fungi
korvasieni (fi) — Gyromitra esculenta	korvasieni (fi)		2019-04-30	Espoo	Uusimaa (U)	Suomi	60.253552	24.606456	Sure	NEUTRAL	The Atlas of Finnish Fungi
korvasieni (fi) — Gyromitra esculenta	korvasieni (fi)	1	2019-04-29	Hyvinkää	Uusimaa (U)	Suomi	60.626	24.843	Sure	NEUTRAL	The Atlas of Finnish Fungi
korvasieni (fi) — Gyromitra esculenta	korvasieni (fi)	muutama	2019-04-28	Hankasalmi	Pohjois-Häme (PH)	Suomi	62.314161	26.358144	Sure	NEUTRAL	The Atlas of Finnish Fungi
korvasieni (fi) — Gyromitra esculenta	korvasieni (fi)	2	2019-04-28	Hammarland	Ahvenanmaa (A)	Suomi	60.217193	19.676196	Sure	NEUTRAL	Notebook, general observations
korvasieni (fi) — Gyromitra esculenta	korvasieni (fi)		2019-04-27	Porvoo	Uusimaa (U)	Suomi	60.381471	25.654746	Sure	NEUTRAL	The Atlas of Finnish Fungi
korvasieni (fi) — Gyromitra esculenta	korvasieni (fi)		2019-04-27	Loppi	Etelä-Häme (EH)	Suomi	60.733316	24.11252	Sure	NEUTRAL	The Atlas of Finnish Fungi
korvasieni (fi) — Gyromitra esculenta	korvasieni (fi)	1	2019-04-27	Hyvinkää	Uusimaa (U)	Suomi	60.614237	24.838418	Sure	NEUTRAL	The Atlas of Finnish Fungi
korvasieni (fi) — Gyromitra esculenta	korvasieni (fi)		2019-04-27	Uusikaupunki	Varsinais-Suomi (V)	Suomi	60.853026	21.509266	Sure	NEUTRAL	Notebook, general observations
korvasieni (fi) — Gyromitra esculenta	korvasieni (fi)	1	2019-04-26	Hämeenlinna, Janakkala	Etelä-Häme (EH)	Suomi	60.974563	24.688164	Sure	NEUTRAL	The Atlas of Finnish Fungi
korvasieni (fi) — Gyromitra esculenta	korvasieni (fi)	runsaasti	2019-04-25	Hankasalmi	Pohjois-Häme (PH)	Suomi	62.262191	26.430819	Sure	NEUTRAL	The Atlas of Finnish Fungi
korvasieni (fi) — Gyromitra esculenta	korvasieni (fi)	10	2019-04-24	Kauniainen	Uusimaa (U)	Suomi	60.211683	24.679763	Sure	NEUTRAL	The Atlas of Finnish Fungi
korvasieni (fi) — Gyromitra esculenta	korvasieni (fi)		2019-04-22	Helsinki	Uusimaa (U)	Suomi	60.23521	25.142628	Sure	NEUTRAL	The Atlas of Finnish Fungi
korvasieni (fi) — Gyromitra esculenta	korvasieni (fi)	4	2019-04-22	Sipoo	Uusimaa (U)	Suomi	60.34146	25.217909	Sure	NEUTRAL	The Atlas of Finnish Fungi
korvasieni (fi) — Gyromitra esculenta	korvasieni (fi)	1 itiöemä	2019-04-21	Tuusula	Uusimaa (U)	Suomi	60.507866	25.009424	Sure	NEUTRAL	The Atlas of Finnish Fungi
korvasieni (fi) — Gyromitra esculenta	korvasieni (fi)	2	2019-04-21	Mikkeli	Etelä-Savo (ES)	Suomi	61.702423	27.425002	Sure	NEUTRAL	The Atlas of Finnish Fungi
korvasieni (fi) — Gyromitra esculenta	korvasieni (fi)	1	2019-04-19 - 2019-04-20	Espoo	Uusimaa (U)	Suomi	60.329992	24.66885	Sure	NEUTRAL	The Atlas of Finnish Fungi
korvasieni (fi) — Gyromitra esculenta	korvasieni (fi)	3	2018-10-14	Asikkala	Etelä-Häme (EH)	Suomi	61.165134	25.609623	Sure	NEUTRAL	Notebook, general observations
korvasieni (fi) — Gyromitra esculenta	korvasieni (fi)	1	2018-06-10	Pudasjärvi	Oulun Pohjanmaa (OP)	Suomi	65.603784	27.619738	Sure	NEUTRAL	The Atlas of Finnish Fungi
korvasieni (fi) — Gyromitra esculenta	korvasieni (fi)	10+	2018-06-10	Muonio	Kittilän Lappi (KiL)	Suomi	68.022997	24.008839	Sure	NEUTRAL	The Atlas of Finnish Fungi
korvasieni (fi) — Gyromitra esculenta	korvasieni (fi)	15	2018-06-09	Pelkosenniemi	Sompion Lappi (SoL)	Suomi	67.090087	27.002318	Sure	NEUTRAL	The Atlas of Finnish Fungi
korvasieni (fi) — Gyromitra esculenta	korvasieni (fi)	2	2018-06-01	Inari	Inarin Lappi (InL)	Suomi	69.120347	28.493532	Sure	NEUTRAL	Notebook, general observations
korvasieni (fi) — Gyromitra esculenta	korvasieni (fi)	10	2018-05-31	Kangasniemi	Etelä-Savo (ES)	Suomi	61.867828	26.498879	Sure	EXPERT_VERIFIED	The Atlas of Finnish Fungi
korvasieni (fi) — Gyromitra esculenta	korvasieni (fi)	1	2018-05-27	Uusikaarlepyy	Keski-Pohjanmaa (KP)	Suomi	63.4789	22.2729	Sure	NEUTRAL	The Atlas of Finnish Fungi
korvasieni (fi) — Gyromitra esculenta	korvasieni (fi)		2018-05-24	Ylitornio	Perä-Pohjanmaa (PeP)	Suomi	66.44011	24.97725		COMMUNITY_VERIFIED	iNaturalist Suomi Finland
korvasieni (fi) — Gyromitra esculenta	korvasieni (fi)	10	2018-05-24	Kontiolahti	Pohjois-Karjala (PK)	Suomi	62.648638	29.831846	Sure	NEUTRAL	The Atlas of Finnish Fungi
korvasieni (fi) — Gyromitra esculenta	korvasieni (fi)	useita	2018-05-19	Hankasalmi	Pohjois-Häme (PH)	Suomi	62.29477	26.41441	Sure	NEUTRAL	The Atlas of Finnish Fungi
korvasieni (fi) — Gyromitra esculenta	korvasieni (fi)		2018-05-19	Vehmaa	Varsinais-Suomi (V)	Suomi	60.745404	21.755966	Sure	NEUTRAL	Notebook, general observations
korvasieni (fi) — Gyromitra esculenta	korvasieni (fi)	25-30 litraa	2018-05-19	Kyyjärvi	Pohjois-Häme (PH)	Suomi	63.042586	24.550829	Sure	EXPERT_VERIFIED	The Atlas of Finnish Fungi
korvasieni (fi) — Gyromitra esculenta	korvasieni (fi)	15	2018-05-19 [12:00-15:00]	Kontiolahti	Pohjois-Karjala (PK)	Suomi	62.617905	29.977734	Sure	NEUTRAL	The Atlas of Finnish Fungi
korvasieni (fi) — Gyromitra esculenta	korvasieni (fi)	12	2018-05-18	Hankasalmi	Pohjois-Häme (PH)	Suomi	62.344127	26.328704	Sure	EXPERT_VERIFIED	The Atlas of Finnish Fungi
korvasieni (fi) — Gyromitra esculenta	korvasieni (fi)	Erittäin runsaasti pienellä alueella 12 kg.	2018-05-18	Hankasalmi	Pohjois-Häme (PH)	Suomi	62.467239	26.511593	Sure	NEUTRAL	The Atlas of Finnish Fungi
korvasieni (fi) — Gyromitra esculenta	korvasieni (fi)		2018-05-18	Rovaniemi	Perä-Pohjanmaa (PeP)	Suomi	66.89146	25.98334	Sure	EXPERT_VERIFIED	The Atlas of Finnish Fungi
korvasieni (fi) — Gyromitra esculenta	korvasieni (fi)	10+	2018-05-17 - 2018-05-18	Kuhmoinen	Etelä-Häme (EH)	Suomi	61.661881	25.176944	Sure	EXPERT_VERIFIED	Notebook, general observations
korvasieni (fi) — Gyromitra esculenta	korvasieni (fi)	5kg	2018-05-17 - 2018-05-20	Lieksa	Pohjois-Karjala (PK)	Suomi	63.313283	30.16782	Sure	NEUTRAL	The Atlas of Finnish Fungi
korvasieni (fi) — Gyromitra esculenta	korvasieni (fi)		2018-05-16	Kristiinankaupunki	Etelä-Pohjanmaa (EP)	Suomi	62.32283	21.674652		NEUTRAL	Löydös Open Finnish Observation Database
korvasieni (fi) — Gyromitra esculenta	korvasieni (fi)	50	2018-05-16	Kauhajoki	Etelä-Pohjanmaa (EP)	Suomi	62.356516	22.298893	Sure	NEUTRAL	The Atlas of Finnish Fungi
korvasieni (fi) — Gyromitra esculenta	korvasieni (fi)	50	2018-05-15	Oulu	Oulun Pohjanmaa (OP)	Suomi	65.245978	25.339409	Sure	EXPERT_VERIFIED	The Atlas of Finnish Fungi
korvasieni (fi) — Gyromitra esculenta	korvasieni (fi)	9	2018-05-15	Sipoo	Uusimaa (U)	Suomi	60.318459	25.433665	Sure	EXPERT_VERIFIED	Notebook, general observations
korvasieni (fi) — Gyromitra esculenta	korvasieni (fi)		2018-05-14	Vihti	Varsinais-Suomi (V)	Suomi	60.33145	24.4623		COMMUNITY_VERIFIED	iNaturalist Suomi Finland
korvasieni (fi) — Gyromitra esculenta	korvasieni (fi)		2018-05-13	Mäntyharju	Etelä-Savo (ES)	Suomi	61.40965	26.38031		NEUTRAL	iNaturalist Suomi Finland
korvasieni (fi) — Gyromitra esculenta	korvasieni (fi)	useita	2018-05-13	Laukaa	Pohjois-Häme (PH)	Suomi	62.34214	26.032209	Sure	EXPERT_VERIFIED	The Atlas of Finnish Fungi
korvasieni (fi) — Gyromitra esculenta	korvasieni (fi)		2018-05-13	Hausjärvi, Hollola, Hämeenlinna, Janakkala, Kärkölä	Etelä-Häme (EH)	Suomi	60.890698	25.06274	Sure	EXPERT_VERIFIED	The Atlas of Finnish Fungi
korvasieni (fi) — Gyromitra esculenta	korvasieni (fi)		2018-05-12	Ylöjärvi	Etelä-Häme (EH)	Suomi	61.618928	23.677709	Unsure	EXPERT_VERIFIED	Notebook, general observations
korvasieni (fi) — Gyromitra esculenta	korvasieni (fi)	30	2018-05-12	Kruunupyy	Keski-Pohjanmaa (KP)	Suomi	63.731373	23.137256	Sure	EXPERT_VERIFIED	The Atlas of Finnish Fungi
korvasieni (fi) — Gyromitra esculenta	korvasieni (fi)	4	2018-05-12	Oulu	Oulun Pohjanmaa (OP)	Suomi	65.031721	25.779143	Sure	EXPERT_VERIFIED	The Atlas of Finnish Fungi
korvasieni (fi) — Gyromitra esculenta	korvasieni (fi)		2018-05-12	Vihti	Varsinais-Suomi (V)	Suomi	60.38387	24.37691		COMMUNITY_VERIFIED	iNaturalist Suomi Finland
korvasieni (fi) — Gyromitra esculenta	korvasieni (fi)		2018-05-12	Espoo	Uusimaa (U)	Suomi	60.32841	24.68645		COMMUNITY_VERIFIED	iNaturalist Suomi Finland
korvasieni (fi) — Gyromitra esculenta	korvasieni (fi)	>50	2018-05-11	Helsinki	Uusimaa (U)	Suomi	60.199729	24.910501	Sure	EXPERT_VERIFIED	The Atlas of Finnish Fungi
korvasieni (fi) — Gyromitra esculenta	korvasieni (fi)	4	2018-05-10	Kontiolahti	Pohjois-Karjala (PK)	Suomi	62.637119	29.877333	Sure	NEUTRAL	The Atlas of Finnish Fungi
korvasieni (fi) — Gyromitra esculenta	korvasieni (fi)	noin 20 kpl	2018-05-10	Salo	Varsinais-Suomi (V)	Suomi	60.336742	23.216014	Sure	EXPERT_VERIFIED	The Atlas of Finnish Fungi
korvasieni (fi) — Gyromitra esculenta	korvasieni (fi)	1	2018-05-10	Heinävesi	Pohjois-Savo (PS)	Suomi	62.40645	28.772608	Sure	EXPERT_VERIFIED	The Atlas of Finnish Fungi
korvasieni (fi) — Gyromitra esculenta	korvasieni (fi)		2018-05-10	Sauvo	Varsinais-Suomi (V)	Suomi	60.240506	22.561021	Sure	EXPERT_VERIFIED	The Atlas of Finnish Fungi
korvasieni (fi) — Gyromitra esculenta	korvasieni (fi)	5	2018-05-10	Oulu	Oulun Pohjanmaa (OP)	Suomi	64.911392	25.766835	Sure	NEUTRAL	The Atlas of Finnish Fungi
korvasieni (fi) — Gyromitra esculenta	korvasieni (fi)		2018-05-10	Padasjoki	Etelä-Häme (EH)	Suomi	61.29795	24.93236		COMMUNITY_VERIFIED	iNaturalist Suomi Finland
korvasieni (fi) — Gyromitra esculenta	korvasieni (fi)	50	2018-05-10	Sysmä	Etelä-Häme (EH)	Suomi	61.435006	25.578837	Sure	NEUTRAL	The Atlas of Finnish Fungi
korvasieni (fi) — Gyromitra esculenta	korvasieni (fi)		2018-05-08	Iitti	Etelä-Häme (EH)	Suomi	60.903084	26.351967	Sure	NEUTRAL	The Atlas of Finnish Fungi
korvasieni (fi) — Gyromitra esculenta	korvasieni (fi)	Kymmeniä	2018-05-08	Ruovesi	Etelä-Häme (EH)	Suomi	62.043976	23.954563	Sure	EXPERT_VERIFIED	The Atlas of Finnish Fungi
korvasieni (fi) — Gyromitra esculenta	korvasieni (fi)		2018-05-08	Jyväskylä	Pohjois-Häme (PH)	Suomi	62.2124	25.6936		COMMUNITY_VERIFIED	iNaturalist Suomi Finland
korvasieni (fi) — Gyromitra esculenta	korvasieni (fi)	4	2018-05-07	Ulvila	Satakunta (St)	Suomi	61.468033	22.004727	Sure	EXPERT_VERIFIED	The Atlas of Finnish Fungi
korvasieni (fi) — Gyromitra esculenta	korvasieni (fi)	reilusti alkuja	2018-05-07	Eurajoki	Satakunta (St)	Suomi	61.217525	21.631868	Sure	NEUTRAL	The Atlas of Finnish Fungi
korvasieni (fi) — Gyromitra esculenta	korvasieni (fi)		2018-05-06	Espoo, Kauniainen, Nurmijärvi, Vantaa, Vihti	Uusimaa (U), Varsinais-Suomi (V)	Suomi	60.3	24.7		NEUTRAL	iNaturalist Suomi Finland
korvasieni (fi) — Gyromitra esculenta	korvasieni (fi)		2018-05-05	Nousiainen	Varsinais-Suomi (V)	Suomi	60.611972	22.118497	Unsure	EXPERT_VERIFIED	Notebook, general observations
korvasieni (fi) — Gyromitra esculenta	korvasieni (fi)	10	2018-05-05	Joutsa	Etelä-Savo (ES)	Suomi	61.936788	25.979592	Sure	EXPERT_VERIFIED	The Atlas of Finnish Fungi
korvasieni (fi) — Gyromitra esculenta	korvasieni (fi)		2018-05-04	Jyväskylä	Pohjois-Häme (PH)	Suomi	62.240927	25.736924	Sure	NEUTRAL	Notebook, general observations
korvasieni (fi) — Gyromitra esculenta	korvasieni (fi)	1	2018-05-04	Pori	Satakunta (St)	Suomi	61.671067	22.274572	Sure	NEUTRAL	The Atlas of Finnish Fungi
korvasieni (fi) — Gyromitra esculenta	korvasieni (fi)		2018-05-03	Ylöjärvi	Etelä-Häme (EH)	Suomi	61.684227	23.533045	Unsure	EXPERT_VERIFIED	Notebook, general observations
korvasieni (fi) — Gyromitra esculenta	korvasieni (fi)	Satoja	2018-05-03	Keuruu, Mänttä-Vilppula, Virrat	Etelä-Häme (EH), Pohjois-Häme (PH)	Suomi	62.253547	24.076017	Sure	NEUTRAL	The Atlas of Finnish Fungi
korvasieni (fi) — Gyromitra esculenta	korvasieni (fi)	muutama	2018-05-01	Hankasalmi	Pohjois-Häme (PH)	Suomi	62.262191	26.430819	Sure	EXPERT_VERIFIED	The Atlas of Finnish Fungi
korvasieni (fi) — Gyromitra esculenta	korvasieni (fi)	2	2018-05-01 - 2018-06-01	Tampere	Etelä-Häme (EH)	Suomi	61.705577	23.904281	Sure	EXPERT_VERIFIED	The Atlas of Finnish Fungi
korvasieni (fi) — Gyromitra esculenta	korvasieni (fi)	5	2018-04-30	Vihti	Varsinais-Suomi (V)	Suomi	60.325936	24.40706	Sure	EXPERT_VERIFIED	The Atlas of Finnish Fungi
korvasieni (fi) — Gyromitra esculenta	korvasieni (fi)		2018-04-29	Lempäälä	Etelä-Häme (EH)	Suomi	61.334	23.869	Sure	NEUTRAL	The Atlas of Finnish Fungi
korvasieni (fi) — Gyromitra esculenta	korvasieni (fi)		2018-04-28	Loppi	Etelä-Häme (EH)	Suomi	60.753887	24.093977	Unsure	EXPERT_VERIFIED	Notebook, general observations
korvasieni (fi) — Gyromitra esculenta	korvasieni (fi)		2018-04-28	Sipoo	Uusimaa (U)	Suomi	60.349797	25.200313	Sure	NEUTRAL	The Atlas of Finnish Fungi
korvasieni (fi) — Gyromitra esculenta	korvasieni (fi)		2018-04-28	Raasepori	Varsinais-Suomi (V)	Suomi	60.096626	23.571975	Sure	NEUTRAL	Notebook, general observations
korvasieni (fi) — Gyromitra esculenta	korvasieni (fi)	7	2018-04-21	Porvoo	Uusimaa (U)	Suomi	60.367691	25.70337	Sure	EXPERT_VERIFIED	The Atlas of Finnish Fungi
korvasieni (fi) — Gyromitra esculenta	korvasieni (fi)		2017-07-07 [16:30-17:00]	Rovaniemi	Perä-Pohjanmaa (PeP)	Suomi	66.474715	25.697852	Sure	NEUTRAL	The Atlas of Finnish Fungi
korvasieni (fi) — Gyromitra esculenta	korvasieni (fi)		2017-06-17	Inari	Inarin Lappi (InL)	Suomi	69.509288	28.402946	Sure	EXPERT_VERIFIED	The Atlas of Finnish Fungi
korvasieni (fi) — Gyromitra esculenta	korvasieni (fi)		2017-06-11	Puolanka	Kainuu (Kn)	Suomi	64.710891	27.946568	Sure	NEUTRAL	The Atlas of Finnish Fungi
korvasieni (fi) — Gyromitra esculenta	korvasieni (fi)	1	2017-06-10	Rovaniemi	Perä-Pohjanmaa (PeP)	Suomi	66.501193	25.756173	Sure	EXPERT_VERIFIED	The Atlas of Finnish Fungi
korvasieni (fi) — Gyromitra esculenta	korvasieni (fi)	10	2017-06-10	Lieksa	Pohjois-Karjala (PK)	Suomi	63.406667	30.070322	Sure	NEUTRAL	Notebook, general observations
korvasieni (fi) — Gyromitra esculenta	korvasieni (fi)		2017-06-09	Rovaniemi	Perä-Pohjanmaa (PeP)	Suomi	66.943883	25.787295	Sure	EXPERT_VERIFIED	The Atlas of Finnish Fungi
korvasieni (fi) — Gyromitra esculenta	korvasieni (fi)		2017-05-23	Pyhäjärvi	Keski-Pohjanmaa (KP)	Suomi	63.771512	26.063282	Sure	NEUTRAL	The Atlas of Finnish Fungi
korvasieni (fi) — Gyromitra esculenta	korvasieni (fi)		2017-05-23	Pyhäjärvi	Keski-Pohjanmaa (KP)	Suomi	63.854084	26.032862	Sure	EXPERT_VERIFIED	The Atlas of Finnish Fungi
korvasieni (fi) — Gyromitra esculenta	korvasieni (fi)	Vain yksi pieni sieni	2017-05-21	Heinävesi	Pohjois-Savo (PS)	Suomi	62.436762	28.827868	Sure	NEUTRAL	The Atlas of Finnish Fungi
korvasieni (fi) — Gyromitra esculenta	korvasieni (fi)		2017-05-17	Helsinki	Uusimaa (U)	Suomi	60.234227	25.143505	Sure	NEUTRAL	The Atlas of Finnish Fungi
korvasieni (fi) — Gyromitra esculenta	korvasieni (fi)		2017-05-13	Kuopio	Pohjois-Savo (PS)	Suomi	62.87843	27.291434	Sure	NEUTRAL	The Atlas of Finnish Fungi
korvasieni (fi) — Gyromitra esculenta	korvasieni (fi)		2016-05-28	Jyväskylä	Pohjois-Häme (PH)	Suomi	62.24475	25.7472		COMMUNITY_VERIFIED	iNaturalist Suomi Finland
korvasieni (fi) — Gyromitra esculenta	korvasieni (fi)	3	2016-05-16 [16:04-17:07]	Somero	Etelä-Häme (EH)	Suomi	60.667457	23.618367		NEUTRAL	Hatikka.fi observations
korvasieni (fi) — Gyromitra esculenta	korvasieni (fi)		2016-05-14	Espoo	Uusimaa (U)	Suomi	60.16532	24.64417		COMMUNITY_VERIFIED	iNaturalist Suomi Finland
korvasieni (fi) — Gyromitra esculenta	korvasieni (fi)		2016-05-10	Kirkkonummi, Siuntio	Uusimaa (U)	Suomi	60.159459	24.328273	Sure	NEUTRAL	The Atlas of Finnish Fungi
korvasieni (fi) — Gyromitra esculenta	korvasieni (fi)	3	2016-05-05 - 2016-05-07	Kuopio	Pohjois-Savo (PS)	Suomi	62.823894	27.703539	Sure	NEUTRAL	The Atlas of Finnish Fungi
korvasieni (fi) — Gyromitra esculenta	korvasieni (fi)		2016-05-05	Sastamala	Satakunta (St)	Suomi	61.39062	22.649654	Sure	NEUTRAL	The Atlas of Finnish Fungi
korvasieni (fi) — Gyromitra esculenta	korvasieni (fi)	1 nippu	2016-05-02	Karijoki	Etelä-Pohjanmaa (EP)	Suomi	62.317478	21.731224		NEUTRAL	Löydös Open Finnish Observation Database
korvasieni (fi) — Gyromitra esculenta	korvasieni (fi)	1	2016-05-01 [12:00]	Helsinki	Uusimaa (U)	Suomi	60.220237	25.005764	Sure	NEUTRAL	The Atlas of Finnish Fungi
korvasieni (fi) — Gyromitra esculenta	korvasieni (fi)		2016-05-01 - 2016-05-31	Espoo	Uusimaa (U)	Suomi	60.197499	24.610006	Sure	NEUTRAL	The Atlas of Finnish Fungi
korvasieni (fi) — Gyromitra esculenta	korvasieni (fi)	1	2016-04-30	Parainen	Varsinais-Suomi (V)	Suomi	60.152453	21.726644		NEUTRAL	Löydös Open Finnish Observation Database
korvasieni (fi) — Gyromitra esculenta	korvasieni (fi)		2016-01-01	Kuopio	Pohjois-Savo (PS)	Suomi	62.877037	27.684615	Sure	NEUTRAL	The Atlas of Finnish Fungi
korvasieni (fi) — Gyromitra esculenta	korvasieni (fi)	1	2015-06-10	Suomussalmi	Kainuu (Kn)	Suomi	64.797527	28.883165		NEUTRAL	Hatikka.fi observations
korvasieni (fi) — Gyromitra esculenta	korvasieni (fi)		2015-06-09	Salla	Koillismaa (Ks)	Suomi	66.43367	29.47475		COMMUNITY_VERIFIED	iNaturalist Suomi Finland
korvasieni (fi) — Gyromitra esculenta	korvasieni (fi)	10	2015-06-08	Kuusamo	Koillismaa (Ks)	Suomi	65.752617	29.920706		NEUTRAL	Hatikka.fi observations
korvasieni (fi) — Gyromitra esculenta	korvasieni (fi)	60	2015-06-06	Inari	Inarin Lappi (InL)	Suomi	68.853878	27.015872		NEUTRAL	Hatikka.fi observations
korvasieni (fi) — Gyromitra esculenta	korvasieni (fi)	3	2015-06-06	Inari	Inarin Lappi (InL)	Suomi	68.850407	26.973993		NEUTRAL	Hatikka.fi observations
korvasieni (fi) — Gyromitra esculenta	korvasieni (fi)		2015-06-04	Isojoki, Siikainen	Etelä-Pohjanmaa (EP), Satakunta (St)	Suomi	62.1	21.9		COMMUNITY_VERIFIED	iNaturalist Suomi Finland
korvasieni (fi) — Gyromitra esculenta	korvasieni (fi)		2015-05-28	Kuhmo	Kainuu (Kn)	Suomi	64.3178	30.20718		COMMUNITY_VERIFIED	iNaturalist Suomi Finland
korvasieni (fi) — Gyromitra esculenta	korvasieni (fi)		2015-05-25	Kajaani	Kainuu (Kn)	Suomi	64.028019	27.609547	Sure	NEUTRAL	The Atlas of Finnish Fungi
korvasieni (fi) — Gyromitra esculenta	korvasieni (fi)	200	2015-05-22	Salo	Varsinais-Suomi (V)	Suomi	60.332055	23.52815	Sure	NEUTRAL	The Atlas of Finnish Fungi
korvasieni (fi) — Gyromitra esculenta	korvasieni (fi)		2015-05-20	Helsinki	Uusimaa (U)	Suomi	60.192101	25.142007	Sure	NEUTRAL	The Atlas of Finnish Fungi
korvasieni (fi) — Gyromitra esculenta	korvasieni (fi)		2015-05-19	Lappeenranta	Etelä-Karjala (EK)	Suomi	60.96032	28.54011		COMMUNITY_VERIFIED	iNaturalist Suomi Finland
korvasieni (fi) — Gyromitra esculenta	korvasieni (fi)	1	2015-05-16	Rusko	Varsinais-Suomi (V)	Suomi	60.564604	22.264379		NEUTRAL	Hatikka.fi observations
korvasieni (fi) — Gyromitra esculenta	korvasieni (fi)	1	2015-05-16	Turku	Varsinais-Suomi (V)	Suomi	60.505087	22.284679		NEUTRAL	Hatikka.fi observations
korvasieni (fi) — Gyromitra esculenta	korvasieni (fi)	1	2015-05-14 [15:35-18:18]	Somero	Etelä-Häme (EH)	Suomi	60.665714	23.603136	Sure	NEUTRAL	Hatikka.fi observations
korvasieni (fi) — Gyromitra esculenta	korvasieni (fi)		2015-05-13	Kemiönsaari	Varsinais-Suomi (V)	Suomi	59.81727	22.321613		NEUTRAL	Aphyllophorales Fennoscandiae orientalis
korvasieni (fi) — Gyromitra esculenta	korvasieni (fi)	9	2015-05-11	Masku	Varsinais-Suomi (V)	Suomi	60.535411	22.1287		NEUTRAL	Hatikka.fi observations
korvasieni (fi) — Gyromitra esculenta	korvasieni (fi)		2015-05-10	Espoo	Uusimaa (U)	Suomi	60.228668	24.707329	Sure	NEUTRAL	The Atlas of Finnish Fungi
korvasieni (fi) — Gyromitra esculenta	korvasieni (fi)	2	2015-05-08 [12:20]	Eura	Satakunta (St)	Suomi	60.971246	22.001488		NEUTRAL	Hatikka.fi observations
korvasieni (fi) — Gyromitra esculenta	korvasieni (fi)	n3	2015-05-04 [14:33-17:28]	Somero	Etelä-Häme (EH)	Suomi	60.664471	23.601222		NEUTRAL	Hatikka.fi observations
korvasieni (fi) — Gyromitra esculenta	korvasieni (fi)		2015-05-01	Loimaa	Satakunta (St)	Suomi	60.920441	23.203941	Sure	EXPERT_VERIFIED	The Atlas of Finnish Fungi
korvasieni (fi) — Gyromitra esculenta	korvasieni (fi)	1	2015-04-22 [15:26-16:12]	Somero	Etelä-Häme (EH)	Suomi	60.668338	23.588689		NEUTRAL	Hatikka.fi observations
korvasieni (fi) — Gyromitra esculenta	korvasieni (fi)		2015-04-11	Loimaa	Satakunta (St)	Suomi	60.924056	23.221944	Sure	NEUTRAL	The Atlas of Finnish Fungi
korvasieni (fi) — Gyromitra esculenta	korvasieni (fi)	6	2015-04-05	Seinäjoki	Etelä-Pohjanmaa (EP)	Suomi	62.701746	22.835201		NEUTRAL	Löydös Open Finnish Observation Database
