Species	Vernacular name	Number	Time	Municipality	Biogeographical Province	Country	WGS84 N	WGS84 E	The stated certainty of the observation	Observation Reliability	Collection
lampaankääpä (fi) — Albatrellus ovinus	lampaankääpä (fi)		2026-09-12	Rovaniemi	Perä-Pohjanmaa (PeP)	Suomi	66.48889	25.824		COMMUNITY_VERIFIED	iNaturalist Suomi Finland
lampaankääpä (fi) — Albatrellus ovinus	lampaankääpä (fi)		2026-09-12	Rovaniemi	Perä-Pohjanmaa (PeP)	Suomi	66.48891	25.82413		COMMUNITY_VERIFIED	iNaturalist Suomi Finland
lampaankääpä (fi) — Albatrellus ovinus	lampaankääpä (fi)		2026-09-09	Espoo	Uusimaa (U)	Suomi	60.29287	24.56322		COMMUNITY_VERIFIED	iNaturalist Suomi Finland
lampaankääpä (fi) — Albatrellus ovinus	lampaankääpä (fi)		2026-09-09	Jyväskylä	Pohjois-Häme (PH)	Suomi	62.21394	25.74428		COMMUNITY_VERIFIED	iNaturalist Suomi Finland
lampaankääpä (fi) — Albatrellus ovinus	lampaankääpä (fi)		2026-09-09	Jyväskylä	Etelä-Häme (EH)	Suomi	62.14555	25.76563		COMMUNITY_VERIFIED	iNaturalist Suomi Finland
lampaankääpä (fi) — Albatrellus ovinus	lampaankääpä (fi)		2026-09-06	Mustasaari	Etelä-Pohjanmaa (EP)	Suomi	63.21071	21.75028		COMMUNITY_VERIFIED	iNaturalist Suomi Finland
lampaankääpä (fi) — Albatrellus ovinus	lampaankääpä (fi)		2026-09-06	Helsinki	Uusimaa (U)	Suomi	60.24611	25.158		COMMUNITY_VERIFIED	iNaturalist Suomi Finland
lampaankääpä (fi) — Albatrellus ovinus	lampaankääpä (fi)		2026-09-06 [12:33-14:56]	Tampere	Etelä-Häme (EH)	Suomi	61.467401	23.8158	Sure	NEUTRAL	The Atlas of Finnish Fungi
lampaankääpä (fi) — Albatrellus ovinus	lampaankääpä (fi)		2026-09-06	Kangasala	Etelä-Häme (EH)	Suomi	61.52838	23.98552		NEUTRAL	iNaturalist Suomi Finland
lampaankääpä (fi) — Albatrellus ovinus	lampaankääpä (fi)		2026-09-04	Joensuu	Pohjois-Karjala (PK)	Suomi	62.58274	29.7283		COMMUNITY_VERIFIED	iNaturalist Suomi Finland
lampaankääpä (fi) — Albatrellus ovinus	lampaankääpä (fi)		2026-09-04	Oulu	Oulun Pohjanmaa (OP)	Suomi	65.18543	25.29622		COMMUNITY_VERIFIED	iNaturalist Suomi Finland
lampaankääpä (fi) — Albatrellus ovinus	lampaankääpä (fi)		2026-08-31	Nurmes	Pohjois-Karjala (PK)	Suomi	63.54393	29.13466		NEUTRAL	iNaturalist Suomi Finland
lampaankääpä (fi) — Albatrellus ovinus	lampaankääpä (fi)		2026-08-30	Lapinlahti	Pohjois-Savo (PS)	Suomi	63.33655	27.33323		NEUTRAL	iNaturalist Suomi Finland
lampaankääpä (fi) — Albatrellus ovinus	lampaankääpä (fi)		2026-08-30	Lapinlahti	Pohjois-Savo (PS)	Suomi	63.33696	27.33202		NEUTRAL	iNaturalist Suomi Finland
lampaankääpä (fi) — Albatrellus ovinus	lampaankääpä (fi)		2026-08-29	Pälkäne	Etelä-Häme (EH)	Suomi	61.36365	24.21393		NEUTRAL	iNaturalist Suomi Finland
lampaankääpä (fi) — Albatrellus ovinus	lampaankääpä (fi)		2026-08-29	Pori	Satakunta (St)	Suomi	61.6872	21.54493		NEUTRAL	iNaturalist Suomi Finland
lampaankääpä (fi) — Albatrellus ovinus	lampaankääpä (fi)		2026-08-28	Hyvinkää	Uusimaa (U)	Suomi	60.583563	24.722974	Sure	NEUTRAL	The Atlas of Finnish Fungi
lampaankääpä (fi) — Albatrellus ovinus	lampaankääpä (fi)		2026-08-28	Jyväskylä	Pohjois-Häme (PH)	Suomi	62.20645	25.89698		NEUTRAL	iNaturalist Suomi Finland
lampaankääpä (fi) — Albatrellus ovinus	lampaankääpä (fi)		2026-08-28	Salo	Varsinais-Suomi (V)	Suomi	60.23076	23.58713		NEUTRAL	iNaturalist Suomi Finland
lampaankääpä (fi) — Albatrellus ovinus	lampaankääpä (fi)		2026-08-27	Äänekoski	Pohjois-Häme (PH)	Suomi	62.6354	25.94621		COMMUNITY_VERIFIED	iNaturalist Suomi Finland
lampaankääpä (fi) — Albatrellus ovinus	lampaankääpä (fi)		2026-08-25	Enonkoski, Savonlinna	Etelä-Savo (ES)	Suomi	62.03726	29.0486		NEUTRAL	iNaturalist Suomi Finland
lampaankääpä (fi) — Albatrellus ovinus	lampaankääpä (fi)		2026-08-25	Kouvola	Etelä-Savo (ES)	Suomi	60.88034	26.72383		COMMUNITY_VERIFIED	iNaturalist Suomi Finland
lampaankääpä (fi) — Albatrellus ovinus	lampaankääpä (fi)		2026-08-24	Espoo	Uusimaa (U)	Suomi	60.252338	24.602893	Sure	NEUTRAL	The Atlas of Finnish Fungi
lampaankääpä (fi) — Albatrellus ovinus	lampaankääpä (fi)		2026-08-24	Kokkola	Keski-Pohjanmaa (KP)	Suomi	64.01244	23.53739		NEUTRAL	iNaturalist Suomi Finland
lampaankääpä (fi) — Albatrellus ovinus	lampaankääpä (fi)		2026-08-23	Vihti	Varsinais-Suomi (V)	Suomi	60.31346	24.4479		COMMUNITY_VERIFIED	iNaturalist Suomi Finland
lampaankääpä (fi) — Albatrellus ovinus	lampaankääpä (fi)		2026-08-23	Turku	Varsinais-Suomi (V)	Suomi	60.54369	22.31405		COMMUNITY_VERIFIED	iNaturalist Suomi Finland
lampaankääpä (fi) — Albatrellus ovinus	lampaankääpä (fi)		2026-08-23	Kouvola	Etelä-Savo (ES)	Suomi	60.87893	26.75191		NEUTRAL	iNaturalist Suomi Finland
lampaankääpä (fi) — Albatrellus ovinus	lampaankääpä (fi)		2026-08-23	Kemiönsaari	Varsinais-Suomi (V)	Suomi	60.23399	22.7027		NEUTRAL	iNaturalist Suomi Finland
lampaankääpä (fi) — Albatrellus ovinus	lampaankääpä (fi)		2026-08-23	Kouvola	Etelä-Savo (ES)	Suomi	61.18161	26.85022		COMMUNITY_VERIFIED	iNaturalist Suomi Finland
lampaankääpä (fi) — Albatrellus ovinus	lampaankääpä (fi)	10+	2026-08-22 [6:33-10:26]	Kaarina	Varsinais-Suomi (V)	Suomi	60.426122	22.360957	Sure	NEUTRAL	The Atlas of Finnish Fungi
lampaankääpä (fi) — Albatrellus ovinus	lampaankääpä (fi)		2026-08-21	Espoo	Uusimaa (U)	Suomi	60.319202	24.52345	Sure	NEUTRAL	The Atlas of Finnish Fungi
lampaankääpä (fi) — Albatrellus ovinus	lampaankääpä (fi)		2026-08-20	Tammela	Etelä-Häme (EH)	Suomi	60.68282	23.83463		NEUTRAL	iNaturalist Suomi Finland
lampaankääpä (fi) — Albatrellus ovinus	lampaankääpä (fi)		2026-08-20	Rantasalmi	Etelä-Savo (ES)	Suomi	62.10807	28.49188		NEUTRAL	iNaturalist Suomi Finland
lampaankääpä (fi) — Albatrellus ovinus	lampaankääpä (fi)		2026-08-20	Rantasalmi	Etelä-Savo (ES)	Suomi	62.10818	28.49193		NEUTRAL	iNaturalist Suomi Finland
lampaankääpä (fi) — Albatrellus ovinus	lampaankääpä (fi)		2026-08-20	Rantasalmi	Etelä-Savo (ES)	Suomi	62.10808	28.49186		NEUTRAL	iNaturalist Suomi Finland
lampaankääpä (fi) — Albatrellus ovinus	lampaankääpä (fi)		2026-08-20	Rantasalmi	Etelä-Savo (ES)	Suomi	62.1032	28.50366		NEUTRAL	iNaturalist Suomi Finland
lampaankääpä (fi) — Albatrellus ovinus	lampaankääpä (fi)		2026-08-20	Rantasalmi	Etelä-Savo (ES)	Suomi	62.10324	28.50354		NEUTRAL	iNaturalist Suomi Finland
lampaankääpä (fi) — Albatrellus ovinus	lampaankääpä (fi)		2026-08-20	Rantasalmi	Etelä-Savo (ES)	Suomi	62.10323	28.5035		NEUTRAL	iNaturalist Suomi Finland
lampaankääpä (fi) — Albatrellus ovinus	lampaankääpä (fi)		2026-08-20	Rantasalmi	Etelä-Savo (ES)	Suomi	62.10322	28.50368		NEUTRAL	iNaturalist Suomi Finland
lampaankääpä (fi) — Albatrellus ovinus	lampaankääpä (fi)		2026-08-19	Kouvola	Etelä-Savo (ES)	Suomi	61.18065	26.89286		COMMUNITY_VERIFIED	iNaturalist Suomi Finland
lampaankääpä (fi) — Albatrellus ovinus	lampaankääpä (fi)		2026-08-18	Nokia	Etelä-Häme (EH)	Suomi	61.48031	23.5012		COMMUNITY_VERIFIED	iNaturalist Suomi Finland
lampaankääpä (fi) — Albatrellus ovinus	lampaankääpä (fi)		2026-08-18	Espoo	Uusimaa (U)	Suomi	60.30882	24.51323		NEUTRAL	iNaturalist Suomi Finland
lampaankääpä (fi) — Albatrellus ovinus	lampaankääpä (fi)		2026-08-16	Lieto	Varsinais-Suomi (V)	Suomi	60.58802	22.62656		NEUTRAL	iNaturalist Suomi Finland
lampaankääpä (fi) — Albatrellus ovinus	lampaankääpä (fi)		2026-08-16	Lieto	Varsinais-Suomi (V)	Suomi	60.52105	22.37871		NEUTRAL	iNaturalist Suomi Finland
lampaankääpä (fi) — Albatrellus ovinus	lampaankääpä (fi)		2026-08-15	Muurame	Etelä-Häme (EH)	Suomi	62.102849	25.750235	Sure	NEUTRAL	Notebook, general observations
lampaankääpä (fi) — Albatrellus ovinus	lampaankääpä (fi)		2026-08-15	Kirkkonummi	Uusimaa (U)	Suomi	60.07046	24.58992		NEUTRAL	iNaturalist Suomi Finland
lampaankääpä (fi) — Albatrellus ovinus	lampaankääpä (fi)		2026-08-15	Hämeenlinna	Etelä-Häme (EH)	Suomi	61.24123	25.06693		NEUTRAL	iNaturalist Suomi Finland
lampaankääpä (fi) — Albatrellus ovinus	lampaankääpä (fi)		2026-08-15	Pirkkala	Etelä-Häme (EH)	Suomi	61.44416	23.71934		NEUTRAL	iNaturalist Suomi Finland
lampaankääpä (fi) — Albatrellus ovinus	lampaankääpä (fi)		2026-08-14	Lieto	Varsinais-Suomi (V)	Suomi	60.54703	22.57751		NEUTRAL	iNaturalist Suomi Finland
lampaankääpä (fi) — Albatrellus ovinus	lampaankääpä (fi)		2026-08-14	Espoo	Uusimaa (U)	Suomi	60.18188	24.72491		COMMUNITY_VERIFIED	iNaturalist Suomi Finland
lampaankääpä (fi) — Albatrellus ovinus	lampaankääpä (fi)		2026-08-12	Turku	Varsinais-Suomi (V)	Suomi	60.55397	22.29814		NEUTRAL	iNaturalist Suomi Finland
lampaankääpä (fi) — Albatrellus ovinus	lampaankääpä (fi)		2026-08-10	Saarijärvi	Pohjois-Häme (PH)	Suomi	62.71479	24.86931		COMMUNITY_VERIFIED	iNaturalist Suomi Finland
lampaankääpä (fi) — Albatrellus ovinus	lampaankääpä (fi)		2026-08-10	Koski Tl, Marttila, Salo	Varsinais-Suomi (V)	Suomi	60.5	23.1		COMMUNITY_VERIFIED	iNaturalist Suomi Finland
lampaankääpä (fi) — Albatrellus ovinus	lampaankääpä (fi)		2026-08-09	Masku, Mynämäki, Nousiainen, Pöytyä, Rusko, Turku	Satakunta (St), Varsinais-Suomi (V)	Suomi	60.7	22.3		NEUTRAL	iNaturalist Suomi Finland
lampaankääpä (fi) — Albatrellus ovinus	lampaankääpä (fi)		2026-08-08	Somero	Etelä-Häme (EH)	Suomi	60.50828	23.70311		COMMUNITY_VERIFIED	iNaturalist Suomi Finland
lampaankääpä (fi) — Albatrellus ovinus	lampaankääpä (fi)		2026-08-08	Vantaa	Uusimaa (U)	Suomi	60.26013	24.84365		NEUTRAL	iNaturalist Suomi Finland
lampaankääpä (fi) — Albatrellus ovinus	lampaankääpä (fi)		2026-08-01	Turku	Varsinais-Suomi (V)	Suomi	60.39198	22.24238		NEUTRAL	iNaturalist Suomi Finland
lampaankääpä (fi) — Albatrellus ovinus	lampaankääpä (fi)		2026-07-28	Espoo	Uusimaa (U)	Suomi	60.3239	24.61383		NEUTRAL	iNaturalist Suomi Finland
lampaankääpä (fi) — Albatrellus ovinus	lampaankääpä (fi)		2026-07-24	Masku, Mynämäki, Nousiainen	Varsinais-Suomi (V)	Suomi	60.7	22.1		NEUTRAL	iNaturalist Suomi Finland
lampaankääpä (fi) — Albatrellus ovinus	lampaankääpä (fi)		2026-07-17	Savitaipale	Etelä-Savo (ES)	Suomi	61.19208	27.48658		NEUTRAL	iNaturalist Suomi Finland
lampaankääpä (fi) — Albatrellus ovinus	lampaankääpä (fi)		2026-07-13	Hämeenlinna	Etelä-Häme (EH)	Suomi	61.290148	24.906482		NEUTRAL	Notebook, general observations
lampaankääpä (fi) — Albatrellus ovinus	lampaankääpä (fi)		2026-07-12	Hämeenlinna	Etelä-Häme (EH)	Suomi	61.2902	24.90662		COMMUNITY_VERIFIED	iNaturalist Suomi Finland
lampaankääpä (fi) — Albatrellus ovinus	lampaankääpä (fi)		2026-04-23	Espoo	Uusimaa (U)	Suomi	60.29299	24.56306		NEUTRAL	iNaturalist Suomi Finland
lampaankääpä (fi) — Albatrellus ovinus	lampaankääpä (fi)		2025-11-08	Parainen	Varsinais-Suomi (V)	Suomi	60.32342	22.30356		NEUTRAL	iNaturalist Suomi Finland
lampaankääpä (fi) — Albatrellus ovinus	lampaankääpä (fi)		2025-11-03	Savonlinna	Etelä-Savo (ES)	Suomi	61.87639	28.86748		COMMUNITY_VERIFIED	iNaturalist Suomi Finland
lampaankääpä (fi) — Albatrellus ovinus	lampaankääpä (fi)		2025-10-25 [11:00-11:48]	Sysmä	Etelä-Häme (EH)	Suomi	61.530564	25.671512	Sure	NEUTRAL	Fourth Finnish Bird Atlas 2022–2025, observations from FinBIF Notebook
lampaankääpä (fi) — Albatrellus ovinus	lampaankääpä (fi)		2025-10-25 [11:00-11:48]	Sysmä	Etelä-Häme (EH)	Suomi	61.530247	25.670869	Sure	NEUTRAL	Fourth Finnish Bird Atlas 2022–2025, observations from FinBIF Notebook
lampaankääpä (fi) — Albatrellus ovinus	lampaankääpä (fi)		2025-10-14	Porvoo	Uusimaa (U)	Suomi	60.3608	25.72209		NEUTRAL	iNaturalist Suomi Finland
lampaankääpä (fi) — Albatrellus ovinus	lampaankääpä (fi)		2025-10-11	Espoo	Uusimaa (U)	Suomi	60.32779	24.694521	Sure	NEUTRAL	The Atlas of Finnish Fungi
lampaankääpä (fi) — Albatrellus ovinus	lampaankääpä (fi)		2025-10-11	Kokkola	Keski-Pohjanmaa (KP)	Suomi	63.82263	23.04262		NEUTRAL	iNaturalist Suomi Finland
lampaankääpä (fi) — Albatrellus ovinus	lampaankääpä (fi)		2025-10-02	Raasepori	Uusimaa (U)	Suomi	59.943998	23.509586	Sure	NEUTRAL	The Atlas of Finnish Fungi
lampaankääpä (fi) — Albatrellus ovinus	lampaankääpä (fi)		2025-09-28	Kuopio	Pohjois-Savo (PS)	Suomi	62.88352	27.62179		NEUTRAL	iNaturalist Suomi Finland
lampaankääpä (fi) — Albatrellus ovinus	lampaankääpä (fi)		2025-09-28	Hämeenlinna	Etelä-Häme (EH)	Suomi	60.993536	24.41573	Sure	NEUTRAL	The Atlas of Finnish Fungi
lampaankääpä (fi) — Albatrellus ovinus	lampaankääpä (fi)		2025-09-27	Keminmaa	Perä-Pohjanmaa (PeP)	Suomi	65.81497	24.51601	Sure	NEUTRAL	The Atlas of Finnish Fungi
lampaankääpä (fi) — Albatrellus ovinus	lampaankääpä (fi)		2025-09-27	Mikkeli	Etelä-Savo (ES)	Suomi	61.48776	27.39775		NEUTRAL	iNaturalist Suomi Finland
lampaankääpä (fi) — Albatrellus ovinus	lampaankääpä (fi)		2025-09-27	Porvoo	Uusimaa (U)	Suomi	60.39854	25.62074		COMMUNITY_VERIFIED	iNaturalist Suomi Finland
lampaankääpä (fi) — Albatrellus ovinus	lampaankääpä (fi)		2025-09-25	Turku	Varsinais-Suomi (V)	Suomi	60.392	22.21999		NEUTRAL	iNaturalist Suomi Finland
lampaankääpä (fi) — Albatrellus ovinus	lampaankääpä (fi)		2025-09-20	Salo	Varsinais-Suomi (V)	Suomi	60.45703	23.62346		COMMUNITY_VERIFIED	iNaturalist Suomi Finland
lampaankääpä (fi) — Albatrellus ovinus	lampaankääpä (fi)		2025-09-20	Salo	Varsinais-Suomi (V)	Suomi	60.45716	23.62365		COMMUNITY_VERIFIED	iNaturalist Suomi Finland
lampaankääpä (fi) — Albatrellus ovinus	lampaankääpä (fi)		2025-09-20	Kontiolahti	Pohjois-Karjala (PK)	Suomi	62.63556	29.925		NEUTRAL	iNaturalist Suomi Finland
lampaankääpä (fi) — Albatrellus ovinus	lampaankääpä (fi)		2025-09-20	Ii	Oulun Pohjanmaa (OP)	Suomi	65.56361	25.13546		NEUTRAL	iNaturalist Suomi Finland
lampaankääpä (fi) — Albatrellus ovinus	lampaankääpä (fi)		2025-09-19	Kaarina, Lieto, Masku, Nousiainen, Raisio, Rusko, Turku	Varsinais-Suomi (V)	Suomi	60.5	22.3		COMMUNITY_VERIFIED	iNaturalist Suomi Finland
lampaankääpä (fi) — Albatrellus ovinus	lampaankääpä (fi)		2025-09-18	Hyvinkää	Uusimaa (U)	Suomi	60.6606	24.89627		NEUTRAL	iNaturalist Suomi Finland
lampaankääpä (fi) — Albatrellus ovinus	lampaankääpä (fi)		2025-09-18	Turku	Varsinais-Suomi (V)	Suomi	60.36139	22.11849		COMMUNITY_VERIFIED	iNaturalist Suomi Finland
lampaankääpä (fi) — Albatrellus ovinus	lampaankääpä (fi)		2025-09-14	Espoo	Uusimaa (U)	Suomi	60.30841	24.51988		COMMUNITY_VERIFIED	iNaturalist Suomi Finland
lampaankääpä (fi) — Albatrellus ovinus	lampaankääpä (fi)		2025-09-14	Kontiolahti	Pohjois-Karjala (PK)	Suomi	62.64657	29.6766		NEUTRAL	iNaturalist Suomi Finland
lampaankääpä (fi) — Albatrellus ovinus	lampaankääpä (fi)		2025-09-14	Turku	Varsinais-Suomi (V)	Suomi	60.46798	22.32958		NEUTRAL	iNaturalist Suomi Finland
lampaankääpä (fi) — Albatrellus ovinus	lampaankääpä (fi)		2025-09-13	Mynämäki	Varsinais-Suomi (V)	Suomi	60.74251	22.33575		NEUTRAL	iNaturalist Suomi Finland
lampaankääpä (fi) — Albatrellus ovinus	lampaankääpä (fi)		2025-09-13	Hollola	Etelä-Häme (EH)	Suomi	61.00809	25.51828		NEUTRAL	iNaturalist Suomi Finland
lampaankääpä (fi) — Albatrellus ovinus	lampaankääpä (fi)		2025-09-13	Sipoo	Uusimaa (U)	Suomi	60.349747	25.190309	Sure	NEUTRAL	The Atlas of Finnish Fungi
lampaankääpä (fi) — Albatrellus ovinus	lampaankääpä (fi)		2025-09-13 [11:59]	Tampere	Etelä-Häme (EH)	Suomi	61.467839	23.81285	Sure	NEUTRAL	Notebook, general observations
lampaankääpä (fi) — Albatrellus ovinus	lampaankääpä (fi)	Kymmeniä	2025-09-12 [10:07-15:03]	Hämeenlinna	Etelä-Häme (EH)	Suomi	61.106564	24.962162	Sure	NEUTRAL	The Atlas of Finnish Fungi
lampaankääpä (fi) — Albatrellus ovinus	lampaankääpä (fi)	20	2025-09-12	Turku	Varsinais-Suomi (V)	Suomi	60.349698	22.19782	Sure	NEUTRAL	Notebook, general observations
lampaankääpä (fi) — Albatrellus ovinus	lampaankääpä (fi)		2025-09-12	Porvoo	Uusimaa (U)	Suomi	60.36711	25.74821		COMMUNITY_VERIFIED	iNaturalist Suomi Finland
lampaankääpä (fi) — Albatrellus ovinus	lampaankääpä (fi)		2025-09-12	Muurame	Etelä-Häme (EH)	Suomi	62.09455	25.64607		NEUTRAL	iNaturalist Suomi Finland
lampaankääpä (fi) — Albatrellus ovinus	lampaankääpä (fi)		2025-09-12	Asikkala	Etelä-Häme (EH)	Suomi	61.18677	25.50333		COMMUNITY_VERIFIED	iNaturalist Suomi Finland
lampaankääpä (fi) — Albatrellus ovinus	lampaankääpä (fi)		2025-09-11	Hämeenlinna	Etelä-Häme (EH)	Suomi	61.220636	25.149249	Sure	NEUTRAL	The Atlas of Finnish Fungi
lampaankääpä (fi) — Albatrellus ovinus	lampaankääpä (fi)		2025-09-11	Hämeenlinna	Etelä-Häme (EH)	Suomi	60.87101	24.36688		COMMUNITY_VERIFIED	iNaturalist Suomi Finland
lampaankääpä (fi) — Albatrellus ovinus	lampaankääpä (fi)		2025-09-11	Espoo	Uusimaa (U)	Suomi	60.29736	24.61859		COMMUNITY_VERIFIED	iNaturalist Suomi Finland
lampaankääpä (fi) — Albatrellus ovinus	lampaankääpä (fi)		2025-09-10	Hämeenlinna	Etelä-Häme (EH)	Suomi	61.202402	25.140293	Sure	NEUTRAL	The Atlas of Finnish Fungi
lampaankääpä (fi) — Albatrellus ovinus	lampaankääpä (fi)		2025-09-10	Loimaa	Satakunta (St)	Suomi	60.84828	23.04778		NEUTRAL	iNaturalist Suomi Finland
lampaankääpä (fi) — Albatrellus ovinus	lampaankääpä (fi)	Kymmeniä eri puolilla	2025-09-10	Hämeenlinna	Etelä-Häme (EH)	Suomi	61.241965	25.067028	Sure	NEUTRAL	The Atlas of Finnish Fungi
lampaankääpä (fi) — Albatrellus ovinus	lampaankääpä (fi)		2025-09-09	Hämeenlinna	Etelä-Häme (EH)	Suomi	61.213019	25.135174	Sure	NEUTRAL	The Atlas of Finnish Fungi
lampaankääpä (fi) — Albatrellus ovinus	lampaankääpä (fi)		2025-09-09	Vaasa	Etelä-Pohjanmaa (EP)	Suomi	63.05838	21.696365	Sure	NEUTRAL	Notebook, general observations
lampaankääpä (fi) — Albatrellus ovinus	lampaankääpä (fi)		2025-09-08	Tampere	Etelä-Häme (EH)	Suomi	61.43459	23.88534		NEUTRAL	iNaturalist Suomi Finland
lampaankääpä (fi) — Albatrellus ovinus	lampaankääpä (fi)		2025-09-08	Kirkkonummi	Uusimaa (U)	Suomi	60.2758	24.49423		COMMUNITY_VERIFIED	iNaturalist Suomi Finland
lampaankääpä (fi) — Albatrellus ovinus	lampaankääpä (fi)		2025-09-07	Vantaa	Uusimaa (U)	Suomi	60.33757	25.07283		NEUTRAL	iNaturalist Suomi Finland
lampaankääpä (fi) — Albatrellus ovinus	lampaankääpä (fi)		2025-09-07	Vantaa	Uusimaa (U)	Suomi	60.33772	25.07332		NEUTRAL	iNaturalist Suomi Finland
lampaankääpä (fi) — Albatrellus ovinus	lampaankääpä (fi)	Muutama	2025-09-07	Pyhäjoki	Keski-Pohjanmaa (KP)	Suomi	64.397587	24.320541	Sure	NEUTRAL	The Atlas of Finnish Fungi
lampaankääpä (fi) — Albatrellus ovinus	lampaankääpä (fi)		2025-09-06	Kirkkonummi	Uusimaa (U)	Suomi	60.15471	24.56456		NEUTRAL	iNaturalist Suomi Finland
lampaankääpä (fi) — Albatrellus ovinus	lampaankääpä (fi)		2025-09-06	Iitti	Etelä-Häme (EH)	Suomi	61.00701	26.43421		COMMUNITY_VERIFIED	iNaturalist Suomi Finland
lampaankääpä (fi) — Albatrellus ovinus	lampaankääpä (fi)		2025-09-06	Mikkeli	Etelä-Savo (ES)	Suomi	61.43369	27.12307		COMMUNITY_VERIFIED	iNaturalist Suomi Finland
lampaankääpä (fi) — Albatrellus ovinus	lampaankääpä (fi)		2025-09-06	Vihti	Varsinais-Suomi (V)	Suomi	60.33387	24.52385		NEUTRAL	iNaturalist Suomi Finland
lampaankääpä (fi) — Albatrellus ovinus	lampaankääpä (fi)		2025-09-06	Luumäki	Etelä-Savo (ES)	Suomi	60.99245	27.63681		COMMUNITY_VERIFIED	iNaturalist Suomi Finland
lampaankääpä (fi) — Albatrellus ovinus	lampaankääpä (fi)		2025-09-06 [11:01]	Tampere	Etelä-Häme (EH)	Suomi	61.467799	23.814362	Sure	NEUTRAL	Notebook, general observations
lampaankääpä (fi) — Albatrellus ovinus	lampaankääpä (fi)	5	2025-09-05	Raahe	Keski-Pohjanmaa (KP)	Suomi	64.63947	24.504703	Sure	NEUTRAL	The Atlas of Finnish Fungi
lampaankääpä (fi) — Albatrellus ovinus	lampaankääpä (fi)		2025-09-03	Imatra	Etelä-Savo (ES)	Suomi	61.22246	28.77348		NEUTRAL	iNaturalist Suomi Finland
lampaankääpä (fi) — Albatrellus ovinus	lampaankääpä (fi)		2025-09-03	Mikkeli	Etelä-Savo (ES)	Suomi	61.64289	27.33581		NEUTRAL	iNaturalist Suomi Finland
lampaankääpä (fi) — Albatrellus ovinus	lampaankääpä (fi)		2025-09-02 [15:59-16:00]	Salo	Varsinais-Suomi (V)	Suomi	60.476028	23.077464	Sure	NEUTRAL	The Atlas of Finnish Fungi
lampaankääpä (fi) — Albatrellus ovinus	lampaankääpä (fi)		2025-08-31	Jokioinen	Etelä-Häme (EH)	Suomi	60.79963	23.49491		COMMUNITY_VERIFIED	iNaturalist Suomi Finland
lampaankääpä (fi) — Albatrellus ovinus	lampaankääpä (fi)		2025-08-31	Turku	Varsinais-Suomi (V)	Suomi	60.43674	22.35269		NEUTRAL	iNaturalist Suomi Finland
lampaankääpä (fi) — Albatrellus ovinus	lampaankääpä (fi)		2025-08-31	Turku	Varsinais-Suomi (V)	Suomi	60.51864	22.35578		NEUTRAL	iNaturalist Suomi Finland
lampaankääpä (fi) — Albatrellus ovinus	lampaankääpä (fi)		2025-08-29	Tammela	Etelä-Häme (EH)	Suomi	60.87135	23.7503		NEUTRAL	iNaturalist Suomi Finland
lampaankääpä (fi) — Albatrellus ovinus	lampaankääpä (fi)		2025-08-28 [13:09-15:34]	Raahe	Keski-Pohjanmaa (KP)	Suomi	64.635825	24.431721	Sure	NEUTRAL	The Atlas of Finnish Fungi
lampaankääpä (fi) — Albatrellus ovinus	lampaankääpä (fi)		2025-08-28	Helsinki	Uusimaa (U)	Suomi	60.23356	25.14548		NEUTRAL	iNaturalist Suomi Finland
lampaankääpä (fi) — Albatrellus ovinus	lampaankääpä (fi)		2025-08-28	Espoo	Uusimaa (U)	Suomi	60.26179	24.64462		COMMUNITY_VERIFIED	iNaturalist Suomi Finland
lampaankääpä (fi) — Albatrellus ovinus	lampaankääpä (fi)		2025-08-25	Kirkkonummi	Uusimaa (U)	Suomi	60.18586	24.54258		NEUTRAL	iNaturalist Suomi Finland
lampaankääpä (fi) — Albatrellus ovinus	lampaankääpä (fi)		2025-08-18	Alajärvi	Keski-Pohjanmaa (KP)	Suomi	63.03174	23.6728		NEUTRAL	iNaturalist Suomi Finland
lampaankääpä (fi) — Albatrellus ovinus	lampaankääpä (fi)		2025-08-16 [11:01]	Tampere	Etelä-Häme (EH)	Suomi	61.464202	23.812666	Sure	NEUTRAL	Notebook, general observations
lampaankääpä (fi) — Albatrellus ovinus	lampaankääpä (fi)		2025-07-23	Espoo	Uusimaa (U)	Suomi	60.34016	24.73869		NEUTRAL	iNaturalist Suomi Finland
lampaankääpä (fi) — Albatrellus ovinus	lampaankääpä (fi)		2025-06-06	Lohja	Varsinais-Suomi (V)	Suomi	60.25324	24.0666		NEUTRAL	iNaturalist Suomi Finland
lampaankääpä (fi) — Albatrellus ovinus	lampaankääpä (fi)		2024-11-30	Rautalampi	Pohjois-Häme (PH)	Suomi	62.56838	26.80158		COMMUNITY_VERIFIED	iNaturalist Suomi Finland
lampaankääpä (fi) — Albatrellus ovinus	lampaankääpä (fi)		2024-11-10	Ruokolahti	Etelä-Savo (ES)	Suomi	61.282411	28.864693	Sure	NEUTRAL	Notebook, general observations
lampaankääpä (fi) — Albatrellus ovinus	lampaankääpä (fi)		2024-10-13	Tammela	Etelä-Häme (EH)	Suomi	60.69339	23.86068		NEUTRAL	iNaturalist Suomi Finland
lampaankääpä (fi) — Albatrellus ovinus	lampaankääpä (fi)		2024-10-12	Jyväskylä	Pohjois-Häme (PH)	Suomi	62.245518	25.629964	Sure	NEUTRAL	Notebook, general observations
lampaankääpä (fi) — Albatrellus ovinus	lampaankääpä (fi)		2024-10-05	Kärkölä	Etelä-Häme (EH)	Suomi	60.92862	25.24647		NEUTRAL	iNaturalist Suomi Finland
lampaankääpä (fi) — Albatrellus ovinus	lampaankääpä (fi)	2	2024-10-05	Jyväskylä	Pohjois-Häme (PH)	Suomi	62.284104	25.839664	Sure	NEUTRAL	Notebook, general observations
lampaankääpä (fi) — Albatrellus ovinus	lampaankääpä (fi)		2024-10-03	Parainen	Varsinais-Suomi (V)	Suomi	60.201	22.27102		NEUTRAL	iNaturalist Suomi Finland
lampaankääpä (fi) — Albatrellus ovinus	lampaankääpä (fi)		2024-10-03	Haapajärvi	Keski-Pohjanmaa (KP)	Suomi	63.75283	25.3047		NEUTRAL	iNaturalist Suomi Finland
lampaankääpä (fi) — Albatrellus ovinus	lampaankääpä (fi)	X	2024-09-30 [15:53-17:54]	Espoo	Uusimaa (U)	Suomi	60.286175	24.587261	Sure	NEUTRAL	Noteworthy macrofungi - complete lists
lampaankääpä (fi) — Albatrellus ovinus	lampaankääpä (fi)	3	2024-09-30	Kontiolahti	Pohjois-Karjala (PK)	Suomi	62.856752	29.973467	Sure	NEUTRAL	Notebook, general observations
lampaankääpä (fi) — Albatrellus ovinus	lampaankääpä (fi)	12	2024-09-22	Iisalmi	Pohjois-Savo (PS)	Suomi	63.584388	27.228454	Sure	NEUTRAL	The Atlas of Finnish Fungi
lampaankääpä (fi) — Albatrellus ovinus	lampaankääpä (fi)	X	2024-09-22 [12:53-14:14]	Raasepori	Varsinais-Suomi (V)	Suomi	60.041902	23.708689	Sure	NEUTRAL	Noteworthy macrofungi - complete lists
lampaankääpä (fi) — Albatrellus ovinus	lampaankääpä (fi)	3	2024-09-21	Rovaniemi	Perä-Pohjanmaa (PeP)	Suomi	66.498145	25.809542	Sure	NEUTRAL	The Atlas of Finnish Fungi
lampaankääpä (fi) — Albatrellus ovinus	lampaankääpä (fi)		2024-09-21	Kuhmoinen	Etelä-Häme (EH)	Suomi	61.698954	25.004282	Sure	NEUTRAL	Notebook, general observations
lampaankääpä (fi) — Albatrellus ovinus	lampaankääpä (fi)		2024-09-19	Turku	Varsinais-Suomi (V)	Suomi	60.42108	22.33308		NEUTRAL	iNaturalist Suomi Finland
lampaankääpä (fi) — Albatrellus ovinus	lampaankääpä (fi)		2024-09-18	Muurame	Etelä-Häme (EH)	Suomi	62.217975	25.557922	Sure	NEUTRAL	Notebook, general observations
lampaankääpä (fi) — Albatrellus ovinus	lampaankääpä (fi)		2024-09-16	Orimattila	Uusimaa (U)	Suomi	60.85914	25.66973		NEUTRAL	iNaturalist Suomi Finland
lampaankääpä (fi) — Albatrellus ovinus	lampaankääpä (fi)		2024-09-15	Porvoo	Uusimaa (U)	Suomi	60.46407	25.77343		NEUTRAL	iNaturalist Suomi Finland
lampaankääpä (fi) — Albatrellus ovinus	lampaankääpä (fi)		2024-09-14	Isokyrö, Laihia, Mustasaari, Vaasa, Vöyri	Etelä-Pohjanmaa (EP)	Suomi	63.1	22.1		NEUTRAL	iNaturalist Suomi Finland
lampaankääpä (fi) — Albatrellus ovinus	lampaankääpä (fi)	X	2024-09-14 [8:04-9:22]	Raasepori	Varsinais-Suomi (V)	Suomi	60.041719	23.708709	Sure	NEUTRAL	Noteworthy macrofungi - complete lists
lampaankääpä (fi) — Albatrellus ovinus	lampaankääpä (fi)	X	2024-09-13 [9:52-13:34]	Helsinki, Sipoo, Vantaa	Uusimaa (U)	Suomi	60.288705	25.191159	Sure	NEUTRAL	Noteworthy macrofungi - complete lists
lampaankääpä (fi) — Albatrellus ovinus	lampaankääpä (fi)		2024-09-12	Lappeenranta	Etelä-Savo (ES)	Suomi	61.041787	28.091519	Sure	NEUTRAL	Notebook, general observations
lampaankääpä (fi) — Albatrellus ovinus	lampaankääpä (fi)		2024-09-12	Riihimäki	Etelä-Häme (EH)	Suomi	60.75769	24.82297		NEUTRAL	iNaturalist Suomi Finland
lampaankääpä (fi) — Albatrellus ovinus	lampaankääpä (fi)		2024-09-11	Tampere	Etelä-Häme (EH)	Suomi	61.67128	23.75658		NEUTRAL	iNaturalist Suomi Finland
lampaankääpä (fi) — Albatrellus ovinus	lampaankääpä (fi)		2024-09-09	Mikkeli	Etelä-Savo (ES)	Suomi	61.6987	27.24886		NEUTRAL	iNaturalist Suomi Finland
lampaankääpä (fi) — Albatrellus ovinus	lampaankääpä (fi)		2024-09-09	Mikkeli	Etelä-Savo (ES)	Suomi	61.70319	27.25046		NEUTRAL	iNaturalist Suomi Finland
lampaankääpä (fi) — Albatrellus ovinus	lampaankääpä (fi)		2024-09-09	Riihimäki	Etelä-Häme (EH)	Suomi	60.757165	24.818007	Sure	NEUTRAL	The Atlas of Finnish Fungi
lampaankääpä (fi) — Albatrellus ovinus	lampaankääpä (fi)		2024-09-08	Vihti	Varsinais-Suomi (V)	Suomi	60.542388	24.552304	Sure	NEUTRAL	The Atlas of Finnish Fungi
lampaankääpä (fi) — Albatrellus ovinus	lampaankääpä (fi)		2024-09-07	Kitee	Pohjois-Karjala (PK)	Suomi	62.155452	29.989757	Sure	NEUTRAL	The Atlas of Finnish Fungi
lampaankääpä (fi) — Albatrellus ovinus	lampaankääpä (fi)		2024-09-07	Kaustinen	Keski-Pohjanmaa (KP)	Suomi	63.61836	23.51638		NEUTRAL	iNaturalist Suomi Finland
lampaankääpä (fi) — Albatrellus ovinus	lampaankääpä (fi)		2024-09-07	Parainen	Varsinais-Suomi (V)	Suomi	60.19459	21.97226		NEUTRAL	iNaturalist Suomi Finland
lampaankääpä (fi) — Albatrellus ovinus	lampaankääpä (fi)		2024-09-07	Raasepori	Varsinais-Suomi (V)	Suomi	59.94727	23.06596		NEUTRAL	iNaturalist Suomi Finland
lampaankääpä (fi) — Albatrellus ovinus	lampaankääpä (fi)		2024-09-07	Tervola	Perä-Pohjanmaa (PeP)	Suomi	66.04172	24.74736		COMMUNITY_VERIFIED	iNaturalist Suomi Finland
lampaankääpä (fi) — Albatrellus ovinus	lampaankääpä (fi)		2024-09-07	Pöytyä	Varsinais-Suomi (V)	Suomi	60.73467	22.42393		COMMUNITY_VERIFIED	iNaturalist Suomi Finland
lampaankääpä (fi) — Albatrellus ovinus	lampaankääpä (fi)		2024-09-06	Pöytyä	Satakunta (St)	Suomi	60.74981	22.38811		NEUTRAL	iNaturalist Suomi Finland
lampaankääpä (fi) — Albatrellus ovinus	lampaankääpä (fi)		2024-09-04	Kuopio	Pohjois-Savo (PS)	Suomi	62.89334	27.67856		NEUTRAL	iNaturalist Suomi Finland
lampaankääpä (fi) — Albatrellus ovinus	lampaankääpä (fi)		2024-09-04	Tuusula	Uusimaa (U)	Suomi	60.49307	25.04666		NEUTRAL	iNaturalist Suomi Finland
lampaankääpä (fi) — Albatrellus ovinus	lampaankääpä (fi)		2024-09-04	Tuusula	Uusimaa (U)	Suomi	60.49493	25.04266		NEUTRAL	iNaturalist Suomi Finland
lampaankääpä (fi) — Albatrellus ovinus	lampaankääpä (fi)		2024-09-04	Lieto	Varsinais-Suomi (V)	Suomi	60.52186	22.48062		NEUTRAL	iNaturalist Suomi Finland
lampaankääpä (fi) — Albatrellus ovinus	lampaankääpä (fi)		2024-09-03	Lappeenranta	Etelä-Savo (ES)	Suomi	61.09519	28.44465		NEUTRAL	iNaturalist Suomi Finland
lampaankääpä (fi) — Albatrellus ovinus	lampaankääpä (fi)		2024-09-02	Loppi	Etelä-Häme (EH)	Suomi	60.66412	24.325606	Sure	NEUTRAL	The Atlas of Finnish Fungi
lampaankääpä (fi) — Albatrellus ovinus	lampaankääpä (fi)		2024-09-01	Järvenpää	Uusimaa (U)	Suomi	60.47864	25.15117		COMMUNITY_VERIFIED	iNaturalist Suomi Finland
lampaankääpä (fi) — Albatrellus ovinus	lampaankääpä (fi)	Paljon havaintoalueella	2024-09-01	Espoo	Uusimaa (U)	Suomi	60.321374	24.696403	Sure	NEUTRAL	The Atlas of Finnish Fungi
lampaankääpä (fi) — Albatrellus ovinus	lampaankääpä (fi)		2024-09-01	Järvenpää	Uusimaa (U)	Suomi	60.47937	25.10736		NEUTRAL	iNaturalist Suomi Finland
lampaankääpä (fi) — Albatrellus ovinus	lampaankääpä (fi)		2024-09-01	Vaasa	Etelä-Pohjanmaa (EP)	Suomi	63.08571	21.77123		NEUTRAL	iNaturalist Suomi Finland
lampaankääpä (fi) — Albatrellus ovinus	lampaankääpä (fi)		2024-09-01	Turku	Varsinais-Suomi (V)	Suomi	60.4212	22.33331		NEUTRAL	iNaturalist Suomi Finland
lampaankääpä (fi) — Albatrellus ovinus	lampaankääpä (fi)		2024-09-01	Raisio	Varsinais-Suomi (V)	Suomi	60.45874	22.0903		COMMUNITY_VERIFIED	iNaturalist Suomi Finland
lampaankääpä (fi) — Albatrellus ovinus	lampaankääpä (fi)		2024-09-01	Vihti	Varsinais-Suomi (V)	Suomi	60.340385	24.607782	Sure	NEUTRAL	The Atlas of Finnish Fungi
lampaankääpä (fi) — Albatrellus ovinus	lampaankääpä (fi)		2024-08-31	Helsinki	Uusimaa (U)	Suomi	60.26885	24.928		NEUTRAL	iNaturalist Suomi Finland
lampaankääpä (fi) — Albatrellus ovinus	lampaankääpä (fi)		2024-08-31	Sastamala	Satakunta (St)	Suomi	61.35273	23.10874		NEUTRAL	iNaturalist Suomi Finland
lampaankääpä (fi) — Albatrellus ovinus	lampaankääpä (fi)	Noin 10	2024-08-31	Rovaniemi	Perä-Pohjanmaa (PeP)	Suomi	66.491168	25.807785	Sure	NEUTRAL	The Atlas of Finnish Fungi
lampaankääpä (fi) — Albatrellus ovinus	lampaankääpä (fi)	10	2024-08-29	Vaasa	Etelä-Pohjanmaa (EP)	Suomi	63.066894	21.735372	Sure	NEUTRAL	The Atlas of Finnish Fungi
lampaankääpä (fi) — Albatrellus ovinus	lampaankääpä (fi)		2024-08-29	Espoo	Uusimaa (U)	Suomi	60.29764	24.61474		NEUTRAL	iNaturalist Suomi Finland
lampaankääpä (fi) — Albatrellus ovinus	lampaankääpä (fi)		2024-08-29	Espoo	Uusimaa (U)	Suomi	60.29723	24.61339		NEUTRAL	iNaturalist Suomi Finland
lampaankääpä (fi) — Albatrellus ovinus	lampaankääpä (fi)		2024-08-29	Espoo	Uusimaa (U)	Suomi	60.29759	24.61885		NEUTRAL	iNaturalist Suomi Finland
lampaankääpä (fi) — Albatrellus ovinus	lampaankääpä (fi)		2024-08-29 [17:37]	Espoo	Uusimaa (U)	Suomi	60.183813	24.730491	Sure	NEUTRAL	Notebook, general observations
lampaankääpä (fi) — Albatrellus ovinus	lampaankääpä (fi)		2024-08-28	Lieksa	Pohjois-Karjala (PK)	Suomi	63.07761	29.84386		NEUTRAL	iNaturalist Suomi Finland
lampaankääpä (fi) — Albatrellus ovinus	lampaankääpä (fi)		2024-08-28	Turku	Varsinais-Suomi (V)	Suomi	60.54973	22.33489		NEUTRAL	iNaturalist Suomi Finland
lampaankääpä (fi) — Albatrellus ovinus	lampaankääpä (fi)		2024-08-28	Espoo	Uusimaa (U)	Suomi	60.26384	24.63832		NEUTRAL	iNaturalist Suomi Finland
lampaankääpä (fi) — Albatrellus ovinus	lampaankääpä (fi)		2024-08-27 [18:21-18:29]	Salo	Varsinais-Suomi (V)	Suomi	60.334258	23.216266	Sure	NEUTRAL	The Atlas of Finnish Fungi
lampaankääpä (fi) — Albatrellus ovinus	lampaankääpä (fi)		2024-08-26	Hyvinkää	Uusimaa (U)	Suomi	60.597643	24.78983	Sure	NEUTRAL	The Atlas of Finnish Fungi
lampaankääpä (fi) — Albatrellus ovinus	lampaankääpä (fi)		2024-08-25	Vaasa	Etelä-Pohjanmaa (EP)	Suomi	63.086008	21.778578	Sure	NEUTRAL	The Atlas of Finnish Fungi
lampaankääpä (fi) — Albatrellus ovinus	lampaankääpä (fi)		2024-08-25	Vaasa	Etelä-Pohjanmaa (EP)	Suomi	63.087431	21.778778	Sure	NEUTRAL	The Atlas of Finnish Fungi
lampaankääpä (fi) — Albatrellus ovinus	lampaankääpä (fi)		2024-08-25	Hausjärvi	Etelä-Häme (EH)	Suomi	60.78647	25.02709		NEUTRAL	iNaturalist Suomi Finland
lampaankääpä (fi) — Albatrellus ovinus	lampaankääpä (fi)		2024-08-24	Vantaa	Uusimaa (U)	Suomi	60.29322	25.03777		NEUTRAL	iNaturalist Suomi Finland
lampaankääpä (fi) — Albatrellus ovinus	lampaankääpä (fi)		2024-08-23	Vaasa	Etelä-Pohjanmaa (EP)	Suomi	63.039044	21.599497	Sure	NEUTRAL	The Atlas of Finnish Fungi
lampaankääpä (fi) — Albatrellus ovinus	lampaankääpä (fi)		2024-08-23	Vaasa	Etelä-Pohjanmaa (EP)	Suomi	63.039156	21.595611	Sure	NEUTRAL	The Atlas of Finnish Fungi
lampaankääpä (fi) — Albatrellus ovinus	lampaankääpä (fi)		2024-08-23	Vaasa	Etelä-Pohjanmaa (EP)	Suomi	63.041631	21.588678	Sure	NEUTRAL	The Atlas of Finnish Fungi
lampaankääpä (fi) — Albatrellus ovinus	lampaankääpä (fi)		2024-08-22	Kirkkonummi	Uusimaa (U)	Suomi	60.17386	24.3985		COMMUNITY_VERIFIED	iNaturalist Suomi Finland
lampaankääpä (fi) — Albatrellus ovinus	lampaankääpä (fi)	X	2024-08-22 [18:29-20:31]	Raasepori	Varsinais-Suomi (V)	Suomi	60.041482	23.709086	Sure	NEUTRAL	Noteworthy macrofungi - complete lists
lampaankääpä (fi) — Albatrellus ovinus	lampaankääpä (fi)		2024-08-21	Vaasa	Etelä-Pohjanmaa (EP)	Suomi	63.040839	21.596769	Sure	NEUTRAL	The Atlas of Finnish Fungi
lampaankääpä (fi) — Albatrellus ovinus	lampaankääpä (fi)		2024-08-21	Sastamala	Satakunta (St)	Suomi	61.24738	22.81081		NEUTRAL	iNaturalist Suomi Finland
lampaankääpä (fi) — Albatrellus ovinus	lampaankääpä (fi)		2024-08-21	Loimaa	Satakunta (St)	Suomi	60.84695	23.04739		NEUTRAL	iNaturalist Suomi Finland
lampaankääpä (fi) — Albatrellus ovinus	lampaankääpä (fi)		2024-08-20	Porvoo	Uusimaa (U)	Suomi	60.27589	25.796343	Sure	NEUTRAL	The Atlas of Finnish Fungi
lampaankääpä (fi) — Albatrellus ovinus	lampaankääpä (fi)		2024-08-19	Pori	Satakunta (St)	Suomi	61.65022	21.90723		COMMUNITY_VERIFIED	iNaturalist Suomi Finland
lampaankääpä (fi) — Albatrellus ovinus	lampaankääpä (fi)		2024-08-18	Kuhmoinen	Etelä-Häme (EH)	Suomi	61.64936	25.00552		NEUTRAL	iNaturalist Suomi Finland
lampaankääpä (fi) — Albatrellus ovinus	lampaankääpä (fi)		2024-08-17	Ruovesi	Etelä-Häme (EH)	Suomi	61.84961	24.28375		COMMUNITY_VERIFIED	iNaturalist Suomi Finland
lampaankääpä (fi) — Albatrellus ovinus	lampaankääpä (fi)		2024-08-17	Lieto	Varsinais-Suomi (V)	Suomi	60.53128	22.37871		NEUTRAL	iNaturalist Suomi Finland
lampaankääpä (fi) — Albatrellus ovinus	lampaankääpä (fi)		2024-08-16	Laitila	Varsinais-Suomi (V)	Suomi	60.87596	21.72892		NEUTRAL	iNaturalist Suomi Finland
lampaankääpä (fi) — Albatrellus ovinus	lampaankääpä (fi)	X	2024-08-15 [13:59-19:25]	Tornio, Ylitornio	Perä-Pohjanmaa (PeP)	Suomi	66.168524	24.002248	Sure	NEUTRAL	Noteworthy macrofungi - complete lists
lampaankääpä (fi) — Albatrellus ovinus	lampaankääpä (fi)		2024-08-03	Vesilahti	Etelä-Häme (EH)	Suomi	61.3112	23.395631	Sure	NEUTRAL	The Atlas of Finnish Fungi
lampaankääpä (fi) — Albatrellus ovinus	lampaankääpä (fi)		2024-07-31	Porvoo	Uusimaa (U)	Suomi	60.274763	25.79551	Sure	NEUTRAL	The Atlas of Finnish Fungi
lampaankääpä (fi) — Albatrellus ovinus	lampaankääpä (fi)		2024-07-29	Rovaniemi	Perä-Pohjanmaa (PeP)	Suomi	66.5834	25.67449	Sure	NEUTRAL	The Atlas of Finnish Fungi
lampaankääpä (fi) — Albatrellus ovinus	lampaankääpä (fi)		2024-07-14	Koski Tl	Varsinais-Suomi (V)	Suomi	60.74782	23.16861		NEUTRAL	iNaturalist Suomi Finland
lampaankääpä (fi) — Albatrellus ovinus	lampaankääpä (fi)		2024-07-13	Sipoo	Uusimaa (U)	Suomi	60.28608	25.198497	Sure	NEUTRAL	The Atlas of Finnish Fungi
lampaankääpä (fi) — Albatrellus ovinus	lampaankääpä (fi)	1	2024-06-01	Mustasaari	Etelä-Pohjanmaa (EP)	Suomi	63.35612	21.256499	Sure	NEUTRAL	The Atlas of Finnish Fungi
lampaankääpä (fi) — Albatrellus ovinus	lampaankääpä (fi)		2023-11-04	Helsinki	Uusimaa (U)	Suomi	60.260354	25.17138		NEUTRAL	Nature surveys Manninen
lampaankääpä (fi) — Albatrellus ovinus	lampaankääpä (fi)		2023-10-29	Helsinki	Uusimaa (U)	Suomi	60.267227	25.22178		NEUTRAL	Nature surveys Manninen
lampaankääpä (fi) — Albatrellus ovinus	lampaankääpä (fi)		2023-10-27	Helsinki	Uusimaa (U)	Suomi	60.27948	25.243631		NEUTRAL	Nature surveys Manninen
lampaankääpä (fi) — Albatrellus ovinus	lampaankääpä (fi)		2023-10-25	Helsinki	Uusimaa (U)	Suomi	60.25004	24.860495		NEUTRAL	Nature surveys Manninen
lampaankääpä (fi) — Albatrellus ovinus	lampaankääpä (fi)		2023-10-24	Helsinki	Uusimaa (U)	Suomi	60.29286	25.231261		NEUTRAL	Nature surveys Manninen
lampaankääpä (fi) — Albatrellus ovinus	lampaankääpä (fi)		2023-10-22	Helsinki	Uusimaa (U)	Suomi	60.258396	25.174001		NEUTRAL	Nature surveys Manninen
lampaankääpä (fi) — Albatrellus ovinus	lampaankääpä (fi)		2023-10-21 [10:45-15:30]	Paltamo	Kainuu (Kn)	Suomi	64.424684	27.995147	Sure	NEUTRAL	The Atlas of Finnish Fungi
lampaankääpä (fi) — Albatrellus ovinus	lampaankääpä (fi)		2023-10-20	Helsinki	Uusimaa (U)	Suomi	60.273624	25.188125		NEUTRAL	Nature surveys Manninen
lampaankääpä (fi) — Albatrellus ovinus	lampaankääpä (fi)		2023-10-19	Helsinki	Uusimaa (U)	Suomi	60.263132	25.221857		NEUTRAL	Nature surveys Manninen
lampaankääpä (fi) — Albatrellus ovinus	lampaankääpä (fi)		2023-10-17	Helsinki	Uusimaa (U)	Suomi	60.264996	24.906778		NEUTRAL	Nature surveys Manninen
lampaankääpä (fi) — Albatrellus ovinus	lampaankääpä (fi)		2023-10-16	Jyväskylä	Pohjois-Häme (PH)	Suomi	62.2426	25.74726		NEUTRAL	iNaturalist Suomi Finland
lampaankääpä (fi) — Albatrellus ovinus	lampaankääpä (fi)		2023-10-15	Helsinki	Uusimaa (U)	Suomi	60.192268	25.093474	Sure	NEUTRAL	Species Observations from Helsinki Nature Surveys
lampaankääpä (fi) — Albatrellus ovinus	lampaankääpä (fi)		2023-10-15 [10:16-15:42]	Hyrynsalmi	Kainuu (Kn)	Suomi	64.582357	29.272812	Sure	NEUTRAL	The Atlas of Finnish Fungi
lampaankääpä (fi) — Albatrellus ovinus	lampaankääpä (fi)		2023-10-15	Sastamala	Satakunta (St)	Suomi	61.447881	22.932479	Sure	NEUTRAL	The Atlas of Finnish Fungi
lampaankääpä (fi) — Albatrellus ovinus	lampaankääpä (fi)		2023-10-13	Hartola, Joutsa, Mäntyharju	Etelä-Häme (EH), Etelä-Savo (ES)	Suomi	61.7	26.3		NEUTRAL	iNaturalist Suomi Finland
lampaankääpä (fi) — Albatrellus ovinus	lampaankääpä (fi)		2023-10-13	Hollola, Lahti, Orimattila	Etelä-Häme (EH), Uusimaa (U)	Suomi	60.9	25.7		COMMUNITY_VERIFIED	iNaturalist Suomi Finland
lampaankääpä (fi) — Albatrellus ovinus	lampaankääpä (fi)		2023-10-13	Tuusula	Uusimaa (U)	Suomi	60.384949	25.051702		NEUTRAL	Notebook, general observations
lampaankääpä (fi) — Albatrellus ovinus	lampaankääpä (fi)		2023-10-13	Tuusula	Uusimaa (U)	Suomi	60.384067	25.049704		NEUTRAL	Notebook, general observations
lampaankääpä (fi) — Albatrellus ovinus	lampaankääpä (fi)		2023-10-12	Tuusula	Uusimaa (U)	Suomi	60.387782	25.043385		NEUTRAL	Notebook, general observations
lampaankääpä (fi) — Albatrellus ovinus	lampaankääpä (fi)		2023-10-12	Tuusula	Uusimaa (U)	Suomi	60.388538	25.044102		NEUTRAL	Notebook, general observations
lampaankääpä (fi) — Albatrellus ovinus	lampaankääpä (fi)		2023-10-12	Tuusula	Uusimaa (U)	Suomi	60.387033	25.048638		NEUTRAL	Notebook, general observations
lampaankääpä (fi) — Albatrellus ovinus	lampaankääpä (fi)		2023-10-10	Tuusula	Uusimaa (U)	Suomi	60.385144	25.052725		NEUTRAL	Notebook, general observations
lampaankääpä (fi) — Albatrellus ovinus	lampaankääpä (fi)		2023-10-09	Helsinki	Uusimaa (U)	Suomi	60.183963	24.884329		NEUTRAL	Nature surveys Manninen
lampaankääpä (fi) — Albatrellus ovinus	lampaankääpä (fi)	1	2023-10-09	Sotkamo	Kainuu (Kn)	Suomi	64.098155	28.24814		NEUTRAL	LajiGIS: Species mapping and surveys
lampaankääpä (fi) — Albatrellus ovinus	lampaankääpä (fi)		2023-10-08 [15:20-16:49]	Tampere	Etelä-Häme (EH)	Suomi	61.46269	23.824557	Sure	NEUTRAL	The Atlas of Finnish Fungi
lampaankääpä (fi) — Albatrellus ovinus	lampaankääpä (fi)		2023-10-08	Rääkkylä	Pohjois-Karjala (PK)	Suomi	62.313316	29.503582	Sure	NEUTRAL	Notebook, general observations
lampaankääpä (fi) — Albatrellus ovinus	lampaankääpä (fi)		2023-10-08	Rääkkylä	Pohjois-Karjala (PK)	Suomi	62.316181	29.501807	Sure	NEUTRAL	Notebook, general observations
lampaankääpä (fi) — Albatrellus ovinus	lampaankääpä (fi)		2023-10-08	Helsinki	Uusimaa (U)	Suomi	60.220452	24.950296		NEUTRAL	Nature surveys Manninen
lampaankääpä (fi) — Albatrellus ovinus	lampaankääpä (fi)	1	2023-10-08	Paltamo	Kainuu (Kn)	Suomi	64.469598	27.60704		NEUTRAL	LajiGIS: Species mapping and surveys
lampaankääpä (fi) — Albatrellus ovinus	lampaankääpä (fi)	1	2023-10-08	Paltamo	Kainuu (Kn)	Suomi	64.466403	27.594016		NEUTRAL	LajiGIS: Species mapping and surveys
lampaankääpä (fi) — Albatrellus ovinus	lampaankääpä (fi)	1	2023-10-08	Paltamo	Kainuu (Kn)	Suomi	64.458778	27.595409		NEUTRAL	LajiGIS: Species mapping and surveys
lampaankääpä (fi) — Albatrellus ovinus	lampaankääpä (fi)	X	2023-10-08 [13:28-15:33]	Vantaa	Uusimaa (U)	Suomi	60.305284	25.1497	Sure	NEUTRAL	Noteworthy macrofungi - complete lists
lampaankääpä (fi) — Albatrellus ovinus	lampaankääpä (fi)		2023-10-07 [10:21-18:54]	Suomussalmi	Kainuu (Kn)	Suomi	64.789761	29.054816	Sure	NEUTRAL	The Atlas of Finnish Fungi
lampaankääpä (fi) — Albatrellus ovinus	lampaankääpä (fi)		2023-10-06	Helsinki	Uusimaa (U)	Suomi	60.265021	24.90665		NEUTRAL	Nature surveys Manninen
lampaankääpä (fi) — Albatrellus ovinus	lampaankääpä (fi)	1	2023-10-06	Paltamo	Kainuu (Kn)	Suomi	64.445783	27.575514		NEUTRAL	LajiGIS: Species mapping and surveys
lampaankääpä (fi) — Albatrellus ovinus	lampaankääpä (fi)		2023-10-04	Puolanka	Kainuu (Kn)	Suomi	64.756033	27.800415		NEUTRAL	LajiGIS: Species mapping and surveys
lampaankääpä (fi) — Albatrellus ovinus	lampaankääpä (fi)	1	2023-10-04	Paltamo	Kainuu (Kn)	Suomi	64.464875	27.587703		NEUTRAL	LajiGIS: Species mapping and surveys
lampaankääpä (fi) — Albatrellus ovinus	lampaankääpä (fi)		2023-10-03	Jyväskylä	Pohjois-Häme (PH)	Suomi	62.20935	25.89895		NEUTRAL	iNaturalist Suomi Finland
lampaankääpä (fi) — Albatrellus ovinus	lampaankääpä (fi)	1	2023-10-03	Paltamo	Kainuu (Kn)	Suomi	64.450719	27.544591		NEUTRAL	LajiGIS: Species mapping and surveys
lampaankääpä (fi) — Albatrellus ovinus	lampaankääpä (fi)		2023-10-02	Hämeenlinna	Etelä-Häme (EH)	Suomi	61.23006	25.18781		NEUTRAL	iNaturalist Suomi Finland
lampaankääpä (fi) — Albatrellus ovinus	lampaankääpä (fi)		2023-10-02	Paltamo	Kainuu (Kn)	Suomi	64.452954	27.565876		NEUTRAL	LajiGIS: Species mapping and surveys
lampaankääpä (fi) — Albatrellus ovinus	lampaankääpä (fi)		2023-10-01 [12:13-13:51]	Kangasala, Tampere	Etelä-Häme (EH)	Suomi	61.497546	23.897924	Sure	NEUTRAL	The Atlas of Finnish Fungi
lampaankääpä (fi) — Albatrellus ovinus	lampaankääpä (fi)		2023-10-01	Janakkala	Etelä-Häme (EH)	Suomi	60.95051	24.61958		NEUTRAL	iNaturalist Suomi Finland
lampaankääpä (fi) — Albatrellus ovinus	lampaankääpä (fi)		2023-10-01	Pori	Satakunta (St)	Suomi	61.58684	21.79904		COMMUNITY_VERIFIED	iNaturalist Suomi Finland
lampaankääpä (fi) — Albatrellus ovinus	lampaankääpä (fi)		2023-10-01	Espoo	Uusimaa (U)	Suomi	60.31446	24.58524		NEUTRAL	iNaturalist Suomi Finland
lampaankääpä (fi) — Albatrellus ovinus	lampaankääpä (fi)	X	2023-10-01 [10:18-11:51]	Raasepori	Varsinais-Suomi (V)	Suomi	60.038236	23.72329	Sure	NEUTRAL	Noteworthy macrofungi - complete lists
lampaankääpä (fi) — Albatrellus ovinus	lampaankääpä (fi)		2023-09-30	Inkoo, Lohja, Raasepori, Salo	Uusimaa (U), Varsinais-Suomi (V)	Suomi	60.1	23.7		NEUTRAL	iNaturalist Suomi Finland
lampaankääpä (fi) — Albatrellus ovinus	lampaankääpä (fi)		2023-09-30	Hollola	Etelä-Häme (EH)	Suomi	61.00716	25.516		COMMUNITY_VERIFIED	iNaturalist Suomi Finland
lampaankääpä (fi) — Albatrellus ovinus	lampaankääpä (fi)	33	2023-09-28 [9:40]	Hamina	Etelä-Karjala (EK)	Suomi	60.636145	27.267522	Sure	NEUTRAL	Notebook, general observations
lampaankääpä (fi) — Albatrellus ovinus	lampaankääpä (fi)	X	2023-09-28 [17:59-18:40]	Inkoo, Raasepori	Uusimaa (U), Varsinais-Suomi (V)	Suomi	60.055086	23.675094	Sure	NEUTRAL	Noteworthy macrofungi - complete lists
lampaankääpä (fi) — Albatrellus ovinus	lampaankääpä (fi)		2023-09-27	Hämeenlinna	Etelä-Häme (EH)	Suomi	61.24404	25.058		NEUTRAL	Aphyllophorales Fennoscandiae orientalis
lampaankääpä (fi) — Albatrellus ovinus	lampaankääpä (fi)	1	2023-09-27	Puolanka	Kainuu (Kn)	Suomi	64.794958	27.817311		NEUTRAL	LajiGIS: Species mapping and surveys
lampaankääpä (fi) — Albatrellus ovinus	lampaankääpä (fi)	X	2023-09-27 [9:46-11:31]	Espoo, Vihti	Uusimaa (U), Varsinais-Suomi (V)	Suomi	60.32343	24.525371	Sure	NEUTRAL	Noteworthy macrofungi - complete lists
lampaankääpä (fi) — Albatrellus ovinus	lampaankääpä (fi)	6	2023-09-26	Kemijärvi	Perä-Pohjanmaa (PeP)	Suomi	66.924928	27.260207	Sure	NEUTRAL	The Atlas of Finnish Fungi
lampaankääpä (fi) — Albatrellus ovinus	lampaankääpä (fi)		2023-09-26	Helsinki	Uusimaa (U)	Suomi	60.267478	24.924139		NEUTRAL	Nature surveys Manninen
lampaankääpä (fi) — Albatrellus ovinus	lampaankääpä (fi)	1	2023-09-26	Puolanka	Kainuu (Kn)	Suomi	64.812174	27.832595		NEUTRAL	LajiGIS: Species mapping and surveys
lampaankääpä (fi) — Albatrellus ovinus	lampaankääpä (fi)	1	2023-09-26	Puolanka	Kainuu (Kn)	Suomi	64.811988	27.832232		NEUTRAL	LajiGIS: Species mapping and surveys
lampaankääpä (fi) — Albatrellus ovinus	lampaankääpä (fi)	4	2023-09-25	Loppi	Etelä-Häme (EH)	Suomi	60.698784	24.34165	Sure	NEUTRAL	The Atlas of Finnish Fungi
lampaankääpä (fi) — Albatrellus ovinus	lampaankääpä (fi)		2023-09-25	Helsinki	Uusimaa (U)	Suomi	60.264924	25.224182		NEUTRAL	Nature surveys Manninen
lampaankääpä (fi) — Albatrellus ovinus	lampaankääpä (fi)		2023-09-24	Helsinki	Uusimaa (U)	Suomi	60.191783	25.095575	Sure	NEUTRAL	Species Observations from Helsinki Nature Surveys
lampaankääpä (fi) — Albatrellus ovinus	lampaankääpä (fi)	X	2023-09-24 [15:32-16:36]	Vihti	Varsinais-Suomi (V)	Suomi	60.4369	24.31486	Sure	NEUTRAL	Noteworthy macrofungi - complete lists
lampaankääpä (fi) — Albatrellus ovinus	lampaankääpä (fi)		2023-09-23	Hämeenlinna, Karkkila, Lohja, Loppi, Tammela	Etelä-Häme (EH), Varsinais-Suomi (V)	Suomi	60.7	24.1		COMMUNITY_VERIFIED	iNaturalist Suomi Finland
lampaankääpä (fi) — Albatrellus ovinus	lampaankääpä (fi)		2023-09-23	Helsinki	Uusimaa (U)	Suomi	60.279486	25.203066	Sure	NEUTRAL	The Atlas of Finnish Fungi
lampaankääpä (fi) — Albatrellus ovinus	lampaankääpä (fi)		2023-09-23 [17:01]	Tampere	Etelä-Häme (EH)	Suomi	61.463647	23.806011	Sure	NEUTRAL	The Atlas of Finnish Fungi
lampaankääpä (fi) — Albatrellus ovinus	lampaankääpä (fi)		2023-09-23	Kangasala	Etelä-Häme (EH)	Suomi	61.45243	24.09339		NEUTRAL	iNaturalist Suomi Finland
lampaankääpä (fi) — Albatrellus ovinus	lampaankääpä (fi)		2023-09-23	Riihimäki	Etelä-Häme (EH)	Suomi	60.75318	24.7612		NEUTRAL	iNaturalist Suomi Finland
lampaankääpä (fi) — Albatrellus ovinus	lampaankääpä (fi)		2023-09-23	Järvenpää	Uusimaa (U)	Suomi	60.47926	25.15092		COMMUNITY_VERIFIED	iNaturalist Suomi Finland
lampaankääpä (fi) — Albatrellus ovinus	lampaankääpä (fi)	1	2023-09-22	Sotkamo	Kainuu (Kn)	Suomi	64.076228	28.233523		NEUTRAL	LajiGIS: Species mapping and surveys
lampaankääpä (fi) — Albatrellus ovinus	lampaankääpä (fi)	1	2023-09-22	Sotkamo	Kainuu (Kn)	Suomi	64.079769	28.235013		NEUTRAL	LajiGIS: Species mapping and surveys
lampaankääpä (fi) — Albatrellus ovinus	lampaankääpä (fi)		2023-09-22	Joensuu	Pohjois-Karjala (PK)	Suomi	62.58171	29.72937		NEUTRAL	iNaturalist Suomi Finland
lampaankääpä (fi) — Albatrellus ovinus	lampaankääpä (fi)		2023-09-22	Joensuu	Pohjois-Karjala (PK)	Suomi	62.58126	29.72969		COMMUNITY_VERIFIED	iNaturalist Suomi Finland
lampaankääpä (fi) — Albatrellus ovinus	lampaankääpä (fi)		2023-09-22	Joensuu	Pohjois-Karjala (PK)	Suomi	62.58188	29.72952		NEUTRAL	iNaturalist Suomi Finland
lampaankääpä (fi) — Albatrellus ovinus	lampaankääpä (fi)		2023-09-22	Kangasala	Etelä-Häme (EH)	Suomi	61.47756	23.93752		NEUTRAL	iNaturalist Suomi Finland
lampaankääpä (fi) — Albatrellus ovinus	lampaankääpä (fi)		2023-09-22	Tuusula	Uusimaa (U)	Suomi	60.431694	25.029534		NEUTRAL	Notebook, general observations
lampaankääpä (fi) — Albatrellus ovinus	lampaankääpä (fi)		2023-09-22	Tuusula	Uusimaa (U)	Suomi	60.424828	25.000301		NEUTRAL	Notebook, general observations
lampaankääpä (fi) — Albatrellus ovinus	lampaankääpä (fi)	X	2023-09-22 [17:45-19:02]	Inkoo, Raasepori	Uusimaa (U), Varsinais-Suomi (V)	Suomi	60.055086	23.675094	Sure	NEUTRAL	Noteworthy macrofungi - complete lists
lampaankääpä (fi) — Albatrellus ovinus	lampaankääpä (fi)		2023-09-21	Tammela	Etelä-Häme (EH)	Suomi	60.79418	23.66598		NEUTRAL	iNaturalist Suomi Finland
lampaankääpä (fi) — Albatrellus ovinus	lampaankääpä (fi)		2023-09-21	Helsinki	Uusimaa (U)	Suomi	60.21589	25.127087		NEUTRAL	Nature surveys Manninen
lampaankääpä (fi) — Albatrellus ovinus	lampaankääpä (fi)		2023-09-21	Helsinki	Uusimaa (U)	Suomi	60.215925	25.127031		NEUTRAL	Nature surveys Manninen
lampaankääpä (fi) — Albatrellus ovinus	lampaankääpä (fi)		2023-09-20	Jyväskylä	Pohjois-Häme (PH)	Suomi	62.24012	25.89438		NEUTRAL	iNaturalist Suomi Finland
lampaankääpä (fi) — Albatrellus ovinus	lampaankääpä (fi)		2023-09-18	Tuusula	Uusimaa (U)	Suomi	60.389835	25.043716		NEUTRAL	Notebook, general observations
lampaankääpä (fi) — Albatrellus ovinus	lampaankääpä (fi)		2023-09-17	Hyvinkää	Uusimaa (U)	Suomi	60.64588	25.07612		NEUTRAL	iNaturalist Suomi Finland
lampaankääpä (fi) — Albatrellus ovinus	lampaankääpä (fi)		2023-09-17	Kaarina	Varsinais-Suomi (V)	Suomi	60.42633	22.52323		COMMUNITY_VERIFIED	iNaturalist Suomi Finland
lampaankääpä (fi) — Albatrellus ovinus	lampaankääpä (fi)		2023-09-17 [19:09-20:25]	Kirkkonummi	Uusimaa (U)	Suomi	60.143467	24.362807	Sure	NEUTRAL	Notebook, general observations
lampaankääpä (fi) — Albatrellus ovinus	lampaankääpä (fi)	<10	2023-09-16	Masku	Varsinais-Suomi (V)	Suomi	60.575804	21.96184	Sure	NEUTRAL	The Atlas of Finnish Fungi
lampaankääpä (fi) — Albatrellus ovinus	lampaankääpä (fi)		2023-09-16	Espoo	Uusimaa (U)	Suomi	60.25129	24.60827		NEUTRAL	iNaturalist Suomi Finland
lampaankääpä (fi) — Albatrellus ovinus	lampaankääpä (fi)		2023-09-16	Porvoo	Uusimaa (U)	Suomi	60.38696	25.72397		NEUTRAL	iNaturalist Suomi Finland
lampaankääpä (fi) — Albatrellus ovinus	lampaankääpä (fi)		2023-09-16	Tampere	Etelä-Häme (EH)	Suomi	61.43145	23.87089		NEUTRAL	iNaturalist Suomi Finland
lampaankääpä (fi) — Albatrellus ovinus	lampaankääpä (fi)		2023-09-15	Mikkeli, Puumala	Etelä-Savo (ES)	Suomi	61.5	27.7		NEUTRAL	iNaturalist Suomi Finland
lampaankääpä (fi) — Albatrellus ovinus	lampaankääpä (fi)		2023-09-15	Rautjärvi	Etelä-Savo (ES)	Suomi	61.38438	29.29448		NEUTRAL	iNaturalist Suomi Finland
lampaankääpä (fi) — Albatrellus ovinus	lampaankääpä (fi)		2023-09-15	Helsinki	Uusimaa (U)	Suomi	60.17149	25.064305		NEUTRAL	Nature surveys Manninen
lampaankääpä (fi) — Albatrellus ovinus	lampaankääpä (fi)		2023-09-14 [20:05]	Tampere	Etelä-Häme (EH)	Suomi	61.469896	23.821433	Sure	NEUTRAL	The Atlas of Finnish Fungi
lampaankääpä (fi) — Albatrellus ovinus	lampaankääpä (fi)	useita	2023-09-13	Laihia	Etelä-Pohjanmaa (EP)	Suomi	62.801438	21.924519	Sure	NEUTRAL	The Atlas of Finnish Fungi
lampaankääpä (fi) — Albatrellus ovinus	lampaankääpä (fi)		2023-09-12 - 2023-09-14	Espoo	Uusimaa (U)	Suomi	60.334937	24.687604	Sure	NEUTRAL	The Atlas of Finnish Fungi
lampaankääpä (fi) — Albatrellus ovinus	lampaankääpä (fi)		2023-09-12 - 2023-09-22	Vihti	Varsinais-Suomi (V)	Suomi	60.54259	24.553966	Sure	NEUTRAL	The Atlas of Finnish Fungi
lampaankääpä (fi) — Albatrellus ovinus	lampaankääpä (fi)	lukuisia	2023-09-12 [18:03]	Jyväskylä	Pohjois-Häme (PH)	Suomi	62.262618	25.692456	Sure	NEUTRAL	The Atlas of Finnish Fungi
lampaankääpä (fi) — Albatrellus ovinus	lampaankääpä (fi)		2023-09-12	Sipoo	Uusimaa (U)	Suomi	60.31005	25.22012		NEUTRAL	iNaturalist Suomi Finland
lampaankääpä (fi) — Albatrellus ovinus	lampaankääpä (fi)	vähän	2023-09-12	Tampere	Etelä-Häme (EH)	Suomi	61.440417	23.840248	Sure	NEUTRAL	Notebook, general observations
lampaankääpä (fi) — Albatrellus ovinus	lampaankääpä (fi)		2023-09-11	Vihti	Varsinais-Suomi (V)	Suomi	60.314272	24.451786	Sure	NEUTRAL	The Atlas of Finnish Fungi
lampaankääpä (fi) — Albatrellus ovinus	lampaankääpä (fi)		2023-09-10	Salo	Varsinais-Suomi (V)	Suomi	60.3	23.1		NEUTRAL	iNaturalist Suomi Finland
lampaankääpä (fi) — Albatrellus ovinus	lampaankääpä (fi)		2023-09-10	Kuhmoinen	Etelä-Häme (EH)	Suomi	61.707329	25.290841	Sure	NEUTRAL	Notebook, general observations
lampaankääpä (fi) — Albatrellus ovinus	lampaankääpä (fi)		2023-09-10	Tampere	Etelä-Häme (EH)	Suomi	61.4452	23.8236		NEUTRAL	iNaturalist Suomi Finland
lampaankääpä (fi) — Albatrellus ovinus	lampaankääpä (fi)		2023-09-10	Helsinki	Uusimaa (U)	Suomi	60.259027	25.175466		NEUTRAL	Nature surveys Manninen
lampaankääpä (fi) — Albatrellus ovinus	lampaankääpä (fi)		2023-09-09	Vaasa	Etelä-Pohjanmaa (EP)	Suomi	63.040472	21.589453	Sure	NEUTRAL	The Atlas of Finnish Fungi
lampaankääpä (fi) — Albatrellus ovinus	lampaankääpä (fi)		2023-09-09	Hämeenlinna	Etelä-Häme (EH)	Suomi	61.2192	24.92152		COMMUNITY_VERIFIED	iNaturalist Suomi Finland
lampaankääpä (fi) — Albatrellus ovinus	lampaankääpä (fi)		2023-09-09 [10:11]	Tampere	Etelä-Häme (EH)	Suomi	61.463309	23.810735	Sure	NEUTRAL	The Atlas of Finnish Fungi
lampaankääpä (fi) — Albatrellus ovinus	lampaankääpä (fi)		2023-09-09 [8:46-11:08]	Tampere	Etelä-Häme (EH)	Suomi	61.462838	23.812103	Sure	NEUTRAL	The Atlas of Finnish Fungi
lampaankääpä (fi) — Albatrellus ovinus	lampaankääpä (fi)		2023-09-09 [8:46-11:08]	Tampere	Etelä-Häme (EH)	Suomi	61.467494	23.816161	Sure	NEUTRAL	The Atlas of Finnish Fungi
lampaankääpä (fi) — Albatrellus ovinus	lampaankääpä (fi)		2023-09-08	Puolanka	Kainuu (Kn)	Suomi	64.757297	27.589952		NEUTRAL	LajiGIS: Species mapping and surveys
lampaankääpä (fi) — Albatrellus ovinus	lampaankääpä (fi)		2023-09-08	Tohmajärvi	Pohjois-Karjala (PK)	Suomi	62.200995	30.289335	Sure	NEUTRAL	The Atlas of Finnish Fungi
lampaankääpä (fi) — Albatrellus ovinus	lampaankääpä (fi)		2023-09-07 - 2023-09-09	Helsinki, Vantaa	Uusimaa (U)	Suomi	60.274847	25.160767	Sure	NEUTRAL	The Atlas of Finnish Fungi
lampaankääpä (fi) — Albatrellus ovinus	lampaankääpä (fi)	1	2023-09-07	Jämijärvi	Satakunta (St)	Suomi	61.780512	22.758855	Sure	NEUTRAL	The Atlas of Finnish Fungi
lampaankääpä (fi) — Albatrellus ovinus	lampaankääpä (fi)		2023-09-07	Porvoo	Uusimaa (U)	Suomi	60.34498	25.59593		COMMUNITY_VERIFIED	iNaturalist Suomi Finland
lampaankääpä (fi) — Albatrellus ovinus	lampaankääpä (fi)		2023-09-07	Helsinki	Uusimaa (U)	Suomi	60.248119	25.232862		NEUTRAL	Nature surveys Manninen
lampaankääpä (fi) — Albatrellus ovinus	lampaankääpä (fi)		2023-09-06	Ikaalinen	Satakunta (St)	Suomi	61.795247	22.974305	Sure	NEUTRAL	Notebook, general observations
lampaankääpä (fi) — Albatrellus ovinus	lampaankääpä (fi)		2023-09-06	Espoo	Uusimaa (U)	Suomi	60.329735	24.670755	Sure	NEUTRAL	The Atlas of Finnish Fungi
lampaankääpä (fi) — Albatrellus ovinus	lampaankääpä (fi)	10	2023-09-06	Porvoo	Uusimaa (U)	Suomi	60.350202	25.723074	Sure	NEUTRAL	The Atlas of Finnish Fungi
lampaankääpä (fi) — Albatrellus ovinus	lampaankääpä (fi)	30+	2023-09-05	Ruovesi	Etelä-Häme (EH)	Suomi	62.039842	23.914051	Sure	NEUTRAL	The Atlas of Finnish Fungi
lampaankääpä (fi) — Albatrellus ovinus	lampaankääpä (fi)		2023-09-05	Espoo	Uusimaa (U)	Suomi	60.29661	24.5585		NEUTRAL	iNaturalist Suomi Finland
lampaankääpä (fi) — Albatrellus ovinus	lampaankääpä (fi)		2023-09-05	Imatra	Etelä-Savo (ES)	Suomi	61.25162	28.91603		NEUTRAL	iNaturalist Suomi Finland
lampaankääpä (fi) — Albatrellus ovinus	lampaankääpä (fi)		2023-09-05	Tuusula	Uusimaa (U)	Suomi	60.393066	25.038676		NEUTRAL	Notebook, general observations
lampaankääpä (fi) — Albatrellus ovinus	lampaankääpä (fi)		2023-09-05	Tuusula	Uusimaa (U)	Suomi	60.392984	25.045922		NEUTRAL	Notebook, general observations
lampaankääpä (fi) — Albatrellus ovinus	lampaankääpä (fi)		2023-09-04	Vehmaa	Varsinais-Suomi (V)	Suomi	60.74542	21.75615		COMMUNITY_VERIFIED	iNaturalist Suomi Finland
lampaankääpä (fi) — Albatrellus ovinus	lampaankääpä (fi)		2023-09-04	Vehmaa	Varsinais-Suomi (V)	Suomi	60.74542	21.75615		COMMUNITY_VERIFIED	iNaturalist Suomi Finland
lampaankääpä (fi) — Albatrellus ovinus	lampaankääpä (fi)		2023-09-04	Ulvila	Satakunta (St)	Suomi	61.49586	22.19551		COMMUNITY_VERIFIED	iNaturalist Suomi Finland
lampaankääpä (fi) — Albatrellus ovinus	lampaankääpä (fi)		2023-09-04	Espoo	Uusimaa (U)	Suomi	60.23758	24.82601		COMMUNITY_VERIFIED	iNaturalist Suomi Finland
lampaankääpä (fi) — Albatrellus ovinus	lampaankääpä (fi)	1	2023-09-04	Paltamo	Kainuu (Kn)	Suomi	64.333806	28.068533		NEUTRAL	LajiGIS: Species mapping and surveys
lampaankääpä (fi) — Albatrellus ovinus	lampaankääpä (fi)		2023-09-03	Kokemäki	Satakunta (St)	Suomi	61.21691	22.24198		COMMUNITY_VERIFIED	iNaturalist Suomi Finland
lampaankääpä (fi) — Albatrellus ovinus	lampaankääpä (fi)		2023-09-03	Kokemäki	Satakunta (St)	Suomi	61.21828	22.24545		COMMUNITY_VERIFIED	iNaturalist Suomi Finland
lampaankääpä (fi) — Albatrellus ovinus	lampaankääpä (fi)	>10	2023-09-02 [17:22-22:13]	Asikkala	Etelä-Häme (EH)	Suomi	61.168513	25.866579	Sure	NEUTRAL	Notebook, general observations
lampaankääpä (fi) — Albatrellus ovinus	lampaankääpä (fi)		2023-09-02 [12:28-13:30]	Muurame	Etelä-Häme (EH)	Suomi	62.162458	25.725319	Sure	NEUTRAL	The Atlas of Finnish Fungi
lampaankääpä (fi) — Albatrellus ovinus	lampaankääpä (fi)		2023-09-02	Pornainen	Uusimaa (U)	Suomi	60.53966	25.34939		NEUTRAL	iNaturalist Suomi Finland
lampaankääpä (fi) — Albatrellus ovinus	lampaankääpä (fi)		2023-09-02	Jyväskylä	Pohjois-Häme (PH)	Suomi	62.21122	25.706441	Sure	NEUTRAL	Notebook, general observations
lampaankääpä (fi) — Albatrellus ovinus	lampaankääpä (fi)		2023-08-31	Helsinki	Uusimaa (U)	Suomi	60.261869	24.908424		NEUTRAL	Nature surveys Manninen
lampaankääpä (fi) — Albatrellus ovinus	lampaankääpä (fi)		2023-08-31	Helsinki	Uusimaa (U)	Suomi	60.260508	24.908673		NEUTRAL	Nature surveys Manninen
lampaankääpä (fi) — Albatrellus ovinus	lampaankääpä (fi)		2023-08-29	Jämsä	Etelä-Häme (EH)	Suomi	61.99241	25.128132	Sure	NEUTRAL	Notebook, general observations
lampaankääpä (fi) — Albatrellus ovinus	lampaankääpä (fi)		2023-08-27	Kauniainen	Uusimaa (U)	Suomi	60.213593	24.682613	Sure	NEUTRAL	The Atlas of Finnish Fungi
lampaankääpä (fi) — Albatrellus ovinus	lampaankääpä (fi)		2023-08-27	Lahti	Etelä-Häme (EH)	Suomi	60.98526	25.5551		NEUTRAL	iNaturalist Suomi Finland
lampaankääpä (fi) — Albatrellus ovinus	lampaankääpä (fi)	1	2023-08-26	Loppi	Etelä-Häme (EH)	Suomi	60.672015	24.396221	Sure	NEUTRAL	The Atlas of Finnish Fungi
lampaankääpä (fi) — Albatrellus ovinus	lampaankääpä (fi)		2023-08-26	Hartola	Etelä-Häme (EH)	Suomi	61.6549	26.05517		COMMUNITY_VERIFIED	iNaturalist Suomi Finland
lampaankääpä (fi) — Albatrellus ovinus	lampaankääpä (fi)		2023-08-26	Vantaa	Uusimaa (U)	Suomi	60.3059	24.85803		NEUTRAL	iNaturalist Suomi Finland
lampaankääpä (fi) — Albatrellus ovinus	lampaankääpä (fi)		2023-08-26	Kuopio	Pohjois-Savo (PS)	Suomi	62.79271	27.61972		NEUTRAL	iNaturalist Suomi Finland
lampaankääpä (fi) — Albatrellus ovinus	lampaankääpä (fi)		2023-08-26	Jyväskylä	Pohjois-Häme (PH)	Suomi	62.228717	25.743771	Sure	NEUTRAL	Notebook, general observations
lampaankääpä (fi) — Albatrellus ovinus	lampaankääpä (fi)		2023-08-25	Salo	Varsinais-Suomi (V)	Suomi	60.43348	23.59733		NEUTRAL	iNaturalist Suomi Finland
lampaankääpä (fi) — Albatrellus ovinus	lampaankääpä (fi)		2023-08-25	Helsinki	Uusimaa (U)	Suomi	60.258148	25.165123		NEUTRAL	Nature surveys Manninen
lampaankääpä (fi) — Albatrellus ovinus	lampaankääpä (fi)		2023-08-23	Helsinki	Uusimaa (U)	Suomi	60.191607	25.095614	Sure	NEUTRAL	Species Observations from Helsinki Nature Surveys
lampaankääpä (fi) — Albatrellus ovinus	lampaankääpä (fi)		2023-08-22 [14:56-17:55]	Kemiönsaari, Salo, Sauvo	Varsinais-Suomi (V)	Suomi	60.214163	22.936706	Sure	NEUTRAL	The Atlas of Finnish Fungi
lampaankääpä (fi) — Albatrellus ovinus	lampaankääpä (fi)		2023-08-22	Jyväskylä	Pohjois-Häme (PH)	Suomi	62.253457	25.688192	Sure	NEUTRAL	Notebook, general observations
lampaankääpä (fi) — Albatrellus ovinus	lampaankääpä (fi)		2023-08-21	Mäntsälä	Uusimaa (U)	Suomi	60.72564	25.46657		COMMUNITY_VERIFIED	iNaturalist Suomi Finland
lampaankääpä (fi) — Albatrellus ovinus	lampaankääpä (fi)		2023-08-20	Vesilahti	Etelä-Häme (EH)	Suomi	61.316452	23.406745	Sure	NEUTRAL	The Atlas of Finnish Fungi
lampaankääpä (fi) — Albatrellus ovinus	lampaankääpä (fi)		2023-08-20	Akaa	Etelä-Häme (EH)	Suomi	61.22325	23.70474		COMMUNITY_VERIFIED	iNaturalist Suomi Finland
lampaankääpä (fi) — Albatrellus ovinus	lampaankääpä (fi)		2023-08-20 [14:10]	Tampere	Etelä-Häme (EH)	Suomi	61.46733	23.816052	Sure	NEUTRAL	The Atlas of Finnish Fungi
lampaankääpä (fi) — Albatrellus ovinus	lampaankääpä (fi)		2023-08-19	Kuopio	Pohjois-Savo (PS)	Suomi	62.895911	27.595311		NEUTRAL	LajiGIS: Species mapping and surveys
lampaankääpä (fi) — Albatrellus ovinus	lampaankääpä (fi)		2023-08-19	Kuopio	Pohjois-Savo (PS)	Suomi	62.896369	27.593353		NEUTRAL	LajiGIS: Species mapping and surveys
lampaankääpä (fi) — Albatrellus ovinus	lampaankääpä (fi)		2023-08-19	Kuhmoinen	Etelä-Häme (EH)	Suomi	61.6459	24.99757		NEUTRAL	iNaturalist Suomi Finland
lampaankääpä (fi) — Albatrellus ovinus	lampaankääpä (fi)		2023-08-19	Nousiainen	Varsinais-Suomi (V)	Suomi	60.60496	22.24724		NEUTRAL	iNaturalist Suomi Finland
lampaankääpä (fi) — Albatrellus ovinus	lampaankääpä (fi)		2023-08-17	Jyväskylä	Etelä-Häme (EH)	Suomi	61.928869	25.705129	Sure	NEUTRAL	Notebook, general observations
lampaankääpä (fi) — Albatrellus ovinus	lampaankääpä (fi)		2023-08-16	Sastamala	Satakunta (St)	Suomi	61.2473	22.81099		NEUTRAL	iNaturalist Suomi Finland
lampaankääpä (fi) — Albatrellus ovinus	lampaankääpä (fi)		2023-08-15	Kuhmoinen	Etelä-Häme (EH)	Suomi	61.64433	24.99434		NEUTRAL	iNaturalist Suomi Finland
lampaankääpä (fi) — Albatrellus ovinus	lampaankääpä (fi)		2023-08-15	Tampere	Etelä-Häme (EH)	Suomi	61.43448	23.86684		NEUTRAL	iNaturalist Suomi Finland
lampaankääpä (fi) — Albatrellus ovinus	lampaankääpä (fi)		2023-08-12	Sipoo	Uusimaa (U)	Suomi	60.31159	25.17208		NEUTRAL	iNaturalist Suomi Finland
lampaankääpä (fi) — Albatrellus ovinus	lampaankääpä (fi)	40	2023-08-11	Laukaa	Pohjois-Häme (PH)	Suomi	62.241431	26.261843	Sure	NEUTRAL	Notebook, general observations
lampaankääpä (fi) — Albatrellus ovinus	lampaankääpä (fi)		2023-08-10	Heinävesi	Pohjois-Savo (PS)	Suomi	62.413262	28.771816	Sure	NEUTRAL	The Atlas of Finnish Fungi
lampaankääpä (fi) — Albatrellus ovinus	lampaankääpä (fi)		2023-08-09	Ylöjärvi	Etelä-Häme (EH)	Suomi	61.573195	23.654446	Sure	NEUTRAL	The Atlas of Finnish Fungi
lampaankääpä (fi) — Albatrellus ovinus	lampaankääpä (fi)	1	2023-08-06	Paltamo	Kainuu (Kn)	Suomi	64.460832	27.586723		NEUTRAL	LajiGIS: Species mapping and surveys
lampaankääpä (fi) — Albatrellus ovinus	lampaankääpä (fi)		2023-08-06	Mäntsälä	Uusimaa (U)	Suomi	60.76627	25.48018		NEUTRAL	iNaturalist Suomi Finland
lampaankääpä (fi) — Albatrellus ovinus	lampaankääpä (fi)		2023-08-06	Lempäälä	Etelä-Häme (EH)	Suomi	61.35167	23.80384		NEUTRAL	iNaturalist Suomi Finland
lampaankääpä (fi) — Albatrellus ovinus	lampaankääpä (fi)		2023-08-02 [14:10-19:21]	Kemiönsaari, Salo, Sauvo	Varsinais-Suomi (V)	Suomi	60.214163	22.936706	Sure	NEUTRAL	The Atlas of Finnish Fungi
lampaankääpä (fi) — Albatrellus ovinus	lampaankääpä (fi)		2023-07-30	Hollola	Etelä-Häme (EH)	Suomi	60.98773	25.50041		NEUTRAL	iNaturalist Suomi Finland
lampaankääpä (fi) — Albatrellus ovinus	lampaankääpä (fi)		2023-07-21	Kangasala	Etelä-Häme (EH)	Suomi	61.52879	23.98026		NEUTRAL	iNaturalist Suomi Finland
lampaankääpä (fi) — Albatrellus ovinus	lampaankääpä (fi)		2023-07-12	Vantaa	Uusimaa (U)	Suomi	60.27778	25.0644		NEUTRAL	iNaturalist Suomi Finland
lampaankääpä (fi) — Albatrellus ovinus	lampaankääpä (fi)		2022-10-16	Taivalkoski	Koillismaa (Ks)	Suomi	65.293485	28.426358	Sure	NEUTRAL	The Atlas of Finnish Fungi
lampaankääpä (fi) — Albatrellus ovinus	lampaankääpä (fi)		2022-10-15	Turku	Varsinais-Suomi (V)	Suomi	60.39183	22.21941		COMMUNITY_VERIFIED	iNaturalist Suomi Finland
lampaankääpä (fi) — Albatrellus ovinus	lampaankääpä (fi)		2022-10-13	Salo	Varsinais-Suomi (V)	Suomi	60.44695	23.07253		COMMUNITY_VERIFIED	iNaturalist Suomi Finland
lampaankääpä (fi) — Albatrellus ovinus	lampaankääpä (fi)		2022-10-13	Lempäälä	Etelä-Häme (EH)	Suomi	61.41302	23.69181		COMMUNITY_VERIFIED	iNaturalist Suomi Finland
lampaankääpä (fi) — Albatrellus ovinus	lampaankääpä (fi)		2022-10-07	Rovaniemi	Perä-Pohjanmaa (PeP)	Suomi	66.274331	25.13548	Sure	NEUTRAL	The Atlas of Finnish Fungi
lampaankääpä (fi) — Albatrellus ovinus	lampaankääpä (fi)		2022-10-01	Puolanka	Kainuu (Kn)	Suomi	65.121485	27.958008	Sure	NEUTRAL	Notebook, general observations
lampaankääpä (fi) — Albatrellus ovinus	lampaankääpä (fi)		2022-09-30	Turku	Varsinais-Suomi (V)	Suomi	60.45988	22.16374		COMMUNITY_VERIFIED	iNaturalist Suomi Finland
lampaankääpä (fi) — Albatrellus ovinus	lampaankääpä (fi)	Useita	2022-09-28	Paltamo	Kainuu (Kn)	Suomi	64.42852	27.989489	Sure	NEUTRAL	The Atlas of Finnish Fungi
lampaankääpä (fi) — Albatrellus ovinus	lampaankääpä (fi)		2022-09-18	Nousiainen	Varsinais-Suomi (V)	Suomi	60.60041	22.24443		COMMUNITY_VERIFIED	iNaturalist Suomi Finland
lampaankääpä (fi) — Albatrellus ovinus	lampaankääpä (fi)		2022-09-17	Hausjärvi	Etelä-Häme (EH)	Suomi	60.78649	25.02709		NEUTRAL	iNaturalist Suomi Finland
lampaankääpä (fi) — Albatrellus ovinus	lampaankääpä (fi)	1	2022-09-15	Kalajoki	Keski-Pohjanmaa (KP)	Suomi	64.101252	23.622189	Sure	NEUTRAL	The Atlas of Finnish Fungi
lampaankääpä (fi) — Albatrellus ovinus	lampaankääpä (fi)		2022-09-11	Pudasjärvi	Oulun Pohjanmaa (OP)	Suomi	65.629032	27.704267	Sure	NEUTRAL	The Atlas of Finnish Fungi
lampaankääpä (fi) — Albatrellus ovinus	lampaankääpä (fi)		2022-09-10	Pudasjärvi	Oulun Pohjanmaa (OP)	Suomi	65.647225	27.782328	Sure	NEUTRAL	The Atlas of Finnish Fungi
lampaankääpä (fi) — Albatrellus ovinus	lampaankääpä (fi)		2022-09-08	Paltamo	Kainuu (Kn)	Suomi	64.38485	28.00927		COMMUNITY_VERIFIED	iNaturalist Suomi Finland
lampaankääpä (fi) — Albatrellus ovinus	lampaankääpä (fi)		2022-09-07	Hämeenlinna	Etelä-Häme (EH)	Suomi	61.209801	25.124241	Sure	NEUTRAL	The Atlas of Finnish Fungi
lampaankääpä (fi) — Albatrellus ovinus	lampaankääpä (fi)		2022-09-06	Hollola	Etelä-Häme (EH)	Suomi	61.003228	25.210672	Sure	NEUTRAL	The Atlas of Finnish Fungi
lampaankääpä (fi) — Albatrellus ovinus	lampaankääpä (fi)	muutama huonokuntoinen itiöemä	2022-09-04	Espoo	Uusimaa (U)	Suomi	60.330015	24.6689	Sure	NEUTRAL	The Atlas of Finnish Fungi
lampaankääpä (fi) — Albatrellus ovinus	lampaankääpä (fi)		2022-09-03 [9:52]	Rovaniemi	Perä-Pohjanmaa (PeP)	Suomi	66.502303	25.796278	Sure	NEUTRAL	The Atlas of Finnish Fungi
lampaankääpä (fi) — Albatrellus ovinus	lampaankääpä (fi)		2022-09-01	Kaarina	Varsinais-Suomi (V)	Suomi	60.43798	22.37421		COMMUNITY_VERIFIED	iNaturalist Suomi Finland
lampaankääpä (fi) — Albatrellus ovinus	lampaankääpä (fi)		2022-09-01	Riihimäki	Etelä-Häme (EH)	Suomi	60.72315	24.82182		COMMUNITY_VERIFIED	iNaturalist Suomi Finland
lampaankääpä (fi) — Albatrellus ovinus	lampaankääpä (fi)		2022-08-30	Rovaniemi	Perä-Pohjanmaa (PeP)	Suomi	66.8706	25.8498	Sure	NEUTRAL	The Atlas of Finnish Fungi
lampaankääpä (fi) — Albatrellus ovinus	lampaankääpä (fi)		2022-08-30	Joensuu	Pohjois-Karjala (PK)	Suomi	62.58217	29.73168		COMMUNITY_VERIFIED	iNaturalist Suomi Finland
lampaankääpä (fi) — Albatrellus ovinus	lampaankääpä (fi)		2022-08-29 [19:22-19:59]	Salo	Varsinais-Suomi (V)	Suomi	60.447176	23.071057	Sure	NEUTRAL	The Atlas of Finnish Fungi
lampaankääpä (fi) — Albatrellus ovinus	lampaankääpä (fi)		2022-08-24	Evijärvi	Keski-Pohjanmaa (KP)	Suomi	63.41805	23.40302		NEUTRAL	iNaturalist Suomi Finland
lampaankääpä (fi) — Albatrellus ovinus	lampaankääpä (fi)		2022-08-21	Tammela	Etelä-Häme (EH)	Suomi	60.67237	23.85913		NEUTRAL	iNaturalist Suomi Finland
lampaankääpä (fi) — Albatrellus ovinus	lampaankääpä (fi)		2022-08-20	Rovaniemi	Perä-Pohjanmaa (PeP)	Suomi	66.604512	26.148718	Sure	NEUTRAL	The Atlas of Finnish Fungi
lampaankääpä (fi) — Albatrellus ovinus	lampaankääpä (fi)		2022-08-20	Espoo	Uusimaa (U)	Suomi	60.326801	24.665982	Sure	NEUTRAL	The Atlas of Finnish Fungi
lampaankääpä (fi) — Albatrellus ovinus	lampaankääpä (fi)		2022-08-18	Muurame	Etelä-Häme (EH)	Suomi	62.22604	25.53921		COMMUNITY_VERIFIED	iNaturalist Suomi Finland
lampaankääpä (fi) — Albatrellus ovinus	lampaankääpä (fi)		2022-08-18	Ulvila	Satakunta (St)	Suomi	61.51124	22.17733		NEUTRAL	iNaturalist Suomi Finland
lampaankääpä (fi) — Albatrellus ovinus	lampaankääpä (fi)		2022-08-12	Espoo	Uusimaa (U)	Suomi	60.27038	24.52763		COMMUNITY_VERIFIED	iNaturalist Suomi Finland
lampaankääpä (fi) — Albatrellus ovinus	lampaankääpä (fi)		2022-08-11 [18:48-20:24]	Salo	Varsinais-Suomi (V)	Suomi	60.473669	23.088293	Sure	NEUTRAL	The Atlas of Finnish Fungi
lampaankääpä (fi) — Albatrellus ovinus	lampaankääpä (fi)		2022-08-09	Riihimäki	Etelä-Häme (EH)	Suomi	60.75062	24.8282		NEUTRAL	iNaturalist Suomi Finland
lampaankääpä (fi) — Albatrellus ovinus	lampaankääpä (fi)		2022-08-08	Kirkkonummi	Uusimaa (U)	Suomi	60.272121	24.480443	Sure	NEUTRAL	The Atlas of Finnish Fungi
lampaankääpä (fi) — Albatrellus ovinus	lampaankääpä (fi)		2022-08-06	Riihimäki	Etelä-Häme (EH)	Suomi	60.75742	24.82281		NEUTRAL	iNaturalist Suomi Finland
lampaankääpä (fi) — Albatrellus ovinus	lampaankääpä (fi)		2022-08-05	Vantaa	Uusimaa (U)	Suomi	60.24435	24.79428		COMMUNITY_VERIFIED	iNaturalist Suomi Finland
lampaankääpä (fi) — Albatrellus ovinus	lampaankääpä (fi)		2022-08-01 [13:44-13:45]	Salo	Varsinais-Suomi (V)	Suomi	60.1474	22.933476	Sure	NEUTRAL	The Atlas of Finnish Fungi
lampaankääpä (fi) — Albatrellus ovinus	lampaankääpä (fi)	Kymmeniä	2021-11-01	Oulu	Oulun Pohjanmaa (OP)	Suomi	65.210721	25.496151	Sure	NEUTRAL	The Atlas of Finnish Fungi
lampaankääpä (fi) — Albatrellus ovinus	lampaankääpä (fi)		2021-10-28	Hämeenlinna	Etelä-Häme (EH)	Suomi	61.18463	24.94161		COMMUNITY_VERIFIED	iNaturalist Suomi Finland
lampaankääpä (fi) — Albatrellus ovinus	lampaankääpä (fi)		2021-10-18 [16:57]	Nokia	Etelä-Häme (EH)	Suomi	61.493533	23.459046	Sure	NEUTRAL	The Atlas of Finnish Fungi
lampaankääpä (fi) — Albatrellus ovinus	lampaankääpä (fi)		2021-10-17 [12:30-14:08]	Järvenpää	Uusimaa (U)	Suomi	60.480112	25.151632	Sure	NEUTRAL	The Atlas of Finnish Fungi
lampaankääpä (fi) — Albatrellus ovinus	lampaankääpä (fi)		2021-10-16 [15:30]	Virrat	Pohjois-Häme (PH)	Suomi	62.188424	23.712195	Sure	NEUTRAL	The Atlas of Finnish Fungi
lampaankääpä (fi) — Albatrellus ovinus	lampaankääpä (fi)	6	2021-10-12 - 2021-11-12	Hämeenkyrö	Satakunta (St)	Suomi	61.627494	22.897241	Sure	NEUTRAL	The Atlas of Finnish Fungi
lampaankääpä (fi) — Albatrellus ovinus	lampaankääpä (fi)	Muutamia vanhoja	2021-10-10 [10:13]	Ylöjärvi	Etelä-Häme (EH)	Suomi	61.962926	23.621007	Sure	NEUTRAL	Notebook, general observations
lampaankääpä (fi) — Albatrellus ovinus	lampaankääpä (fi)		2021-10-09	Mäntsälä	Uusimaa (U)	Suomi	60.621318	25.144819	Sure	NEUTRAL	The Atlas of Finnish Fungi
lampaankääpä (fi) — Albatrellus ovinus	lampaankääpä (fi)		2021-10-09 [16:37]	Jyväskylä	Pohjois-Häme (PH)	Suomi	62.254734	25.67784	Sure	NEUTRAL	The Atlas of Finnish Fungi
lampaankääpä (fi) — Albatrellus ovinus	lampaankääpä (fi)		2021-10-09 [15:17]	Jyväskylä	Etelä-Häme (EH)	Suomi	61.932022	25.708939	Sure	NEUTRAL	The Atlas of Finnish Fungi
lampaankääpä (fi) — Albatrellus ovinus	lampaankääpä (fi)		2021-10-09	Espoo	Uusimaa (U)	Suomi	60.29273	24.55651		COMMUNITY_VERIFIED	iNaturalist Suomi Finland
lampaankääpä (fi) — Albatrellus ovinus	lampaankääpä (fi)		2021-10-06	Helsinki	Uusimaa (U)	Suomi	60.239103	25.187764		NEUTRAL	Aphyllophorales Fennoscandiae orientalis
lampaankääpä (fi) — Albatrellus ovinus	lampaankääpä (fi)		2021-10-06 - 2021-11-20	Helsinki	Uusimaa (U)	Suomi	60.24335	25.210067		NEUTRAL	Nature surveys Manninen
lampaankääpä (fi) — Albatrellus ovinus	lampaankääpä (fi)		2021-10-06 - 2021-11-20	Helsinki	Uusimaa (U)	Suomi	60.237619	25.173081		NEUTRAL	Nature surveys Manninen
lampaankääpä (fi) — Albatrellus ovinus	lampaankääpä (fi)		2021-10-06	Sotkamo	Kainuu (Kn)	Suomi	64.140896	27.881936		NEUTRAL	LajiGIS: Species mapping and surveys
lampaankääpä (fi) — Albatrellus ovinus	lampaankääpä (fi)		2021-10-04	Tohmajärvi	Pohjois-Karjala (PK)	Suomi	62.201265	30.287078	Sure	NEUTRAL	The Atlas of Finnish Fungi
lampaankääpä (fi) — Albatrellus ovinus	lampaankääpä (fi)		2021-10-02	Iisalmi	Pohjois-Savo (PS)	Suomi	63.58748	27.05524		NEUTRAL	iNaturalist Suomi Finland
lampaankääpä (fi) — Albatrellus ovinus	lampaankääpä (fi)		2021-09-30	Isokyrö	Etelä-Pohjanmaa (EP)	Suomi	62.98962	22.29511		COMMUNITY_VERIFIED	iNaturalist Suomi Finland
lampaankääpä (fi) — Albatrellus ovinus	lampaankääpä (fi)		2021-09-30	Iisalmi	Pohjois-Savo (PS)	Suomi	63.48942	27.2215		NEUTRAL	iNaturalist Suomi Finland
lampaankääpä (fi) — Albatrellus ovinus	lampaankääpä (fi)	kymmeniä	2021-09-29	Jyväskylä	Pohjois-Häme (PH)	Suomi	62.227743	25.741895	Sure	NEUTRAL	The Atlas of Finnish Fungi
lampaankääpä (fi) — Albatrellus ovinus	lampaankääpä (fi)		2021-09-29	Lahti	Etelä-Häme (EH)	Suomi	60.97409	25.56401		NEUTRAL	iNaturalist Suomi Finland
lampaankääpä (fi) — Albatrellus ovinus	lampaankääpä (fi)		2021-09-29	Lohja	Varsinais-Suomi (V)	Suomi	60.253016	23.856559		NEUTRAL	LajiGIS: Species mapping and surveys
lampaankääpä (fi) — Albatrellus ovinus	lampaankääpä (fi)		2021-09-28	Lohja	Varsinais-Suomi (V)	Suomi	60.247124	23.816016		NEUTRAL	LajiGIS: Species mapping and surveys
lampaankääpä (fi) — Albatrellus ovinus	lampaankääpä (fi)		2021-09-28 [16:39]	Jyväskylä	Pohjois-Häme (PH)	Suomi	62.262327	25.682557	Sure	NEUTRAL	The Atlas of Finnish Fungi
lampaankääpä (fi) — Albatrellus ovinus	lampaankääpä (fi)	Muutama	2021-09-28	Nousiainen	Varsinais-Suomi (V)	Suomi	60.611001	22.123607	Sure	NEUTRAL	Notebook, general observations
lampaankääpä (fi) — Albatrellus ovinus	lampaankääpä (fi)		2021-09-27	Raasepori	Varsinais-Suomi (V)	Suomi	60.07436	23.71679		COMMUNITY_VERIFIED	iNaturalist Suomi Finland
lampaankääpä (fi) — Albatrellus ovinus	lampaankääpä (fi)		2021-09-26	Hausjärvi, Hyvinkää, Mäntsälä	Etelä-Häme (EH), Uusimaa (U)	Suomi	60.7	25.1		COMMUNITY_VERIFIED	iNaturalist Suomi Finland
lampaankääpä (fi) — Albatrellus ovinus	lampaankääpä (fi)		2021-09-26 [17:25]	Jyväskylä	Pohjois-Häme (PH)	Suomi	62.285849	25.640964	Sure	NEUTRAL	The Atlas of Finnish Fungi
lampaankääpä (fi) — Albatrellus ovinus	lampaankääpä (fi)		2021-09-26	Mikkeli	Etelä-Savo (ES)	Suomi	61.642875	27.337198	Sure	NEUTRAL	The Atlas of Finnish Fungi
lampaankääpä (fi) — Albatrellus ovinus	lampaankääpä (fi)		2021-09-26	Vaasa	Etelä-Pohjanmaa (EP)	Suomi	63.13819	21.57763		COMMUNITY_VERIFIED	iNaturalist Suomi Finland
lampaankääpä (fi) — Albatrellus ovinus	lampaankääpä (fi)		2021-09-26	Kangasala	Etelä-Häme (EH)	Suomi	61.47758	23.93792		NEUTRAL	iNaturalist Suomi Finland
lampaankääpä (fi) — Albatrellus ovinus	lampaankääpä (fi)		2021-09-26	Luumäki	Etelä-Savo (ES)	Suomi	60.97694	27.26833		COMMUNITY_VERIFIED	iNaturalist Suomi Finland
lampaankääpä (fi) — Albatrellus ovinus	lampaankääpä (fi)		2021-09-26	Helsinki	Uusimaa (U)	Suomi	60.18258	24.95017		COMMUNITY_VERIFIED	iNaturalist Suomi Finland
lampaankääpä (fi) — Albatrellus ovinus	lampaankääpä (fi)	>10	2021-09-25	Vaasa	Etelä-Pohjanmaa (EP)	Suomi	63.085636	21.775927	Sure	NEUTRAL	The Atlas of Finnish Fungi
lampaankääpä (fi) — Albatrellus ovinus	lampaankääpä (fi)		2021-09-25	Sipoo	Uusimaa (U)	Suomi	60.477478	25.240048	Sure	NEUTRAL	The Atlas of Finnish Fungi
lampaankääpä (fi) — Albatrellus ovinus	lampaankääpä (fi)	1	2021-09-25	Vaasa	Etelä-Pohjanmaa (EP)	Suomi	63.055296	21.562082		NEUTRAL	The Atlas of Finnish Fungi
lampaankääpä (fi) — Albatrellus ovinus	lampaankääpä (fi)		2021-09-24	Lohja	Varsinais-Suomi (V)	Suomi	60.245006	23.815752		NEUTRAL	LajiGIS: Species mapping and surveys
lampaankääpä (fi) — Albatrellus ovinus	lampaankääpä (fi)		2021-09-23	Hämeenlinna	Etelä-Häme (EH)	Suomi	61.245374	25.068893		NEUTRAL	Aphyllophorales Fennoscandiae orientalis
lampaankääpä (fi) — Albatrellus ovinus	lampaankääpä (fi)		2021-09-23	Vantaa	Uusimaa (U)	Suomi	60.340408	25.062828	Sure	NEUTRAL	The Atlas of Finnish Fungi
lampaankääpä (fi) — Albatrellus ovinus	lampaankääpä (fi)	Kymmenittäin	2021-09-22	Nokia	Etelä-Häme (EH)	Suomi	61.48807	23.468503	Sure	NEUTRAL	The Atlas of Finnish Fungi
lampaankääpä (fi) — Albatrellus ovinus	lampaankääpä (fi)		2021-09-22	Vantaa	Uusimaa (U)	Suomi	60.338071	25.086187	Sure	NEUTRAL	The Atlas of Finnish Fungi
lampaankääpä (fi) — Albatrellus ovinus	lampaankääpä (fi)		2021-09-22	Hämeenlinna	Etelä-Häme (EH)	Suomi	60.96686	24.38569		COMMUNITY_VERIFIED	iNaturalist Suomi Finland
lampaankääpä (fi) — Albatrellus ovinus	lampaankääpä (fi)	1	2021-09-21	Iisalmi	Pohjois-Savo (PS)	Suomi	63.559444	27.253333	Sure	EXPERT_VERIFIED	The Atlas of Finnish Fungi
lampaankääpä (fi) — Albatrellus ovinus	lampaankääpä (fi)	15	2021-09-21	Jyväskylä	Pohjois-Häme (PH)	Suomi	62.228345	25.683823	Sure	NEUTRAL	The Atlas of Finnish Fungi
lampaankääpä (fi) — Albatrellus ovinus	lampaankääpä (fi)		2021-09-21	Iisalmi	Pohjois-Savo (PS)	Suomi	63.559444	27.253333		NEUTRAL	Fungal collection of the Botanical Museum, University of Oulu (OULU)
lampaankääpä (fi) — Albatrellus ovinus	lampaankääpä (fi)	5	2021-09-19	Jyväskylä	Etelä-Häme (EH)	Suomi	62.134125	25.656049		NEUTRAL	Löydös Open Finnish Observation Database
lampaankääpä (fi) — Albatrellus ovinus	lampaankääpä (fi)		2021-09-19	Vantaa	Uusimaa (U)	Suomi	60.30847	25.14229		COMMUNITY_VERIFIED	iNaturalist Suomi Finland
lampaankääpä (fi) — Albatrellus ovinus	lampaankääpä (fi)	5	2021-09-19 [15:13]	Oulu	Oulun Pohjanmaa (OP)	Suomi	65.100879	25.516013	Sure	NEUTRAL	Notebook, general observations
lampaankääpä (fi) — Albatrellus ovinus	lampaankääpä (fi)		2021-09-19	Kaarina	Varsinais-Suomi (V)	Suomi	60.43795	22.3742		COMMUNITY_VERIFIED	iNaturalist Suomi Finland
lampaankääpä (fi) — Albatrellus ovinus	lampaankääpä (fi)		2021-09-19	Kuopio	Pohjois-Savo (PS)	Suomi	62.90599	27.62573		NEUTRAL	iNaturalist Suomi Finland
lampaankääpä (fi) — Albatrellus ovinus	lampaankääpä (fi)		2021-09-19	Espoo	Uusimaa (U)	Suomi	60.31627	24.74041		COMMUNITY_VERIFIED	iNaturalist Suomi Finland
lampaankääpä (fi) — Albatrellus ovinus	lampaankääpä (fi)		2021-09-19	Iisalmi	Pohjois-Savo (PS)	Suomi	63.62276	27.12151		NEUTRAL	iNaturalist Suomi Finland
lampaankääpä (fi) — Albatrellus ovinus	lampaankääpä (fi)		2021-09-18	Heinävesi	Pohjois-Savo (PS)	Suomi	62.43781	28.82468	Sure	NEUTRAL	The Atlas of Finnish Fungi
lampaankääpä (fi) — Albatrellus ovinus	lampaankääpä (fi)		2021-09-18 [13:44]	Rautalampi	Pohjois-Häme (PH)	Suomi	62.555635	26.641255	Sure	NEUTRAL	The Atlas of Finnish Fungi
lampaankääpä (fi) — Albatrellus ovinus	lampaankääpä (fi)	20	2021-09-18	Jyväskylä	Pohjois-Häme (PH)	Suomi	62.225941	25.740942	Sure	NEUTRAL	The Atlas of Finnish Fungi
lampaankääpä (fi) — Albatrellus ovinus	lampaankääpä (fi)		2021-09-18	Tuusniemi	Pohjois-Savo (PS)	Suomi	62.628374	28.489701	Sure	NEUTRAL	The Atlas of Finnish Fungi
lampaankääpä (fi) — Albatrellus ovinus	lampaankääpä (fi)		2021-09-18	Saarijärvi	Pohjois-Häme (PH)	Suomi	62.75055	25.16385		NEUTRAL	iNaturalist Suomi Finland
lampaankääpä (fi) — Albatrellus ovinus	lampaankääpä (fi)		2021-09-18	Tammela	Etelä-Häme (EH)	Suomi	60.72152	23.61884		COMMUNITY_VERIFIED	iNaturalist Suomi Finland
lampaankääpä (fi) — Albatrellus ovinus	lampaankääpä (fi)		2021-09-18	Espoo	Uusimaa (U)	Suomi	60.25114	24.60833		COMMUNITY_VERIFIED	iNaturalist Suomi Finland
lampaankääpä (fi) — Albatrellus ovinus	lampaankääpä (fi)		2021-09-18	Jyväskylä	Pohjois-Häme (PH)	Suomi	62.22484	25.74522		COMMUNITY_VERIFIED	iNaturalist Suomi Finland
lampaankääpä (fi) — Albatrellus ovinus	lampaankääpä (fi)		2021-09-18	Jyväskylä	Pohjois-Häme (PH)	Suomi	62.227143	25.739132	Sure	NEUTRAL	Notebook, general observations
lampaankääpä (fi) — Albatrellus ovinus	lampaankääpä (fi)	10	2021-09-15	Pedersören kunta	Keski-Pohjanmaa (KP)	Suomi	63.541598	22.964918		NEUTRAL	Löydös Open Finnish Observation Database
lampaankääpä (fi) — Albatrellus ovinus	lampaankääpä (fi)		2021-09-14	Mikkeli	Etelä-Savo (ES)	Suomi	61.69816	27.42471		COMMUNITY_VERIFIED	iNaturalist Suomi Finland
lampaankääpä (fi) — Albatrellus ovinus	lampaankääpä (fi)		2021-09-13	Tampere	Etelä-Häme (EH)	Suomi	61.51779	23.96703		NEUTRAL	iNaturalist Suomi Finland
lampaankääpä (fi) — Albatrellus ovinus	lampaankääpä (fi)		2021-09-13	Orivesi	Etelä-Häme (EH)	Suomi	61.62561	24.28593		NEUTRAL	iNaturalist Suomi Finland
lampaankääpä (fi) — Albatrellus ovinus	lampaankääpä (fi)		2021-09-12	Lohja	Varsinais-Suomi (V)	Suomi	60.227872	23.863322		NEUTRAL	LajiGIS: Species mapping and surveys
lampaankääpä (fi) — Albatrellus ovinus	lampaankääpä (fi)		2021-09-12 [16:00]	Salo	Varsinais-Suomi (V)	Suomi	60.447183	23.073065	Sure	NEUTRAL	The Atlas of Finnish Fungi
lampaankääpä (fi) — Albatrellus ovinus	lampaankääpä (fi)		2021-09-11 [11:15-12:01]	Ylitornio	Perä-Pohjanmaa (PeP)	Suomi	66.314071	24.639352	Sure	NEUTRAL	The Atlas of Finnish Fungi
lampaankääpä (fi) — Albatrellus ovinus	lampaankääpä (fi)		2021-09-11	Ylitornio	Perä-Pohjanmaa (PeP)	Suomi	66.314461	24.638536	Sure	NEUTRAL	The Atlas of Finnish Fungi
lampaankääpä (fi) — Albatrellus ovinus	lampaankääpä (fi)		2021-09-11	Helsinki	Uusimaa (U)	Suomi	60.2156	24.95328		NEUTRAL	iNaturalist Suomi Finland
lampaankääpä (fi) — Albatrellus ovinus	lampaankääpä (fi)		2021-09-10	Vihti	Varsinais-Suomi (V)	Suomi	60.269813	24.348186	Sure	NEUTRAL	The Atlas of Finnish Fungi
lampaankääpä (fi) — Albatrellus ovinus	lampaankääpä (fi)		2021-09-10	Keuruu	Pohjois-Häme (PH)	Suomi	62.194828	24.78292	Sure	NEUTRAL	Notebook, general observations
lampaankääpä (fi) — Albatrellus ovinus	lampaankääpä (fi)		2021-09-09	Rauma	Satakunta (St)	Suomi	61.07662	21.85837		COMMUNITY_VERIFIED	iNaturalist Suomi Finland
lampaankääpä (fi) — Albatrellus ovinus	lampaankääpä (fi)		2021-09-08 [9:04-12:16]	Jyväskylä	Pohjois-Häme (PH)	Suomi	62.253481	25.694706	Sure	NEUTRAL	The Atlas of Finnish Fungi
lampaankääpä (fi) — Albatrellus ovinus	lampaankääpä (fi)		2021-09-08 [11:27]	Kaarina	Varsinais-Suomi (V)	Suomi	60.379555	22.358161	Sure	NEUTRAL	The Atlas of Finnish Fungi
lampaankääpä (fi) — Albatrellus ovinus	lampaankääpä (fi)		2021-09-08	Tampere	Etelä-Häme (EH)	Suomi	61.51762	23.83329		COMMUNITY_VERIFIED	iNaturalist Suomi Finland
lampaankääpä (fi) — Albatrellus ovinus	lampaankääpä (fi)		2021-09-07	Helsinki, Vantaa	Uusimaa (U)	Suomi	60.27295	25.170745	Sure	NEUTRAL	The Atlas of Finnish Fungi
lampaankääpä (fi) — Albatrellus ovinus	lampaankääpä (fi)		2021-09-07	Lohja	Varsinais-Suomi (V)	Suomi	60.50187	23.87449		COMMUNITY_VERIFIED	iNaturalist Suomi Finland
lampaankääpä (fi) — Albatrellus ovinus	lampaankääpä (fi)		2021-09-06 - 2021-09-09	Espoo	Uusimaa (U)	Suomi	60.32868	24.670195	Sure	NEUTRAL	The Atlas of Finnish Fungi
lampaankääpä (fi) — Albatrellus ovinus	lampaankääpä (fi)	2	2021-09-06 [19:00]	Helsinki, Sipoo	Uusimaa (U)	Suomi	60.173105	25.105165	Sure	NEUTRAL	The Atlas of Finnish Fungi
lampaankääpä (fi) — Albatrellus ovinus	lampaankääpä (fi)		2021-09-04	Vihti	Varsinais-Suomi (V)	Suomi	60.529166	24.560095	Sure	NEUTRAL	The Atlas of Finnish Fungi
lampaankääpä (fi) — Albatrellus ovinus	lampaankääpä (fi)		2021-09-04	Pelkosenniemi	Sompion Lappi (SoL)	Suomi	67.186152	27.087273	Sure	NEUTRAL	The Atlas of Finnish Fungi
lampaankääpä (fi) — Albatrellus ovinus	lampaankääpä (fi)		2021-09-04	Espoo	Uusimaa (U)	Suomi	60.289085	24.600995	Sure	NEUTRAL	The Atlas of Finnish Fungi
lampaankääpä (fi) — Albatrellus ovinus	lampaankääpä (fi)	muutama	2021-09-03	Suonenjoki	Pohjois-Savo (PS)	Suomi	62.616603	27.118833	Sure	NEUTRAL	The Atlas of Finnish Fungi
lampaankääpä (fi) — Albatrellus ovinus	lampaankääpä (fi)		2021-09-03	Tampere	Etelä-Häme (EH)	Suomi	61.44486	23.81493		COMMUNITY_VERIFIED	iNaturalist Suomi Finland
lampaankääpä (fi) — Albatrellus ovinus	lampaankääpä (fi)		2021-09-02	Laitila	Varsinais-Suomi (V)	Suomi	60.74967	21.7607		COMMUNITY_VERIFIED	iNaturalist Suomi Finland
lampaankääpä (fi) — Albatrellus ovinus	lampaankääpä (fi)		2021-09-01	Kontiolahti	Pohjois-Karjala (PK)	Suomi	63.039383	29.847501	Sure	NEUTRAL	Notebook, general observations
lampaankääpä (fi) — Albatrellus ovinus	lampaankääpä (fi)		2021-09-01	Eurajoki	Satakunta (St)	Suomi	61.23802	21.72797		COMMUNITY_VERIFIED	iNaturalist Suomi Finland
lampaankääpä (fi) — Albatrellus ovinus	lampaankääpä (fi)		2021-09-01	Kangasala	Etelä-Häme (EH)	Suomi	61.53038	24.08422		COMMUNITY_VERIFIED	iNaturalist Suomi Finland
lampaankääpä (fi) — Albatrellus ovinus	lampaankääpä (fi)		2021-08-31	Saarijärvi	Pohjois-Häme (PH)	Suomi	62.65861	25.34764		COMMUNITY_VERIFIED	iNaturalist Suomi Finland
lampaankääpä (fi) — Albatrellus ovinus	lampaankääpä (fi)		2021-08-31	Iisalmi	Pohjois-Savo (PS)	Suomi	63.65217	27.19123		COMMUNITY_VERIFIED	iNaturalist Suomi Finland
lampaankääpä (fi) — Albatrellus ovinus	lampaankääpä (fi)		2021-08-31	Urjala	Etelä-Häme (EH)	Suomi	61.20278	23.49096		NEUTRAL	iNaturalist Suomi Finland
lampaankääpä (fi) — Albatrellus ovinus	lampaankääpä (fi)		2021-08-31	Kuopio	Pohjois-Savo (PS)	Suomi	62.86765	27.65644		COMMUNITY_VERIFIED	iNaturalist Suomi Finland
lampaankääpä (fi) — Albatrellus ovinus	lampaankääpä (fi)		2021-08-30	Jyväskylä	Pohjois-Häme (PH)	Suomi	62.253326	25.679597	Sure	NEUTRAL	Notebook, general observations
lampaankääpä (fi) — Albatrellus ovinus	lampaankääpä (fi)		2021-08-29 [16:35]	Jyväskylä	Pohjois-Häme (PH)	Suomi	62.26274	25.692955	Sure	NEUTRAL	The Atlas of Finnish Fungi
lampaankääpä (fi) — Albatrellus ovinus	lampaankääpä (fi)		2021-08-29	Tampere	Etelä-Häme (EH)	Suomi	61.50938	23.82727		COMMUNITY_VERIFIED	iNaturalist Suomi Finland
lampaankääpä (fi) — Albatrellus ovinus	lampaankääpä (fi)		2021-08-28	Espoo	Uusimaa (U)	Suomi	60.332865	24.613746	Sure	NEUTRAL	The Atlas of Finnish Fungi
lampaankääpä (fi) — Albatrellus ovinus	lampaankääpä (fi)		2021-08-28	Kuopio	Pohjois-Savo (PS)	Suomi	62.90852	27.65815		COMMUNITY_VERIFIED	iNaturalist Suomi Finland
lampaankääpä (fi) — Albatrellus ovinus	lampaankääpä (fi)		2021-08-25	Kaarina	Varsinais-Suomi (V)	Suomi	60.40893	22.45445		COMMUNITY_VERIFIED	iNaturalist Suomi Finland
lampaankääpä (fi) — Albatrellus ovinus	lampaankääpä (fi)		2021-08-25	Kaarina	Varsinais-Suomi (V)	Suomi	60.40336	22.45576		COMMUNITY_VERIFIED	iNaturalist Suomi Finland
lampaankääpä (fi) — Albatrellus ovinus	lampaankääpä (fi)		2021-08-23	Helsinki, Kerava, Sipoo, Tuusula, Vantaa	Uusimaa (U)	Suomi	60.3	25.1		COMMUNITY_VERIFIED	iNaturalist Suomi Finland
lampaankääpä (fi) — Albatrellus ovinus	lampaankääpä (fi)		2021-08-21	Leppävirta	Pohjois-Savo (PS)	Suomi	62.560724	27.696883	Sure	NEUTRAL	The Atlas of Finnish Fungi
lampaankääpä (fi) — Albatrellus ovinus	lampaankääpä (fi)		2021-08-21 [13:26]	Kaarina	Varsinais-Suomi (V)	Suomi	60.394835	22.402102	Sure	NEUTRAL	The Atlas of Finnish Fungi
lampaankääpä (fi) — Albatrellus ovinus	lampaankääpä (fi)	25	2021-08-21	Nurmijärvi	Uusimaa (U)	Suomi	60.542525	24.873108	Sure	NEUTRAL	The Atlas of Finnish Fungi
lampaankääpä (fi) — Albatrellus ovinus	lampaankääpä (fi)		2021-08-21	Helsinki	Uusimaa (U)	Suomi	60.20422	25.10893		COMMUNITY_VERIFIED	iNaturalist Suomi Finland
lampaankääpä (fi) — Albatrellus ovinus	lampaankääpä (fi)		2021-08-20	Janakkala	Etelä-Häme (EH)	Suomi	60.75721	24.7348		COMMUNITY_VERIFIED	iNaturalist Suomi Finland
lampaankääpä (fi) — Albatrellus ovinus	lampaankääpä (fi)		2021-08-19	Kuopio	Pohjois-Savo (PS)	Suomi	62.8804	27.60132		COMMUNITY_VERIFIED	iNaturalist Suomi Finland
lampaankääpä (fi) — Albatrellus ovinus	lampaankääpä (fi)		2021-08-16	Helsinki	Uusimaa (U)	Suomi	60.2356	25.14044		COMMUNITY_VERIFIED	iNaturalist Suomi Finland
lampaankääpä (fi) — Albatrellus ovinus	lampaankääpä (fi)		2021-08-15	Hausjärvi	Etelä-Häme (EH)	Suomi	60.78647	25.02709		NEUTRAL	iNaturalist Suomi Finland
lampaankääpä (fi) — Albatrellus ovinus	lampaankääpä (fi)		2021-08-12	Muhos	Oulun Pohjanmaa (OP)	Suomi	64.757172	26.182362	Sure	NEUTRAL	The Atlas of Finnish Fungi
lampaankääpä (fi) — Albatrellus ovinus	lampaankääpä (fi)	1	2021-07-26 - 2021-08-30	Hollola	Etelä-Häme (EH)	Suomi	60.899499	25.439862	Sure	NEUTRAL	Notebook, general observations
lampaankääpä (fi) — Albatrellus ovinus	lampaankääpä (fi)		2020-11-05	Lohja	Varsinais-Suomi (V)	Suomi	60.21499	23.86938		NEUTRAL	Aphyllophorales Fennoscandiae orientalis
lampaankääpä (fi) — Albatrellus ovinus	lampaankääpä (fi)	Muutama	2020-10-30	Oulu	Oulun Pohjanmaa (OP)	Suomi	65.092755	25.929469	Sure	NEUTRAL	The Atlas of Finnish Fungi
lampaankääpä (fi) — Albatrellus ovinus	lampaankääpä (fi)		2020-10-12	Helsinki	Uusimaa (U)	Suomi	60.190298	25.139501	Sure	NEUTRAL	The Atlas of Finnish Fungi
lampaankääpä (fi) — Albatrellus ovinus	lampaankääpä (fi)		2020-10-12	Vihti	Varsinais-Suomi (V)	Suomi	60.48906	24.47834		COMMUNITY_VERIFIED	iNaturalist Suomi Finland
lampaankääpä (fi) — Albatrellus ovinus	lampaankääpä (fi)	1	2020-10-02 - 2020-10-03	Kinnula	Pohjois-Häme (PH)	Suomi	63.311044	24.991711	Sure	NEUTRAL	The Atlas of Finnish Fungi
lampaankääpä (fi) — Albatrellus ovinus	lampaankääpä (fi)		2020-10-02	Mikkeli	Etelä-Savo (ES)	Suomi	61.70591	27.24838		NEUTRAL	iNaturalist Suomi Finland
lampaankääpä (fi) — Albatrellus ovinus	lampaankääpä (fi)		2020-10-01	Lapinjärvi, Loviisa, Myrskylä, Orimattila	Uusimaa (U)	Suomi	60.7	26.1		COMMUNITY_VERIFIED	iNaturalist Suomi Finland
lampaankääpä (fi) — Albatrellus ovinus	lampaankääpä (fi)	2	2020-09-22	Vaasa	Etelä-Pohjanmaa (EP)	Suomi	63.083028	22.06528	Sure	NEUTRAL	The Atlas of Finnish Fungi
lampaankääpä (fi) — Albatrellus ovinus	lampaankääpä (fi)		2020-09-20	Kitee	Pohjois-Karjala (PK)	Suomi	62.120149	29.918869	Sure	NEUTRAL	The Atlas of Finnish Fungi
lampaankääpä (fi) — Albatrellus ovinus	lampaankääpä (fi)		2020-09-20	Tammela	Etelä-Häme (EH)	Suomi	60.65793	23.88397		COMMUNITY_VERIFIED	iNaturalist Suomi Finland
lampaankääpä (fi) — Albatrellus ovinus	lampaankääpä (fi)	1	2020-09-19	Puolanka	Kainuu (Kn)	Suomi	65.15844	27.972378	Sure	NEUTRAL	The Atlas of Finnish Fungi
lampaankääpä (fi) — Albatrellus ovinus	lampaankääpä (fi)		2020-09-19	Kitee	Pohjois-Karjala (PK)	Suomi	62.176922	29.944663	Sure	NEUTRAL	The Atlas of Finnish Fungi
lampaankääpä (fi) — Albatrellus ovinus	lampaankääpä (fi)		2020-09-19	Tohmajärvi	Pohjois-Karjala (PK)	Suomi	62.184949	30.446039	Sure	NEUTRAL	The Atlas of Finnish Fungi
lampaankääpä (fi) — Albatrellus ovinus	lampaankääpä (fi)	7	2020-09-18	Kitee	Pohjois-Karjala (PK)	Suomi	62.087528	30.150191	Sure	NEUTRAL	The Atlas of Finnish Fungi
lampaankääpä (fi) — Albatrellus ovinus	lampaankääpä (fi)		2020-09-18	Iisalmi	Pohjois-Savo (PS)	Suomi	63.64365	27.24576		COMMUNITY_VERIFIED	iNaturalist Suomi Finland
lampaankääpä (fi) — Albatrellus ovinus	lampaankääpä (fi)		2020-09-16	Tuusula	Uusimaa (U)	Suomi	60.42484	25.07631		COMMUNITY_VERIFIED	iNaturalist Suomi Finland
lampaankääpä (fi) — Albatrellus ovinus	lampaankääpä (fi)		2020-09-14	Heinävesi	Pohjois-Savo (PS)	Suomi	62.446841	28.82799	Sure	NEUTRAL	The Atlas of Finnish Fungi
lampaankääpä (fi) — Albatrellus ovinus	lampaankääpä (fi)		2020-09-14	Sonkajärvi	Pohjois-Savo (PS)	Suomi	63.58389	27.90474		NEUTRAL	iNaturalist Suomi Finland
lampaankääpä (fi) — Albatrellus ovinus	lampaankääpä (fi)		2020-09-13	Kuopio	Pohjois-Savo (PS)	Suomi	62.83894	27.65721		COMMUNITY_VERIFIED	iNaturalist Suomi Finland
lampaankääpä (fi) — Albatrellus ovinus	lampaankääpä (fi)		2020-09-12	Kontiolahti	Pohjois-Karjala (PK)	Suomi	62.688461	29.790301	Sure	NEUTRAL	Notebook, general observations
lampaankääpä (fi) — Albatrellus ovinus	lampaankääpä (fi)	15	2020-09-12	Oulu	Oulun Pohjanmaa (OP)	Suomi	65.243	25.396	Sure	EXPERT_VERIFIED	The Atlas of Finnish Fungi
lampaankääpä (fi) — Albatrellus ovinus	lampaankääpä (fi)	muutama	2020-09-11	Vaasa	Etelä-Pohjanmaa (EP)	Suomi	63.102239	21.740484	Sure	NEUTRAL	The Atlas of Finnish Fungi
lampaankääpä (fi) — Albatrellus ovinus	lampaankääpä (fi)		2020-09-11	Mikkeli	Etelä-Savo (ES)	Suomi	61.70103	27.42406		COMMUNITY_VERIFIED	iNaturalist Suomi Finland
lampaankääpä (fi) — Albatrellus ovinus	lampaankääpä (fi)	7	2020-09-09	Kangasala, Pälkäne	Etelä-Häme (EH)	Suomi	61.415931	24.280836	Sure	NEUTRAL	The Atlas of Finnish Fungi
lampaankääpä (fi) — Albatrellus ovinus	lampaankääpä (fi)		2020-09-08	Siilinjärvi	Pohjois-Savo (PS)	Suomi	63.0031	27.54838		NEUTRAL	iNaturalist Suomi Finland
lampaankääpä (fi) — Albatrellus ovinus	lampaankääpä (fi)		2020-09-06	Järvenpää	Uusimaa (U)	Suomi	60.479126	25.151044	Sure	NEUTRAL	The Atlas of Finnish Fungi
lampaankääpä (fi) — Albatrellus ovinus	lampaankääpä (fi)		2020-09-06	Kuopio	Pohjois-Savo (PS)	Suomi	62.92691	28.09237		COMMUNITY_VERIFIED	iNaturalist Suomi Finland
lampaankääpä (fi) — Albatrellus ovinus	lampaankääpä (fi)		2020-09-06	Laukaa	Pohjois-Häme (PH)	Suomi	62.3457	25.89922		COMMUNITY_VERIFIED	iNaturalist Suomi Finland
lampaankääpä (fi) — Albatrellus ovinus	lampaankääpä (fi)	Kymmenittäin	2020-09-05	Riihimäki	Etelä-Häme (EH)	Suomi	60.721357	24.804692	Sure	EXPERT_VERIFIED	The Atlas of Finnish Fungi
lampaankääpä (fi) — Albatrellus ovinus	lampaankääpä (fi)	8	2020-09-05	Riihimäki	Etelä-Häme (EH)	Suomi	60.72286	24.812046	Sure	NEUTRAL	The Atlas of Finnish Fungi
lampaankääpä (fi) — Albatrellus ovinus	lampaankääpä (fi)		2020-08-31	Hankasalmi	Pohjois-Häme (PH)	Suomi	62.319253	26.322134	Sure	EXPERT_VERIFIED	The Atlas of Finnish Fungi
lampaankääpä (fi) — Albatrellus ovinus	lampaankääpä (fi)	Kymmeniä	2020-08-31	Oulu	Oulun Pohjanmaa (OP)	Suomi	65.223093	25.416404	Sure	NEUTRAL	The Atlas of Finnish Fungi
lampaankääpä (fi) — Albatrellus ovinus	lampaankääpä (fi)		2020-08-31	Jyväskylä	Pohjois-Häme (PH)	Suomi	62.22397	25.68503		NEUTRAL	iNaturalist Suomi Finland
lampaankääpä (fi) — Albatrellus ovinus	lampaankääpä (fi)		2020-08-30	Vehmaa	Varsinais-Suomi (V)	Suomi	60.74542	21.75615		COMMUNITY_VERIFIED	iNaturalist Suomi Finland
lampaankääpä (fi) — Albatrellus ovinus	lampaankääpä (fi)	jnkv	2020-08-30	Rovaniemi	Perä-Pohjanmaa (PeP)	Suomi	66.268878	25.380755	Sure	EXPERT_VERIFIED	The Atlas of Finnish Fungi
lampaankääpä (fi) — Albatrellus ovinus	lampaankääpä (fi)		2020-08-29	Masku, Naantali, Nousiainen, Raisio, Rusko, Turku	Varsinais-Suomi (V)	Suomi	60.5	22.1		COMMUNITY_VERIFIED	iNaturalist Suomi Finland
lampaankääpä (fi) — Albatrellus ovinus	lampaankääpä (fi)		2020-08-29	Sipoo	Uusimaa (U)	Suomi	60.46658	25.190077	Sure	NEUTRAL	The Atlas of Finnish Fungi
lampaankääpä (fi) — Albatrellus ovinus	lampaankääpä (fi)		2020-08-29	Iitti	Etelä-Häme (EH)	Suomi	60.91688	26.29149		NEUTRAL	iNaturalist Suomi Finland
lampaankääpä (fi) — Albatrellus ovinus	lampaankääpä (fi)		2020-08-28	Jyväskylä	Pohjois-Häme (PH)	Suomi	62.262842	25.698183	Sure	EXPERT_VERIFIED	The Atlas of Finnish Fungi
lampaankääpä (fi) — Albatrellus ovinus	lampaankääpä (fi)		2020-08-28	Kurikka	Etelä-Pohjanmaa (EP)	Suomi	62.67931	21.96223		COMMUNITY_VERIFIED	iNaturalist Suomi Finland
lampaankääpä (fi) — Albatrellus ovinus	lampaankääpä (fi)		2020-08-26	Vihti	Varsinais-Suomi (V)	Suomi	60.524964	24.470068	Sure	EXPERT_VERIFIED	The Atlas of Finnish Fungi
lampaankääpä (fi) — Albatrellus ovinus	lampaankääpä (fi)	15	2020-08-25	Ruovesi	Etelä-Häme (EH)	Suomi	62.051037	23.950376	Sure	EXPERT_VERIFIED	The Atlas of Finnish Fungi
lampaankääpä (fi) — Albatrellus ovinus	lampaankääpä (fi)		2020-08-25	Kouvola	Etelä-Savo (ES)	Suomi	60.86166	26.74386		NEUTRAL	iNaturalist Suomi Finland
lampaankääpä (fi) — Albatrellus ovinus	lampaankääpä (fi)		2020-08-23	Helsinki	Uusimaa (U)	Suomi	60.234972	25.182063	Sure	NEUTRAL	The Atlas of Finnish Fungi
lampaankääpä (fi) — Albatrellus ovinus	lampaankääpä (fi)		2020-08-23	Sastamala	Satakunta (St)	Suomi	61.4181	22.64263		COMMUNITY_VERIFIED	iNaturalist Suomi Finland
lampaankääpä (fi) — Albatrellus ovinus	lampaankääpä (fi)		2020-08-23	Sastamala	Satakunta (St)	Suomi	61.41876	22.64094		NEUTRAL	iNaturalist Suomi Finland
lampaankääpä (fi) — Albatrellus ovinus	lampaankääpä (fi)		2020-08-22	Nurmijärvi	Uusimaa (U)	Suomi	60.40496	24.75872		COMMUNITY_VERIFIED	iNaturalist Suomi Finland
lampaankääpä (fi) — Albatrellus ovinus	lampaankääpä (fi)		2020-08-22	Loviisa	Uusimaa (U)	Suomi	60.52285	25.96753		NEUTRAL	iNaturalist Suomi Finland
lampaankääpä (fi) — Albatrellus ovinus	lampaankääpä (fi)		2020-08-21	Leppävirta	Pohjois-Savo (PS)	Suomi	62.478546	27.815244	Sure	EXPERT_VERIFIED	The Atlas of Finnish Fungi
lampaankääpä (fi) — Albatrellus ovinus	lampaankääpä (fi)		2020-08-20	Pyhtää	Uusimaa (U)	Suomi	60.593339	26.622286	Sure	EXPERT_VERIFIED	The Atlas of Finnish Fungi
lampaankääpä (fi) — Albatrellus ovinus	lampaankääpä (fi)		2020-08-20	Lahti	Etelä-Häme (EH)	Suomi	60.98541	25.55283		COMMUNITY_VERIFIED	iNaturalist Suomi Finland
lampaankääpä (fi) — Albatrellus ovinus	lampaankääpä (fi)		2020-08-19	Kontiolahti	Pohjois-Karjala (PK)	Suomi	62.68828	29.63732		COMMUNITY_VERIFIED	iNaturalist Suomi Finland
lampaankääpä (fi) — Albatrellus ovinus	lampaankääpä (fi)		2020-08-19	Helsinki	Uusimaa (U)	Suomi	60.23574	25.142		COMMUNITY_VERIFIED	iNaturalist Suomi Finland
lampaankääpä (fi) — Albatrellus ovinus	lampaankääpä (fi)	2	2020-08-18	Jyväskylä	Pohjois-Häme (PH)	Suomi	62.26933	25.876578	Sure	EXPERT_VERIFIED	The Atlas of Finnish Fungi
lampaankääpä (fi) — Albatrellus ovinus	lampaankääpä (fi)		2020-08-18	Kuopio	Pohjois-Savo (PS)	Suomi	62.86997	27.67087		COMMUNITY_VERIFIED	iNaturalist Suomi Finland
lampaankääpä (fi) — Albatrellus ovinus	lampaankääpä (fi)		2020-08-18	Kirkkonummi	Uusimaa (U)	Suomi	60.27114	24.44738		COMMUNITY_VERIFIED	iNaturalist Suomi Finland
lampaankääpä (fi) — Albatrellus ovinus	lampaankääpä (fi)		2020-08-16	Helsinki	Uusimaa (U)	Suomi	60.20672	24.913006	Sure	EXPERT_VERIFIED	The Atlas of Finnish Fungi
lampaankääpä (fi) — Albatrellus ovinus	lampaankääpä (fi)	Muutamia 5-10 esiintymiä havaintoalueella	2020-08-15	Vihti	Varsinais-Suomi (V)	Suomi	60.532473	24.500693	Sure	EXPERT_VERIFIED	The Atlas of Finnish Fungi
lampaankääpä (fi) — Albatrellus ovinus	lampaankääpä (fi)		2020-08-15	Joensuu	Pohjois-Karjala (PK)	Suomi	62.5822	29.72807		COMMUNITY_VERIFIED	iNaturalist Suomi Finland
lampaankääpä (fi) — Albatrellus ovinus	lampaankääpä (fi)	10	2020-08-13	Jyväskylä	Pohjois-Häme (PH)	Suomi	62.264154	25.690881	Sure	EXPERT_VERIFIED	The Atlas of Finnish Fungi
lampaankääpä (fi) — Albatrellus ovinus	lampaankääpä (fi)		2020-08-13	Kirkkonummi	Uusimaa (U)	Suomi	60.157979	24.3869	Sure	EXPERT_VERIFIED	The Atlas of Finnish Fungi
lampaankääpä (fi) — Albatrellus ovinus	lampaankääpä (fi)		2020-08-12	Pieksämäki	Pohjois-Savo (PS)	Suomi	62.249853	27.47778	Sure	NEUTRAL	Notebook, general observations
lampaankääpä (fi) — Albatrellus ovinus	lampaankääpä (fi)		2020-08-12	Pieksämäki	Pohjois-Savo (PS)	Suomi	62.249853	27.47778	Sure	NEUTRAL	Notebook, general observations
lampaankääpä (fi) — Albatrellus ovinus	lampaankääpä (fi)		2020-08-12	Inkoo, Raasepori	Uusimaa (U)	Suomi	59.965481	23.684088	Sure	NEUTRAL	The Atlas of Finnish Fungi
lampaankääpä (fi) — Albatrellus ovinus	lampaankääpä (fi)		2020-08-12	Inkoo, Raasepori	Uusimaa (U)	Suomi	59.965481	23.684088	Sure	NEUTRAL	The Atlas of Finnish Fungi
lampaankääpä (fi) — Albatrellus ovinus	lampaankääpä (fi)		2020-08-11	Kouvola	Etelä-Savo (ES)	Suomi	61.15832	26.85718		COMMUNITY_VERIFIED	iNaturalist Suomi Finland
lampaankääpä (fi) — Albatrellus ovinus	lampaankääpä (fi)		2020-08-11	Kouvola	Etelä-Savo (ES)	Suomi	61.15876	26.85664		COMMUNITY_VERIFIED	iNaturalist Suomi Finland
lampaankääpä (fi) — Albatrellus ovinus	lampaankääpä (fi)		2020-08-11	Kouvola	Etelä-Savo (ES)	Suomi	61.15868	26.85673		COMMUNITY_VERIFIED	iNaturalist Suomi Finland
lampaankääpä (fi) — Albatrellus ovinus	lampaankääpä (fi)		2020-08-11	Laukaa	Pohjois-Häme (PH)	Suomi	62.448006	25.927059	Sure	EXPERT_VERIFIED	The Atlas of Finnish Fungi
lampaankääpä (fi) — Albatrellus ovinus	lampaankääpä (fi)	runsas	2020-08-11	Jyväskylä	Etelä-Häme (EH)	Suomi	61.933012	25.702273	Sure	NEUTRAL	Notebook, general observations
lampaankääpä (fi) — Albatrellus ovinus	lampaankääpä (fi)		2020-08-10	Rovaniemi	Perä-Pohjanmaa (PeP)	Suomi	66.34478	26.670842	Sure	NEUTRAL	The Atlas of Finnish Fungi
lampaankääpä (fi) — Albatrellus ovinus	lampaankääpä (fi)		2020-08-09	Hämeenlinna	Etelä-Häme (EH)	Suomi	61.07324	25.10907		NEUTRAL	iNaturalist Suomi Finland
lampaankääpä (fi) — Albatrellus ovinus	lampaankääpä (fi)		2020-08-09	Inkoo	Uusimaa (U)	Suomi	60.04588	24.00458		COMMUNITY_VERIFIED	iNaturalist Suomi Finland
lampaankääpä (fi) — Albatrellus ovinus	lampaankääpä (fi)		2020-08-08	Sipoo	Uusimaa (U)	Suomi	60.35531	25.19616		COMMUNITY_VERIFIED	iNaturalist Suomi Finland
lampaankääpä (fi) — Albatrellus ovinus	lampaankääpä (fi)	1	2020-08-08	Kaarina	Varsinais-Suomi (V)	Suomi	60.403156	22.449522	Sure	EXPERT_VERIFIED	The Atlas of Finnish Fungi
lampaankääpä (fi) — Albatrellus ovinus	lampaankääpä (fi)	20	2020-08-08	Ylitornio	Perä-Pohjanmaa (PeP)	Suomi	66.248525	23.781448	Sure	EXPERT_VERIFIED	The Atlas of Finnish Fungi
lampaankääpä (fi) — Albatrellus ovinus	lampaankääpä (fi)		2020-08-08	Laukaa	Pohjois-Häme (PH)	Suomi	62.29337	26.1311		COMMUNITY_VERIFIED	iNaturalist Suomi Finland
lampaankääpä (fi) — Albatrellus ovinus	lampaankääpä (fi)		2020-08-06	Porvoo	Uusimaa (U)	Suomi	60.355639	25.723464	Sure	NEUTRAL	The Atlas of Finnish Fungi
lampaankääpä (fi) — Albatrellus ovinus	lampaankääpä (fi)	4	2020-08-03	Pello	Perä-Pohjanmaa (PeP)	Suomi	66.768258	23.948644		NEUTRAL	Löydös Open Finnish Observation Database
lampaankääpä (fi) — Albatrellus ovinus	lampaankääpä (fi)		2020-08-02	Vesilahti	Etelä-Häme (EH)	Suomi	61.340155	23.553066	Sure	NEUTRAL	The Atlas of Finnish Fungi
lampaankääpä (fi) — Albatrellus ovinus	lampaankääpä (fi)	esiintymä	2020-08-02	Ylöjärvi	Etelä-Häme (EH)	Suomi	61.548178	23.542522	Sure	NEUTRAL	The Atlas of Finnish Fungi
lampaankääpä (fi) — Albatrellus ovinus	lampaankääpä (fi)		2020-08-02	Hämeenlinna	Etelä-Häme (EH)	Suomi	61.02309	24.47595		NEUTRAL	iNaturalist Suomi Finland
lampaankääpä (fi) — Albatrellus ovinus	lampaankääpä (fi)		2020-08-01	Vihti	Varsinais-Suomi (V)	Suomi	60.36291	24.483474	Sure	EXPERT_VERIFIED	The Atlas of Finnish Fungi
lampaankääpä (fi) — Albatrellus ovinus	lampaankääpä (fi)		2020-07-31	Hausjärvi	Etelä-Häme (EH)	Suomi	60.81882	24.77529		NEUTRAL	iNaturalist Suomi Finland
lampaankääpä (fi) — Albatrellus ovinus	lampaankääpä (fi)		2020-07-30	Karkkila	Varsinais-Suomi (V)	Suomi	60.535796	24.396318	Sure	EXPERT_VERIFIED	The Atlas of Finnish Fungi
lampaankääpä (fi) — Albatrellus ovinus	lampaankääpä (fi)		2020-07-25	Sastamala	Satakunta (St)	Suomi	61.47871	22.53306		COMMUNITY_VERIFIED	iNaturalist Suomi Finland
lampaankääpä (fi) — Albatrellus ovinus	lampaankääpä (fi)		2020-07-23	Sastamala	Satakunta (St)	Suomi	61.39687	22.61312		NEUTRAL	iNaturalist Suomi Finland
lampaankääpä (fi) — Albatrellus ovinus	lampaankääpä (fi)	5	2019-10-13	Jyväskylä	Pohjois-Häme (PH)	Suomi	62.284183	25.636579	Sure	NEUTRAL	The Atlas of Finnish Fungi
lampaankääpä (fi) — Albatrellus ovinus	lampaankääpä (fi)		2019-10-13	Lohja	Varsinais-Suomi (V)	Suomi	60.242604	23.808149		NEUTRAL	LajiGIS: Species mapping and surveys
lampaankääpä (fi) — Albatrellus ovinus	lampaankääpä (fi)		2019-10-12	Jyväskylä	Etelä-Häme (EH)	Suomi	61.933916	25.710771	Sure	NEUTRAL	Notebook, general observations
lampaankääpä (fi) — Albatrellus ovinus	lampaankääpä (fi)		2019-10-11	Sysmä	Etelä-Häme (EH)	Suomi	61.483359	25.586778	Sure	NEUTRAL	The Atlas of Finnish Fungi
lampaankääpä (fi) — Albatrellus ovinus	lampaankääpä (fi)		2019-10-10	Sysmä	Etelä-Häme (EH)	Suomi	61.42379	25.705909	Sure	NEUTRAL	The Atlas of Finnish Fungi
lampaankääpä (fi) — Albatrellus ovinus	lampaankääpä (fi)	1	2019-10-09	Jyväskylä	Pohjois-Häme (PH)	Suomi	62.188609	25.877348	Sure	NEUTRAL	The Atlas of Finnish Fungi
lampaankääpä (fi) — Albatrellus ovinus	lampaankääpä (fi)		2019-10-05	Asikkala	Etelä-Häme (EH)	Suomi	61.169428	25.868662	Sure	NEUTRAL	Notebook, general observations
lampaankääpä (fi) — Albatrellus ovinus	lampaankääpä (fi)		2019-10-05	Asikkala	Etelä-Häme (EH)	Suomi	61.169428	25.868662	Sure	NEUTRAL	Notebook, general observations
lampaankääpä (fi) — Albatrellus ovinus	lampaankääpä (fi)	runsaasti	2019-09-28	Janakkala	Etelä-Häme (EH)	Suomi	60.828301	24.584332	Sure	NEUTRAL	Notebook, general observations
lampaankääpä (fi) — Albatrellus ovinus	lampaankääpä (fi)		2019-09-27	Lohja	Varsinais-Suomi (V)	Suomi	60.197891	23.664211		NEUTRAL	LajiGIS: Species mapping and surveys
lampaankääpä (fi) — Albatrellus ovinus	lampaankääpä (fi)		2019-09-26	Lohja	Varsinais-Suomi (V)	Suomi	60.261112	23.829801		NEUTRAL	LajiGIS: Species mapping and surveys
lampaankääpä (fi) — Albatrellus ovinus	lampaankääpä (fi)	muutama	2019-09-24	Jyväskylä	Pohjois-Häme (PH)	Suomi	62.2556	25.669086	Sure	NEUTRAL	Notebook, general observations
lampaankääpä (fi) — Albatrellus ovinus	lampaankääpä (fi)	Kymmeniä	2019-09-22	Oulu	Oulun Pohjanmaa (OP)	Suomi	65.131231	25.914376	Sure	NEUTRAL	The Atlas of Finnish Fungi
lampaankääpä (fi) — Albatrellus ovinus	lampaankääpä (fi)	3	2019-09-21	Kurikka	Etelä-Pohjanmaa (EP)	Suomi	62.744176	22.182683	Sure	NEUTRAL	The Atlas of Finnish Fungi
lampaankääpä (fi) — Albatrellus ovinus	lampaankääpä (fi)		2019-09-21	Kuopio	Pohjois-Savo (PS)	Suomi	62.877887	27.487955	Sure	NEUTRAL	Notebook, general observations
lampaankääpä (fi) — Albatrellus ovinus	lampaankääpä (fi)	runsas	2019-09-20	Jyväskylä	Pohjois-Häme (PH)	Suomi	62.253022	25.682648	Sure	NEUTRAL	Notebook, general observations
lampaankääpä (fi) — Albatrellus ovinus	lampaankääpä (fi)		2019-09-20	Lohja	Varsinais-Suomi (V)	Suomi	60.205652	23.70159		NEUTRAL	LajiGIS: Species mapping and surveys
lampaankääpä (fi) — Albatrellus ovinus	lampaankääpä (fi)	yksi iso ryhmä	2019-09-17	Jyväskylä	Pohjois-Häme (PH)	Suomi	62.261094	25.70113	Sure	NEUTRAL	Notebook, general observations
lampaankääpä (fi) — Albatrellus ovinus	lampaankääpä (fi)		2019-09-13 [9:00-14:00]	Helsinki, Vantaa	Uusimaa (U)	Suomi	60.275456	25.161291	Sure	NEUTRAL	Notebook, general observations
lampaankääpä (fi) — Albatrellus ovinus	lampaankääpä (fi)		2019-09-12	Kirkkonummi	Uusimaa (U)	Suomi	60.102754	24.351658	Sure	NEUTRAL	Notebook, general observations
lampaankääpä (fi) — Albatrellus ovinus	lampaankääpä (fi)		2019-09-12	Lohja	Varsinais-Suomi (V)	Suomi	60.241293	23.798119		NEUTRAL	LajiGIS: Species mapping and surveys
lampaankääpä (fi) — Albatrellus ovinus	lampaankääpä (fi)		2019-09-11	Kirkkonummi	Uusimaa (U)	Suomi	60.27473	24.45459		COMMUNITY_VERIFIED	iNaturalist Suomi Finland
lampaankääpä (fi) — Albatrellus ovinus	lampaankääpä (fi)	kymmenkunta	2019-08-31	Salo	Varsinais-Suomi (V)	Suomi	60.47354	23.088231	Sure	EXPERT_VERIFIED	The Atlas of Finnish Fungi
lampaankääpä (fi) — Albatrellus ovinus	lampaankääpä (fi)	1	2019-08-12 [17:45-20:20]	Somero	Etelä-Häme (EH)	Suomi	60.666583	23.602049	Sure	NEUTRAL	Notebook, general observations
lampaankääpä (fi) — Albatrellus ovinus	lampaankääpä (fi)		2019-08-08	Viitasaari	Pohjois-Häme (PH)	Suomi	63.09417	25.86945		NEUTRAL	iNaturalist Suomi Finland
lampaankääpä (fi) — Albatrellus ovinus	lampaankääpä (fi)		2019-08-05	Vihti	Varsinais-Suomi (V)	Suomi	60.325163	24.51336	Sure	NEUTRAL	The Atlas of Finnish Fungi
lampaankääpä (fi) — Albatrellus ovinus	lampaankääpä (fi)		2019-08-03	Sipoo	Uusimaa (U)	Suomi	60.294937	25.196152	Sure	NEUTRAL	The Atlas of Finnish Fungi
lampaankääpä (fi) — Albatrellus ovinus	lampaankääpä (fi)		2019-08-01	Helsinki	Uusimaa (U)	Suomi	60.28757	25.213136	Sure	NEUTRAL	The Atlas of Finnish Fungi
lampaankääpä (fi) — Albatrellus ovinus	lampaankääpä (fi)	1	2019-06-21	Kirkkonummi	Uusimaa (U)	Suomi	60.273683	24.467323	Sure	NEUTRAL	The Atlas of Finnish Fungi
lampaankääpä (fi) — Albatrellus ovinus	lampaankääpä (fi)		2018-10-14	Mikkeli	Etelä-Savo (ES)	Suomi	61.696545	27.418863	Sure	NEUTRAL	The Atlas of Finnish Fungi
lampaankääpä (fi) — Albatrellus ovinus	lampaankääpä (fi)		2018-10-10	Mikkeli	Etelä-Savo (ES)	Suomi	61.669142	27.378297	Sure	NEUTRAL	The Atlas of Finnish Fungi
lampaankääpä (fi) — Albatrellus ovinus	lampaankääpä (fi)		2018-10-06	Padasjoki	Etelä-Häme (EH)	Suomi	61.30389	24.94972		COMMUNITY_VERIFIED	iNaturalist Suomi Finland
lampaankääpä (fi) — Albatrellus ovinus	lampaankääpä (fi)		2018-10-05	Mikkeli	Etelä-Savo (ES)	Suomi	61.700975	27.423299	Sure	NEUTRAL	The Atlas of Finnish Fungi
lampaankääpä (fi) — Albatrellus ovinus	lampaankääpä (fi)		2018-10-04	Salo	Varsinais-Suomi (V)	Suomi	60.313952	23.567693		NEUTRAL	LajiGIS: Species mapping and surveys
lampaankääpä (fi) — Albatrellus ovinus	lampaankääpä (fi)		2018-09-30	Helsinki	Uusimaa (U)	Suomi	60.28791	25.214149	Sure	NEUTRAL	The Atlas of Finnish Fungi
lampaankääpä (fi) — Albatrellus ovinus	lampaankääpä (fi)		2018-09-30	Lohja	Varsinais-Suomi (V)	Suomi	60.24138	23.79603		COMMUNITY_VERIFIED	iNaturalist Suomi Finland
lampaankääpä (fi) — Albatrellus ovinus	lampaankääpä (fi)		2018-09-28	Helsinki	Uusimaa (U)	Suomi	60.257992	24.922738	Sure	NEUTRAL	The Atlas of Finnish Fungi
lampaankääpä (fi) — Albatrellus ovinus	lampaankääpä (fi)		2018-09-23	Tammela	Etelä-Häme (EH)	Suomi	60.657234	23.893757	Sure	NEUTRAL	The Atlas of Finnish Fungi
lampaankääpä (fi) — Albatrellus ovinus	lampaankääpä (fi)		2018-09-23	Raasepori	Varsinais-Suomi (V)	Suomi	60.014443	23.096749		NEUTRAL	LajiGIS: Species mapping and surveys
lampaankääpä (fi) — Albatrellus ovinus	lampaankääpä (fi)		2018-09-23	Hartola, Sysmä	Etelä-Häme (EH)	Suomi	61.618573	25.959908	Sure	NEUTRAL	The Atlas of Finnish Fungi
lampaankääpä (fi) — Albatrellus ovinus	lampaankääpä (fi)		2018-09-22	Liperi	Pohjois-Karjala (PK)	Suomi	62.663278	29.558078	Sure	NEUTRAL	The Atlas of Finnish Fungi
lampaankääpä (fi) — Albatrellus ovinus	lampaankääpä (fi)	6	2018-09-21	Tammela	Etelä-Häme (EH)	Suomi	60.777417	23.842865	Sure	NEUTRAL	The Atlas of Finnish Fungi
lampaankääpä (fi) — Albatrellus ovinus	lampaankääpä (fi)		2018-09-21	Porvoo	Uusimaa (U)	Suomi	60.37763	25.740602	Sure	EXPERT_VERIFIED	The Atlas of Finnish Fungi
lampaankääpä (fi) — Albatrellus ovinus	lampaankääpä (fi)	1	2018-09-21	Tammela	Etelä-Häme (EH)	Suomi	60.77566	23.836492	Sure	NEUTRAL	The Atlas of Finnish Fungi
lampaankääpä (fi) — Albatrellus ovinus	lampaankääpä (fi)		2018-09-20	Tammela	Etelä-Häme (EH)	Suomi	60.702372	23.926247	Sure	NEUTRAL	The Atlas of Finnish Fungi
lampaankääpä (fi) — Albatrellus ovinus	lampaankääpä (fi)		2018-09-19	Helsinki	Uusimaa (U)	Suomi	60.2289	24.984203	Sure	NEUTRAL	The Atlas of Finnish Fungi
lampaankääpä (fi) — Albatrellus ovinus	lampaankääpä (fi)		2018-09-17	Kirkkonummi	Uusimaa (U)	Suomi	60.151489	24.351616	Sure	NEUTRAL	The Atlas of Finnish Fungi
lampaankääpä (fi) — Albatrellus ovinus	lampaankääpä (fi)	40	2018-09-16	Pori	Satakunta (St)	Suomi	61.592361	21.900355	Sure	NEUTRAL	The Atlas of Finnish Fungi
lampaankääpä (fi) — Albatrellus ovinus	lampaankääpä (fi)		2018-09-14	Sipoo	Uusimaa (U)	Suomi	60.419264	25.208997	Sure	NEUTRAL	The Atlas of Finnish Fungi
lampaankääpä (fi) — Albatrellus ovinus	lampaankääpä (fi)		2018-09-14	Vantaa	Uusimaa (U)	Suomi	60.31094	25.11135		COMMUNITY_VERIFIED	iNaturalist Suomi Finland
lampaankääpä (fi) — Albatrellus ovinus	lampaankääpä (fi)		2018-09-14	Hämeenlinna	Etelä-Häme (EH)	Suomi	61.02335	24.45155		NEUTRAL	iNaturalist Suomi Finland
lampaankääpä (fi) — Albatrellus ovinus	lampaankääpä (fi)	50+	2018-09-13	Lapua	Etelä-Pohjanmaa (EP)	Suomi	62.954343	22.942859	Sure	NEUTRAL	The Atlas of Finnish Fungi
lampaankääpä (fi) — Albatrellus ovinus	lampaankääpä (fi)	20	2018-09-12	Loviisa	Uusimaa (U)	Suomi	60.388659	26.008036	Sure	NEUTRAL	The Atlas of Finnish Fungi
lampaankääpä (fi) — Albatrellus ovinus	lampaankääpä (fi)	paljon	2018-09-11 - 2018-09-13	Hausjärvi	Etelä-Häme (EH)	Suomi	60.670231	24.914988	Sure	NEUTRAL	The Atlas of Finnish Fungi
lampaankääpä (fi) — Albatrellus ovinus	lampaankääpä (fi)		2018-09-10	Kirkkonummi	Uusimaa (U)	Suomi	60.272169	24.502811	Sure	NEUTRAL	The Atlas of Finnish Fungi
lampaankääpä (fi) — Albatrellus ovinus	lampaankääpä (fi)	30	2018-09-09	Orimattila	Uusimaa (U)	Suomi	60.837656	25.792916	Sure	NEUTRAL	The Atlas of Finnish Fungi
lampaankääpä (fi) — Albatrellus ovinus	lampaankääpä (fi)		2018-09-08	Sastamala	Satakunta (St)	Suomi	61.419154	22.640713	Sure	NEUTRAL	Notebook, general observations
lampaankääpä (fi) — Albatrellus ovinus	lampaankääpä (fi)		2018-09-08	Espoo	Uusimaa (U)	Suomi	60.31192	24.57604		COMMUNITY_VERIFIED	iNaturalist Suomi Finland
lampaankääpä (fi) — Albatrellus ovinus	lampaankääpä (fi)		2018-09-07	Heinävesi	Pohjois-Savo (PS)	Suomi	62.45007	28.77204	Sure	NEUTRAL	The Atlas of Finnish Fungi
lampaankääpä (fi) — Albatrellus ovinus	lampaankääpä (fi)	13	2018-09-06 [17:00-20:30]	Tammela	Etelä-Häme (EH)	Suomi	60.774012	23.851829	Sure	NEUTRAL	Notebook, general observations
lampaankääpä (fi) — Albatrellus ovinus	lampaankääpä (fi)		2018-09-05	Rovaniemi	Perä-Pohjanmaa (PeP)	Suomi	66.499304	25.791353	Sure	NEUTRAL	The Atlas of Finnish Fungi
lampaankääpä (fi) — Albatrellus ovinus	lampaankääpä (fi)		2018-09-01	Ylöjärvi	Satakunta (St)	Suomi	61.672735	23.299029	Sure	NEUTRAL	The Atlas of Finnish Fungi
lampaankääpä (fi) — Albatrellus ovinus	lampaankääpä (fi)	10-15	2018-08-31	Kouvola	Etelä-Häme (EH)	Suomi	60.904354	26.720474	Sure	NEUTRAL	The Atlas of Finnish Fungi
lampaankääpä (fi) — Albatrellus ovinus	lampaankääpä (fi)	10-15	2018-08-30	Kouvola	Etelä-Savo (ES)	Suomi	60.81461	26.721258	Sure	NEUTRAL	The Atlas of Finnish Fungi
lampaankääpä (fi) — Albatrellus ovinus	lampaankääpä (fi)	useita	2018-08-29	Porvoo	Uusimaa (U)	Suomi	60.420727	25.762933	Sure	NEUTRAL	The Atlas of Finnish Fungi
lampaankääpä (fi) — Albatrellus ovinus	lampaankääpä (fi)		2018-08-27	Puolanka	Kainuu (Kn)	Suomi	64.781459	27.840091	Sure	NEUTRAL	The Atlas of Finnish Fungi
lampaankääpä (fi) — Albatrellus ovinus	lampaankääpä (fi)		2018-08-27 [17:30-18:30]	Nurmijärvi	Uusimaa (U)	Suomi	60.500653	24.915092	Sure	NEUTRAL	Notebook, general observations
lampaankääpä (fi) — Albatrellus ovinus	lampaankääpä (fi)	7	2018-08-22	Hämeenkyrö	Satakunta (St)	Suomi	61.665722	23.285237	Sure	NEUTRAL	The Atlas of Finnish Fungi
lampaankääpä (fi) — Albatrellus ovinus	lampaankääpä (fi)	n5	2018-07-25 [20:23]	Somero	Etelä-Häme (EH)	Suomi	60.66544	23.59934	Sure	NEUTRAL	Notebook, general observations
lampaankääpä (fi) — Albatrellus ovinus	lampaankääpä (fi)		2017-10-17	Lohja	Varsinais-Suomi (V)	Suomi	60.227311	23.864425		NEUTRAL	LajiGIS: Species mapping and surveys
lampaankääpä (fi) — Albatrellus ovinus	lampaankääpä (fi)		2017-10-01 [18:00]	Kokemäki, Sastamala	Satakunta (St)	Suomi	61.461371	22.587169	Sure	NEUTRAL	The Atlas of Finnish Fungi
lampaankääpä (fi) — Albatrellus ovinus	lampaankääpä (fi)		2017-10-01 [18:00]	Sastamala	Satakunta (St)	Suomi	61.467309	22.774197	Sure	NEUTRAL	The Atlas of Finnish Fungi
lampaankääpä (fi) — Albatrellus ovinus	lampaankääpä (fi)	yksi	2017-09-29	Rovaniemi	Perä-Pohjanmaa (PeP)	Suomi	66.58594	25.68409	Sure	NEUTRAL	The Atlas of Finnish Fungi
lampaankääpä (fi) — Albatrellus ovinus	lampaankääpä (fi)		2017-09-25	Mikkeli	Etelä-Savo (ES)	Suomi	61.698152	27.424581	Sure	NEUTRAL	The Atlas of Finnish Fungi
lampaankääpä (fi) — Albatrellus ovinus	lampaankääpä (fi)		2017-09-24	Espoo	Uusimaa (U)	Suomi	60.325568	24.688202	Sure	NEUTRAL	The Atlas of Finnish Fungi
lampaankääpä (fi) — Albatrellus ovinus	lampaankääpä (fi)		2017-09-23	Kokemäki, Sastamala	Satakunta (St)	Suomi	61.461371	22.587169	Sure	NEUTRAL	The Atlas of Finnish Fungi
lampaankääpä (fi) — Albatrellus ovinus	lampaankääpä (fi)		2017-09-23	Suomussalmi	Kainuu (Kn)	Suomi	65.145443	28.977519	Sure	NEUTRAL	The Atlas of Finnish Fungi
lampaankääpä (fi) — Albatrellus ovinus	lampaankääpä (fi)		2017-09-23	Kokemäki, Sastamala	Satakunta (St)	Suomi	61.371899	22.599805	Sure	NEUTRAL	The Atlas of Finnish Fungi
lampaankääpä (fi) — Albatrellus ovinus	lampaankääpä (fi)	20	2017-09-23	Ylitornio	Perä-Pohjanmaa (PeP)	Suomi	66.313875	23.702974	Sure	NEUTRAL	The Atlas of Finnish Fungi
lampaankääpä (fi) — Albatrellus ovinus	lampaankääpä (fi)	2	2017-09-21	Hattula, Hämeenlinna	Etelä-Häme (EH)	Suomi	60.967727	24.319215	Sure	NEUTRAL	The Atlas of Finnish Fungi
lampaankääpä (fi) — Albatrellus ovinus	lampaankääpä (fi)	useita	2017-09-21	Hankasalmi	Pohjois-Häme (PH)	Suomi	62.320349	26.322113	Sure	NEUTRAL	The Atlas of Finnish Fungi
lampaankääpä (fi) — Albatrellus ovinus	lampaankääpä (fi)	runsas	2017-09-16	Raisio	Varsinais-Suomi (V)	Suomi	60.458498	22.090064	Sure	NEUTRAL	The Atlas of Finnish Fungi
lampaankääpä (fi) — Albatrellus ovinus	lampaankääpä (fi)	Runsas	2017-09-13	Nokia	Etelä-Häme (EH)	Suomi	61.495973	23.557621	Sure	NEUTRAL	The Atlas of Finnish Fungi
lampaankääpä (fi) — Albatrellus ovinus	lampaankääpä (fi)	Todella runsas	2017-09-12	Ylöjärvi	Etelä-Häme (EH)	Suomi	61.547061	23.545932	Sure	NEUTRAL	The Atlas of Finnish Fungi
lampaankääpä (fi) — Albatrellus ovinus	lampaankääpä (fi)	n3	2017-09-12 [15:57] - 2017-09-13 [19:24]	Somero	Etelä-Häme (EH)	Suomi	60.664104	23.614015	Sure	NEUTRAL	Hatikka.fi observations
lampaankääpä (fi) — Albatrellus ovinus	lampaankääpä (fi)	5	2017-09-11	Hämeenlinna, Pälkäne	Etelä-Häme (EH)	Suomi	61.240238	24.48236	Sure	NEUTRAL	The Atlas of Finnish Fungi
lampaankääpä (fi) — Albatrellus ovinus	lampaankääpä (fi)	useita	2017-09-11	Salo	Varsinais-Suomi (V)	Suomi	60.473542	23.088255	Sure	NEUTRAL	The Atlas of Finnish Fungi
lampaankääpä (fi) — Albatrellus ovinus	lampaankääpä (fi)	10	2017-09-11	Raisio	Varsinais-Suomi (V)	Suomi	60.497916	22.20841		NEUTRAL	Hatikka.fi observations
lampaankääpä (fi) — Albatrellus ovinus	lampaankääpä (fi)		2017-09-08	Kuopio	Pohjois-Savo (PS)	Suomi	62.90909	27.66948		COMMUNITY_VERIFIED	iNaturalist Suomi Finland
lampaankääpä (fi) — Albatrellus ovinus	lampaankääpä (fi)	20	2017-09-07	Lohja	Varsinais-Suomi (V)	Suomi	60.318645	24.038635	Sure	NEUTRAL	The Atlas of Finnish Fungi
lampaankääpä (fi) — Albatrellus ovinus	lampaankääpä (fi)		2017-09-06	Pöytyä	Varsinais-Suomi (V)	Suomi	60.771685	22.76015	Sure	NEUTRAL	The Atlas of Finnish Fungi
lampaankääpä (fi) — Albatrellus ovinus	lampaankääpä (fi)	common	2017-09-04	Turku	Varsinais-Suomi (V)	Suomi	60.483379	22.215221		NEUTRAL	Hatikka.fi observations
lampaankääpä (fi) — Albatrellus ovinus	lampaankääpä (fi)		2017-09-03	Puolanka	Kainuu (Kn)	Suomi	64.800424	27.814954	Sure	NEUTRAL	The Atlas of Finnish Fungi
lampaankääpä (fi) — Albatrellus ovinus	lampaankääpä (fi)	100	2017-09-02	Kokemäki, Sastamala	Satakunta (St)	Suomi	61.371899	22.599805	Sure	NEUTRAL	The Atlas of Finnish Fungi
lampaankääpä (fi) — Albatrellus ovinus	lampaankääpä (fi)	muutamia	2017-09-01	Keminmaa	Perä-Pohjanmaa (PeP)	Suomi	65.81049	24.52042	Sure	NEUTRAL	The Atlas of Finnish Fungi
lampaankääpä (fi) — Albatrellus ovinus	lampaankääpä (fi)		2017-08-21	Sipoo	Uusimaa (U)	Suomi	60.346693	25.203211	Sure	NEUTRAL	The Atlas of Finnish Fungi
lampaankääpä (fi) — Albatrellus ovinus	lampaankääpä (fi)		2017-08-18	Heinävesi	Pohjois-Savo (PS)	Suomi	62.41305	28.7755	Sure	NEUTRAL	The Atlas of Finnish Fungi
lampaankääpä (fi) — Albatrellus ovinus	lampaankääpä (fi)		2017-08-05 - 2017-08-20	Pälkäne	Etelä-Häme (EH)	Suomi	61.400064	24.440584	Sure	NEUTRAL	The Atlas of Finnish Fungi
lampaankääpä (fi) — Albatrellus ovinus	lampaankääpä (fi)	1	2017-07-18	Raasepori	Varsinais-Suomi (V)	Suomi	60.083761	22.997988	Sure	NEUTRAL	The Atlas of Finnish Fungi
lampaankääpä (fi) — Albatrellus ovinus	lampaankääpä (fi)	useita	2016-09-28 [10:29-11:34]	Tammela	Etelä-Häme (EH)	Suomi	60.71717	23.793004	Sure	EXPERT_VERIFIED	Hatikka.fi observations
lampaankääpä (fi) — Albatrellus ovinus	lampaankääpä (fi)		2016-09-25	Turku	Varsinais-Suomi (V)	Suomi	60.548114	22.335432		NEUTRAL	TUR-A Fungus collections of the the Åbo Akademi
lampaankääpä (fi) — Albatrellus ovinus	lampaankääpä (fi)		2016-09-24	Hattula	Etelä-Häme (EH)	Suomi	61.055445	24.475022	Sure	NEUTRAL	Notebook, general observations
lampaankääpä (fi) — Albatrellus ovinus	lampaankääpä (fi)		2016-09-24	Helsinki	Uusimaa (U)	Suomi	60.199997	25.166621	Sure	NEUTRAL	The Atlas of Finnish Fungi
lampaankääpä (fi) — Albatrellus ovinus	lampaankääpä (fi)		2016-09-22	Espoo	Uusimaa (U)	Suomi	60.254716	24.606991	Sure	NEUTRAL	Notebook, general observations
lampaankääpä (fi) — Albatrellus ovinus	lampaankääpä (fi)		2016-09-19	Turku	Varsinais-Suomi (V)	Suomi	60.532294	22.358695		NEUTRAL	TUR-A Fungus collections of the the Åbo Akademi
lampaankääpä (fi) — Albatrellus ovinus	lampaankääpä (fi)		2016-09-12	Hamina	Etelä-Karjala (EK)	Suomi	60.568316	27.247633		NEUTRAL	Fungus observations of Turku university Herbarium
lampaankääpä (fi) — Albatrellus ovinus	lampaankääpä (fi)	n2	2016-09-11 [16:33-18:32]	Somero	Etelä-Häme (EH)	Suomi	60.668456	23.610298		NEUTRAL	Hatikka.fi observations
lampaankääpä (fi) — Albatrellus ovinus	lampaankääpä (fi)	2	2016-09-09	Kuusamo	Koillismaa (Ks)	Suomi	66.280234	29.575534		NEUTRAL	The Atlas of Finnish Fungi
lampaankääpä (fi) — Albatrellus ovinus	lampaankääpä (fi)	1	2016-09-09	Kuusamo	Koillismaa (Ks)	Suomi	66.280912	29.571507		NEUTRAL	The Atlas of Finnish Fungi
lampaankääpä (fi) — Albatrellus ovinus	lampaankääpä (fi)	3	2016-08-21	Kuopio	Pohjois-Savo (PS)	Suomi	62.925388	27.661273	Sure	NEUTRAL	The Atlas of Finnish Fungi
lampaankääpä (fi) — Albatrellus ovinus	lampaankääpä (fi)		2016-08-10	Hämeenlinna	Etelä-Häme (EH)	Suomi	61.24	25.06		NEUTRAL	Aphyllophorales Fennoscandiae orientalis
lampaankääpä (fi) — Albatrellus ovinus	lampaankääpä (fi)		2016-08-08	Saarijärvi	Pohjois-Häme (PH)	Suomi	62.84855	25.48696		NEUTRAL	Aphyllophorales Fennoscandiae orientalis
lampaankääpä (fi) — Albatrellus ovinus	lampaankääpä (fi)	30	2016-08-03	Turku	Varsinais-Suomi (V)	Suomi	60.484771	22.221734		NEUTRAL	Hatikka.fi observations
lampaankääpä (fi) — Albatrellus ovinus	lampaankääpä (fi)		2016-08-01	Espoo	Uusimaa (U)	Suomi	60.315921	24.507357	Sure	NEUTRAL	The Atlas of Finnish Fungi
lampaankääpä (fi) — Albatrellus ovinus	lampaankääpä (fi)		2016-08-01	Tampere	Etelä-Häme (EH)	Suomi	61.506054	23.897316		NEUTRAL	Notebook, general observations
lampaankääpä (fi) — Albatrellus ovinus	lampaankääpä (fi)		2016-07-30	Pirkkala	Etelä-Häme (EH)	Suomi	61.417643	23.689035		NEUTRAL	Notebook, general observations
lampaankääpä (fi) — Albatrellus ovinus	lampaankääpä (fi)	13	2016-07-29	Turku	Varsinais-Suomi (V)	Suomi	60.485076	22.217461		NEUTRAL	Hatikka.fi observations
lampaankääpä (fi) — Albatrellus ovinus	lampaankääpä (fi)		2016-07-21	Sastamala	Satakunta (St)	Suomi	61.402983	23.042425	Sure	NEUTRAL	The Atlas of Finnish Fungi
lampaankääpä (fi) — Albatrellus ovinus	lampaankääpä (fi)		2015-09-09	Helsinki	Uusimaa (U)	Suomi	60.281293	25.215861	Sure	NEUTRAL	The Atlas of Finnish Fungi
lampaankääpä (fi) — Albatrellus ovinus	lampaankääpä (fi)	8	2015-08-27	Turku	Varsinais-Suomi (V)	Suomi	60.482053	22.22724		NEUTRAL	Hatikka.fi observations
lampaankääpä (fi) — Albatrellus ovinus	lampaankääpä (fi)	1	2015-08-22 [16:06-17:33]	Somero	Etelä-Häme (EH)	Suomi	60.669919	23.596815	Sure	NEUTRAL	Hatikka.fi observations
lampaankääpä (fi) — Albatrellus ovinus	lampaankääpä (fi)	4 tupasta	2015-08-19 [20:19-20:58]	Somero	Etelä-Häme (EH)	Suomi	60.666655	23.601609	Sure	NEUTRAL	Hatikka.fi observations
lampaankääpä (fi) — Albatrellus ovinus	lampaankääpä (fi)		2015-08-17	Paltamo	Kainuu (Kn)	Suomi	64.395583	27.675351	Sure	NEUTRAL	The Atlas of Finnish Fungi
lampaankääpä (fi) — Albatrellus ovinus	lampaankääpä (fi)		2015-07-29	Helsinki	Uusimaa (U)	Suomi	60.234316	25.142146	Sure	NEUTRAL	The Atlas of Finnish Fungi
