Species	Vernacular name	Number	Time	Municipality	Biogeographical Province	Country	WGS84 N	WGS84 E	The stated certainty of the observation	Observation Reliability	Collection
mustatorvisieni (fi) — Craterellus cornucopioides	mustatorvisieni (fi)		2026-09-13	Tampere	Etelä-Häme (EH)	Suomi	61.43522	23.88134		COMMUNITY_VERIFIED	iNaturalist Suomi Finland
mustatorvisieni (fi) — Craterellus cornucopioides	mustatorvisieni (fi)		2026-09-12	Espoo, Kirkkonummi	Uusimaa (U)	Suomi	60.1	24.5		COMMUNITY_VERIFIED	iNaturalist Suomi Finland
mustatorvisieni (fi) — Craterellus cornucopioides	mustatorvisieni (fi)		2026-09-12	Salo	Varsinais-Suomi (V)	Suomi	60.49668	23.09955		COMMUNITY_VERIFIED	iNaturalist Suomi Finland
mustatorvisieni (fi) — Craterellus cornucopioides	mustatorvisieni (fi)		2026-09-11	Kangasala, Orivesi, Pälkäne	Etelä-Häme (EH)	Suomi	61.5	24.5		COMMUNITY_VERIFIED	iNaturalist Suomi Finland
mustatorvisieni (fi) — Craterellus cornucopioides	mustatorvisieni (fi)		2026-09-08	Espoo	Uusimaa (U)	Suomi	60.22795	24.80353		COMMUNITY_VERIFIED	iNaturalist Suomi Finland
mustatorvisieni (fi) — Craterellus cornucopioides	mustatorvisieni (fi)		2026-09-06 [14:44]	Tampere	Etelä-Häme (EH)	Suomi	61.466607	23.812141	Sure	NEUTRAL	The Atlas of Finnish Fungi
mustatorvisieni (fi) — Craterellus cornucopioides	mustatorvisieni (fi)		2026-09-05 - 2026-09-06	Asikkala	Etelä-Häme (EH)	Suomi	61.169459	25.867302	Sure	NEUTRAL	Notebook, general observations
mustatorvisieni (fi) — Craterellus cornucopioides	mustatorvisieni (fi)		2026-09-04	Hollola	Etelä-Häme (EH)	Suomi	61.00649	25.5738		NEUTRAL	iNaturalist Suomi Finland
mustatorvisieni (fi) — Craterellus cornucopioides	mustatorvisieni (fi)		2026-09-04 - 2026-09-06	Turku	Varsinais-Suomi (V)	Suomi	60.42809	22.177063	Sure	NEUTRAL	The Atlas of Finnish Fungi
mustatorvisieni (fi) — Craterellus cornucopioides	mustatorvisieni (fi)		2026-09-04 [17:43]	Jyväskylä	Pohjois-Häme (PH)	Suomi	62.247448	25.659039	Sure	NEUTRAL	The Atlas of Finnish Fungi
mustatorvisieni (fi) — Craterellus cornucopioides	mustatorvisieni (fi)		2026-09-04	Jämsä	Etelä-Häme (EH)	Suomi	62.08313	25.14306		COMMUNITY_VERIFIED	iNaturalist Suomi Finland
mustatorvisieni (fi) — Craterellus cornucopioides	mustatorvisieni (fi)		2026-09-03	Turku	Varsinais-Suomi (V)	Suomi	60.52551	22.32843		NEUTRAL	iNaturalist Suomi Finland
mustatorvisieni (fi) — Craterellus cornucopioides	mustatorvisieni (fi)		2026-09-03	Joensuu	Pohjois-Karjala (PK)	Suomi	62.59987	29.72288		COMMUNITY_VERIFIED	iNaturalist Suomi Finland
mustatorvisieni (fi) — Craterellus cornucopioides	mustatorvisieni (fi)		2026-09-02 [17:00]	Jyväskylä	Pohjois-Häme (PH)	Suomi	62.247771	25.702489	Sure	NEUTRAL	The Atlas of Finnish Fungi
mustatorvisieni (fi) — Craterellus cornucopioides	mustatorvisieni (fi)		2026-09-02	Pori	Satakunta (St)	Suomi	61.53424	21.82558		NEUTRAL	iNaturalist Suomi Finland
mustatorvisieni (fi) — Craterellus cornucopioides	mustatorvisieni (fi)		2026-09-01	Ruovesi	Etelä-Häme (EH)	Suomi	62.01188	24.26349		NEUTRAL	iNaturalist Suomi Finland
mustatorvisieni (fi) — Craterellus cornucopioides	mustatorvisieni (fi)		2026-09-01	Outokumpu	Pohjois-Savo (PS)	Suomi	62.68281	28.70127		COMMUNITY_VERIFIED	iNaturalist Suomi Finland
mustatorvisieni (fi) — Craterellus cornucopioides	mustatorvisieni (fi)		2026-09-01	Tampere	Etelä-Häme (EH)	Suomi	61.44179	23.84001		NEUTRAL	iNaturalist Suomi Finland
mustatorvisieni (fi) — Craterellus cornucopioides	mustatorvisieni (fi)		2026-09-01	Ruovesi	Etelä-Häme (EH)	Suomi	62.01188	24.26349		NEUTRAL	iNaturalist Suomi Finland
mustatorvisieni (fi) — Craterellus cornucopioides	mustatorvisieni (fi)		2026-08-30	Lahti	Etelä-Häme (EH)	Suomi	60.9823	25.6058		COMMUNITY_VERIFIED	iNaturalist Suomi Finland
mustatorvisieni (fi) — Craterellus cornucopioides	mustatorvisieni (fi)		2026-08-29	Kuopio, Siilinjärvi	Pohjois-Savo (PS)	Suomi	62.9	27.5		NEUTRAL	iNaturalist Suomi Finland
mustatorvisieni (fi) — Craterellus cornucopioides	mustatorvisieni (fi)		2026-08-29	Iisalmi	Pohjois-Savo (PS)	Suomi	63.48589	27.12956		COMMUNITY_VERIFIED	iNaturalist Suomi Finland
mustatorvisieni (fi) — Craterellus cornucopioides	mustatorvisieni (fi)		2026-08-29	Masku, Mynämäki, Nousiainen, Pöytyä, Rusko, Turku	Satakunta (St), Varsinais-Suomi (V)	Suomi	60.7	22.3		NEUTRAL	iNaturalist Suomi Finland
mustatorvisieni (fi) — Craterellus cornucopioides	mustatorvisieni (fi)		2026-08-29	Kouvola	Etelä-Häme (EH)	Suomi	61.25576	26.58701		COMMUNITY_VERIFIED	iNaturalist Suomi Finland
mustatorvisieni (fi) — Craterellus cornucopioides	mustatorvisieni (fi)		2026-08-28	Hartola, Joutsa	Etelä-Häme (EH), Etelä-Savo (ES)	Suomi	61.7	26.1		COMMUNITY_VERIFIED	iNaturalist Suomi Finland
mustatorvisieni (fi) — Craterellus cornucopioides	mustatorvisieni (fi)		2026-08-28	Hartola, Joutsa	Etelä-Häme (EH), Etelä-Savo (ES)	Suomi	61.7	26.1		COMMUNITY_VERIFIED	iNaturalist Suomi Finland
mustatorvisieni (fi) — Craterellus cornucopioides	mustatorvisieni (fi)		2026-08-28	Kuopio	Pohjois-Savo (PS)	Suomi	62.87923	27.60436		COMMUNITY_VERIFIED	iNaturalist Suomi Finland
mustatorvisieni (fi) — Craterellus cornucopioides	mustatorvisieni (fi)		2026-08-27	Jyväskylä	Pohjois-Häme (PH)	Suomi	62.25045	25.65504		NEUTRAL	iNaturalist Suomi Finland
mustatorvisieni (fi) — Craterellus cornucopioides	mustatorvisieni (fi)		2026-08-24	Rautalampi	Pohjois-Häme (PH)	Suomi	62.57858	26.69748		NEUTRAL	iNaturalist Suomi Finland
mustatorvisieni (fi) — Craterellus cornucopioides	mustatorvisieni (fi)	15	2026-08-22	Kivijärvi	Pohjois-Häme (PH)	Suomi	63.229056	24.819891	Sure	NEUTRAL	The Atlas of Finnish Fungi
mustatorvisieni (fi) — Craterellus cornucopioides	mustatorvisieni (fi)		2026-08-22	Tampere	Etelä-Häme (EH)	Suomi	61.43151	23.88108		COMMUNITY_VERIFIED	iNaturalist Suomi Finland
mustatorvisieni (fi) — Craterellus cornucopioides	mustatorvisieni (fi)		2026-08-22	Kangasala, Lempäälä, Tampere	Etelä-Häme (EH)	Suomi	61.5	23.9		COMMUNITY_VERIFIED	iNaturalist Suomi Finland
mustatorvisieni (fi) — Craterellus cornucopioides	mustatorvisieni (fi)		2026-08-22 [10:00-11:00]	Sysmä	Etelä-Häme (EH)	Suomi	61.42114	25.739584	Sure	NEUTRAL	The Atlas of Finnish Fungi
mustatorvisieni (fi) — Craterellus cornucopioides	mustatorvisieni (fi)		2026-08-21	Espoo	Uusimaa (U)	Suomi	60.17925	24.69845		NEUTRAL	iNaturalist Suomi Finland
mustatorvisieni (fi) — Craterellus cornucopioides	mustatorvisieni (fi)		2026-08-20	Rantasalmi	Etelä-Savo (ES)	Suomi	62.10818	28.49197		COMMUNITY_VERIFIED	iNaturalist Suomi Finland
mustatorvisieni (fi) — Craterellus cornucopioides	mustatorvisieni (fi)		2026-08-20	Kuopio	Pohjois-Savo (PS)	Suomi	62.88803	27.59787		NEUTRAL	iNaturalist Suomi Finland
mustatorvisieni (fi) — Craterellus cornucopioides	mustatorvisieni (fi)		2026-08-20	Äänekoski	Pohjois-Häme (PH)	Suomi	62.63267	25.94417		COMMUNITY_VERIFIED	iNaturalist Suomi Finland
mustatorvisieni (fi) — Craterellus cornucopioides	mustatorvisieni (fi)		2026-08-20	Rantasalmi	Etelä-Savo (ES)	Suomi	62.10806	28.49179		COMMUNITY_VERIFIED	iNaturalist Suomi Finland
mustatorvisieni (fi) — Craterellus cornucopioides	mustatorvisieni (fi)		2026-08-20	Rantasalmi	Etelä-Savo (ES)	Suomi	62.10806	28.49164		NEUTRAL	iNaturalist Suomi Finland
mustatorvisieni (fi) — Craterellus cornucopioides	mustatorvisieni (fi)		2026-08-20	Rantasalmi	Etelä-Savo (ES)	Suomi	62.10818	28.49197		COMMUNITY_VERIFIED	iNaturalist Suomi Finland
mustatorvisieni (fi) — Craterellus cornucopioides	mustatorvisieni (fi)		2026-08-19	Kouvola	Etelä-Savo (ES)	Suomi	61.17545	26.89585		COMMUNITY_VERIFIED	iNaturalist Suomi Finland
mustatorvisieni (fi) — Craterellus cornucopioides	mustatorvisieni (fi)		2026-08-19	Iisalmi	Pohjois-Savo (PS)	Suomi	63.65017	27.20294		NEUTRAL	iNaturalist Suomi Finland
mustatorvisieni (fi) — Craterellus cornucopioides	mustatorvisieni (fi)		2026-08-17	Vihti	Varsinais-Suomi (V)	Suomi	60.31588	24.45212		NEUTRAL	iNaturalist Suomi Finland
mustatorvisieni (fi) — Craterellus cornucopioides	mustatorvisieni (fi)		2026-08-17	Vihti	Varsinais-Suomi (V)	Suomi	60.31588	24.45211		NEUTRAL	iNaturalist Suomi Finland
mustatorvisieni (fi) — Craterellus cornucopioides	mustatorvisieni (fi)		2026-08-16	Espoo	Uusimaa (U)	Suomi	60.26083	24.6216		COMMUNITY_VERIFIED	iNaturalist Suomi Finland
mustatorvisieni (fi) — Craterellus cornucopioides	mustatorvisieni (fi)		2026-08-16	Espoo	Uusimaa (U)	Suomi	60.29398	24.52017		COMMUNITY_VERIFIED	iNaturalist Suomi Finland
mustatorvisieni (fi) — Craterellus cornucopioides	mustatorvisieni (fi)		2026-08-16	Vantaa	Uusimaa (U)	Suomi	60.26218	24.85244		NEUTRAL	iNaturalist Suomi Finland
mustatorvisieni (fi) — Craterellus cornucopioides	mustatorvisieni (fi)		2026-08-15	Muurame	Etelä-Häme (EH)	Suomi	62.102849	25.750235	Sure	NEUTRAL	Notebook, general observations
mustatorvisieni (fi) — Craterellus cornucopioides	mustatorvisieni (fi)		2026-08-15	Hämeenlinna	Etelä-Häme (EH)	Suomi	61.24264	25.06804		COMMUNITY_VERIFIED	iNaturalist Suomi Finland
mustatorvisieni (fi) — Craterellus cornucopioides	mustatorvisieni (fi)		2026-08-15	Espoo	Uusimaa (U)	Suomi	60.32204	24.69404		NEUTRAL	iNaturalist Suomi Finland
mustatorvisieni (fi) — Craterellus cornucopioides	mustatorvisieni (fi)		2026-08-14	Jyväskylä	Pohjois-Häme (PH)	Suomi	62.26237	25.68387		NEUTRAL	iNaturalist Suomi Finland
mustatorvisieni (fi) — Craterellus cornucopioides	mustatorvisieni (fi)		2026-08-13	Ylöjärvi	Etelä-Häme (EH)	Suomi	61.55201	23.56572		COMMUNITY_VERIFIED	iNaturalist Suomi Finland
mustatorvisieni (fi) — Craterellus cornucopioides	mustatorvisieni (fi)		2026-08-12	Kangasala	Etelä-Häme (EH)	Suomi	61.46547	24.08112		COMMUNITY_VERIFIED	iNaturalist Suomi Finland
mustatorvisieni (fi) — Craterellus cornucopioides	mustatorvisieni (fi)		2026-08-12	Kuopio	Pohjois-Savo (PS)	Suomi	63.05645	27.16586		NEUTRAL	iNaturalist Suomi Finland
mustatorvisieni (fi) — Craterellus cornucopioides	mustatorvisieni (fi)		2026-08-12	Kouvola	Etelä-Häme (EH)	Suomi	61.09338	26.65103		COMMUNITY_VERIFIED	iNaturalist Suomi Finland
mustatorvisieni (fi) — Craterellus cornucopioides	mustatorvisieni (fi)		2026-08-11	Turku	Varsinais-Suomi (V)	Suomi	60.42419	22.26589		NEUTRAL	iNaturalist Suomi Finland
mustatorvisieni (fi) — Craterellus cornucopioides	mustatorvisieni (fi)		2026-08-09	Tampere	Etelä-Häme (EH)	Suomi	61.60138	23.99044		COMMUNITY_VERIFIED	iNaturalist Suomi Finland
mustatorvisieni (fi) — Craterellus cornucopioides	mustatorvisieni (fi)		2026-08-09	Parainen	Varsinais-Suomi (V)	Suomi	60.26908	22.37412		NEUTRAL	iNaturalist Suomi Finland
mustatorvisieni (fi) — Craterellus cornucopioides	mustatorvisieni (fi)		2026-08-06	Vihti	Varsinais-Suomi (V)	Suomi	60.32502	24.51917		COMMUNITY_VERIFIED	iNaturalist Suomi Finland
mustatorvisieni (fi) — Craterellus cornucopioides	mustatorvisieni (fi)		2026-08-05	Espoo	Uusimaa (U)	Suomi	60.21204	24.60809		COMMUNITY_VERIFIED	iNaturalist Suomi Finland
mustatorvisieni (fi) — Craterellus cornucopioides	mustatorvisieni (fi)		2026-08-05 [7:03-10:30]	Turku	Varsinais-Suomi (V)	Suomi	60.452041	22.343411	Sure	NEUTRAL	The Atlas of Finnish Fungi
mustatorvisieni (fi) — Craterellus cornucopioides	mustatorvisieni (fi)		2026-08-05	Kaarina, Lieto, Masku, Nousiainen, Raisio, Rusko, Turku	Varsinais-Suomi (V)	Suomi	60.5	22.3		COMMUNITY_VERIFIED	iNaturalist Suomi Finland
mustatorvisieni (fi) — Craterellus cornucopioides	mustatorvisieni (fi)		2026-08-04	Espoo	Uusimaa (U)	Suomi	60.31537	24.5179		COMMUNITY_VERIFIED	iNaturalist Suomi Finland
mustatorvisieni (fi) — Craterellus cornucopioides	mustatorvisieni (fi)		2026-08-04	Tuusula	Uusimaa (U)	Suomi	60.42067	25.0767		COMMUNITY_VERIFIED	iNaturalist Suomi Finland
mustatorvisieni (fi) — Craterellus cornucopioides	mustatorvisieni (fi)		2026-08-04 [13:10]	Espoo	Uusimaa (U)	Suomi	60.271511	24.598476	Sure	NEUTRAL	Notebook, general observations
mustatorvisieni (fi) — Craterellus cornucopioides	mustatorvisieni (fi)		2026-08-03	Nurmijärvi	Uusimaa (U)	Suomi	60.36775	24.63686		COMMUNITY_VERIFIED	iNaturalist Suomi Finland
mustatorvisieni (fi) — Craterellus cornucopioides	mustatorvisieni (fi)		2026-08-02	Vantaa	Uusimaa (U)	Suomi	60.26019	24.84261		COMMUNITY_VERIFIED	iNaturalist Suomi Finland
mustatorvisieni (fi) — Craterellus cornucopioides	mustatorvisieni (fi)		2026-08-02	Padasjoki	Etelä-Häme (EH)	Suomi	61.24303	25.178		COMMUNITY_VERIFIED	iNaturalist Suomi Finland
mustatorvisieni (fi) — Craterellus cornucopioides	mustatorvisieni (fi)		2026-08-01	Tampere	Etelä-Häme (EH)	Suomi	61.514072	23.857333	Sure	NEUTRAL	Notebook, general observations
mustatorvisieni (fi) — Craterellus cornucopioides	mustatorvisieni (fi)	Runsaasti	2026-08-01	Lohja	Varsinais-Suomi (V)	Suomi	60.312779	24.037641	Sure	NEUTRAL	The Atlas of Finnish Fungi
mustatorvisieni (fi) — Craterellus cornucopioides	mustatorvisieni (fi)		2026-08-01	Raasepori	Varsinais-Suomi (V)	Suomi	60.14635	23.5434		COMMUNITY_VERIFIED	iNaturalist Suomi Finland
mustatorvisieni (fi) — Craterellus cornucopioides	mustatorvisieni (fi)		2026-07-31	Muurame	Etelä-Häme (EH)	Suomi	62.18229	25.60567		COMMUNITY_VERIFIED	iNaturalist Suomi Finland
mustatorvisieni (fi) — Craterellus cornucopioides	mustatorvisieni (fi)		2026-07-30	Espoo	Uusimaa (U)	Suomi	60.30594	24.5116		NEUTRAL	iNaturalist Suomi Finland
mustatorvisieni (fi) — Craterellus cornucopioides	mustatorvisieni (fi)		2026-07-30	Espoo	Uusimaa (U)	Suomi	60.246758	24.637422	Sure	NEUTRAL	The Atlas of Finnish Fungi
mustatorvisieni (fi) — Craterellus cornucopioides	mustatorvisieni (fi)		2026-07-29	Tampere	Etelä-Häme (EH)	Suomi	61.460457	23.834816	Sure	NEUTRAL	Notebook, general observations
mustatorvisieni (fi) — Craterellus cornucopioides	mustatorvisieni (fi)		2026-07-29	Sipoo	Uusimaa (U)	Suomi	60.35311	25.20191		COMMUNITY_VERIFIED	iNaturalist Suomi Finland
mustatorvisieni (fi) — Craterellus cornucopioides	mustatorvisieni (fi)		2026-07-28	Riihimäki	Etelä-Häme (EH)	Suomi	60.68627	24.79046		NEUTRAL	Notebook, general observations
mustatorvisieni (fi) — Craterellus cornucopioides	mustatorvisieni (fi)		2026-07-26	Helsinki	Uusimaa (U)	Suomi	60.23058	24.91073		NEUTRAL	iNaturalist Suomi Finland
mustatorvisieni (fi) — Craterellus cornucopioides	mustatorvisieni (fi)		2026-07-25 - 2026-07-29	Espoo	Uusimaa (U)	Suomi	60.292403	24.572999	Sure	NEUTRAL	The Atlas of Finnish Fungi
mustatorvisieni (fi) — Craterellus cornucopioides	mustatorvisieni (fi)	Muutamia	2026-07-25	Turku	Varsinais-Suomi (V)	Suomi	60.451255	22.34418	Sure	NEUTRAL	The Atlas of Finnish Fungi
mustatorvisieni (fi) — Craterellus cornucopioides	mustatorvisieni (fi)		2026-07-25	Masku, Mynämäki, Nousiainen, Pöytyä, Rusko, Turku	Satakunta (St), Varsinais-Suomi (V)	Suomi	60.7	22.3		NEUTRAL	iNaturalist Suomi Finland
mustatorvisieni (fi) — Craterellus cornucopioides	mustatorvisieni (fi)		2026-07-24	Sipoo	Uusimaa (U)	Suomi	60.26247	25.2893		COMMUNITY_VERIFIED	iNaturalist Suomi Finland
mustatorvisieni (fi) — Craterellus cornucopioides	mustatorvisieni (fi)		2026-07-22	Imatra	Etelä-Savo (ES)	Suomi	61.20865	28.74671		NEUTRAL	iNaturalist Suomi Finland
mustatorvisieni (fi) — Craterellus cornucopioides	mustatorvisieni (fi)		2026-07-20	Savonlinna	Pohjois-Savo (PS)	Suomi	62.2057	28.93125		NEUTRAL	iNaturalist Suomi Finland
mustatorvisieni (fi) — Craterellus cornucopioides	mustatorvisieni (fi)		2026-07-20	Savonlinna	Pohjois-Savo (PS)	Suomi	62.2057	28.93125		NEUTRAL	iNaturalist Suomi Finland
mustatorvisieni (fi) — Craterellus cornucopioides	mustatorvisieni (fi)		2026-07-19	Parainen	Varsinais-Suomi (V)	Suomi	60.29169	22.15486		NEUTRAL	iNaturalist Suomi Finland
mustatorvisieni (fi) — Craterellus cornucopioides	mustatorvisieni (fi)		2026-07-08	Hankasalmi	Pohjois-Häme (PH)	Suomi	62.318496	26.344173	Sure	NEUTRAL	The Atlas of Finnish Fungi
mustatorvisieni (fi) — Craterellus cornucopioides	mustatorvisieni (fi)		2025-11-18 [12:51-15:00]	Parainen	Varsinais-Suomi (V)	Suomi	60.226472	22.23974	Sure	NEUTRAL	Notebook, general observations
mustatorvisieni (fi) — Craterellus cornucopioides	mustatorvisieni (fi)		2025-11-09	Helsinki	Uusimaa (U)	Suomi	60.20922	24.88565		COMMUNITY_VERIFIED	iNaturalist Suomi Finland
mustatorvisieni (fi) — Craterellus cornucopioides	mustatorvisieni (fi)		2025-11-08	Kaarina	Varsinais-Suomi (V)	Suomi	60.43768	22.36978		COMMUNITY_VERIFIED	iNaturalist Suomi Finland
mustatorvisieni (fi) — Craterellus cornucopioides	mustatorvisieni (fi)		2025-10-14	Heinola	Etelä-Häme (EH)	Suomi	61.29023	26.19922		COMMUNITY_VERIFIED	iNaturalist Suomi Finland
mustatorvisieni (fi) — Craterellus cornucopioides	mustatorvisieni (fi)	Muutamia	2025-10-12	Kaarina, Turku	Varsinais-Suomi (V)	Suomi	60.43701	22.364938	Sure	NEUTRAL	The Atlas of Finnish Fungi
mustatorvisieni (fi) — Craterellus cornucopioides	mustatorvisieni (fi)		2025-10-09	Iisalmi	Pohjois-Savo (PS)	Suomi	63.48622	27.12898		COMMUNITY_VERIFIED	iNaturalist Suomi Finland
mustatorvisieni (fi) — Craterellus cornucopioides	mustatorvisieni (fi)		2025-10-05	Vantaa	Uusimaa (U)	Suomi	60.26512	24.8382		COMMUNITY_VERIFIED	iNaturalist Suomi Finland
mustatorvisieni (fi) — Craterellus cornucopioides	mustatorvisieni (fi)		2025-10-05 [16:20-19:55]	Turku	Varsinais-Suomi (V)	Suomi	60.43236	22.164489	Sure	NEUTRAL	Notebook, general observations
mustatorvisieni (fi) — Craterellus cornucopioides	mustatorvisieni (fi)		2025-10-02	Raasepori	Uusimaa (U)	Suomi	59.943998	23.509586	Sure	NEUTRAL	The Atlas of Finnish Fungi
mustatorvisieni (fi) — Craterellus cornucopioides	mustatorvisieni (fi)		2025-09-30	Pyhtää	Uusimaa (U)	Suomi	60.44295	26.75157		COMMUNITY_VERIFIED	iNaturalist Suomi Finland
mustatorvisieni (fi) — Craterellus cornucopioides	mustatorvisieni (fi)		2025-09-29	Vihti	Varsinais-Suomi (V)	Suomi	60.540846	24.556765	Sure	NEUTRAL	The Atlas of Finnish Fungi
mustatorvisieni (fi) — Craterellus cornucopioides	mustatorvisieni (fi)		2025-09-28	Turku	Varsinais-Suomi (V)	Suomi	60.34987	22.22877		COMMUNITY_VERIFIED	iNaturalist Suomi Finland
mustatorvisieni (fi) — Craterellus cornucopioides	mustatorvisieni (fi)		2025-09-28	Espoo	Uusimaa (U)	Suomi	60.29778	24.58444		COMMUNITY_VERIFIED	iNaturalist Suomi Finland
mustatorvisieni (fi) — Craterellus cornucopioides	mustatorvisieni (fi)		2025-09-27	Keminmaa	Perä-Pohjanmaa (PeP)	Suomi	65.815669	24.515999	Sure	NEUTRAL	The Atlas of Finnish Fungi
mustatorvisieni (fi) — Craterellus cornucopioides	mustatorvisieni (fi)		2025-09-27	Nurmijärvi	Uusimaa (U)	Suomi	60.36219	24.77045		COMMUNITY_VERIFIED	iNaturalist Suomi Finland
mustatorvisieni (fi) — Craterellus cornucopioides	mustatorvisieni (fi)		2025-09-27	Keminmaa	Perä-Pohjanmaa (PeP)	Suomi	65.81552	24.514997		NEUTRAL	Fungal collection of the Botanical Museum, University of Oulu (OULU)
mustatorvisieni (fi) — Craterellus cornucopioides	mustatorvisieni (fi)		2025-09-25	Kirkkonummi	Uusimaa (U)	Suomi	60.19594	24.46936		COMMUNITY_VERIFIED	iNaturalist Suomi Finland
mustatorvisieni (fi) — Craterellus cornucopioides	mustatorvisieni (fi)	1	2025-09-25	Raasepori	Varsinais-Suomi (V)	Suomi	60.198576	23.889532		NEUTRAL	LajiGIS: Species mapping and surveys
mustatorvisieni (fi) — Craterellus cornucopioides	mustatorvisieni (fi)		2025-09-21	Espoo	Uusimaa (U)	Suomi	60.31902	24.68047		COMMUNITY_VERIFIED	iNaturalist Suomi Finland
mustatorvisieni (fi) — Craterellus cornucopioides	mustatorvisieni (fi)		2025-09-21	Helsinki	Uusimaa (U)	Suomi	60.26546	24.91712		COMMUNITY_VERIFIED	iNaturalist Suomi Finland
mustatorvisieni (fi) — Craterellus cornucopioides	mustatorvisieni (fi)	Iso esiinntymä	2025-09-21	Keminmaa	Perä-Pohjanmaa (PeP)	Suomi	65.862738	24.83144		NEUTRAL	Löydös Open Finnish Observation Database
mustatorvisieni (fi) — Craterellus cornucopioides	mustatorvisieni (fi)		2025-09-18	Hankasalmi, Laukaa	Pohjois-Häme (PH)	Suomi	62.338743	26.321227	Sure	NEUTRAL	The Atlas of Finnish Fungi
mustatorvisieni (fi) — Craterellus cornucopioides	mustatorvisieni (fi)		2025-09-17	Espoo	Uusimaa (U)	Suomi	60.29348	24.56166		COMMUNITY_VERIFIED	iNaturalist Suomi Finland
mustatorvisieni (fi) — Craterellus cornucopioides	mustatorvisieni (fi)		2025-09-17	Hankasalmi	Pohjois-Häme (PH)	Suomi	62.241687	26.43422		NEUTRAL	Fungal collection of the Botanical Museum, University of Oulu (OULU)
mustatorvisieni (fi) — Craterellus cornucopioides	mustatorvisieni (fi)		2025-09-17 [17:21]	Hankasalmi	Pohjois-Häme (PH)	Suomi	62.241684	26.43422	Sure	NEUTRAL	The Atlas of Finnish Fungi
mustatorvisieni (fi) — Craterellus cornucopioides	mustatorvisieni (fi)		2025-09-14	Parainen	Varsinais-Suomi (V)	Suomi	60.33481	22.13871		COMMUNITY_VERIFIED	iNaturalist Suomi Finland
mustatorvisieni (fi) — Craterellus cornucopioides	mustatorvisieni (fi)		2025-09-13 [9:34-10:29]	Helsinki	Uusimaa (U)	Suomi	60.243685	25.203001	Sure	NEUTRAL	The Atlas of Finnish Fungi
mustatorvisieni (fi) — Craterellus cornucopioides	mustatorvisieni (fi)		2025-09-13 [9:34-10:29]	Helsinki	Uusimaa (U)	Suomi	60.243685	25.203001	Sure	NEUTRAL	The Atlas of Finnish Fungi
mustatorvisieni (fi) — Craterellus cornucopioides	mustatorvisieni (fi)		2025-09-11	Porvoo	Uusimaa (U)	Suomi	60.365527	25.702679	Sure	NEUTRAL	The Atlas of Finnish Fungi
mustatorvisieni (fi) — Craterellus cornucopioides	mustatorvisieni (fi)		2025-09-11	Helsinki	Uusimaa (U)	Suomi	60.20422	24.90988		COMMUNITY_VERIFIED	iNaturalist Suomi Finland
mustatorvisieni (fi) — Craterellus cornucopioides	mustatorvisieni (fi)		2025-09-11	Porvoo	Uusimaa (U)	Suomi	60.365531	25.702676		NEUTRAL	Fungal collection of the Botanical Museum, University of Oulu (OULU)
mustatorvisieni (fi) — Craterellus cornucopioides	mustatorvisieni (fi)		2025-09-10	Imatra	Etelä-Savo (ES)	Suomi	61.20686	28.74649		COMMUNITY_VERIFIED	iNaturalist Suomi Finland
mustatorvisieni (fi) — Craterellus cornucopioides	mustatorvisieni (fi)		2025-09-10	Hämeenlinna	Etelä-Häme (EH)	Suomi	61.202402	25.140293	Sure	NEUTRAL	The Atlas of Finnish Fungi
mustatorvisieni (fi) — Craterellus cornucopioides	mustatorvisieni (fi)		2025-09-10	Hämeenlinna	Etelä-Häme (EH)	Suomi	61.209379	25.125021	Sure	NEUTRAL	The Atlas of Finnish Fungi
mustatorvisieni (fi) — Craterellus cornucopioides	mustatorvisieni (fi)	>40	2025-09-10	Laihia	Etelä-Pohjanmaa (EP)	Suomi	62.808674	21.931911	Sure	NEUTRAL	The Atlas of Finnish Fungi
mustatorvisieni (fi) — Craterellus cornucopioides	mustatorvisieni (fi)		2025-09-09	Hämeenlinna	Etelä-Häme (EH)	Suomi	61.21461	25.135078	Sure	NEUTRAL	The Atlas of Finnish Fungi
mustatorvisieni (fi) — Craterellus cornucopioides	mustatorvisieni (fi)	20	2025-09-09	Hämeenlinna	Etelä-Häme (EH)	Suomi	61.063668	25.037434	Sure	NEUTRAL	The Atlas of Finnish Fungi
mustatorvisieni (fi) — Craterellus cornucopioides	mustatorvisieni (fi)		2025-09-09 [10:57-10:57]	Hämeenlinna	Etelä-Häme (EH)	Suomi	61.216251	25.134927	Sure	NEUTRAL	The Atlas of Finnish Fungi
mustatorvisieni (fi) — Craterellus cornucopioides	mustatorvisieni (fi)		2025-09-09	Espoo	Uusimaa (U)	Suomi	60.24745	24.82168		COMMUNITY_VERIFIED	iNaturalist Suomi Finland
mustatorvisieni (fi) — Craterellus cornucopioides	mustatorvisieni (fi)		2025-09-09 [11:09-15:40]	Hämeenlinna	Etelä-Häme (EH)	Suomi	61.2128	25.135582	Sure	NEUTRAL	The Atlas of Finnish Fungi
mustatorvisieni (fi) — Craterellus cornucopioides	mustatorvisieni (fi)		2025-09-09	Kärkölä	Etelä-Häme (EH)	Suomi	60.903027	25.239995	Sure	NEUTRAL	The Atlas of Finnish Fungi
mustatorvisieni (fi) — Craterellus cornucopioides	mustatorvisieni (fi)		2025-09-09	Hämeenlinna	Etelä-Häme (EH)	Suomi	61.2126	25.114007	Sure	NEUTRAL	The Atlas of Finnish Fungi
mustatorvisieni (fi) — Craterellus cornucopioides	mustatorvisieni (fi)	Joitakin	2025-09-09	Kärkölä	Etelä-Häme (EH)	Suomi	60.902722	25.241212	Sure	NEUTRAL	The Atlas of Finnish Fungi
mustatorvisieni (fi) — Craterellus cornucopioides	mustatorvisieni (fi)		2025-09-07	Taipalsaari	Etelä-Savo (ES)	Suomi	61.32323	28.34516		COMMUNITY_VERIFIED	iNaturalist Suomi Finland
mustatorvisieni (fi) — Craterellus cornucopioides	mustatorvisieni (fi)		2025-09-07	Pöytyä	Satakunta (St)	Suomi	60.85521	22.28696		COMMUNITY_VERIFIED	iNaturalist Suomi Finland
mustatorvisieni (fi) — Craterellus cornucopioides	mustatorvisieni (fi)		2025-09-07	Lieksa	Pohjois-Karjala (PK)	Suomi	63.05784	30.11897		COMMUNITY_VERIFIED	iNaturalist Suomi Finland
mustatorvisieni (fi) — Craterellus cornucopioides	mustatorvisieni (fi)		2025-09-07	Espoo	Uusimaa (U)	Suomi	60.13568	24.69387		COMMUNITY_VERIFIED	iNaturalist Suomi Finland
mustatorvisieni (fi) — Craterellus cornucopioides	mustatorvisieni (fi)		2025-09-07	Kontiolahti	Pohjois-Karjala (PK)	Suomi	62.70922	29.74569		COMMUNITY_VERIFIED	iNaturalist Suomi Finland
mustatorvisieni (fi) — Craterellus cornucopioides	mustatorvisieni (fi)		2025-09-07	Ylöjärvi	Etelä-Häme (EH)	Suomi	61.58144	23.62554		COMMUNITY_VERIFIED	iNaturalist Suomi Finland
mustatorvisieni (fi) — Craterellus cornucopioides	mustatorvisieni (fi)		2025-09-06	Kirkkonummi	Uusimaa (U)	Suomi	60.27699	24.50069		COMMUNITY_VERIFIED	iNaturalist Suomi Finland
mustatorvisieni (fi) — Craterellus cornucopioides	mustatorvisieni (fi)		2025-09-05	Parainen	Varsinais-Suomi (V)	Suomi	60.26919	22.37409		COMMUNITY_VERIFIED	iNaturalist Suomi Finland
mustatorvisieni (fi) — Craterellus cornucopioides	mustatorvisieni (fi)		2025-09-05	Espoo	Uusimaa (U)	Suomi	60.21499	24.58917		COMMUNITY_VERIFIED	iNaturalist Suomi Finland
mustatorvisieni (fi) — Craterellus cornucopioides	mustatorvisieni (fi)		2025-09-05	Hattula	Etelä-Häme (EH)	Suomi	60.93544	24.13972		COMMUNITY_VERIFIED	iNaturalist Suomi Finland
mustatorvisieni (fi) — Craterellus cornucopioides	mustatorvisieni (fi)		2025-09-05	Jyväskylä	Pohjois-Häme (PH)	Suomi	62.26746	25.70158		COMMUNITY_VERIFIED	iNaturalist Suomi Finland
mustatorvisieni (fi) — Craterellus cornucopioides	mustatorvisieni (fi)		2025-09-04 - 2025-09-06	Vantaa	Uusimaa (U)	Suomi	60.29714	24.82224	Sure	NEUTRAL	The Atlas of Finnish Fungi
mustatorvisieni (fi) — Craterellus cornucopioides	mustatorvisieni (fi)		2025-09-04	Hattula	Etelä-Häme (EH)	Suomi	60.92974	24.15107		COMMUNITY_VERIFIED	iNaturalist Suomi Finland
mustatorvisieni (fi) — Craterellus cornucopioides	mustatorvisieni (fi)		2025-09-03	Nurmijärvi	Uusimaa (U)	Suomi	60.41284	24.68573		COMMUNITY_VERIFIED	iNaturalist Suomi Finland
mustatorvisieni (fi) — Craterellus cornucopioides	mustatorvisieni (fi)		2025-08-30	Muurame	Etelä-Häme (EH)	Suomi	62.09441	25.64556		COMMUNITY_VERIFIED	iNaturalist Suomi Finland
mustatorvisieni (fi) — Craterellus cornucopioides	mustatorvisieni (fi)		2025-08-29	Ulvila	Satakunta (St)	Suomi	61.50197	22.25223		COMMUNITY_VERIFIED	iNaturalist Suomi Finland
mustatorvisieni (fi) — Craterellus cornucopioides	mustatorvisieni (fi)		2025-08-24	Loimaa	Satakunta (St)	Suomi	60.95703	23.03824		COMMUNITY_VERIFIED	iNaturalist Suomi Finland
mustatorvisieni (fi) — Craterellus cornucopioides	mustatorvisieni (fi)		2025-08-23	Jyväskylä, Laukaa, Muurame	Etelä-Häme (EH), Pohjois-Häme (PH)	Suomi	62.3	25.7		COMMUNITY_VERIFIED	iNaturalist Suomi Finland
mustatorvisieni (fi) — Craterellus cornucopioides	mustatorvisieni (fi)		2025-08-20	Ruovesi	Etelä-Häme (EH)	Suomi	62.08533	24.16122		COMMUNITY_VERIFIED	iNaturalist Suomi Finland
mustatorvisieni (fi) — Craterellus cornucopioides	mustatorvisieni (fi)		2025-08-17	Hyvinkää	Uusimaa (U)	Suomi	60.6455	24.72158		COMMUNITY_VERIFIED	iNaturalist Suomi Finland
mustatorvisieni (fi) — Craterellus cornucopioides	mustatorvisieni (fi)		2025-08-15	Espoo	Uusimaa (U)	Suomi	60.23658	24.60582		COMMUNITY_VERIFIED	iNaturalist Suomi Finland
mustatorvisieni (fi) — Craterellus cornucopioides	mustatorvisieni (fi)		2025-08-13 [13:52-21:46]	Vihti	Varsinais-Suomi (V)	Suomi	60.292597	24.501137	Sure	NEUTRAL	Notebook, general observations
mustatorvisieni (fi) — Craterellus cornucopioides	mustatorvisieni (fi)		2025-08-11 - 2025-08-17	Vantaa	Uusimaa (U)	Suomi	60.306239	24.833815	Sure	NEUTRAL	The Atlas of Finnish Fungi
mustatorvisieni (fi) — Craterellus cornucopioides	mustatorvisieni (fi)		2025-08-07	Ruokolahti	Etelä-Savo (ES)	Suomi	61.49237	28.42953		COMMUNITY_VERIFIED	iNaturalist Suomi Finland
mustatorvisieni (fi) — Craterellus cornucopioides	mustatorvisieni (fi)		2025-08-07	Helsinki, Kerava, Sipoo, Tuusula, Vantaa	Uusimaa (U)	Suomi	60.3	25.1		COMMUNITY_VERIFIED	iNaturalist Suomi Finland
mustatorvisieni (fi) — Craterellus cornucopioides	mustatorvisieni (fi)		2025-08-02	Espoo	Uusimaa (U)	Suomi	60.32129	24.52559		COMMUNITY_VERIFIED	iNaturalist Suomi Finland
mustatorvisieni (fi) — Craterellus cornucopioides	mustatorvisieni (fi)		2025-07-23	Espoo	Uusimaa (U)	Suomi	60.30556	24.50912		COMMUNITY_VERIFIED	iNaturalist Suomi Finland
mustatorvisieni (fi) — Craterellus cornucopioides	mustatorvisieni (fi)		2025-07-20	Heinola	Etelä-Häme (EH)	Suomi	61.29109	26.42416		COMMUNITY_VERIFIED	iNaturalist Suomi Finland
mustatorvisieni (fi) — Craterellus cornucopioides	mustatorvisieni (fi)	3	2024-11-07	Turku	Varsinais-Suomi (V)	Suomi	60.428942	22.146852	Sure	NEUTRAL	The Atlas of Finnish Fungi
mustatorvisieni (fi) — Craterellus cornucopioides	mustatorvisieni (fi)	4	2024-11-07	Turku	Varsinais-Suomi (V)	Suomi	60.428607	22.138801	Sure	NEUTRAL	The Atlas of Finnish Fungi
mustatorvisieni (fi) — Craterellus cornucopioides	mustatorvisieni (fi)	4	2024-11-07	Turku	Varsinais-Suomi (V)	Suomi	60.42652	22.162992	Sure	NEUTRAL	The Atlas of Finnish Fungi
mustatorvisieni (fi) — Craterellus cornucopioides	mustatorvisieni (fi)		2024-11-02 [11:56-17:00]	Parainen	Varsinais-Suomi (V)	Suomi	60.243706	22.213398	Sure	NEUTRAL	The Atlas of Finnish Fungi
mustatorvisieni (fi) — Craterellus cornucopioides	mustatorvisieni (fi)		2024-10-26	Savonlinna	Etelä-Savo (ES)	Suomi	61.90672	29.38498		COMMUNITY_VERIFIED	iNaturalist Suomi Finland
mustatorvisieni (fi) — Craterellus cornucopioides	mustatorvisieni (fi)		2024-10-24	Turku	Varsinais-Suomi (V)	Suomi	60.42687	22.16874		COMMUNITY_VERIFIED	iNaturalist Suomi Finland
mustatorvisieni (fi) — Craterellus cornucopioides	mustatorvisieni (fi)		2024-10-22	Porvoo	Uusimaa (U)	Suomi	60.37606	25.7384		COMMUNITY_VERIFIED	iNaturalist Suomi Finland
mustatorvisieni (fi) — Craterellus cornucopioides	mustatorvisieni (fi)	5+	2024-10-19	Espoo	Uusimaa (U)	Suomi	60.3326	24.691516	Sure	NEUTRAL	Notebook, general observations
mustatorvisieni (fi) — Craterellus cornucopioides	mustatorvisieni (fi)	5+	2024-10-19	Espoo	Uusimaa (U)	Suomi	60.329733	24.699133	Sure	NEUTRAL	Notebook, general observations
mustatorvisieni (fi) — Craterellus cornucopioides	mustatorvisieni (fi)	3+	2024-10-19	Espoo	Uusimaa (U)	Suomi	60.3306	24.697083	Sure	NEUTRAL	Notebook, general observations
mustatorvisieni (fi) — Craterellus cornucopioides	mustatorvisieni (fi)		2024-10-16	Savonlinna	Etelä-Savo (ES)	Suomi	61.80448	29.52752		COMMUNITY_VERIFIED	iNaturalist Suomi Finland
mustatorvisieni (fi) — Craterellus cornucopioides	mustatorvisieni (fi)		2024-10-13	Turku	Varsinais-Suomi (V)	Suomi	60.43348	22.16423		COMMUNITY_VERIFIED	iNaturalist Suomi Finland
mustatorvisieni (fi) — Craterellus cornucopioides	mustatorvisieni (fi)		2024-10-10	Espoo	Uusimaa (U)	Suomi	60.2972	24.62004		COMMUNITY_VERIFIED	iNaturalist Suomi Finland
mustatorvisieni (fi) — Craterellus cornucopioides	mustatorvisieni (fi)		2024-10-05	Huittinen	Satakunta (St)	Suomi	61.07666	22.9304		COMMUNITY_VERIFIED	iNaturalist Suomi Finland
mustatorvisieni (fi) — Craterellus cornucopioides	mustatorvisieni (fi)		2024-10-05	Raisio	Varsinais-Suomi (V)	Suomi	60.49857	22.1948		COMMUNITY_VERIFIED	iNaturalist Suomi Finland
mustatorvisieni (fi) — Craterellus cornucopioides	mustatorvisieni (fi)		2024-10-05	Mäntyharju	Etelä-Savo (ES)	Suomi	61.52034	26.68305		COMMUNITY_VERIFIED	iNaturalist Suomi Finland
mustatorvisieni (fi) — Craterellus cornucopioides	mustatorvisieni (fi)	X	2024-10-05 [16:57-17:01]	Hyvinkää, Järvenpää, Mäntsälä, Sipoo, Tuusula	Uusimaa (U)	Suomi	60.531913	25.084225	Sure	NEUTRAL	Noteworthy macrofungi - complete lists
mustatorvisieni (fi) — Craterellus cornucopioides	mustatorvisieni (fi)		2024-10-01	Leppävirta	Pohjois-Savo (PS)	Suomi	62.472169	27.709621		NEUTRAL	LajiGIS: Miscellaneous occurrences
mustatorvisieni (fi) — Craterellus cornucopioides	mustatorvisieni (fi)	X	2024-09-30 [15:53-17:54]	Espoo	Uusimaa (U)	Suomi	60.286175	24.587261	Sure	NEUTRAL	Noteworthy macrofungi - complete lists
mustatorvisieni (fi) — Craterellus cornucopioides	mustatorvisieni (fi)		2024-09-25	Espoo	Uusimaa (U)	Suomi	60.23377	24.71429		COMMUNITY_VERIFIED	iNaturalist Suomi Finland
mustatorvisieni (fi) — Craterellus cornucopioides	mustatorvisieni (fi)		2024-09-24	Helsinki	Uusimaa (U)	Suomi	60.19668	25.01594		COMMUNITY_VERIFIED	iNaturalist Suomi Finland
mustatorvisieni (fi) — Craterellus cornucopioides	mustatorvisieni (fi)		2024-09-23 [9:12] - 2024-09-24 [3:30]	Turku	Varsinais-Suomi (V)	Suomi	60.454969	22.340606	Sure	NEUTRAL	The Atlas of Finnish Fungi
mustatorvisieni (fi) — Craterellus cornucopioides	mustatorvisieni (fi)	1	2024-09-22	Turku	Varsinais-Suomi (V)	Suomi	60.426474	22.204831	Sure	NEUTRAL	Notebook, general observations
mustatorvisieni (fi) — Craterellus cornucopioides	mustatorvisieni (fi)	X	2024-09-22 [12:53-14:14]	Raasepori	Varsinais-Suomi (V)	Suomi	60.041902	23.708689	Sure	NEUTRAL	Noteworthy macrofungi - complete lists
mustatorvisieni (fi) — Craterellus cornucopioides	mustatorvisieni (fi)		2024-09-18	Muurame	Etelä-Häme (EH)	Suomi	62.217975	25.557922	Sure	NEUTRAL	Notebook, general observations
mustatorvisieni (fi) — Craterellus cornucopioides	mustatorvisieni (fi)		2024-09-17	Lapinlahti	Pohjois-Savo (PS)	Suomi	63.3	27.5		NEUTRAL	iNaturalist Suomi Finland
mustatorvisieni (fi) — Craterellus cornucopioides	mustatorvisieni (fi)		2024-09-16	Tampere	Etelä-Häme (EH)	Suomi	61.51546	23.83157		COMMUNITY_VERIFIED	iNaturalist Suomi Finland
mustatorvisieni (fi) — Craterellus cornucopioides	mustatorvisieni (fi)		2024-09-15	Jyväskylä, Muurame	Etelä-Häme (EH), Pohjois-Häme (PH)	Suomi	62.1	25.5		COMMUNITY_VERIFIED	iNaturalist Suomi Finland
mustatorvisieni (fi) — Craterellus cornucopioides	mustatorvisieni (fi)	50	2024-09-14	Kurikka	Etelä-Pohjanmaa (EP)	Suomi	62.606251	22.269859		NEUTRAL	Löydös Open Finnish Observation Database
mustatorvisieni (fi) — Craterellus cornucopioides	mustatorvisieni (fi)	X	2024-09-14 [8:04-9:22]	Raasepori	Varsinais-Suomi (V)	Suomi	60.041719	23.708709	Sure	NEUTRAL	Noteworthy macrofungi - complete lists
mustatorvisieni (fi) — Craterellus cornucopioides	mustatorvisieni (fi)		2024-09-12	Turku	Varsinais-Suomi (V)	Suomi	60.40678	22.24795		COMMUNITY_VERIFIED	iNaturalist Suomi Finland
mustatorvisieni (fi) — Craterellus cornucopioides	mustatorvisieni (fi)		2024-09-09	Varkaus	Pohjois-Savo (PS)	Suomi	62.285177	28.277888	Sure	NEUTRAL	The Atlas of Finnish Fungi
mustatorvisieni (fi) — Craterellus cornucopioides	mustatorvisieni (fi)	2 litraa	2024-09-08	Pöytyä	Varsinais-Suomi (V)	Suomi	60.788924	22.551291		NEUTRAL	Löydös Open Finnish Observation Database
mustatorvisieni (fi) — Craterellus cornucopioides	mustatorvisieni (fi)		2024-09-08 [17:42-20:18]	Espoo	Uusimaa (U)	Suomi	60.181011	24.631806	Sure	NEUTRAL	The Atlas of Finnish Fungi
mustatorvisieni (fi) — Craterellus cornucopioides	mustatorvisieni (fi)		2024-09-07	Kitee	Pohjois-Karjala (PK)	Suomi	62.15689	29.98763		COMMUNITY_VERIFIED	iNaturalist Suomi Finland
mustatorvisieni (fi) — Craterellus cornucopioides	mustatorvisieni (fi)		2024-09-07	Parainen	Varsinais-Suomi (V)	Suomi	60.22495	21.9845		COMMUNITY_VERIFIED	iNaturalist Suomi Finland
mustatorvisieni (fi) — Craterellus cornucopioides	mustatorvisieni (fi)		2024-09-06	Espoo	Uusimaa (U)	Suomi	60.327982	24.659014	Sure	NEUTRAL	The Atlas of Finnish Fungi
mustatorvisieni (fi) — Craterellus cornucopioides	mustatorvisieni (fi)		2024-09-05	Joensuu	Pohjois-Karjala (PK)	Suomi	62.857514	29.981491	Sure	NEUTRAL	The Atlas of Finnish Fungi
mustatorvisieni (fi) — Craterellus cornucopioides	mustatorvisieni (fi)		2024-09-04 [11:15-14:26]	Savonlinna	Etelä-Savo (ES)	Suomi	61.80896	29.305909	Sure	NEUTRAL	The Atlas of Finnish Fungi
mustatorvisieni (fi) — Craterellus cornucopioides	mustatorvisieni (fi)		2024-09-04	Tuusula	Uusimaa (U)	Suomi	60.49323	25.04063		NEUTRAL	iNaturalist Suomi Finland
mustatorvisieni (fi) — Craterellus cornucopioides	mustatorvisieni (fi)		2024-09-03	Vantaa	Uusimaa (U)	Suomi	60.277652	25.172362	Sure	NEUTRAL	The Atlas of Finnish Fungi
mustatorvisieni (fi) — Craterellus cornucopioides	mustatorvisieni (fi)		2024-09-03	Lieksa	Pohjois-Karjala (PK)	Suomi	63.022704	30.327307		NEUTRAL	LajiGIS: Miscellaneous occurrences
mustatorvisieni (fi) — Craterellus cornucopioides	mustatorvisieni (fi)		2024-09-02	Joroinen	Pohjois-Savo (PS)	Suomi	62.091838	27.775578	Sure	NEUTRAL	The Atlas of Finnish Fungi
mustatorvisieni (fi) — Craterellus cornucopioides	mustatorvisieni (fi)		2024-09-01	Heinola	Etelä-Häme (EH)	Suomi	61.11807	26.00155		COMMUNITY_VERIFIED	iNaturalist Suomi Finland
mustatorvisieni (fi) — Craterellus cornucopioides	mustatorvisieni (fi)		2024-09-01	Savonlinna	Pohjois-Savo (PS)	Suomi	62.27996	29.0126		COMMUNITY_VERIFIED	iNaturalist Suomi Finland
mustatorvisieni (fi) — Craterellus cornucopioides	mustatorvisieni (fi)		2024-09-01	Kouvola	Etelä-Häme (EH)	Suomi	61.05023	26.58452		COMMUNITY_VERIFIED	iNaturalist Suomi Finland
mustatorvisieni (fi) — Craterellus cornucopioides	mustatorvisieni (fi)		2024-09-01	Jyväskylä	Pohjois-Häme (PH)	Suomi	62.26276	25.70054		COMMUNITY_VERIFIED	iNaturalist Suomi Finland
mustatorvisieni (fi) — Craterellus cornucopioides	mustatorvisieni (fi)		2024-09-01	Jyväskylä	Pohjois-Häme (PH)	Suomi	62.2398	25.58814		COMMUNITY_VERIFIED	iNaturalist Suomi Finland
mustatorvisieni (fi) — Craterellus cornucopioides	mustatorvisieni (fi)	Muutama pieni esiintymä havaintoalueella	2024-09-01	Espoo	Uusimaa (U)	Suomi	60.321374	24.696403	Sure	NEUTRAL	The Atlas of Finnish Fungi
mustatorvisieni (fi) — Craterellus cornucopioides	mustatorvisieni (fi)		2024-08-31	Ylöjärvi	Etelä-Häme (EH)	Suomi	61.58535	23.62686		COMMUNITY_VERIFIED	iNaturalist Suomi Finland
mustatorvisieni (fi) — Craterellus cornucopioides	mustatorvisieni (fi)		2024-08-31	Lappeenranta	Etelä-Savo (ES)	Suomi	61.08951	28.63408		COMMUNITY_VERIFIED	iNaturalist Suomi Finland
mustatorvisieni (fi) — Craterellus cornucopioides	mustatorvisieni (fi)		2024-08-31	Lappeenranta	Etelä-Savo (ES)	Suomi	61.08897	28.63504		COMMUNITY_VERIFIED	iNaturalist Suomi Finland
mustatorvisieni (fi) — Craterellus cornucopioides	mustatorvisieni (fi)		2024-08-31	Savonlinna	Etelä-Savo (ES)	Suomi	61.83	28.85		COMMUNITY_VERIFIED	iNaturalist Suomi Finland
mustatorvisieni (fi) — Craterellus cornucopioides	mustatorvisieni (fi)	40-50	2024-08-31 [15:30]	Hamina	Etelä-Karjala (EK)	Suomi	60.603086	27.344338	Sure	NEUTRAL	Notebook, general observations
mustatorvisieni (fi) — Craterellus cornucopioides	mustatorvisieni (fi)		2024-08-30	Mikkeli	Etelä-Savo (ES)	Suomi	61.45592	27.39933		COMMUNITY_VERIFIED	iNaturalist Suomi Finland
mustatorvisieni (fi) — Craterellus cornucopioides	mustatorvisieni (fi)		2024-08-27 [14:49-17:30]	Salo	Varsinais-Suomi (V)	Suomi	60.31428	23.286543	Sure	NEUTRAL	The Atlas of Finnish Fungi
mustatorvisieni (fi) — Craterellus cornucopioides	mustatorvisieni (fi)		2024-08-25	Espoo	Uusimaa (U)	Suomi	60.35298	24.63542		COMMUNITY_VERIFIED	iNaturalist Suomi Finland
mustatorvisieni (fi) — Craterellus cornucopioides	mustatorvisieni (fi)		2024-08-24	Heinola	Etelä-Häme (EH)	Suomi	61.20071	26.080597	Sure	NEUTRAL	The Atlas of Finnish Fungi
mustatorvisieni (fi) — Craterellus cornucopioides	mustatorvisieni (fi)		2024-08-23	Orimattila	Uusimaa (U)	Suomi	60.85825	25.66891		COMMUNITY_VERIFIED	iNaturalist Suomi Finland
mustatorvisieni (fi) — Craterellus cornucopioides	mustatorvisieni (fi)		2024-08-22	Alajärvi, Kuortane, Lappajärvi, Lapua	Etelä-Pohjanmaa (EP), Keski-Pohjanmaa (KP)	Suomi	62.9	23.5		COMMUNITY_VERIFIED	iNaturalist Suomi Finland
mustatorvisieni (fi) — Craterellus cornucopioides	mustatorvisieni (fi)	X	2024-08-22 [18:29-20:31]	Raasepori	Varsinais-Suomi (V)	Suomi	60.041482	23.709086	Sure	NEUTRAL	Noteworthy macrofungi - complete lists
mustatorvisieni (fi) — Craterellus cornucopioides	mustatorvisieni (fi)		2024-08-20	Hämeenlinna	Etelä-Häme (EH)	Suomi	61.11667	24.80674		COMMUNITY_VERIFIED	iNaturalist Suomi Finland
mustatorvisieni (fi) — Craterellus cornucopioides	mustatorvisieni (fi)		2024-08-19	Turku	Varsinais-Suomi (V)	Suomi	60.35886	22.20213		COMMUNITY_VERIFIED	iNaturalist Suomi Finland
mustatorvisieni (fi) — Craterellus cornucopioides	mustatorvisieni (fi)	X	2024-08-18 [10:08-11:46]	Hausjärvi	Etelä-Häme (EH)	Suomi	60.733816	24.866093	Sure	NEUTRAL	Noteworthy macrofungi - complete lists
mustatorvisieni (fi) — Craterellus cornucopioides	mustatorvisieni (fi)	X	2024-08-18 [14:41-14:47]	Sysmä	Etelä-Häme (EH)	Suomi	61.497026	25.666124	Sure	NEUTRAL	Noteworthy macrofungi - complete lists
mustatorvisieni (fi) — Craterellus cornucopioides	mustatorvisieni (fi)		2024-08-17	Kuhmoinen	Etelä-Häme (EH)	Suomi	61.64545	24.99779		COMMUNITY_VERIFIED	iNaturalist Suomi Finland
mustatorvisieni (fi) — Craterellus cornucopioides	mustatorvisieni (fi)		2024-08-17	Siuntio	Uusimaa (U)	Suomi	60.25028	24.21856		COMMUNITY_VERIFIED	iNaturalist Suomi Finland
mustatorvisieni (fi) — Craterellus cornucopioides	mustatorvisieni (fi)		2024-08-17	Leppävirta	Pohjois-Savo (PS)	Suomi	62.5	27.9		COMMUNITY_VERIFIED	iNaturalist Suomi Finland
mustatorvisieni (fi) — Craterellus cornucopioides	mustatorvisieni (fi)		2024-08-17	Loppi	Etelä-Häme (EH)	Suomi	60.73813	24.20874		COMMUNITY_VERIFIED	iNaturalist Suomi Finland
mustatorvisieni (fi) — Craterellus cornucopioides	mustatorvisieni (fi)		2024-08-17	Somero	Etelä-Häme (EH)	Suomi	60.50354	23.71717		COMMUNITY_VERIFIED	iNaturalist Suomi Finland
mustatorvisieni (fi) — Craterellus cornucopioides	mustatorvisieni (fi)	Kymmeniä	2024-08-17	Vaasa	Etelä-Pohjanmaa (EP)	Suomi	63.069125	21.634973		NEUTRAL	Löydös Open Finnish Observation Database
mustatorvisieni (fi) — Craterellus cornucopioides	mustatorvisieni (fi)	Useita kymmeniä	2024-08-17	Heinola	Etelä-Häme (EH)	Suomi	61.197317	26.081054	Sure	NEUTRAL	The Atlas of Finnish Fungi
mustatorvisieni (fi) — Craterellus cornucopioides	mustatorvisieni (fi)	X	2024-08-17 [11:31-14:19]	Sysmä	Etelä-Häme (EH)	Suomi	61.533615	25.670302	Sure	NEUTRAL	Noteworthy macrofungi - complete lists
mustatorvisieni (fi) — Craterellus cornucopioides	mustatorvisieni (fi)		2024-08-15	Ruovesi, Tampere, Ylöjärvi	Etelä-Häme (EH)	Suomi	61.7	23.9		COMMUNITY_VERIFIED	iNaturalist Suomi Finland
mustatorvisieni (fi) — Craterellus cornucopioides	mustatorvisieni (fi)	100+	2024-08-14	Ruovesi	Etelä-Häme (EH)	Suomi	62.034095	23.907819	Sure	NEUTRAL	The Atlas of Finnish Fungi
mustatorvisieni (fi) — Craterellus cornucopioides	mustatorvisieni (fi)		2024-08-13	Kouvola	Etelä-Savo (ES)	Suomi	61.20584	26.85176		COMMUNITY_VERIFIED	iNaturalist Suomi Finland
mustatorvisieni (fi) — Craterellus cornucopioides	mustatorvisieni (fi)		2024-08-13	Kouvola	Etelä-Savo (ES)	Suomi	61.20591	26.85174		COMMUNITY_VERIFIED	iNaturalist Suomi Finland
mustatorvisieni (fi) — Craterellus cornucopioides	mustatorvisieni (fi)		2024-08-13	Kuhmoinen	Etelä-Häme (EH)	Suomi	61.62201	24.87262		COMMUNITY_VERIFIED	iNaturalist Suomi Finland
mustatorvisieni (fi) — Craterellus cornucopioides	mustatorvisieni (fi)		2024-08-13	Kirkkonummi	Uusimaa (U)	Suomi	60.15275	24.5638		COMMUNITY_VERIFIED	iNaturalist Suomi Finland
mustatorvisieni (fi) — Craterellus cornucopioides	mustatorvisieni (fi)		2024-08-13 [13:31-19:01]	Espoo	Uusimaa (U)	Suomi	60.310833	24.57606	Sure	NEUTRAL	Notebook, general observations
mustatorvisieni (fi) — Craterellus cornucopioides	mustatorvisieni (fi)	X	2024-08-13 [17:26-18:15]	Raasepori	Varsinais-Suomi (V)	Suomi	60.042217	23.709728	Sure	NEUTRAL	Noteworthy macrofungi - complete lists
mustatorvisieni (fi) — Craterellus cornucopioides	mustatorvisieni (fi)		2024-08-10	Paimio	Varsinais-Suomi (V)	Suomi	60.50816	22.7687		COMMUNITY_VERIFIED	iNaturalist Suomi Finland
mustatorvisieni (fi) — Craterellus cornucopioides	mustatorvisieni (fi)		2024-08-10	Muurame	Etelä-Häme (EH)	Suomi	62.19732	25.54997		COMMUNITY_VERIFIED	iNaturalist Suomi Finland
mustatorvisieni (fi) — Craterellus cornucopioides	mustatorvisieni (fi)	X	2024-08-09 [11:04-12:00]	Sysmä	Etelä-Häme (EH)	Suomi	61.538663	25.669308	Sure	NEUTRAL	Noteworthy macrofungi - complete lists
mustatorvisieni (fi) — Craterellus cornucopioides	mustatorvisieni (fi)	kymmeniä	2024-08-08	Pieksämäki	Pohjois-Savo (PS)	Suomi	62.131607	27.463127	Sure	NEUTRAL	The Atlas of Finnish Fungi
mustatorvisieni (fi) — Craterellus cornucopioides	mustatorvisieni (fi)		2024-08-08	Pieksämäki	Pohjois-Savo (PS)	Suomi	62.131604	27.463133		NEUTRAL	Fungal collection of the Botanical Museum, University of Oulu (OULU)
mustatorvisieni (fi) — Craterellus cornucopioides	mustatorvisieni (fi)		2024-08-08	Ruovesi	Etelä-Häme (EH)	Suomi	61.894527	24.423137		NEUTRAL	LajiGIS: Miscellaneous occurrences
mustatorvisieni (fi) — Craterellus cornucopioides	mustatorvisieni (fi)		2024-08-08	Ruovesi	Etelä-Häme (EH)	Suomi	61.894592	24.423265		NEUTRAL	LajiGIS: Miscellaneous occurrences
mustatorvisieni (fi) — Craterellus cornucopioides	mustatorvisieni (fi)		2024-08-07	Imatra	Etelä-Savo (ES)	Suomi	61.20845	28.7471		COMMUNITY_VERIFIED	iNaturalist Suomi Finland
mustatorvisieni (fi) — Craterellus cornucopioides	mustatorvisieni (fi)	hyvin runsas	2024-08-07	Pieksämäki	Pohjois-Savo (PS)	Suomi	62.077494	27.38805	Sure	NEUTRAL	The Atlas of Finnish Fungi
mustatorvisieni (fi) — Craterellus cornucopioides	mustatorvisieni (fi)		2024-08-06	Hämeenlinna, Pälkäne	Etelä-Häme (EH)	Suomi	61.3	24.7		COMMUNITY_VERIFIED	iNaturalist Suomi Finland
mustatorvisieni (fi) — Craterellus cornucopioides	mustatorvisieni (fi)	X	2024-08-04 [13:08-13:52]	Inkoo, Raasepori	Uusimaa (U), Varsinais-Suomi (V)	Suomi	60.055086	23.675094	Sure	NEUTRAL	Noteworthy macrofungi - complete lists
mustatorvisieni (fi) — Craterellus cornucopioides	mustatorvisieni (fi)		2024-08-03	Loppi	Etelä-Häme (EH)	Suomi	60.65792	24.34043		COMMUNITY_VERIFIED	iNaturalist Suomi Finland
mustatorvisieni (fi) — Craterellus cornucopioides	mustatorvisieni (fi)		2024-08-02	Jämijärvi	Satakunta (St)	Suomi	61.78206	22.76094		COMMUNITY_VERIFIED	iNaturalist Suomi Finland
mustatorvisieni (fi) — Craterellus cornucopioides	mustatorvisieni (fi)		2024-07-31	Pieksämäki	Pohjois-Savo (PS)	Suomi	62.34868	27.61315		COMMUNITY_VERIFIED	iNaturalist Suomi Finland
mustatorvisieni (fi) — Craterellus cornucopioides	mustatorvisieni (fi)		2024-07-28	Valkeakoski	Etelä-Häme (EH)	Suomi	61.26537	24.07337		COMMUNITY_VERIFIED	iNaturalist Suomi Finland
mustatorvisieni (fi) — Craterellus cornucopioides	mustatorvisieni (fi)	3	2024-07-27	Espoo	Uusimaa (U)	Suomi	60.320231	24.512722	Sure	NEUTRAL	The Atlas of Finnish Fungi
mustatorvisieni (fi) — Craterellus cornucopioides	mustatorvisieni (fi)		2024-07-25	Rusko	Varsinais-Suomi (V)	Suomi	60.64945	22.30787		COMMUNITY_VERIFIED	iNaturalist Suomi Finland
mustatorvisieni (fi) — Craterellus cornucopioides	mustatorvisieni (fi)		2024-07-23	Nokia	Etelä-Häme (EH)	Suomi	61.44326	23.46126		COMMUNITY_VERIFIED	iNaturalist Suomi Finland
mustatorvisieni (fi) — Craterellus cornucopioides	mustatorvisieni (fi)		2024-07-23	Hollola	Etelä-Häme (EH)	Suomi	60.98813	25.50124		COMMUNITY_VERIFIED	iNaturalist Suomi Finland
mustatorvisieni (fi) — Craterellus cornucopioides	mustatorvisieni (fi)		2024-07-22	Masku, Nousiainen	Varsinais-Suomi (V)	Suomi	60.73519	22.34524		COMMUNITY_VERIFIED	iNaturalist Suomi Finland
mustatorvisieni (fi) — Craterellus cornucopioides	mustatorvisieni (fi)		2023-11-08	Espoo	Uusimaa (U)	Suomi	60.30878	24.55637		COMMUNITY_VERIFIED	iNaturalist Suomi Finland
mustatorvisieni (fi) — Craterellus cornucopioides	mustatorvisieni (fi)		2023-10-20	Espoo	Uusimaa (U)	Suomi	60.30778	24.51322		COMMUNITY_VERIFIED	iNaturalist Suomi Finland
mustatorvisieni (fi) — Craterellus cornucopioides	mustatorvisieni (fi)	X	2023-10-20 [17:27-18:13]	Raasepori	Varsinais-Suomi (V)	Suomi	60.061459	23.690233	Sure	NEUTRAL	Noteworthy macrofungi - complete lists
mustatorvisieni (fi) — Craterellus cornucopioides	mustatorvisieni (fi)		2023-10-15	Hankasalmi, Pieksämäki, Rautalampi	Pohjois-Häme (PH), Pohjois-Savo (PS)	Suomi	62.5	26.7		COMMUNITY_VERIFIED	iNaturalist Suomi Finland
mustatorvisieni (fi) — Craterellus cornucopioides	mustatorvisieni (fi)		2023-10-14	Kemiönsaari	Varsinais-Suomi (V)	Suomi	60.02103	22.50568		COMMUNITY_VERIFIED	iNaturalist Suomi Finland
mustatorvisieni (fi) — Craterellus cornucopioides	mustatorvisieni (fi)	3	2023-10-13 [14:40]	Hamina	Etelä-Karjala (EK)	Suomi	60.736351	27.409148	Sure	NEUTRAL	Notebook, general observations
mustatorvisieni (fi) — Craterellus cornucopioides	mustatorvisieni (fi)		2023-10-10	Kirkkonummi	Uusimaa (U)	Suomi	60.16329	24.41573		COMMUNITY_VERIFIED	iNaturalist Suomi Finland
mustatorvisieni (fi) — Craterellus cornucopioides	mustatorvisieni (fi)	X	2023-10-08 [13:28-15:33]	Vantaa	Uusimaa (U)	Suomi	60.305284	25.1497	Sure	NEUTRAL	Noteworthy macrofungi - complete lists
mustatorvisieni (fi) — Craterellus cornucopioides	mustatorvisieni (fi)		2023-10-07	Mäntsälä	Uusimaa (U)	Suomi	60.68808	25.19402		COMMUNITY_VERIFIED	iNaturalist Suomi Finland
mustatorvisieni (fi) — Craterellus cornucopioides	mustatorvisieni (fi)	3	2023-10-05 [12:00]	Hamina	Etelä-Karjala (EK)	Suomi	60.642391	27.301898	Sure	NEUTRAL	Notebook, general observations
mustatorvisieni (fi) — Craterellus cornucopioides	mustatorvisieni (fi)		2023-10-02	Salo	Varsinais-Suomi (V)	Suomi	60.398651	23.095319	Sure	NEUTRAL	The Atlas of Finnish Fungi
mustatorvisieni (fi) — Craterellus cornucopioides	mustatorvisieni (fi)		2023-10-02	Lahti	Etelä-Häme (EH)	Suomi	60.955376	25.683956		NEUTRAL	Löydös Open Finnish Observation Database
mustatorvisieni (fi) — Craterellus cornucopioides	mustatorvisieni (fi)		2023-10-02	Riihimäki	Etelä-Häme (EH)	Suomi	60.72264	24.80847		COMMUNITY_VERIFIED	iNaturalist Suomi Finland
mustatorvisieni (fi) — Craterellus cornucopioides	mustatorvisieni (fi)		2023-10-01	Helsinki	Uusimaa (U)	Suomi	60.2355	24.88182		COMMUNITY_VERIFIED	iNaturalist Suomi Finland
mustatorvisieni (fi) — Craterellus cornucopioides	mustatorvisieni (fi)		2023-10-01	Mikkeli, Mäntyharju	Etelä-Savo (ES)	Suomi	61.353069	27.277163	Sure	NEUTRAL	Notebook, general observations
mustatorvisieni (fi) — Craterellus cornucopioides	mustatorvisieni (fi)	X	2023-10-01 [10:18-11:51]	Raasepori	Varsinais-Suomi (V)	Suomi	60.038236	23.72329	Sure	NEUTRAL	Noteworthy macrofungi - complete lists
mustatorvisieni (fi) — Craterellus cornucopioides	mustatorvisieni (fi)		2023-09-30	Raasepori, Salo	Uusimaa (U), Varsinais-Suomi (V)	Suomi	60.1	23.3		COMMUNITY_VERIFIED	iNaturalist Suomi Finland
mustatorvisieni (fi) — Craterellus cornucopioides	mustatorvisieni (fi)		2023-09-30	Humppila, Jokioinen, Loimaa, Urjala, Ypäjä	Etelä-Häme (EH), Satakunta (St)	Suomi	60.9	23.3		COMMUNITY_VERIFIED	iNaturalist Suomi Finland
mustatorvisieni (fi) — Craterellus cornucopioides	mustatorvisieni (fi)		2023-09-30	Asikkala	Etelä-Häme (EH)	Suomi	61.230775	25.6362	Sure	NEUTRAL	The Atlas of Finnish Fungi
mustatorvisieni (fi) — Craterellus cornucopioides	mustatorvisieni (fi)		2023-09-30 [12:31-17:53]	Kirkkonummi	Uusimaa (U)	Suomi	60.138966	24.469479	Sure	NEUTRAL	Notebook, general observations
mustatorvisieni (fi) — Craterellus cornucopioides	mustatorvisieni (fi)		2023-09-28	Heinävesi	Pohjois-Savo (PS)	Suomi	62.43806	28.77448	Sure	NEUTRAL	The Atlas of Finnish Fungi
mustatorvisieni (fi) — Craterellus cornucopioides	mustatorvisieni (fi)	siellä täällä tosi paljon!	2023-09-27 [17:12-19:09]	Salo	Varsinais-Suomi (V)	Suomi	60.140583	22.925413	Sure	NEUTRAL	The Atlas of Finnish Fungi
mustatorvisieni (fi) — Craterellus cornucopioides	mustatorvisieni (fi)		2023-09-27	Sipoo	Uusimaa (U)	Suomi	60.34021	25.28364		COMMUNITY_VERIFIED	iNaturalist Suomi Finland
mustatorvisieni (fi) — Craterellus cornucopioides	mustatorvisieni (fi)	X	2023-09-27 [9:46-11:31]	Espoo, Vihti	Uusimaa (U), Varsinais-Suomi (V)	Suomi	60.32343	24.525371	Sure	NEUTRAL	Noteworthy macrofungi - complete lists
mustatorvisieni (fi) — Craterellus cornucopioides	mustatorvisieni (fi)	X	2023-09-27 [12:18-13:11]	Espoo, Vihti	Uusimaa (U), Varsinais-Suomi (V)	Suomi	60.320566	24.530471	Sure	NEUTRAL	Noteworthy macrofungi - complete lists
mustatorvisieni (fi) — Craterellus cornucopioides	mustatorvisieni (fi)		2023-09-26	Vihti	Varsinais-Suomi (V)	Suomi	60.539645	24.558811	Sure	NEUTRAL	The Atlas of Finnish Fungi
mustatorvisieni (fi) — Craterellus cornucopioides	mustatorvisieni (fi)		2023-09-25	Espoo	Uusimaa (U)	Suomi	60.1571	24.65342		COMMUNITY_VERIFIED	iNaturalist Suomi Finland
mustatorvisieni (fi) — Craterellus cornucopioides	mustatorvisieni (fi)	+10	2023-09-25	Loppi	Etelä-Häme (EH)	Suomi	60.698784	24.34165	Sure	NEUTRAL	The Atlas of Finnish Fungi
mustatorvisieni (fi) — Craterellus cornucopioides	mustatorvisieni (fi)		2023-09-25	Porvoo	Uusimaa (U)	Suomi	60.34475	25.59363		COMMUNITY_VERIFIED	iNaturalist Suomi Finland
mustatorvisieni (fi) — Craterellus cornucopioides	mustatorvisieni (fi)		2023-09-24	Kaarina, Parainen, Turku	Varsinais-Suomi (V)	Suomi	60.3	22.3		COMMUNITY_VERIFIED	iNaturalist Suomi Finland
mustatorvisieni (fi) — Craterellus cornucopioides	mustatorvisieni (fi)		2023-09-24	Porvoo	Uusimaa (U)	Suomi	60.403344	25.743507	Sure	NEUTRAL	The Atlas of Finnish Fungi
mustatorvisieni (fi) — Craterellus cornucopioides	mustatorvisieni (fi)		2023-09-24	Orivesi	Etelä-Häme (EH)	Suomi	61.70253	24.15378		COMMUNITY_VERIFIED	iNaturalist Suomi Finland
mustatorvisieni (fi) — Craterellus cornucopioides	mustatorvisieni (fi)		2023-09-24	Kangasala	Etelä-Häme (EH)	Suomi	61.45877	24.10302		COMMUNITY_VERIFIED	iNaturalist Suomi Finland
mustatorvisieni (fi) — Craterellus cornucopioides	mustatorvisieni (fi)		2023-09-24	Ulvila	Satakunta (St)	Suomi	61.50026	22.1643		COMMUNITY_VERIFIED	iNaturalist Suomi Finland
mustatorvisieni (fi) — Craterellus cornucopioides	mustatorvisieni (fi)		2023-09-24	Hyvinkää	Uusimaa (U)	Suomi	60.64052	24.73875		COMMUNITY_VERIFIED	iNaturalist Suomi Finland
mustatorvisieni (fi) — Craterellus cornucopioides	mustatorvisieni (fi)		2023-09-24	Parainen	Varsinais-Suomi (V)	Suomi	60.31049	22.26601		COMMUNITY_VERIFIED	iNaturalist Suomi Finland
mustatorvisieni (fi) — Craterellus cornucopioides	mustatorvisieni (fi)		2023-09-24	Sipoo	Uusimaa (U)	Suomi	60.31351	25.21389		COMMUNITY_VERIFIED	iNaturalist Suomi Finland
mustatorvisieni (fi) — Craterellus cornucopioides	mustatorvisieni (fi)		2023-09-23	Sysmä	Etelä-Häme (EH)	Suomi	61.4248	25.53577	Sure	NEUTRAL	Notebook, general observations
mustatorvisieni (fi) — Craterellus cornucopioides	mustatorvisieni (fi)		2023-09-22	Loppi	Etelä-Häme (EH)	Suomi	60.698784	24.34165	Sure	NEUTRAL	The Atlas of Finnish Fungi
mustatorvisieni (fi) — Craterellus cornucopioides	mustatorvisieni (fi)		2023-09-22	Sipoo	Uusimaa (U)	Suomi	60.35089	25.18867		COMMUNITY_VERIFIED	iNaturalist Suomi Finland
mustatorvisieni (fi) — Craterellus cornucopioides	mustatorvisieni (fi)	X	2023-09-22 [17:45-19:02]	Inkoo, Raasepori	Uusimaa (U), Varsinais-Suomi (V)	Suomi	60.055086	23.675094	Sure	NEUTRAL	Noteworthy macrofungi - complete lists
mustatorvisieni (fi) — Craterellus cornucopioides	mustatorvisieni (fi)		2023-09-21	Pälkäne	Etelä-Häme (EH)	Suomi	61.37552	24.65492		COMMUNITY_VERIFIED	iNaturalist Suomi Finland
mustatorvisieni (fi) — Craterellus cornucopioides	mustatorvisieni (fi)		2023-09-21 [12:13]	Jyväskylä	Pohjois-Häme (PH)	Suomi	62.228738	25.844943	Sure	NEUTRAL	The Atlas of Finnish Fungi
mustatorvisieni (fi) — Craterellus cornucopioides	mustatorvisieni (fi)		2023-09-21 [12:39]	Jyväskylä	Pohjois-Häme (PH)	Suomi	62.227129	25.842443	Sure	NEUTRAL	The Atlas of Finnish Fungi
mustatorvisieni (fi) — Craterellus cornucopioides	mustatorvisieni (fi)	10	2023-09-21	Loppi	Etelä-Häme (EH)	Suomi	60.675841	24.412487	Sure	NEUTRAL	The Atlas of Finnish Fungi
mustatorvisieni (fi) — Craterellus cornucopioides	mustatorvisieni (fi)		2023-09-21	Parainen	Varsinais-Suomi (V)	Suomi	60.28986	22.2907		COMMUNITY_VERIFIED	iNaturalist Suomi Finland
mustatorvisieni (fi) — Craterellus cornucopioides	mustatorvisieni (fi)	parisen kymmentä	2023-09-20	Lahti	Etelä-Häme (EH)	Suomi	60.985399	25.682179	Sure	NEUTRAL	The Atlas of Finnish Fungi
mustatorvisieni (fi) — Craterellus cornucopioides	mustatorvisieni (fi)		2023-09-20	Kuopio	Pohjois-Savo (PS)	Suomi	62.90787	27.65556		COMMUNITY_VERIFIED	iNaturalist Suomi Finland
mustatorvisieni (fi) — Craterellus cornucopioides	mustatorvisieni (fi)		2023-09-19	Asikkala, Hämeenlinna, Padasjoki	Etelä-Häme (EH)	Suomi	61.3	25.3		COMMUNITY_VERIFIED	iNaturalist Suomi Finland
mustatorvisieni (fi) — Craterellus cornucopioides	mustatorvisieni (fi)		2023-09-19	Espoo	Uusimaa (U)	Suomi	60.12759	24.71626		COMMUNITY_VERIFIED	iNaturalist Suomi Finland
mustatorvisieni (fi) — Craterellus cornucopioides	mustatorvisieni (fi)		2023-09-19	Nurmijärvi	Uusimaa (U)	Suomi	60.37601	24.65419		COMMUNITY_VERIFIED	iNaturalist Suomi Finland
mustatorvisieni (fi) — Craterellus cornucopioides	mustatorvisieni (fi)		2023-09-18	Turku	Varsinais-Suomi (V)	Suomi	60.452564	22.338736	Sure	NEUTRAL	The Atlas of Finnish Fungi
mustatorvisieni (fi) — Craterellus cornucopioides	mustatorvisieni (fi)		2023-09-18	Jyväskylä	Pohjois-Häme (PH)	Suomi	62.25372	25.69549		COMMUNITY_VERIFIED	iNaturalist Suomi Finland
mustatorvisieni (fi) — Craterellus cornucopioides	mustatorvisieni (fi)		2023-09-17	Masku, Mynämäki, Naantali	Varsinais-Suomi (V)	Suomi	60.5	21.9		COMMUNITY_VERIFIED	iNaturalist Suomi Finland
mustatorvisieni (fi) — Craterellus cornucopioides	mustatorvisieni (fi)		2023-09-17	Kirkkonummi	Uusimaa (U)	Suomi	59.993774	24.437295	Sure	NEUTRAL	Notebook, general observations
mustatorvisieni (fi) — Craterellus cornucopioides	mustatorvisieni (fi)		2023-09-16	Hamina	Etelä-Karjala (EK)	Suomi	60.68392	27.1181		COMMUNITY_VERIFIED	iNaturalist Suomi Finland
mustatorvisieni (fi) — Craterellus cornucopioides	mustatorvisieni (fi)		2023-09-16	Hartola, Luhanka, Sysmä	Etelä-Häme (EH)	Suomi	61.7	25.7		COMMUNITY_VERIFIED	iNaturalist Suomi Finland
mustatorvisieni (fi) — Craterellus cornucopioides	mustatorvisieni (fi)		2023-09-16	Turku	Varsinais-Suomi (V)	Suomi	60.452839	22.339022	Sure	NEUTRAL	The Atlas of Finnish Fungi
mustatorvisieni (fi) — Craterellus cornucopioides	mustatorvisieni (fi)		2023-09-16 [15:39-16:57]	Salo	Varsinais-Suomi (V)	Suomi	60.474605	23.086378	Sure	NEUTRAL	The Atlas of Finnish Fungi
mustatorvisieni (fi) — Craterellus cornucopioides	mustatorvisieni (fi)		2023-09-16	Porvoo	Uusimaa (U)	Suomi	60.482625	25.783698	Sure	NEUTRAL	The Atlas of Finnish Fungi
mustatorvisieni (fi) — Craterellus cornucopioides	mustatorvisieni (fi)		2023-09-16	Porvoo	Uusimaa (U)	Suomi	60.38994	25.72654		COMMUNITY_VERIFIED	iNaturalist Suomi Finland
mustatorvisieni (fi) — Craterellus cornucopioides	mustatorvisieni (fi)	X	2023-09-16 [16:20-18:41]	Inkoo	Uusimaa (U)	Suomi	60.018451	23.786548	Sure	NEUTRAL	Noteworthy macrofungi - complete lists
mustatorvisieni (fi) — Craterellus cornucopioides	mustatorvisieni (fi)		2023-09-15	Turku	Varsinais-Suomi (V)	Suomi	60.4281	22.14668		COMMUNITY_VERIFIED	iNaturalist Suomi Finland
mustatorvisieni (fi) — Craterellus cornucopioides	mustatorvisieni (fi)		2023-09-15	Inkoo, Kirkkonummi, Siuntio	Uusimaa (U)	Suomi	60.1	24.3		COMMUNITY_VERIFIED	iNaturalist Suomi Finland
mustatorvisieni (fi) — Craterellus cornucopioides	mustatorvisieni (fi)		2023-09-15	Kirkkonummi	Uusimaa (U)	Suomi	59.989571	24.436611	Sure	NEUTRAL	Notebook, general observations
mustatorvisieni (fi) — Craterellus cornucopioides	mustatorvisieni (fi)	niukka	2023-09-15	Hämeenlinna	Etelä-Häme (EH)	Suomi	60.989771	24.420452	Sure	NEUTRAL	Notebook, general observations
mustatorvisieni (fi) — Craterellus cornucopioides	mustatorvisieni (fi)		2023-09-14	Porvoo	Uusimaa (U)	Suomi	60.369284	25.705573	Sure	NEUTRAL	The Atlas of Finnish Fungi
mustatorvisieni (fi) — Craterellus cornucopioides	mustatorvisieni (fi)		2023-09-14	Janakkala	Etelä-Häme (EH)	Suomi	60.89457	24.88697		COMMUNITY_VERIFIED	iNaturalist Suomi Finland
mustatorvisieni (fi) — Craterellus cornucopioides	mustatorvisieni (fi)		2023-09-13	Helsinki	Uusimaa (U)	Suomi	60.192525	25.097705	Sure	NEUTRAL	Species Observations from Helsinki Nature Surveys
mustatorvisieni (fi) — Craterellus cornucopioides	mustatorvisieni (fi)		2023-09-13	Lahti	Etelä-Häme (EH)	Suomi	60.99779	25.58384		COMMUNITY_VERIFIED	iNaturalist Suomi Finland
mustatorvisieni (fi) — Craterellus cornucopioides	mustatorvisieni (fi)		2023-09-12 [13:48]	Jyväskylä	Pohjois-Häme (PH)	Suomi	62.254356	25.85653	Sure	NEUTRAL	The Atlas of Finnish Fungi
mustatorvisieni (fi) — Craterellus cornucopioides	mustatorvisieni (fi)		2023-09-12 - 2023-09-14	Espoo	Uusimaa (U)	Suomi	60.334937	24.687604	Sure	NEUTRAL	The Atlas of Finnish Fungi
mustatorvisieni (fi) — Craterellus cornucopioides	mustatorvisieni (fi)	2	2023-09-12	Tampere	Etelä-Häme (EH)	Suomi	61.440923	23.82676	Sure	NEUTRAL	Notebook, general observations
mustatorvisieni (fi) — Craterellus cornucopioides	mustatorvisieni (fi)		2023-09-11	Turku	Varsinais-Suomi (V)	Suomi	60.40721	22.24248		COMMUNITY_VERIFIED	iNaturalist Suomi Finland
mustatorvisieni (fi) — Craterellus cornucopioides	mustatorvisieni (fi)		2023-09-11	Sipoo	Uusimaa (U)	Suomi	60.29961	25.22144		COMMUNITY_VERIFIED	iNaturalist Suomi Finland
mustatorvisieni (fi) — Craterellus cornucopioides	mustatorvisieni (fi)		2023-09-10	Pomarkku	Satakunta (St)	Suomi	61.6977	22.15633		COMMUNITY_VERIFIED	iNaturalist Suomi Finland
mustatorvisieni (fi) — Craterellus cornucopioides	mustatorvisieni (fi)		2023-09-10	Tuusula	Uusimaa (U)	Suomi	60.36722	25.0115		COMMUNITY_VERIFIED	iNaturalist Suomi Finland
mustatorvisieni (fi) — Craterellus cornucopioides	mustatorvisieni (fi)		2023-09-10	Tuusula	Uusimaa (U)	Suomi	60.47263	24.97766		COMMUNITY_VERIFIED	iNaturalist Suomi Finland
mustatorvisieni (fi) — Craterellus cornucopioides	mustatorvisieni (fi)		2023-09-10	Kirkkonummi	Uusimaa (U)	Suomi	60.18379	24.49334		COMMUNITY_VERIFIED	iNaturalist Suomi Finland
mustatorvisieni (fi) — Craterellus cornucopioides	mustatorvisieni (fi)		2023-09-10	Kuhmoinen	Etelä-Häme (EH)	Suomi	61.707329	25.290841	Sure	NEUTRAL	Notebook, general observations
mustatorvisieni (fi) — Craterellus cornucopioides	mustatorvisieni (fi)		2023-09-10	Tampere	Etelä-Häme (EH)	Suomi	61.44593	23.82292		COMMUNITY_VERIFIED	iNaturalist Suomi Finland
mustatorvisieni (fi) — Craterellus cornucopioides	mustatorvisieni (fi)		2023-09-09	Kuhmo	Kainuu (Kn)	Suomi	64.193943	29.981313	Sure	NEUTRAL	Notebook, general observations
mustatorvisieni (fi) — Craterellus cornucopioides	mustatorvisieni (fi)		2023-09-09	Vantaa	Uusimaa (U)	Suomi	60.29313	25.1465		COMMUNITY_VERIFIED	iNaturalist Suomi Finland
mustatorvisieni (fi) — Craterellus cornucopioides	mustatorvisieni (fi)		2023-09-09	Hartola, Sysmä	Etelä-Häme (EH)	Suomi	61.5	25.9		COMMUNITY_VERIFIED	iNaturalist Suomi Finland
mustatorvisieni (fi) — Craterellus cornucopioides	mustatorvisieni (fi)	20+	2023-09-09	Ruovesi, Ylöjärvi	Etelä-Häme (EH)	Suomi	62.035139	23.843263	Sure	NEUTRAL	The Atlas of Finnish Fungi
mustatorvisieni (fi) — Craterellus cornucopioides	mustatorvisieni (fi)		2023-09-09	Vantaa	Uusimaa (U)	Suomi	60.302249	24.793728	Sure	NEUTRAL	The Atlas of Finnish Fungi
mustatorvisieni (fi) — Craterellus cornucopioides	mustatorvisieni (fi)		2023-09-09	Hämeenlinna	Etelä-Häme (EH)	Suomi	61.21916	24.92243		COMMUNITY_VERIFIED	iNaturalist Suomi Finland
mustatorvisieni (fi) — Craterellus cornucopioides	mustatorvisieni (fi)		2023-09-08	Orimattila	Uusimaa (U)	Suomi	60.85248	25.41362		COMMUNITY_VERIFIED	iNaturalist Suomi Finland
mustatorvisieni (fi) — Craterellus cornucopioides	mustatorvisieni (fi)		2023-09-08	Ikaalinen	Satakunta (St)	Suomi	61.790228	23.127381	Sure	NEUTRAL	Notebook, general observations
mustatorvisieni (fi) — Craterellus cornucopioides	mustatorvisieni (fi)		2023-09-07	Jyväskylä	Pohjois-Häme (PH)	Suomi	62.25394	25.58673		COMMUNITY_VERIFIED	iNaturalist Suomi Finland
mustatorvisieni (fi) — Craterellus cornucopioides	mustatorvisieni (fi)		2023-09-07	Salo	Varsinais-Suomi (V)	Suomi	60.32433	23.10359		COMMUNITY_VERIFIED	iNaturalist Suomi Finland
mustatorvisieni (fi) — Craterellus cornucopioides	mustatorvisieni (fi)		2023-09-07	Rautjärvi	Laatokan Karjala (LK)	Suomi	61.43457	29.37137		COMMUNITY_VERIFIED	iNaturalist Suomi Finland
mustatorvisieni (fi) — Craterellus cornucopioides	mustatorvisieni (fi)		2023-09-07 - 2023-09-09	Helsinki, Vantaa	Uusimaa (U)	Suomi	60.274847	25.160767	Sure	NEUTRAL	The Atlas of Finnish Fungi
mustatorvisieni (fi) — Craterellus cornucopioides	mustatorvisieni (fi)		2023-09-07	Sipoo	Uusimaa (U)	Suomi	60.346637	25.205163	Sure	NEUTRAL	The Atlas of Finnish Fungi
mustatorvisieni (fi) — Craterellus cornucopioides	mustatorvisieni (fi)		2023-09-07 [10:39-10:53]	Jämijärvi	Satakunta (St)	Suomi	61.770988	22.747213	Sure	NEUTRAL	The Atlas of Finnish Fungi
mustatorvisieni (fi) — Craterellus cornucopioides	mustatorvisieni (fi)		2023-09-07 [11:00-11:07]	Jämijärvi	Satakunta (St)	Suomi	61.768219	22.74085	Sure	NEUTRAL	The Atlas of Finnish Fungi
mustatorvisieni (fi) — Craterellus cornucopioides	mustatorvisieni (fi)	Paljon	2023-09-07	Jämijärvi	Satakunta (St)	Suomi	61.78143	22.757975	Sure	NEUTRAL	The Atlas of Finnish Fungi
mustatorvisieni (fi) — Craterellus cornucopioides	mustatorvisieni (fi)		2023-09-06	Espoo	Uusimaa (U)	Suomi	60.29279	24.56259		COMMUNITY_VERIFIED	iNaturalist Suomi Finland
mustatorvisieni (fi) — Craterellus cornucopioides	mustatorvisieni (fi)		2023-09-06	Lahti	Etelä-Häme (EH)	Suomi	60.98698	25.54757		COMMUNITY_VERIFIED	iNaturalist Suomi Finland
mustatorvisieni (fi) — Craterellus cornucopioides	mustatorvisieni (fi)		2023-09-06	Ikaalinen	Satakunta (St)	Suomi	61.795247	22.974305	Sure	NEUTRAL	Notebook, general observations
mustatorvisieni (fi) — Craterellus cornucopioides	mustatorvisieni (fi)		2023-09-06	Espoo	Uusimaa (U)	Suomi	60.329735	24.670755	Sure	NEUTRAL	The Atlas of Finnish Fungi
mustatorvisieni (fi) — Craterellus cornucopioides	mustatorvisieni (fi)		2023-09-05	Espoo	Uusimaa (U)	Suomi	60.29282	24.56237		COMMUNITY_VERIFIED	iNaturalist Suomi Finland
mustatorvisieni (fi) — Craterellus cornucopioides	mustatorvisieni (fi)		2023-09-05	Espoo	Uusimaa (U)	Suomi	60.29293	24.56218		COMMUNITY_VERIFIED	iNaturalist Suomi Finland
mustatorvisieni (fi) — Craterellus cornucopioides	mustatorvisieni (fi)		2023-09-05	Espoo	Uusimaa (U)	Suomi	60.281	24.57468		COMMUNITY_VERIFIED	iNaturalist Suomi Finland
mustatorvisieni (fi) — Craterellus cornucopioides	mustatorvisieni (fi)	5 itiöemää	2023-09-05	Hausjärvi	Etelä-Häme (EH)	Suomi	60.723081	24.848428	Sure	NEUTRAL	The Atlas of Finnish Fungi
mustatorvisieni (fi) — Craterellus cornucopioides	mustatorvisieni (fi)		2023-09-04	Jyväskylä	Pohjois-Häme (PH)	Suomi	62.26279	25.69899		COMMUNITY_VERIFIED	iNaturalist Suomi Finland
mustatorvisieni (fi) — Craterellus cornucopioides	mustatorvisieni (fi)		2023-09-04	Helsinki	Uusimaa (U)	Suomi	60.24218	25.21238		COMMUNITY_VERIFIED	iNaturalist Suomi Finland
mustatorvisieni (fi) — Craterellus cornucopioides	mustatorvisieni (fi)		2023-09-04	Viitasaari	Pohjois-Häme (PH)	Suomi	63.0738	25.85214		COMMUNITY_VERIFIED	iNaturalist Suomi Finland
mustatorvisieni (fi) — Craterellus cornucopioides	mustatorvisieni (fi)		2023-09-04	Helsinki	Uusimaa (U)	Suomi	60.21695	25.15578		COMMUNITY_VERIFIED	iNaturalist Suomi Finland
mustatorvisieni (fi) — Craterellus cornucopioides	mustatorvisieni (fi)		2023-09-03	Jyväskylä	Pohjois-Häme (PH)	Suomi	62.26228	25.84969		COMMUNITY_VERIFIED	iNaturalist Suomi Finland
mustatorvisieni (fi) — Craterellus cornucopioides	mustatorvisieni (fi)		2023-09-03	Kirkkonummi	Uusimaa (U)	Suomi	60.14156	24.38046		COMMUNITY_VERIFIED	iNaturalist Suomi Finland
mustatorvisieni (fi) — Craterellus cornucopioides	mustatorvisieni (fi)		2023-09-03	Helsinki	Uusimaa (U)	Suomi	60.23609	24.86888		COMMUNITY_VERIFIED	iNaturalist Suomi Finland
mustatorvisieni (fi) — Craterellus cornucopioides	mustatorvisieni (fi)		2023-09-03	Nokia	Etelä-Häme (EH)	Suomi	61.493008	23.357456	Sure	NEUTRAL	The Atlas of Finnish Fungi
mustatorvisieni (fi) — Craterellus cornucopioides	mustatorvisieni (fi)	20	2023-09-03	Porvoo	Uusimaa (U)	Suomi	60.360922	25.788812	Sure	NEUTRAL	The Atlas of Finnish Fungi
mustatorvisieni (fi) — Craterellus cornucopioides	mustatorvisieni (fi)	>30	2023-09-03 [9:33-15:37]	Asikkala	Etelä-Häme (EH)	Suomi	61.169409	25.867008	Sure	NEUTRAL	Notebook, general observations
mustatorvisieni (fi) — Craterellus cornucopioides	mustatorvisieni (fi)		2023-09-03	Helsinki	Uusimaa (U)	Suomi	60.242668	25.207655	Sure	NEUTRAL	The Atlas of Finnish Fungi
mustatorvisieni (fi) — Craterellus cornucopioides	mustatorvisieni (fi)		2023-09-02	Kirkkonummi	Uusimaa (U)	Suomi	60.03515	24.4222		COMMUNITY_VERIFIED	iNaturalist Suomi Finland
mustatorvisieni (fi) — Craterellus cornucopioides	mustatorvisieni (fi)		2023-09-02	Hämeenlinna	Etelä-Häme (EH)	Suomi	61.24003	25.06747		COMMUNITY_VERIFIED	iNaturalist Suomi Finland
mustatorvisieni (fi) — Craterellus cornucopioides	mustatorvisieni (fi)		2023-09-02	Kaarina	Varsinais-Suomi (V)	Suomi	60.40063	22.32102		COMMUNITY_VERIFIED	iNaturalist Suomi Finland
mustatorvisieni (fi) — Craterellus cornucopioides	mustatorvisieni (fi)	>50	2023-09-02 [17:22-22:13]	Asikkala	Etelä-Häme (EH)	Suomi	61.16943	25.866062	Sure	NEUTRAL	Notebook, general observations
mustatorvisieni (fi) — Craterellus cornucopioides	mustatorvisieni (fi)		2023-09-02 [12:28-13:30]	Muurame	Etelä-Häme (EH)	Suomi	62.160864	25.734679	Sure	NEUTRAL	The Atlas of Finnish Fungi
mustatorvisieni (fi) — Craterellus cornucopioides	mustatorvisieni (fi)		2023-09-02	Jyväskylä	Pohjois-Häme (PH)	Suomi	62.21122	25.706441	Sure	NEUTRAL	Notebook, general observations
mustatorvisieni (fi) — Craterellus cornucopioides	mustatorvisieni (fi)		2023-09-01	Espoo, Vihti	Uusimaa (U), Varsinais-Suomi (V)	Suomi	60.317297	24.523639	Sure	NEUTRAL	The Atlas of Finnish Fungi
mustatorvisieni (fi) — Craterellus cornucopioides	mustatorvisieni (fi)		2023-08-31	Helsinki	Uusimaa (U)	Suomi	60.193107	25.101638	Sure	NEUTRAL	Species Observations from Helsinki Nature Surveys
mustatorvisieni (fi) — Craterellus cornucopioides	mustatorvisieni (fi)		2023-08-29	Espoo	Uusimaa (U)	Suomi	60.29288	24.56214		COMMUNITY_VERIFIED	iNaturalist Suomi Finland
mustatorvisieni (fi) — Craterellus cornucopioides	mustatorvisieni (fi)		2023-08-29	Jämsä	Etelä-Häme (EH)	Suomi	61.990683	25.135225	Sure	NEUTRAL	Notebook, general observations
mustatorvisieni (fi) — Craterellus cornucopioides	mustatorvisieni (fi)		2023-08-27	Lohja	Varsinais-Suomi (V)	Suomi	60.18266	23.68676		COMMUNITY_VERIFIED	iNaturalist Suomi Finland
mustatorvisieni (fi) — Craterellus cornucopioides	mustatorvisieni (fi)		2023-08-27	Espoo	Uusimaa (U)	Suomi	60.18593	24.61942		COMMUNITY_VERIFIED	iNaturalist Suomi Finland
mustatorvisieni (fi) — Craterellus cornucopioides	mustatorvisieni (fi)		2023-08-27	Jyväskylä, Laukaa, Muurame	Etelä-Häme (EH), Pohjois-Häme (PH)	Suomi	62.3	25.7		COMMUNITY_VERIFIED	iNaturalist Suomi Finland
mustatorvisieni (fi) — Craterellus cornucopioides	mustatorvisieni (fi)		2023-08-26	Nurmijärvi	Uusimaa (U)	Suomi	60.40833	24.75585		COMMUNITY_VERIFIED	iNaturalist Suomi Finland
mustatorvisieni (fi) — Craterellus cornucopioides	mustatorvisieni (fi)		2023-08-26	Nurmijärvi	Uusimaa (U)	Suomi	60.41055	24.75865		COMMUNITY_VERIFIED	iNaturalist Suomi Finland
mustatorvisieni (fi) — Craterellus cornucopioides	mustatorvisieni (fi)		2023-08-26	Viitasaari	Pohjois-Häme (PH)	Suomi	63.08195	25.85023		COMMUNITY_VERIFIED	iNaturalist Suomi Finland
mustatorvisieni (fi) — Craterellus cornucopioides	mustatorvisieni (fi)		2023-08-26	Turku	Varsinais-Suomi (V)	Suomi	60.359656	22.184677		NEUTRAL	Observations by the forest group of the Finnish Nature Association
mustatorvisieni (fi) — Craterellus cornucopioides	mustatorvisieni (fi)		2023-08-25	Helsinki	Uusimaa (U)	Suomi	60.19784	25.0161		COMMUNITY_VERIFIED	iNaturalist Suomi Finland
mustatorvisieni (fi) — Craterellus cornucopioides	mustatorvisieni (fi)		2023-08-25	Merikarvia, Pomarkku, Pori, Siikainen	Satakunta (St)	Suomi	61.7	21.7		COMMUNITY_VERIFIED	iNaturalist Suomi Finland
mustatorvisieni (fi) — Craterellus cornucopioides	mustatorvisieni (fi)		2023-08-25	Toivakka	Pohjois-Häme (PH)	Suomi	62.08721	25.887501	Sure	NEUTRAL	Notebook, general observations
mustatorvisieni (fi) — Craterellus cornucopioides	mustatorvisieni (fi)		2023-08-24	Sipoo	Uusimaa (U)	Suomi	60.30362	25.18638		COMMUNITY_VERIFIED	iNaturalist Suomi Finland
mustatorvisieni (fi) — Craterellus cornucopioides	mustatorvisieni (fi)		2023-08-23	Helsinki	Uusimaa (U)	Suomi	60.191929	25.095198	Sure	NEUTRAL	Species Observations from Helsinki Nature Surveys
mustatorvisieni (fi) — Craterellus cornucopioides	mustatorvisieni (fi)	Useita	2023-08-22	Raasepori	Varsinais-Suomi (V)	Suomi	60.146168	23.541351	Sure	NEUTRAL	Notebook, general observations
mustatorvisieni (fi) — Craterellus cornucopioides	mustatorvisieni (fi)		2023-08-22	Helsinki	Uusimaa (U)	Suomi	60.23671	24.91192		COMMUNITY_VERIFIED	iNaturalist Suomi Finland
mustatorvisieni (fi) — Craterellus cornucopioides	mustatorvisieni (fi)	runsas	2023-08-21	Vantaa	Uusimaa (U)	Suomi	60.27673	24.964512	Sure	NEUTRAL	The Atlas of Finnish Fungi
mustatorvisieni (fi) — Craterellus cornucopioides	mustatorvisieni (fi)		2023-08-20	Hämeenkyrö	Satakunta (St)	Suomi	61.69379	23.11964		COMMUNITY_VERIFIED	iNaturalist Suomi Finland
mustatorvisieni (fi) — Craterellus cornucopioides	mustatorvisieni (fi)		2023-08-19	Tervo	Pohjois-Savo (PS)	Suomi	62.84505	26.83254		COMMUNITY_VERIFIED	iNaturalist Suomi Finland
mustatorvisieni (fi) — Craterellus cornucopioides	mustatorvisieni (fi)		2023-08-19	Jämsä	Etelä-Häme (EH)	Suomi	62.04195	25.14562		COMMUNITY_VERIFIED	iNaturalist Suomi Finland
mustatorvisieni (fi) — Craterellus cornucopioides	mustatorvisieni (fi)		2023-08-19	Kuopio	Pohjois-Savo (PS)	Suomi	62.895551	27.5955		NEUTRAL	LajiGIS: Species mapping and surveys
mustatorvisieni (fi) — Craterellus cornucopioides	mustatorvisieni (fi)		2023-08-19	Espoo, Vihti	Uusimaa (U), Varsinais-Suomi (V)	Suomi	60.317297	24.523639	Sure	NEUTRAL	The Atlas of Finnish Fungi
mustatorvisieni (fi) — Craterellus cornucopioides	mustatorvisieni (fi)		2023-08-18	Viitasaari	Pohjois-Häme (PH)	Suomi	63.07387	25.8522		COMMUNITY_VERIFIED	iNaturalist Suomi Finland
mustatorvisieni (fi) — Craterellus cornucopioides	mustatorvisieni (fi)		2023-08-18	Espoo	Uusimaa (U)	Suomi	60.24305	24.56706		COMMUNITY_VERIFIED	iNaturalist Suomi Finland
mustatorvisieni (fi) — Craterellus cornucopioides	mustatorvisieni (fi)		2023-08-15	Leppävirta	Pohjois-Savo (PS)	Suomi	62.50969	27.98335		COMMUNITY_VERIFIED	iNaturalist Suomi Finland
mustatorvisieni (fi) — Craterellus cornucopioides	mustatorvisieni (fi)		2023-08-15	Jämsä	Etelä-Häme (EH)	Suomi	61.63771	24.95131		COMMUNITY_VERIFIED	iNaturalist Suomi Finland
mustatorvisieni (fi) — Craterellus cornucopioides	mustatorvisieni (fi)		2023-08-14	Kuopio	Pohjois-Savo (PS)	Suomi	62.91679	27.63714		COMMUNITY_VERIFIED	iNaturalist Suomi Finland
mustatorvisieni (fi) — Craterellus cornucopioides	mustatorvisieni (fi)		2023-08-13	Hämeenlinna	Etelä-Häme (EH)	Suomi	61.04003	23.98284		COMMUNITY_VERIFIED	iNaturalist Suomi Finland
mustatorvisieni (fi) — Craterellus cornucopioides	mustatorvisieni (fi)		2023-08-13 - 2023-08-17	Lieksa	Pohjois-Karjala (PK)	Suomi	63.114006	29.777003	Sure	NEUTRAL	The Atlas of Finnish Fungi
mustatorvisieni (fi) — Craterellus cornucopioides	mustatorvisieni (fi)		2023-08-13 - 2023-08-17	Lieksa	Pohjois-Karjala (PK)	Suomi	63.113499	29.777332	Sure	NEUTRAL	The Atlas of Finnish Fungi
mustatorvisieni (fi) — Craterellus cornucopioides	mustatorvisieni (fi)		2023-08-12	Lohja	Varsinais-Suomi (V)	Suomi	60.33667	23.85577		COMMUNITY_VERIFIED	iNaturalist Suomi Finland
mustatorvisieni (fi) — Craterellus cornucopioides	mustatorvisieni (fi)		2023-08-12	Vantaa	Uusimaa (U)	Suomi	60.27264	24.89754		COMMUNITY_VERIFIED	iNaturalist Suomi Finland
mustatorvisieni (fi) — Craterellus cornucopioides	mustatorvisieni (fi)		2023-08-12	Espoo	Uusimaa (U)	Suomi	60.245465	24.630583	Sure	NEUTRAL	The Atlas of Finnish Fungi
mustatorvisieni (fi) — Craterellus cornucopioides	mustatorvisieni (fi)		2023-08-10	Iisalmi	Pohjois-Savo (PS)	Suomi	63.56163	27.55135		COMMUNITY_VERIFIED	iNaturalist Suomi Finland
mustatorvisieni (fi) — Craterellus cornucopioides	mustatorvisieni (fi)		2023-08-10	Heinävesi	Pohjois-Savo (PS)	Suomi	62.407249	28.774326	Sure	NEUTRAL	The Atlas of Finnish Fungi
mustatorvisieni (fi) — Craterellus cornucopioides	mustatorvisieni (fi)		2023-08-08	Hankasalmi	Pohjois-Häme (PH)	Suomi	62.38944	26.43613		COMMUNITY_VERIFIED	iNaturalist Suomi Finland
mustatorvisieni (fi) — Craterellus cornucopioides	mustatorvisieni (fi)		2023-08-08	Heinola	Etelä-Häme (EH)	Suomi	61.209836	26.112664	Sure	NEUTRAL	The Atlas of Finnish Fungi
mustatorvisieni (fi) — Craterellus cornucopioides	mustatorvisieni (fi)		2023-08-05	Imatra	Etelä-Savo (ES)	Suomi	61.20464	28.75089		COMMUNITY_VERIFIED	iNaturalist Suomi Finland
mustatorvisieni (fi) — Craterellus cornucopioides	mustatorvisieni (fi)		2023-08-02	Mikkeli	Etelä-Savo (ES)	Suomi	61.44807	27.54584		COMMUNITY_VERIFIED	iNaturalist Suomi Finland
mustatorvisieni (fi) — Craterellus cornucopioides	mustatorvisieni (fi)		2023-08-02	Mikkeli	Etelä-Savo (ES)	Suomi	61.44799	27.54635		COMMUNITY_VERIFIED	iNaturalist Suomi Finland
mustatorvisieni (fi) — Craterellus cornucopioides	mustatorvisieni (fi)		2023-08-02	Rantasalmi	Etelä-Savo (ES)	Suomi	62.11039	28.51011		COMMUNITY_VERIFIED	iNaturalist Suomi Finland
mustatorvisieni (fi) — Craterellus cornucopioides	mustatorvisieni (fi)		2023-07-29	Hanko	Uusimaa (U)	Suomi	59.904115	23.194543	Sure	NEUTRAL	The Atlas of Finnish Fungi
mustatorvisieni (fi) — Craterellus cornucopioides	mustatorvisieni (fi)		2023-07-27	Kuopio, Siilinjärvi	Pohjois-Savo (PS)	Suomi	62.9	27.5		COMMUNITY_VERIFIED	iNaturalist Suomi Finland
mustatorvisieni (fi) — Craterellus cornucopioides	mustatorvisieni (fi)		2022-10-31	Hausjärvi	Etelä-Häme (EH)	Suomi	60.72319	24.84965		COMMUNITY_VERIFIED	iNaturalist Suomi Finland
mustatorvisieni (fi) — Craterellus cornucopioides	mustatorvisieni (fi)	useita	2022-10-17	Turku	Varsinais-Suomi (V)	Suomi	60.367017	22.143504	Sure	NEUTRAL	The Atlas of Finnish Fungi
mustatorvisieni (fi) — Craterellus cornucopioides	mustatorvisieni (fi)		2022-10-17	Turku	Varsinais-Suomi (V)	Suomi	60.366823	22.143569		NEUTRAL	TUR-A Fungus collections of the the Åbo Akademi
mustatorvisieni (fi) — Craterellus cornucopioides	mustatorvisieni (fi)		2022-10-14	Riihimäki	Etelä-Häme (EH)	Suomi	60.74364	24.77302		COMMUNITY_VERIFIED	iNaturalist Suomi Finland
mustatorvisieni (fi) — Craterellus cornucopioides	mustatorvisieni (fi)		2022-09-25	Turku	Varsinais-Suomi (V)	Suomi	60.431707	22.154709	Sure	NEUTRAL	The Atlas of Finnish Fungi
mustatorvisieni (fi) — Craterellus cornucopioides	mustatorvisieni (fi)		2022-09-24	Rautalampi	Pohjois-Häme (PH)	Suomi	62.62432	26.82775		COMMUNITY_VERIFIED	iNaturalist Suomi Finland
mustatorvisieni (fi) — Craterellus cornucopioides	mustatorvisieni (fi)	20	2022-09-20	Ilomantsi	Pohjois-Karjala (PK)	Suomi	62.815864	30.95658		NEUTRAL	Löydös Open Finnish Observation Database
mustatorvisieni (fi) — Craterellus cornucopioides	mustatorvisieni (fi)	n. 50	2022-09-20	Kurikka	Etelä-Pohjanmaa (EP)	Suomi	62.792757	21.919896	Sure	NEUTRAL	The Atlas of Finnish Fungi
mustatorvisieni (fi) — Craterellus cornucopioides	mustatorvisieni (fi)		2022-09-19	Hausjärvi	Etelä-Häme (EH)	Suomi	60.78647	25.02709		COMMUNITY_VERIFIED	iNaturalist Suomi Finland
mustatorvisieni (fi) — Craterellus cornucopioides	mustatorvisieni (fi)		2022-09-09	Viitasaari	Pohjois-Häme (PH)	Suomi	63.09644	25.96864		COMMUNITY_VERIFIED	iNaturalist Suomi Finland
mustatorvisieni (fi) — Craterellus cornucopioides	mustatorvisieni (fi)		2022-09-07	Hämeenlinna	Etelä-Häme (EH)	Suomi	61.209801	25.124241	Sure	NEUTRAL	The Atlas of Finnish Fungi
mustatorvisieni (fi) — Craterellus cornucopioides	mustatorvisieni (fi)	8	2022-09-06	Hämeenlinna	Etelä-Häme (EH)	Suomi	61.105457	24.989185	Sure	NEUTRAL	The Atlas of Finnish Fungi
mustatorvisieni (fi) — Craterellus cornucopioides	mustatorvisieni (fi)		2022-09-03	Harjavalta, Kokemäki, Pori, Ulvila	Satakunta (St)	Suomi	61.5	22.3		COMMUNITY_VERIFIED	iNaturalist Suomi Finland
mustatorvisieni (fi) — Craterellus cornucopioides	mustatorvisieni (fi)		2022-09-01	Muurame	Etelä-Häme (EH)	Suomi	62.22074	25.49537		COMMUNITY_VERIFIED	iNaturalist Suomi Finland
mustatorvisieni (fi) — Craterellus cornucopioides	mustatorvisieni (fi)	1	2022-08-26	Ylitornio	Perä-Pohjanmaa (PeP)	Suomi	66.295555	23.992379	Sure	NEUTRAL	The Atlas of Finnish Fungi
mustatorvisieni (fi) — Craterellus cornucopioides	mustatorvisieni (fi)		2022-08-24	Kaarina, Lieto, Masku, Nousiainen, Raisio, Rusko, Turku	Varsinais-Suomi (V)	Suomi	60.5	22.3		COMMUNITY_VERIFIED	iNaturalist Suomi Finland
mustatorvisieni (fi) — Craterellus cornucopioides	mustatorvisieni (fi)		2022-08-10	Kuopio, Lapinlahti, Rautavaara, Sonkajärvi	Pohjois-Karjala (PK), Pohjois-Savo (PS)	Suomi	63.5	28.1		COMMUNITY_VERIFIED	iNaturalist Suomi Finland
mustatorvisieni (fi) — Craterellus cornucopioides	mustatorvisieni (fi)		2022-08-10	Kauhajoki	Etelä-Pohjanmaa (EP)	Suomi	62.32697	22.26612		NEUTRAL	Löydös Open Finnish Observation Database
mustatorvisieni (fi) — Craterellus cornucopioides	mustatorvisieni (fi)		2022-08-08 - 2022-08-09	Kuopio	Pohjois-Savo (PS)	Suomi	62.89573	27.5957		NEUTRAL	LajiGIS: Miscellaneous occurrences
mustatorvisieni (fi) — Craterellus cornucopioides	mustatorvisieni (fi)	Kymmeniä	2022-08-07	Raahe	Keski-Pohjanmaa (KP)	Suomi	64.58952	24.651272	Sure	NEUTRAL	The Atlas of Finnish Fungi
mustatorvisieni (fi) — Craterellus cornucopioides	mustatorvisieni (fi)		2022-08-07	Mikkeli	Etelä-Savo (ES)	Suomi	61.45587	27.51314		COMMUNITY_VERIFIED	iNaturalist Suomi Finland
mustatorvisieni (fi) — Craterellus cornucopioides	mustatorvisieni (fi)		2022-08-06	Kuopio	Pohjois-Savo (PS)	Suomi	62.90364	27.59682		COMMUNITY_VERIFIED	iNaturalist Suomi Finland
mustatorvisieni (fi) — Craterellus cornucopioides	mustatorvisieni (fi)		2022-08-03	Sastamala	Satakunta (St)	Suomi	61.375968	23.11907	Sure	NEUTRAL	The Atlas of Finnish Fungi
mustatorvisieni (fi) — Craterellus cornucopioides	mustatorvisieni (fi)		2022-08-02	Pori	Satakunta (St)	Suomi	61.4175	21.717		COMMUNITY_VERIFIED	iNaturalist Suomi Finland
mustatorvisieni (fi) — Craterellus cornucopioides	mustatorvisieni (fi)		2022-08-01	Espoo	Uusimaa (U)	Suomi	60.31201	24.5172		COMMUNITY_VERIFIED	iNaturalist Suomi Finland
mustatorvisieni (fi) — Craterellus cornucopioides	mustatorvisieni (fi)		2022-07-31	Sipoo	Uusimaa (U)	Suomi	60.465929	25.181502	Sure	NEUTRAL	The Atlas of Finnish Fungi
mustatorvisieni (fi) — Craterellus cornucopioides	mustatorvisieni (fi)		2022-07-30	Masku, Mynämäki, Naantali	Varsinais-Suomi (V)	Suomi	60.5	21.9		COMMUNITY_VERIFIED	iNaturalist Suomi Finland
mustatorvisieni (fi) — Craterellus cornucopioides	mustatorvisieni (fi)		2022-07-30	Iisalmi	Pohjois-Savo (PS)	Suomi	63.56164	27.5513		COMMUNITY_VERIFIED	iNaturalist Suomi Finland
mustatorvisieni (fi) — Craterellus cornucopioides	mustatorvisieni (fi)		2022-07-30	Heinola	Etelä-Häme (EH)	Suomi	61.212032	26.055464	Sure	NEUTRAL	The Atlas of Finnish Fungi
mustatorvisieni (fi) — Craterellus cornucopioides	mustatorvisieni (fi)		2022-07-27	Espoo	Uusimaa (U)	Suomi	60.31725	24.66364		COMMUNITY_VERIFIED	iNaturalist Suomi Finland
mustatorvisieni (fi) — Craterellus cornucopioides	mustatorvisieni (fi)		2021-11-15	Inkoo, Lohja, Raasepori	Uusimaa (U), Varsinais-Suomi (V)	Suomi	60.1	23.9		COMMUNITY_VERIFIED	iNaturalist Suomi Finland
mustatorvisieni (fi) — Craterellus cornucopioides	mustatorvisieni (fi)		2021-10-30	Mäntsälä	Uusimaa (U)	Suomi	60.54322	25.191074	Sure	NEUTRAL	The Atlas of Finnish Fungi
mustatorvisieni (fi) — Craterellus cornucopioides	mustatorvisieni (fi)		2021-10-03	Salo	Varsinais-Suomi (V)	Suomi	60.35	23.417	Sure	NEUTRAL	The Atlas of Finnish Fungi
mustatorvisieni (fi) — Craterellus cornucopioides	mustatorvisieni (fi)		2021-10-02	Raasepori	Varsinais-Suomi (V)	Suomi	60.041007	23.01589	Sure	NEUTRAL	The Atlas of Finnish Fungi
mustatorvisieni (fi) — Craterellus cornucopioides	mustatorvisieni (fi)		2021-10-02 [14:40]	Lohja	Varsinais-Suomi (V)	Suomi	60.242356	23.803836	Sure	NEUTRAL	The Atlas of Finnish Fungi
mustatorvisieni (fi) — Craterellus cornucopioides	mustatorvisieni (fi)		2021-10-01	Salo	Varsinais-Suomi (V)	Suomi	60.438895	23.057969	Sure	NEUTRAL	The Atlas of Finnish Fungi
mustatorvisieni (fi) — Craterellus cornucopioides	mustatorvisieni (fi)		2021-09-30	Lohja	Varsinais-Suomi (V)	Suomi	60.206867	23.702108		NEUTRAL	LajiGIS: Species mapping and surveys
mustatorvisieni (fi) — Craterellus cornucopioides	mustatorvisieni (fi)		2021-09-30 [16:52]	Kaarina	Varsinais-Suomi (V)	Suomi	60.37976	22.359592	Sure	NEUTRAL	The Atlas of Finnish Fungi
mustatorvisieni (fi) — Craterellus cornucopioides	mustatorvisieni (fi)		2021-09-29	Kuopio	Pohjois-Savo (PS)	Suomi	62.93155	27.65071		COMMUNITY_VERIFIED	iNaturalist Suomi Finland
mustatorvisieni (fi) — Craterellus cornucopioides	mustatorvisieni (fi)		2021-09-29	Heinola	Etelä-Häme (EH)	Suomi	61.211522	26.045794	Sure	NEUTRAL	The Atlas of Finnish Fungi
mustatorvisieni (fi) — Craterellus cornucopioides	mustatorvisieni (fi)		2021-09-29	Lohja	Varsinais-Suomi (V)	Suomi	60.244713	23.809147		NEUTRAL	LajiGIS: Species mapping and surveys
mustatorvisieni (fi) — Craterellus cornucopioides	mustatorvisieni (fi)		2021-09-29	Lohja	Varsinais-Suomi (V)	Suomi	60.252557	23.85729		NEUTRAL	LajiGIS: Species mapping and surveys
mustatorvisieni (fi) — Craterellus cornucopioides	mustatorvisieni (fi)		2021-09-28	Lohja	Varsinais-Suomi (V)	Suomi	60.247268	23.817484		NEUTRAL	LajiGIS: Species mapping and surveys
mustatorvisieni (fi) — Craterellus cornucopioides	mustatorvisieni (fi)		2021-09-28	Raasepori	Varsinais-Suomi (V)	Suomi	60.1738	23.59933		COMMUNITY_VERIFIED	iNaturalist Suomi Finland
mustatorvisieni (fi) — Craterellus cornucopioides	mustatorvisieni (fi)		2021-09-26	Jyväskylä, Muurame	Etelä-Häme (EH), Pohjois-Häme (PH)	Suomi	62.1	25.5		COMMUNITY_VERIFIED	iNaturalist Suomi Finland
mustatorvisieni (fi) — Craterellus cornucopioides	mustatorvisieni (fi)	50	2021-09-26	Porvoo	Uusimaa (U)	Suomi	60.362839	25.708984	Sure	NEUTRAL	The Atlas of Finnish Fungi
mustatorvisieni (fi) — Craterellus cornucopioides	mustatorvisieni (fi)	Useita	2021-09-25	Turku	Varsinais-Suomi (V)	Suomi	60.426763	22.206345	Sure	NEUTRAL	Notebook, general observations
mustatorvisieni (fi) — Craterellus cornucopioides	mustatorvisieni (fi)		2021-09-24	Lohja	Varsinais-Suomi (V)	Suomi	60.245794	23.817484		NEUTRAL	LajiGIS: Species mapping and surveys
mustatorvisieni (fi) — Craterellus cornucopioides	mustatorvisieni (fi)		2021-09-24	Lohja	Varsinais-Suomi (V)	Suomi	60.244921	23.8137		NEUTRAL	LajiGIS: Species mapping and surveys
mustatorvisieni (fi) — Craterellus cornucopioides	mustatorvisieni (fi)		2021-09-22 - 2021-09-30	Inkoo	Uusimaa (U)	Suomi	60.022738	23.761361	Sure	NEUTRAL	Notebook, general observations
mustatorvisieni (fi) — Craterellus cornucopioides	mustatorvisieni (fi)		2021-09-20	Juva, Mikkeli	Etelä-Savo (ES)	Suomi	61.7	27.5		COMMUNITY_VERIFIED	iNaturalist Suomi Finland
mustatorvisieni (fi) — Craterellus cornucopioides	mustatorvisieni (fi)		2021-09-19	Hirvensalmi, Mäntyharju	Etelä-Savo (ES)	Suomi	61.5	26.5		COMMUNITY_VERIFIED	iNaturalist Suomi Finland
mustatorvisieni (fi) — Craterellus cornucopioides	mustatorvisieni (fi)		2021-09-19	Kuopio	Pohjois-Savo (PS)	Suomi	62.90447	27.72241		COMMUNITY_VERIFIED	iNaturalist Suomi Finland
mustatorvisieni (fi) — Craterellus cornucopioides	mustatorvisieni (fi)		2021-09-18 [12:58]	Rautalampi	Pohjois-Häme (PH)	Suomi	62.55375	26.643888	Sure	NEUTRAL	The Atlas of Finnish Fungi
mustatorvisieni (fi) — Craterellus cornucopioides	mustatorvisieni (fi)		2021-09-16	Espoo	Uusimaa (U)	Suomi	60.2448	24.741469	Sure	NEUTRAL	The Atlas of Finnish Fungi
mustatorvisieni (fi) — Craterellus cornucopioides	mustatorvisieni (fi)		2021-09-15	Espoo	Uusimaa (U)	Suomi	60.2438	24.77138		COMMUNITY_VERIFIED	iNaturalist Suomi Finland
mustatorvisieni (fi) — Craterellus cornucopioides	mustatorvisieni (fi)	kymmeniä	2021-09-15	Sipoo	Uusimaa (U)	Suomi	60.478212	25.235468	Sure	NEUTRAL	The Atlas of Finnish Fungi
mustatorvisieni (fi) — Craterellus cornucopioides	mustatorvisieni (fi)		2021-09-14	Turku	Varsinais-Suomi (V)	Suomi	60.40695	22.25044		COMMUNITY_VERIFIED	iNaturalist Suomi Finland
mustatorvisieni (fi) — Craterellus cornucopioides	mustatorvisieni (fi)		2021-09-13	Helsinki	Uusimaa (U)	Suomi	60.213481	24.975324	Sure	NEUTRAL	The Atlas of Finnish Fungi
mustatorvisieni (fi) — Craterellus cornucopioides	mustatorvisieni (fi)		2021-09-12	Lohja	Varsinais-Suomi (V)	Suomi	60.229014	23.864875		NEUTRAL	LajiGIS: Species mapping and surveys
mustatorvisieni (fi) — Craterellus cornucopioides	mustatorvisieni (fi)		2021-09-10	Tampere	Etelä-Häme (EH)	Suomi	61.46387	23.80484		COMMUNITY_VERIFIED	iNaturalist Suomi Finland
mustatorvisieni (fi) — Craterellus cornucopioides	mustatorvisieni (fi)		2021-09-10	Lohja	Varsinais-Suomi (V)	Suomi	60.22243	24.00469		COMMUNITY_VERIFIED	iNaturalist Suomi Finland
mustatorvisieni (fi) — Craterellus cornucopioides	mustatorvisieni (fi)		2021-09-07	Asikkala	Etelä-Häme (EH)	Suomi	61.185256	25.717097	Sure	NEUTRAL	The Atlas of Finnish Fungi
mustatorvisieni (fi) — Craterellus cornucopioides	mustatorvisieni (fi)	Monta	2021-09-07	Asikkala	Etelä-Häme (EH)	Suomi	61.191259	25.688106	Sure	NEUTRAL	The Atlas of Finnish Fungi
mustatorvisieni (fi) — Craterellus cornucopioides	mustatorvisieni (fi)		2021-09-07 [12:44-14:04]	Asikkala	Etelä-Häme (EH)	Suomi	61.198448	25.697482	Sure	NEUTRAL	The Atlas of Finnish Fungi
mustatorvisieni (fi) — Craterellus cornucopioides	mustatorvisieni (fi)		2021-09-07	Jyväskylä	Pohjois-Häme (PH)	Suomi	62.2629	25.698276	Sure	NEUTRAL	Notebook, general observations
mustatorvisieni (fi) — Craterellus cornucopioides	mustatorvisieni (fi)		2021-09-06	Kontiolahti	Pohjois-Karjala (PK)	Suomi	62.97712	29.915883	Sure	NEUTRAL	Notebook, general observations
mustatorvisieni (fi) — Craterellus cornucopioides	mustatorvisieni (fi)	n. 10	2021-09-06	Asikkala	Etelä-Häme (EH)	Suomi	61.189405	25.658504	Sure	NEUTRAL	The Atlas of Finnish Fungi
mustatorvisieni (fi) — Craterellus cornucopioides	mustatorvisieni (fi)		2021-09-06	Jyväskylä	Pohjois-Häme (PH)	Suomi	62.20533	25.82063		NEUTRAL	Aphyllophorales Fennoscandiae orientalis
mustatorvisieni (fi) — Craterellus cornucopioides	mustatorvisieni (fi)	melko runsas	2021-09-04	Asikkala	Etelä-Häme (EH)	Suomi	61.169263	25.8656	Sure	NEUTRAL	Notebook, general observations
mustatorvisieni (fi) — Craterellus cornucopioides	mustatorvisieni (fi)		2021-09-03 [11:29]	Kaarina	Varsinais-Suomi (V)	Suomi	60.381052	22.340894	Sure	NEUTRAL	The Atlas of Finnish Fungi
mustatorvisieni (fi) — Craterellus cornucopioides	mustatorvisieni (fi)		2021-09-02	Kitee	Pohjois-Karjala (PK)	Suomi	62.088817	30.218217	Sure	NEUTRAL	The Atlas of Finnish Fungi
mustatorvisieni (fi) — Craterellus cornucopioides	mustatorvisieni (fi)		2021-09-01	Hämeenlinna	Etelä-Häme (EH)	Suomi	61.0666	24.10915		COMMUNITY_VERIFIED	iNaturalist Suomi Finland
mustatorvisieni (fi) — Craterellus cornucopioides	mustatorvisieni (fi)	muutama	2021-09-01	Kuopio	Pohjois-Savo (PS)	Suomi	62.923362	27.659235	Sure	NEUTRAL	The Atlas of Finnish Fungi
mustatorvisieni (fi) — Craterellus cornucopioides	mustatorvisieni (fi)		2021-08-31	Saarijärvi	Pohjois-Häme (PH)	Suomi	62.66005	25.34457		COMMUNITY_VERIFIED	iNaturalist Suomi Finland
mustatorvisieni (fi) — Craterellus cornucopioides	mustatorvisieni (fi)		2021-08-30	Imatra	Etelä-Savo (ES)	Suomi	61.21086	28.708		COMMUNITY_VERIFIED	iNaturalist Suomi Finland
mustatorvisieni (fi) — Craterellus cornucopioides	mustatorvisieni (fi)		2021-08-30 [19:17]	Jyväskylä	Pohjois-Häme (PH)	Suomi	62.263724	25.69745	Sure	NEUTRAL	The Atlas of Finnish Fungi
mustatorvisieni (fi) — Craterellus cornucopioides	mustatorvisieni (fi)		2021-08-29	Savonlinna	Etelä-Savo (ES)	Suomi	61.812252	29.31918	Sure	NEUTRAL	The Atlas of Finnish Fungi
mustatorvisieni (fi) — Craterellus cornucopioides	mustatorvisieni (fi)		2021-08-28	Espoo	Uusimaa (U)	Suomi	60.342507	24.617505	Sure	NEUTRAL	The Atlas of Finnish Fungi
mustatorvisieni (fi) — Craterellus cornucopioides	mustatorvisieni (fi)		2021-08-27	Juuka	Pohjois-Karjala (PK)	Suomi	63.091099	29.546998	Sure	NEUTRAL	Notebook, general observations
mustatorvisieni (fi) — Craterellus cornucopioides	mustatorvisieni (fi)		2021-08-27	Kuopio	Pohjois-Savo (PS)	Suomi	62.8972	27.72475		COMMUNITY_VERIFIED	iNaturalist Suomi Finland
mustatorvisieni (fi) — Craterellus cornucopioides	mustatorvisieni (fi)		2021-08-23	Kuopio, Siilinjärvi	Pohjois-Savo (PS)	Suomi	62.9	27.7		COMMUNITY_VERIFIED	iNaturalist Suomi Finland
mustatorvisieni (fi) — Craterellus cornucopioides	mustatorvisieni (fi)		2020-11-05	Lohja	Varsinais-Suomi (V)	Suomi	60.21784	23.87781		NEUTRAL	Aphyllophorales Fennoscandiae orientalis
mustatorvisieni (fi) — Craterellus cornucopioides	mustatorvisieni (fi)	Useita kymmeniä	2020-10-08	Raasepori	Uusimaa (U)	Suomi	59.928587	23.387347		NEUTRAL	Löydös Open Finnish Observation Database
mustatorvisieni (fi) — Craterellus cornucopioides	mustatorvisieni (fi)		2020-10-04	Varkaus	Pohjois-Savo (PS)	Suomi	62.30417	27.80722		COMMUNITY_VERIFIED	iNaturalist Suomi Finland
mustatorvisieni (fi) — Craterellus cornucopioides	mustatorvisieni (fi)		2020-09-29	Helsinki	Uusimaa (U)	Suomi	60.16986	24.93838		COMMUNITY_VERIFIED	iNaturalist Suomi Finland
mustatorvisieni (fi) — Craterellus cornucopioides	mustatorvisieni (fi)		2020-09-27	Mikkeli	Etelä-Savo (ES)	Suomi	61.47161	27.33457		COMMUNITY_VERIFIED	iNaturalist Suomi Finland
mustatorvisieni (fi) — Craterellus cornucopioides	mustatorvisieni (fi)		2020-09-27	Mikkeli	Etelä-Savo (ES)	Suomi	61.47163	27.33452		COMMUNITY_VERIFIED	iNaturalist Suomi Finland
mustatorvisieni (fi) — Craterellus cornucopioides	mustatorvisieni (fi)		2020-09-26	Turku	Varsinais-Suomi (V)	Suomi	60.46009	22.16462		COMMUNITY_VERIFIED	iNaturalist Suomi Finland
mustatorvisieni (fi) — Craterellus cornucopioides	mustatorvisieni (fi)	kymmeniä	2020-09-25	Nokia	Etelä-Häme (EH)	Suomi	61.471612	23.373083	Sure	NEUTRAL	The Atlas of Finnish Fungi
mustatorvisieni (fi) — Craterellus cornucopioides	mustatorvisieni (fi)		2020-09-20	Tammela	Etelä-Häme (EH)	Suomi	60.65657	23.89221		COMMUNITY_VERIFIED	iNaturalist Suomi Finland
mustatorvisieni (fi) — Craterellus cornucopioides	mustatorvisieni (fi)		2020-09-20	Sipoo	Uusimaa (U)	Suomi	60.31673	25.2522		COMMUNITY_VERIFIED	iNaturalist Suomi Finland
mustatorvisieni (fi) — Craterellus cornucopioides	mustatorvisieni (fi)		2020-09-20	Sipoo	Uusimaa (U)	Suomi	60.3168	25.25242		COMMUNITY_VERIFIED	iNaturalist Suomi Finland
mustatorvisieni (fi) — Craterellus cornucopioides	mustatorvisieni (fi)	20	2020-09-19	Heinola	Etelä-Häme (EH)	Suomi	61.182278	25.930496	Sure	NEUTRAL	The Atlas of Finnish Fungi
mustatorvisieni (fi) — Craterellus cornucopioides	mustatorvisieni (fi)		2020-09-19	Sipoo	Uusimaa (U)	Suomi	60.33105	25.15433		COMMUNITY_VERIFIED	iNaturalist Suomi Finland
mustatorvisieni (fi) — Craterellus cornucopioides	mustatorvisieni (fi)		2020-09-15	Kitee	Pohjois-Karjala (PK)	Suomi	62.08091	30.142735	Sure	NEUTRAL	The Atlas of Finnish Fungi
mustatorvisieni (fi) — Craterellus cornucopioides	mustatorvisieni (fi)	60	2020-09-14	Hämeenkyrö, Nokia	Etelä-Häme (EH)	Suomi	61.483584	23.335748	Sure	NEUTRAL	The Atlas of Finnish Fungi
mustatorvisieni (fi) — Craterellus cornucopioides	mustatorvisieni (fi)		2020-09-14	Turku	Varsinais-Suomi (V)	Suomi	60.42596	22.21126		COMMUNITY_VERIFIED	iNaturalist Suomi Finland
mustatorvisieni (fi) — Craterellus cornucopioides	mustatorvisieni (fi)		2020-09-13	Varkaus	Pohjois-Savo (PS)	Suomi	62.277068	28.146179	Sure	NEUTRAL	The Atlas of Finnish Fungi
mustatorvisieni (fi) — Craterellus cornucopioides	mustatorvisieni (fi)		2020-09-13	Sipoo	Uusimaa (U)	Suomi	60.32051	25.16396		COMMUNITY_VERIFIED	iNaturalist Suomi Finland
mustatorvisieni (fi) — Craterellus cornucopioides	mustatorvisieni (fi)		2020-09-12	Kontiolahti	Pohjois-Karjala (PK)	Suomi	62.688461	29.790301	Sure	NEUTRAL	Notebook, general observations
mustatorvisieni (fi) — Craterellus cornucopioides	mustatorvisieni (fi)		2020-09-12	Kontiolahti	Pohjois-Karjala (PK)	Suomi	62.68428	29.65705		COMMUNITY_VERIFIED	iNaturalist Suomi Finland
mustatorvisieni (fi) — Craterellus cornucopioides	mustatorvisieni (fi)		2020-09-06	Rovaniemi	Perä-Pohjanmaa (PeP)	Suomi	66.405581	25.202941	Sure	EXPERT_VERIFIED	The Atlas of Finnish Fungi
mustatorvisieni (fi) — Craterellus cornucopioides	mustatorvisieni (fi)		2020-09-05	Hartola, Joutsa	Etelä-Häme (EH), Etelä-Savo (ES)	Suomi	61.7	26.1		COMMUNITY_VERIFIED	iNaturalist Suomi Finland
mustatorvisieni (fi) — Craterellus cornucopioides	mustatorvisieni (fi)		2020-09-05	Eurajoki	Satakunta (St)	Suomi	61.22391	21.72879		COMMUNITY_VERIFIED	iNaturalist Suomi Finland
mustatorvisieni (fi) — Craterellus cornucopioides	mustatorvisieni (fi)		2020-09-05	Sastamala	Satakunta (St)	Suomi	61.52205	22.61835		COMMUNITY_VERIFIED	iNaturalist Suomi Finland
mustatorvisieni (fi) — Craterellus cornucopioides	mustatorvisieni (fi)		2020-09-01	Helsinki	Uusimaa (U)	Suomi	60.23503	25.14089		COMMUNITY_VERIFIED	iNaturalist Suomi Finland
mustatorvisieni (fi) — Craterellus cornucopioides	mustatorvisieni (fi)		2020-08-31	Vihti	Varsinais-Suomi (V)	Suomi	60.529462	24.560224	Sure	NEUTRAL	The Atlas of Finnish Fungi
mustatorvisieni (fi) — Craterellus cornucopioides	mustatorvisieni (fi)		2020-08-29	Sipoo	Uusimaa (U)	Suomi	60.457978	25.190578	Sure	NEUTRAL	The Atlas of Finnish Fungi
mustatorvisieni (fi) — Craterellus cornucopioides	mustatorvisieni (fi)	muutama	2020-08-28	Hyvinkää	Uusimaa (U)	Suomi	60.549687	24.637666	Sure	NEUTRAL	The Atlas of Finnish Fungi
mustatorvisieni (fi) — Craterellus cornucopioides	mustatorvisieni (fi)		2020-08-28	Sipoo	Uusimaa (U)	Suomi	60.34663	25.21134		COMMUNITY_VERIFIED	iNaturalist Suomi Finland
mustatorvisieni (fi) — Craterellus cornucopioides	mustatorvisieni (fi)	Kymmeniä	2020-08-26	Heinola	Etelä-Häme (EH)	Suomi	61.218621	26.086864	Sure	NEUTRAL	The Atlas of Finnish Fungi
mustatorvisieni (fi) — Craterellus cornucopioides	mustatorvisieni (fi)		2020-08-25	Rantasalmi	Etelä-Savo (ES)	Suomi	62.116154	28.477857	Sure	NEUTRAL	Notebook, general observations
mustatorvisieni (fi) — Craterellus cornucopioides	mustatorvisieni (fi)		2020-08-24	Helsinki	Uusimaa (U)	Suomi	60.20416	25.11316		COMMUNITY_VERIFIED	iNaturalist Suomi Finland
mustatorvisieni (fi) — Craterellus cornucopioides	mustatorvisieni (fi)		2020-08-23	Riihimäki	Etelä-Häme (EH)	Suomi	60.76051	24.79718		COMMUNITY_VERIFIED	iNaturalist Suomi Finland
mustatorvisieni (fi) — Craterellus cornucopioides	mustatorvisieni (fi)		2020-08-21 - 2020-08-23	Asikkala	Etelä-Häme (EH)	Suomi	61.169428	25.868662	Sure	NEUTRAL	Notebook, general observations
mustatorvisieni (fi) — Craterellus cornucopioides	mustatorvisieni (fi)		2020-08-16	Helsinki	Uusimaa (U)	Suomi	60.227663	25.147913	Sure	NEUTRAL	The Atlas of Finnish Fungi
mustatorvisieni (fi) — Craterellus cornucopioides	mustatorvisieni (fi)		2020-08-14	Nurmijärvi	Uusimaa (U)	Suomi	60.40831	24.75581		COMMUNITY_VERIFIED	iNaturalist Suomi Finland
mustatorvisieni (fi) — Craterellus cornucopioides	mustatorvisieni (fi)	runsas	2020-08-12	Tuusniemi	Pohjois-Savo (PS)	Suomi	62.627424	28.495752	Sure	NEUTRAL	Notebook, general observations
mustatorvisieni (fi) — Craterellus cornucopioides	mustatorvisieni (fi)		2020-08-11	Helsinki, Porvoo, Sipoo	Uusimaa (U)	Suomi	60.3	25.3		COMMUNITY_VERIFIED	iNaturalist Suomi Finland
mustatorvisieni (fi) — Craterellus cornucopioides	mustatorvisieni (fi)	kymmeniä itiöemiä	2020-08-10	Savonlinna	Etelä-Savo (ES)	Suomi	61.978104	29.456176	Sure	EXPERT_VERIFIED	The Atlas of Finnish Fungi
mustatorvisieni (fi) — Craterellus cornucopioides	mustatorvisieni (fi)		2020-08-10	Heinävesi	Pohjois-Savo (PS)	Suomi	62.39207	28.81677	Sure	EXPERT_VERIFIED	The Atlas of Finnish Fungi
mustatorvisieni (fi) — Craterellus cornucopioides	mustatorvisieni (fi)		2020-08-09	Heinola, Iitti, Lahti	Etelä-Häme (EH)	Suomi	61.1	26.1		COMMUNITY_VERIFIED	iNaturalist Suomi Finland
mustatorvisieni (fi) — Craterellus cornucopioides	mustatorvisieni (fi)		2020-08-09	Kuopio	Pohjois-Savo (PS)	Suomi	62.89797	27.67817		COMMUNITY_VERIFIED	iNaturalist Suomi Finland
mustatorvisieni (fi) — Craterellus cornucopioides	mustatorvisieni (fi)	50	2020-08-08	Ylitornio	Perä-Pohjanmaa (PeP)	Suomi	66.246417	23.782165	Sure	EXPERT_VERIFIED	The Atlas of Finnish Fungi
mustatorvisieni (fi) — Craterellus cornucopioides	mustatorvisieni (fi)		2020-08-07	Heinävesi	Pohjois-Savo (PS)	Suomi	62.45738	28.75912	Sure	EXPERT_VERIFIED	The Atlas of Finnish Fungi
mustatorvisieni (fi) — Craterellus cornucopioides	mustatorvisieni (fi)		2020-08-07	Nurmijärvi	Uusimaa (U)	Suomi	60.446859	24.845498	Sure	NEUTRAL	The Atlas of Finnish Fungi
mustatorvisieni (fi) — Craterellus cornucopioides	mustatorvisieni (fi)	4	2020-08-07	Tuusula	Uusimaa (U)	Suomi	60.522775	25.018844	Sure	EXPERT_VERIFIED	The Atlas of Finnish Fungi
mustatorvisieni (fi) — Craterellus cornucopioides	mustatorvisieni (fi)		2020-08-07	Joensuu, Kontiolahti	Pohjois-Karjala (PK)	Suomi	62.939637	29.852918	Sure	NEUTRAL	Notebook, general observations
mustatorvisieni (fi) — Craterellus cornucopioides	mustatorvisieni (fi)		2020-08-06	Liperi	Pohjois-Karjala (PK)	Suomi	62.63602	29.52438		COMMUNITY_VERIFIED	iNaturalist Suomi Finland
mustatorvisieni (fi) — Craterellus cornucopioides	mustatorvisieni (fi)		2020-08-06	Porvoo	Uusimaa (U)	Suomi	60.355639	25.723464	Sure	NEUTRAL	The Atlas of Finnish Fungi
mustatorvisieni (fi) — Craterellus cornucopioides	mustatorvisieni (fi)		2020-08-06	Jyväskylä	Pohjois-Häme (PH)	Suomi	62.20533	25.82083		NEUTRAL	Aphyllophorales Fennoscandiae orientalis
mustatorvisieni (fi) — Craterellus cornucopioides	mustatorvisieni (fi)		2020-08-05	Hämeenlinna	Etelä-Häme (EH)	Suomi	60.99818	24.42483		COMMUNITY_VERIFIED	iNaturalist Suomi Finland
mustatorvisieni (fi) — Craterellus cornucopioides	mustatorvisieni (fi)		2020-08-04	Rautalampi	Pohjois-Häme (PH)	Suomi	62.49878	26.60525		COMMUNITY_VERIFIED	iNaturalist Suomi Finland
mustatorvisieni (fi) — Craterellus cornucopioides	mustatorvisieni (fi)	7	2020-08-04	Lahti	Etelä-Häme (EH)	Suomi	61.021028	25.646158	Sure	NEUTRAL	The Atlas of Finnish Fungi
mustatorvisieni (fi) — Craterellus cornucopioides	mustatorvisieni (fi)	Kymmeniä	2020-08-04	Taipalsaari	Etelä-Savo (ES)	Suomi	61.17512	27.913335	Sure	NEUTRAL	Notebook, general observations
mustatorvisieni (fi) — Craterellus cornucopioides	mustatorvisieni (fi)	10+	2020-08-04	Mikkeli	Etelä-Savo (ES)	Suomi	61.688007	27.55911	Sure	NEUTRAL	The Atlas of Finnish Fungi
mustatorvisieni (fi) — Craterellus cornucopioides	mustatorvisieni (fi)		2020-08-03	Hollola	Etelä-Häme (EH)	Suomi	60.98677	25.49696		COMMUNITY_VERIFIED	iNaturalist Suomi Finland
mustatorvisieni (fi) — Craterellus cornucopioides	mustatorvisieni (fi)		2020-08-03	Hyvinkää, Nurmijärvi, Vihti	Uusimaa (U), Varsinais-Suomi (V)	Suomi	60.5	24.7		COMMUNITY_VERIFIED	iNaturalist Suomi Finland
mustatorvisieni (fi) — Craterellus cornucopioides	mustatorvisieni (fi)		2020-08-01	Kirkkonummi	Uusimaa (U)	Suomi	60.13473	24.51134		COMMUNITY_VERIFIED	iNaturalist Suomi Finland
mustatorvisieni (fi) — Craterellus cornucopioides	mustatorvisieni (fi)		2020-07-31	Espoo	Uusimaa (U)	Suomi	60.316934	24.51963	Sure	EXPERT_VERIFIED	The Atlas of Finnish Fungi
mustatorvisieni (fi) — Craterellus cornucopioides	mustatorvisieni (fi)		2019-10-12	Helsinki	Uusimaa (U)	Suomi	60.223161	24.92372	Sure	NEUTRAL	The Atlas of Finnish Fungi
mustatorvisieni (fi) — Craterellus cornucopioides	mustatorvisieni (fi)		2019-10-06	Raasepori	Varsinais-Suomi (V)	Suomi	60.040837	23.015743	Sure	NEUTRAL	The Atlas of Finnish Fungi
mustatorvisieni (fi) — Craterellus cornucopioides	mustatorvisieni (fi)		2019-10-06	Turku	Varsinais-Suomi (V)	Suomi	60.431958	22.1615	Sure	NEUTRAL	The Atlas of Finnish Fungi
mustatorvisieni (fi) — Craterellus cornucopioides	mustatorvisieni (fi)	useita	2019-10-06	Turku	Varsinais-Suomi (V)	Suomi	60.429576	22.158217	Sure	NEUTRAL	The Atlas of Finnish Fungi
mustatorvisieni (fi) — Craterellus cornucopioides	mustatorvisieni (fi)		2019-10-05	Turku	Varsinais-Suomi (V)	Suomi	60.430031	22.160716	Sure	NEUTRAL	The Atlas of Finnish Fungi
mustatorvisieni (fi) — Craterellus cornucopioides	mustatorvisieni (fi)	>100	2019-09-20	Espoo	Uusimaa (U)	Suomi	60.278723	24.727584	Sure	NEUTRAL	The Atlas of Finnish Fungi
mustatorvisieni (fi) — Craterellus cornucopioides	mustatorvisieni (fi)		2019-09-16	Porvoo	Uusimaa (U)	Suomi	60.36859	25.704394	Sure	NEUTRAL	The Atlas of Finnish Fungi
mustatorvisieni (fi) — Craterellus cornucopioides	mustatorvisieni (fi)		2019-09-12	Turku	Varsinais-Suomi (V)	Suomi	60.441952	22.196794	Sure	NEUTRAL	The Atlas of Finnish Fungi
mustatorvisieni (fi) — Craterellus cornucopioides	mustatorvisieni (fi)		2019-09-08	Turku	Varsinais-Suomi (V)	Suomi	60.427821	22.169063	Sure	NEUTRAL	The Atlas of Finnish Fungi
mustatorvisieni (fi) — Craterellus cornucopioides	mustatorvisieni (fi)		2019-07-18	Ylöjärvi	Etelä-Häme (EH)	Suomi	61.560425	23.568783	Sure	NEUTRAL	The Atlas of Finnish Fungi
mustatorvisieni (fi) — Craterellus cornucopioides	mustatorvisieni (fi)	10	2018-10-20 - 2018-10-21	Ylitornio	Perä-Pohjanmaa (PeP)	Suomi	66.235845	23.796176	Sure	COMMUNITY_VERIFIED	The Atlas of Finnish Fungi
mustatorvisieni (fi) — Craterellus cornucopioides	mustatorvisieni (fi)		2018-10-04	Rovaniemi	Perä-Pohjanmaa (PeP)	Suomi	66.315233	25.127921		NEUTRAL	LajiGIS: Species mapping and surveys
mustatorvisieni (fi) — Craterellus cornucopioides	mustatorvisieni (fi)		2018-10-02	Kirkkonummi	Uusimaa (U)	Suomi	60.09185	24.3929		COMMUNITY_VERIFIED	iNaturalist Suomi Finland
mustatorvisieni (fi) — Craterellus cornucopioides	mustatorvisieni (fi)	muutamia pieniä esiintymiä	2018-09-24	Loviisa	Uusimaa (U)	Suomi	60.386811	26.008361	Sure	NEUTRAL	The Atlas of Finnish Fungi
mustatorvisieni (fi) — Craterellus cornucopioides	mustatorvisieni (fi)		2018-09-23	Raasepori	Varsinais-Suomi (V)	Suomi	60.014443	23.096749		NEUTRAL	LajiGIS: Species mapping and surveys
mustatorvisieni (fi) — Craterellus cornucopioides	mustatorvisieni (fi)		2018-09-23	Hartola, Sysmä	Etelä-Häme (EH)	Suomi	61.618573	25.959908	Sure	NEUTRAL	The Atlas of Finnish Fungi
mustatorvisieni (fi) — Craterellus cornucopioides	mustatorvisieni (fi)		2018-09-22	Ylöjärvi	Etelä-Häme (EH)	Suomi	61.548	23.545	Sure	NEUTRAL	The Atlas of Finnish Fungi
mustatorvisieni (fi) — Craterellus cornucopioides	mustatorvisieni (fi)		2018-09-22	Liperi	Pohjois-Karjala (PK)	Suomi	62.663278	29.558078	Sure	NEUTRAL	The Atlas of Finnish Fungi
mustatorvisieni (fi) — Craterellus cornucopioides	mustatorvisieni (fi)		2018-09-22	Hämeenkyrö	Satakunta (St)	Suomi	61.581627	23.429281	Sure	NEUTRAL	The Atlas of Finnish Fungi
mustatorvisieni (fi) — Craterellus cornucopioides	mustatorvisieni (fi)		2018-09-21	Tammela	Etelä-Häme (EH)	Suomi	60.776366	23.840981	Sure	EXPERT_VERIFIED	The Atlas of Finnish Fungi
mustatorvisieni (fi) — Craterellus cornucopioides	mustatorvisieni (fi)	7	2018-09-17	Pudasjärvi	Oulun Pohjanmaa (OP)	Suomi	65.568823	27.537759	Sure	NEUTRAL	The Atlas of Finnish Fungi
mustatorvisieni (fi) — Craterellus cornucopioides	mustatorvisieni (fi)	13	2018-09-16	Pori	Satakunta (St)	Suomi	61.592361	21.900355	Sure	NEUTRAL	The Atlas of Finnish Fungi
mustatorvisieni (fi) — Craterellus cornucopioides	mustatorvisieni (fi)	runsaasti	2018-09-16	Hyvinkää	Uusimaa (U)	Suomi	60.517517	24.650299	Sure	EXPERT_VERIFIED	The Atlas of Finnish Fungi
mustatorvisieni (fi) — Craterellus cornucopioides	mustatorvisieni (fi)		2018-09-16	Hämeenkyrö	Satakunta (St)	Suomi	61.628317	22.897464	Sure	NEUTRAL	Notebook, general observations
mustatorvisieni (fi) — Craterellus cornucopioides	mustatorvisieni (fi)		2018-09-16	Kontiolahti	Pohjois-Karjala (PK)	Suomi	62.690189	29.78958	Sure	NEUTRAL	Notebook, general observations
mustatorvisieni (fi) — Craterellus cornucopioides	mustatorvisieni (fi)		2018-09-14	Vantaa	Uusimaa (U)	Suomi	60.31041	25.11233		COMMUNITY_VERIFIED	iNaturalist Suomi Finland
mustatorvisieni (fi) — Craterellus cornucopioides	mustatorvisieni (fi)	n10	2018-09-14 [9:41-12:20]	Somero	Etelä-Häme (EH)	Suomi	60.66671	23.608785	Sure	NEUTRAL	Notebook, general observations
mustatorvisieni (fi) — Craterellus cornucopioides	mustatorvisieni (fi)	7	2018-09-10	Tampere	Etelä-Häme (EH)	Suomi	61.456	23.815	Sure	EXPERT_VERIFIED	The Atlas of Finnish Fungi
mustatorvisieni (fi) — Craterellus cornucopioides	mustatorvisieni (fi)		2018-09-08	Pieksämäki	Pohjois-Savo (PS)	Suomi	62.080054	27.379992	Sure	EXPERT_VERIFIED	The Atlas of Finnish Fungi
mustatorvisieni (fi) — Craterellus cornucopioides	mustatorvisieni (fi)		2018-09-08	Espoo	Uusimaa (U)	Suomi	60.31191	24.576		COMMUNITY_VERIFIED	iNaturalist Suomi Finland
mustatorvisieni (fi) — Craterellus cornucopioides	mustatorvisieni (fi)		2018-09-07	Jyväskylä	Pohjois-Häme (PH)	Suomi	62.227396	25.737862	Sure	NEUTRAL	Notebook, general observations
mustatorvisieni (fi) — Craterellus cornucopioides	mustatorvisieni (fi)	35	2018-09-06 [17:00-20:30]	Tammela	Etelä-Häme (EH)	Suomi	60.774012	23.851829	Sure	NEUTRAL	Notebook, general observations
mustatorvisieni (fi) — Craterellus cornucopioides	mustatorvisieni (fi)		2018-09-05	Heinävesi	Pohjois-Savo (PS)	Suomi	62.43691	28.82159	Sure	EXPERT_VERIFIED	The Atlas of Finnish Fungi
mustatorvisieni (fi) — Craterellus cornucopioides	mustatorvisieni (fi)		2018-09-04	Heinävesi	Pohjois-Savo (PS)	Suomi	62.41338	28.77297	Sure	EXPERT_VERIFIED	The Atlas of Finnish Fungi
mustatorvisieni (fi) — Craterellus cornucopioides	mustatorvisieni (fi)	500	2018-09-04	Joensuu	Pohjois-Karjala (PK)	Suomi	62.483214	30.197533	Sure	NEUTRAL	The Atlas of Finnish Fungi
mustatorvisieni (fi) — Craterellus cornucopioides	mustatorvisieni (fi)	Vähän	2018-09-02 - 2018-09-03	Kuopio	Pohjois-Savo (PS)	Suomi	62.877037	27.684615	Sure	NEUTRAL	The Atlas of Finnish Fungi
mustatorvisieni (fi) — Craterellus cornucopioides	mustatorvisieni (fi)	20-30	2018-08-31	Kouvola	Etelä-Häme (EH)	Suomi	60.904354	26.720474	Sure	EXPERT_VERIFIED	The Atlas of Finnish Fungi
mustatorvisieni (fi) — Craterellus cornucopioides	mustatorvisieni (fi)	2	2018-08-31	Loviisa	Uusimaa (U)	Suomi	60.389399	26.00624	Sure	NEUTRAL	The Atlas of Finnish Fungi
mustatorvisieni (fi) — Craterellus cornucopioides	mustatorvisieni (fi)	40	2018-08-31	Liperi	Pohjois-Karjala (PK)	Suomi	62.662464	29.516661	Sure	NEUTRAL	The Atlas of Finnish Fungi
mustatorvisieni (fi) — Craterellus cornucopioides	mustatorvisieni (fi)	20-30	2018-08-30	Kouvola	Etelä-Savo (ES)	Suomi	60.81461	26.721258	Sure	EXPERT_VERIFIED	The Atlas of Finnish Fungi
mustatorvisieni (fi) — Craterellus cornucopioides	mustatorvisieni (fi)		2018-08-27 [17:30-18:30]	Nurmijärvi	Uusimaa (U)	Suomi	60.500653	24.915092	Sure	NEUTRAL	Notebook, general observations
mustatorvisieni (fi) — Craterellus cornucopioides	mustatorvisieni (fi)	10-15	2018-08-26	Kouvola	Etelä-Savo (ES)	Suomi	60.84055	26.722668	Sure	EXPERT_VERIFIED	The Atlas of Finnish Fungi
mustatorvisieni (fi) — Craterellus cornucopioides	mustatorvisieni (fi)		2018-08-26	Espoo	Uusimaa (U)	Suomi	60.303046	24.554482	Sure	EXPERT_VERIFIED	The Atlas of Finnish Fungi
mustatorvisieni (fi) — Craterellus cornucopioides	mustatorvisieni (fi)	3	2018-08-25	Humppila	Etelä-Häme (EH)	Suomi	60.92933	23.45147	Sure	EXPERT_VERIFIED	The Atlas of Finnish Fungi
mustatorvisieni (fi) — Craterellus cornucopioides	mustatorvisieni (fi)	10	2018-08-22	Hämeenkyrö, Ylöjärvi	Satakunta (St)	Suomi	61.662685	23.314528	Sure	EXPERT_VERIFIED	The Atlas of Finnish Fungi
mustatorvisieni (fi) — Craterellus cornucopioides	mustatorvisieni (fi)	20	2018-08-20	Kontiolahti	Pohjois-Karjala (PK)	Suomi	62.703677	29.739145	Sure	NEUTRAL	Notebook, general observations
mustatorvisieni (fi) — Craterellus cornucopioides	mustatorvisieni (fi)		2018-08-17	Lieksa	Pohjois-Karjala (PK)	Suomi	63.083712	29.833995	Sure	EXPERT_VERIFIED	The Atlas of Finnish Fungi
mustatorvisieni (fi) — Craterellus cornucopioides	mustatorvisieni (fi)		2018-08-17	Lieksa	Pohjois-Karjala (PK)	Suomi	63.083574	29.834185	Sure	EXPERT_VERIFIED	The Atlas of Finnish Fungi
mustatorvisieni (fi) — Craterellus cornucopioides	mustatorvisieni (fi)	kymmenkunta	2017-11-04	Orivesi	Etelä-Häme (EH)	Suomi	61.67916	24.485501	Sure	EXPERT_VERIFIED	The Atlas of Finnish Fungi
mustatorvisieni (fi) — Craterellus cornucopioides	mustatorvisieni (fi)		2017-11-01	Porvoo	Uusimaa (U)	Suomi	60.368845	25.704518	Sure	EXPERT_VERIFIED	The Atlas of Finnish Fungi
mustatorvisieni (fi) — Craterellus cornucopioides	mustatorvisieni (fi)	kymmenkunta	2017-10-19	Orivesi	Etelä-Häme (EH)	Suomi	61.678016	24.455689	Sure	EXPERT_VERIFIED	The Atlas of Finnish Fungi
mustatorvisieni (fi) — Craterellus cornucopioides	mustatorvisieni (fi)		2017-10-11	Raasepori	Varsinais-Suomi (V)	Suomi	60.0409	23.016432		EXPERT_VERIFIED	TUR-A Fungus collections of the the Åbo Akademi
mustatorvisieni (fi) — Craterellus cornucopioides	mustatorvisieni (fi)		2017-10-07	Helsinki	Uusimaa (U)	Suomi	60.228889	24.984381	Sure	NEUTRAL	The Atlas of Finnish Fungi
mustatorvisieni (fi) — Craterellus cornucopioides	mustatorvisieni (fi)		2017-10-01 [18:00]	Sastamala	Satakunta (St)	Suomi	61.467309	22.774197	Sure	NEUTRAL	The Atlas of Finnish Fungi
mustatorvisieni (fi) — Craterellus cornucopioides	mustatorvisieni (fi)	20+	2017-09-30	Hausjärvi	Etelä-Häme (EH)	Suomi	60.777388	24.905526	Sure	EXPERT_VERIFIED	The Atlas of Finnish Fungi
mustatorvisieni (fi) — Craterellus cornucopioides	mustatorvisieni (fi)	kymmenittäin	2017-09-24	Lahti	Etelä-Häme (EH)	Suomi	60.991709	25.647621	Sure	EXPERT_VERIFIED	The Atlas of Finnish Fungi
mustatorvisieni (fi) — Craterellus cornucopioides	mustatorvisieni (fi)		2017-09-23	Kokemäki, Sastamala	Satakunta (St)	Suomi	61.371899	22.599805	Sure	NEUTRAL	The Atlas of Finnish Fungi
mustatorvisieni (fi) — Craterellus cornucopioides	mustatorvisieni (fi)	Useita 10	2017-09-23	Joensuu	Pohjois-Karjala (PK)	Suomi	62.569019	30.128244	Sure	EXPERT_VERIFIED	The Atlas of Finnish Fungi
mustatorvisieni (fi) — Craterellus cornucopioides	mustatorvisieni (fi)		2017-09-22	Helsinki	Uusimaa (U)	Suomi	60.203889	25.176635	Sure	EXPERT_VERIFIED	The Atlas of Finnish Fungi
mustatorvisieni (fi) — Craterellus cornucopioides	mustatorvisieni (fi)		2017-09-18	Heinävesi	Pohjois-Savo (PS)	Suomi	62.450788	28.770798	Sure	EXPERT_VERIFIED	The Atlas of Finnish Fungi
mustatorvisieni (fi) — Craterellus cornucopioides	mustatorvisieni (fi)		2017-09-18	Kangasala	Etelä-Häme (EH)	Suomi	61.478164	24.017315		NEUTRAL	TUR Fungus collections of the University of Turku
mustatorvisieni (fi) — Craterellus cornucopioides	mustatorvisieni (fi)		2017-09-16	Rautalampi	Pohjois-Häme (PH)	Suomi	62.5152	26.7539	Sure	NEUTRAL	The Atlas of Finnish Fungi
mustatorvisieni (fi) — Craterellus cornucopioides	mustatorvisieni (fi)		2017-09-16	Rautalampi	Pohjois-Häme (PH)	Suomi	62.515582	26.746786	Sure	EXPERT_VERIFIED	The Atlas of Finnish Fungi
mustatorvisieni (fi) — Craterellus cornucopioides	mustatorvisieni (fi)		2017-09-16	Rautalampi	Pohjois-Häme (PH)	Suomi	62.51403	26.750236	Sure	EXPERT_VERIFIED	The Atlas of Finnish Fungi
mustatorvisieni (fi) — Craterellus cornucopioides	mustatorvisieni (fi)	useita itiöemiä	2017-09-16	Rautalampi	Pohjois-Häme (PH)	Suomi	62.515194	26.75447	Sure	EXPERT_VERIFIED	The Atlas of Finnish Fungi
mustatorvisieni (fi) — Craterellus cornucopioides	mustatorvisieni (fi)	10	2017-09-16	Rautalampi	Pohjois-Häme (PH)	Suomi	62.514162	26.75012	Sure	EXPERT_VERIFIED	The Atlas of Finnish Fungi
mustatorvisieni (fi) — Craterellus cornucopioides	mustatorvisieni (fi)		2017-09-16	Rautalampi	Pohjois-Häme (PH)	Suomi	62.513576	26.750647	Sure	EXPERT_VERIFIED	The Atlas of Finnish Fungi
mustatorvisieni (fi) — Craterellus cornucopioides	mustatorvisieni (fi)		2017-09-15	Mikkeli	Etelä-Savo (ES)	Suomi	61.704085	27.421978	Sure	EXPERT_VERIFIED	The Atlas of Finnish Fungi
mustatorvisieni (fi) — Craterellus cornucopioides	mustatorvisieni (fi)	25	2017-09-14	Savonlinna	Etelä-Savo (ES)	Suomi	61.786028	29.31203	Sure	EXPERT_VERIFIED	The Atlas of Finnish Fungi
mustatorvisieni (fi) — Craterellus cornucopioides	mustatorvisieni (fi)		2017-09-13	Espoo, Kauniainen	Uusimaa (U)	Suomi	60.214816	24.72684	Sure	EXPERT_VERIFIED	The Atlas of Finnish Fungi
mustatorvisieni (fi) — Craterellus cornucopioides	mustatorvisieni (fi)	17	2017-09-12	Ylöjärvi	Etelä-Häme (EH)	Suomi	61.630471	23.581089	Sure	NEUTRAL	The Atlas of Finnish Fungi
mustatorvisieni (fi) — Craterellus cornucopioides	mustatorvisieni (fi)	useita	2017-09-10	Kangasniemi	Etelä-Savo (ES)	Suomi	62.178093	26.411913	Sure	EXPERT_VERIFIED	The Atlas of Finnish Fungi
mustatorvisieni (fi) — Craterellus cornucopioides	mustatorvisieni (fi)		2017-09-08	Kuopio	Pohjois-Savo (PS)	Suomi	62.90484	27.66199		COMMUNITY_VERIFIED	iNaturalist Suomi Finland
mustatorvisieni (fi) — Craterellus cornucopioides	mustatorvisieni (fi)	1 kasvupaikka	2017-09-07 [13:00] - 2017-09-09 [13:00]	Kuopio	Pohjois-Savo (PS)	Suomi	62.915275	27.656858	Sure	EXPERT_VERIFIED	The Atlas of Finnish Fungi
mustatorvisieni (fi) — Craterellus cornucopioides	mustatorvisieni (fi)	2	2017-09-07	Lohja	Varsinais-Suomi (V)	Suomi	60.318645	24.038635	Sure	NEUTRAL	The Atlas of Finnish Fungi
mustatorvisieni (fi) — Craterellus cornucopioides	mustatorvisieni (fi)		2017-09-03	Asikkala	Etelä-Häme (EH)	Suomi	61.29971	25.55054		COMMUNITY_VERIFIED	iNaturalist Suomi Finland
mustatorvisieni (fi) — Craterellus cornucopioides	mustatorvisieni (fi)		2017-09-03	Espoo	Uusimaa (U)	Suomi	60.322036	24.670041	Sure	NEUTRAL	The Atlas of Finnish Fungi
mustatorvisieni (fi) — Craterellus cornucopioides	mustatorvisieni (fi)		2017-09-02	Kokemäki, Sastamala	Satakunta (St)	Suomi	61.371899	22.599805	Sure	NEUTRAL	The Atlas of Finnish Fungi
mustatorvisieni (fi) — Craterellus cornucopioides	mustatorvisieni (fi)	5	2017-09-02	Rovaniemi	Perä-Pohjanmaa (PeP)	Suomi	66.408391	25.20601	Sure	EXPERT_VERIFIED	The Atlas of Finnish Fungi
mustatorvisieni (fi) — Craterellus cornucopioides	mustatorvisieni (fi)		2017-08-27	Loppi	Etelä-Häme (EH)	Suomi	60.74141	24.06917		COMMUNITY_VERIFIED	iNaturalist Suomi Finland
mustatorvisieni (fi) — Craterellus cornucopioides	mustatorvisieni (fi)		2017-08-27	Porvoo, Sipoo	Uusimaa (U)	Suomi	60.354983	25.275819	Sure	NEUTRAL	The Atlas of Finnish Fungi
mustatorvisieni (fi) — Craterellus cornucopioides	mustatorvisieni (fi)	1 kasvupaikka	2017-08-27 [14:00-17:30]	Loppi	Etelä-Häme (EH)	Suomi	60.736774	24.075443	Sure	EXPERT_VERIFIED	The Atlas of Finnish Fungi
mustatorvisieni (fi) — Craterellus cornucopioides	mustatorvisieni (fi)		2017-08-24	Vihti	Varsinais-Suomi (V)	Suomi	60.329904	24.504769	Sure	EXPERT_VERIFIED	The Atlas of Finnish Fungi
mustatorvisieni (fi) — Craterellus cornucopioides	mustatorvisieni (fi)	useita hyvin runsaita esiintymiä	2017-08-23	Loviisa	Uusimaa (U)	Suomi	60.384494	26.008263	Sure	NEUTRAL	The Atlas of Finnish Fungi
mustatorvisieni (fi) — Craterellus cornucopioides	mustatorvisieni (fi)		2017-08-21	Sipoo	Uusimaa (U)	Suomi	60.346693	25.203211	Sure	EXPERT_VERIFIED	The Atlas of Finnish Fungi
mustatorvisieni (fi) — Craterellus cornucopioides	mustatorvisieni (fi)		2017-08-21	Heinävesi	Pohjois-Savo (PS)	Suomi	62.444233	28.828083	Sure	EXPERT_VERIFIED	The Atlas of Finnish Fungi
mustatorvisieni (fi) — Craterellus cornucopioides	mustatorvisieni (fi)		2017-08-20	Padasjoki	Etelä-Häme (EH)	Suomi	61.31102	24.94641		COMMUNITY_VERIFIED	iNaturalist Suomi Finland
mustatorvisieni (fi) — Craterellus cornucopioides	mustatorvisieni (fi)		2017-08-19	Sysmä	Etelä-Häme (EH)	Suomi	61.636448	25.641213	Sure	EXPERT_VERIFIED	The Atlas of Finnish Fungi
mustatorvisieni (fi) — Craterellus cornucopioides	mustatorvisieni (fi)		2017-08-19	Ylöjärvi	Satakunta (St)	Suomi	61.723	23.243		NEUTRAL	Aphyllophorales Fennoscandiae orientalis
mustatorvisieni (fi) — Craterellus cornucopioides	mustatorvisieni (fi)		2016-09-19	Rovaniemi	Perä-Pohjanmaa (PeP)	Suomi	66.30384	25.113019		NEUTRAL	Fungal collection of the Botanical Museum, University of Oulu (OULU)
mustatorvisieni (fi) — Craterellus cornucopioides	mustatorvisieni (fi)		2016-09-19	Rovaniemi	Perä-Pohjanmaa (PeP)	Suomi	66.303843	25.112998		NEUTRAL	LajiGIS: Species mapping and surveys
mustatorvisieni (fi) — Craterellus cornucopioides	mustatorvisieni (fi)		2016-09-16	Savonlinna	Etelä-Savo (ES)	Suomi	61.921129	29.039086	Sure	NEUTRAL	The Atlas of Finnish Fungi
mustatorvisieni (fi) — Craterellus cornucopioides	mustatorvisieni (fi)	1	2016-09-12	Kontiolahti	Pohjois-Karjala (PK)	Suomi	62.694361	29.706131	Sure	NEUTRAL	The Atlas of Finnish Fungi
mustatorvisieni (fi) — Craterellus cornucopioides	mustatorvisieni (fi)		2016-09-10	Miehikkälä	Etelä-Karjala (EK)	Suomi	60.741941	27.657804		NEUTRAL	Fungus observations of Turku university Herbarium
mustatorvisieni (fi) — Craterellus cornucopioides	mustatorvisieni (fi)		2016-09-07	Mikkeli	Etelä-Savo (ES)	Suomi	61.704054	27.363765		NEUTRAL	TUR Fungus collections of the University of Turku
mustatorvisieni (fi) — Craterellus cornucopioides	mustatorvisieni (fi)	useita litroja	2016-09-04	Reisjärvi	Keski-Pohjanmaa (KP)	Suomi	63.611447	24.989328		EXPERT_VERIFIED	Löydös Open Finnish Observation Database
mustatorvisieni (fi) — Craterellus cornucopioides	mustatorvisieni (fi)		2016-08-28	Tampere	Etelä-Häme (EH)	Suomi	61.44898	23.82072		COMMUNITY_VERIFIED	iNaturalist Suomi Finland
mustatorvisieni (fi) — Craterellus cornucopioides	mustatorvisieni (fi)	Esiintymä	2016-08-23	Hollola	Etelä-Häme (EH)	Suomi	61.018	25.511	Sure	NEUTRAL	The Atlas of Finnish Fungi
mustatorvisieni (fi) — Craterellus cornucopioides	mustatorvisieni (fi)	Esiintymä	2016-08-22	Hollola	Etelä-Häme (EH)	Suomi	61.045	25.552	Sure	NEUTRAL	The Atlas of Finnish Fungi
mustatorvisieni (fi) — Craterellus cornucopioides	mustatorvisieni (fi)	kymmeniä	2016-08-21	Kuopio	Pohjois-Savo (PS)	Suomi	62.925388	27.661273	Sure	NEUTRAL	The Atlas of Finnish Fungi
mustatorvisieni (fi) — Craterellus cornucopioides	mustatorvisieni (fi)		2016-08-20	Espoo	Uusimaa (U)	Suomi	60.327851	24.694767	Sure	EXPERT_VERIFIED	The Atlas of Finnish Fungi
mustatorvisieni (fi) — Craterellus cornucopioides	mustatorvisieni (fi)		2016-08-20	Mikkeli	Etelä-Savo (ES)	Suomi	61.26682	27.55207		COMMUNITY_VERIFIED	iNaturalist Suomi Finland
mustatorvisieni (fi) — Craterellus cornucopioides	mustatorvisieni (fi)	runsaita laikkuja	2016-08-16	Kuopio	Pohjois-Savo (PS)	Suomi	62.962197	27.738122	Sure	NEUTRAL	The Atlas of Finnish Fungi
mustatorvisieni (fi) — Craterellus cornucopioides	mustatorvisieni (fi)	5	2016-08-15	Kuopio	Pohjois-Savo (PS)	Suomi	62.79167	27.642549	Sure	NEUTRAL	The Atlas of Finnish Fungi
mustatorvisieni (fi) — Craterellus cornucopioides	mustatorvisieni (fi)	muutama pienehkö ryhmä	2016-08-14	Salo	Varsinais-Suomi (V)	Suomi	60.473559	23.087291	Sure	NEUTRAL	The Atlas of Finnish Fungi
mustatorvisieni (fi) — Craterellus cornucopioides	mustatorvisieni (fi)		2016-08-14	Helsinki	Uusimaa (U)	Suomi	60.288816	25.214312	Sure	EXPERT_VERIFIED	The Atlas of Finnish Fungi
mustatorvisieni (fi) — Craterellus cornucopioides	mustatorvisieni (fi)	Runsaasti havaintoalueella	2016-08-08	Espoo, Vihti	Uusimaa (U), Varsinais-Suomi (V)	Suomi	60.317297	24.523639	Sure	NEUTRAL	The Atlas of Finnish Fungi
mustatorvisieni (fi) — Craterellus cornucopioides	mustatorvisieni (fi)		2016-08-08	Joensuu	Pohjois-Karjala (PK)	Suomi	62.542348	30.184438	Sure	NEUTRAL	The Atlas of Finnish Fungi
mustatorvisieni (fi) — Craterellus cornucopioides	mustatorvisieni (fi)		2016-08-02	Kirkkonummi	Uusimaa (U)	Suomi	60.142059	24.348311	Sure	EXPERT_VERIFIED	The Atlas of Finnish Fungi
mustatorvisieni (fi) — Craterellus cornucopioides	mustatorvisieni (fi)		2016-07-29	Vesilahti	Etelä-Häme (EH)	Suomi	61.304626	23.476745	Sure	EXPERT_VERIFIED	The Atlas of Finnish Fungi
mustatorvisieni (fi) — Craterellus cornucopioides	mustatorvisieni (fi)		2016-07-29	Kontiolahti	Pohjois-Karjala (PK)	Suomi	62.704557	29.795991	Sure	NEUTRAL	The Atlas of Finnish Fungi
mustatorvisieni (fi) — Craterellus cornucopioides	mustatorvisieni (fi)	vähän	2015-08-09 [17:05] - 2015-08-10 [11:38]	Somero	Etelä-Häme (EH)	Suomi	60.676482	23.605168	Sure	EXPERT_VERIFIED	Hatikka.fi observations
