Species	Vernacular name	Number	Time	Municipality	Biogeographical Province	Country	WGS84 N	WGS84 E	The stated certainty of the observation	Observation Reliability	Collection
sikurirousku (fi) — Lactarius camphoratus	sikurirousku (fi)		2026-09-15	Helsinki	Uusimaa (U)	Suomi	60.25829	24.91573		COMMUNITY_VERIFIED	iNaturalist Suomi Finland
sikurirousku (fi) — Lactarius camphoratus	sikurirousku (fi)		2026-09-13 [15:19-16:52]	Tampere	Etelä-Häme (EH)	Suomi	61.46673	23.812854	Sure	NEUTRAL	The Atlas of Finnish Fungi
sikurirousku (fi) — Lactarius camphoratus	sikurirousku (fi)		2026-09-12	Salo	Varsinais-Suomi (V)	Suomi	60.49578	23.0942		COMMUNITY_VERIFIED	iNaturalist Suomi Finland
sikurirousku (fi) — Lactarius camphoratus	sikurirousku (fi)		2026-09-11	Espoo	Uusimaa (U)	Suomi	60.189997	24.66323	Sure	NEUTRAL	The Atlas of Finnish Fungi
sikurirousku (fi) — Lactarius camphoratus	sikurirousku (fi)		2026-09-11	Parainen	Varsinais-Suomi (V)	Suomi	60.24256	22.21894		NEUTRAL	iNaturalist Suomi Finland
sikurirousku (fi) — Lactarius camphoratus	sikurirousku (fi)		2026-09-06	Hausjärvi, Hyvinkää, Mäntsälä	Etelä-Häme (EH), Uusimaa (U)	Suomi	60.7	25.1		NEUTRAL	iNaturalist Suomi Finland
sikurirousku (fi) — Lactarius camphoratus	sikurirousku (fi)		2026-09-06	Kuopio	Pohjois-Savo (PS)	Suomi	62.87787	27.58771		COMMUNITY_VERIFIED	iNaturalist Suomi Finland
sikurirousku (fi) — Lactarius camphoratus	sikurirousku (fi)		2026-09-06	Toivakka	Pohjois-Häme (PH)	Suomi	62.15564	26.17238		NEUTRAL	iNaturalist Suomi Finland
sikurirousku (fi) — Lactarius camphoratus	sikurirousku (fi)		2026-09-06 [13:55]	Tampere	Etelä-Häme (EH)	Suomi	61.467787	23.815891	Sure	NEUTRAL	The Atlas of Finnish Fungi
sikurirousku (fi) — Lactarius camphoratus	sikurirousku (fi)		2026-09-06	Puumala	Etelä-Savo (ES)	Suomi	61.45303	27.83448		COMMUNITY_VERIFIED	iNaturalist Suomi Finland
sikurirousku (fi) — Lactarius camphoratus	sikurirousku (fi)		2026-09-04	Lohja	Varsinais-Suomi (V)	Suomi	60.403115	23.81073	Sure	NEUTRAL	The Atlas of Finnish Fungi
sikurirousku (fi) — Lactarius camphoratus	sikurirousku (fi)		2026-09-03	Oulu	Oulun Pohjanmaa (OP)	Suomi	65.00198	25.86384		COMMUNITY_VERIFIED	iNaturalist Suomi Finland
sikurirousku (fi) — Lactarius camphoratus	sikurirousku (fi)		2026-09-03	Oulu	Oulun Pohjanmaa (OP)	Suomi	65.00189	25.86367		COMMUNITY_VERIFIED	iNaturalist Suomi Finland
sikurirousku (fi) — Lactarius camphoratus	sikurirousku (fi)		2026-09-03	Oulu	Oulun Pohjanmaa (OP)	Suomi	65.00182	25.86374		NEUTRAL	iNaturalist Suomi Finland
sikurirousku (fi) — Lactarius camphoratus	sikurirousku (fi)		2026-09-02	Espoo	Uusimaa (U)	Suomi	60.1824	24.678389	Sure	NEUTRAL	The Atlas of Finnish Fungi
sikurirousku (fi) — Lactarius camphoratus	sikurirousku (fi)		2026-09-02	Kuhmoinen	Etelä-Häme (EH)	Suomi	61.646301	25.353418	Sure	NEUTRAL	Notebook, general observations
sikurirousku (fi) — Lactarius camphoratus	sikurirousku (fi)	12	2026-08-30	Joensuu, Kontiolahti	Pohjois-Karjala (PK)	Suomi	62.862329	29.942591	Sure	NEUTRAL	The Atlas of Finnish Fungi
sikurirousku (fi) — Lactarius camphoratus	sikurirousku (fi)		2026-08-30	Espoo	Uusimaa (U)	Suomi	60.310553	24.725705	Sure	NEUTRAL	The Atlas of Finnish Fungi
sikurirousku (fi) — Lactarius camphoratus	sikurirousku (fi)		2026-08-28	Hyvinkää	Uusimaa (U)	Suomi	60.5835	24.721863	Sure	NEUTRAL	The Atlas of Finnish Fungi
sikurirousku (fi) — Lactarius camphoratus	sikurirousku (fi)		2026-08-27	Jyväskylä	Pohjois-Häme (PH)	Suomi	62.25011	25.6529		NEUTRAL	iNaturalist Suomi Finland
sikurirousku (fi) — Lactarius camphoratus	sikurirousku (fi)	12	2026-08-26	Savonlinna	Etelä-Savo (ES)	Suomi	61.824279	29.626456	Sure	NEUTRAL	The Atlas of Finnish Fungi
sikurirousku (fi) — Lactarius camphoratus	sikurirousku (fi)		2026-08-26	Merikarvia	Satakunta (St)	Suomi	61.91114	21.45712		COMMUNITY_VERIFIED	iNaturalist Suomi Finland
sikurirousku (fi) — Lactarius camphoratus	sikurirousku (fi)		2026-08-25	Tampere	Etelä-Häme (EH)	Suomi	61.44266	23.9006		NEUTRAL	iNaturalist Suomi Finland
sikurirousku (fi) — Lactarius camphoratus	sikurirousku (fi)		2026-08-24	Espoo	Uusimaa (U)	Suomi	60.252338	24.602893	Sure	NEUTRAL	The Atlas of Finnish Fungi
sikurirousku (fi) — Lactarius camphoratus	sikurirousku (fi)		2026-08-24	Kouvola	Etelä-Savo (ES)	Suomi	60.8682	26.7728		COMMUNITY_VERIFIED	iNaturalist Suomi Finland
sikurirousku (fi) — Lactarius camphoratus	sikurirousku (fi)		2026-08-24	Kitee	Pohjois-Karjala (PK)	Suomi	61.88756	29.68598		NEUTRAL	iNaturalist Suomi Finland
sikurirousku (fi) — Lactarius camphoratus	sikurirousku (fi)		2026-08-22	Parikkala	Laatokan Karjala (LK)	Suomi	61.56193	29.56447		NEUTRAL	iNaturalist Suomi Finland
sikurirousku (fi) — Lactarius camphoratus	sikurirousku (fi)		2026-08-22	Parikkala	Laatokan Karjala (LK)	Suomi	61.56194	29.56451		NEUTRAL	iNaturalist Suomi Finland
sikurirousku (fi) — Lactarius camphoratus	sikurirousku (fi)		2026-08-20	Toivakka	Pohjois-Häme (PH)	Suomi	62.12761	26.16292		NEUTRAL	iNaturalist Suomi Finland
sikurirousku (fi) — Lactarius camphoratus	sikurirousku (fi)	1	2026-08-20	Joensuu	Pohjois-Karjala (PK)	Suomi	62.574804	29.817712	Sure	NEUTRAL	The Atlas of Finnish Fungi
sikurirousku (fi) — Lactarius camphoratus	sikurirousku (fi)		2026-08-18	Turku	Varsinais-Suomi (V)	Suomi	60.42576	22.27587		COMMUNITY_VERIFIED	iNaturalist Suomi Finland
sikurirousku (fi) — Lactarius camphoratus	sikurirousku (fi)		2026-08-18	Viitasaari	Pohjois-Häme (PH)	Suomi	63.06861	25.84522		NEUTRAL	iNaturalist Suomi Finland
sikurirousku (fi) — Lactarius camphoratus	sikurirousku (fi)		2026-08-17	Vihti	Varsinais-Suomi (V)	Suomi	60.31637	24.45298		NEUTRAL	iNaturalist Suomi Finland
sikurirousku (fi) — Lactarius camphoratus	sikurirousku (fi)		2026-08-17	Vihti	Varsinais-Suomi (V)	Suomi	60.31637	24.45308		NEUTRAL	iNaturalist Suomi Finland
sikurirousku (fi) — Lactarius camphoratus	sikurirousku (fi)		2026-08-15	Muurame	Etelä-Häme (EH)	Suomi	62.102849	25.750235	Sure	NEUTRAL	Notebook, general observations
sikurirousku (fi) — Lactarius camphoratus	sikurirousku (fi)		2026-08-15	Asikkala	Etelä-Häme (EH)	Suomi	61.24234	25.78487		NEUTRAL	iNaturalist Suomi Finland
sikurirousku (fi) — Lactarius camphoratus	sikurirousku (fi)		2026-08-10	Oulainen	Keski-Pohjanmaa (KP)	Suomi	64.24572	24.98071		NEUTRAL	iNaturalist Suomi Finland
sikurirousku (fi) — Lactarius camphoratus	sikurirousku (fi)		2026-08-08	Heinävesi	Pohjois-Savo (PS)	Suomi	62.406572	28.77288	Sure	NEUTRAL	The Atlas of Finnish Fungi
sikurirousku (fi) — Lactarius camphoratus	sikurirousku (fi)		2026-08-08	Somero	Etelä-Häme (EH)	Suomi	60.504	23.71478		NEUTRAL	iNaturalist Suomi Finland
sikurirousku (fi) — Lactarius camphoratus	sikurirousku (fi)		2026-08-06	Loimaa	Satakunta (St)	Suomi	60.92252	22.97988		NEUTRAL	iNaturalist Suomi Finland
sikurirousku (fi) — Lactarius camphoratus	sikurirousku (fi)	6	2026-08-05 [7:03-10:30]	Turku	Varsinais-Suomi (V)	Suomi	60.452039	22.343758	Sure	NEUTRAL	The Atlas of Finnish Fungi
sikurirousku (fi) — Lactarius camphoratus	sikurirousku (fi)		2026-08-04	Espoo	Uusimaa (U)	Suomi	60.268483	24.646152	Sure	NEUTRAL	The Atlas of Finnish Fungi
sikurirousku (fi) — Lactarius camphoratus	sikurirousku (fi)	15	2026-08-04	Joensuu	Pohjois-Karjala (PK)	Suomi	62.581705	29.820889	Sure	NEUTRAL	Notebook, general observations
sikurirousku (fi) — Lactarius camphoratus	sikurirousku (fi)		2026-08-03	Hämeenlinna, Pälkäne	Etelä-Häme (EH)	Suomi	61.3	24.7		NEUTRAL	iNaturalist Suomi Finland
sikurirousku (fi) — Lactarius camphoratus	sikurirousku (fi)		2026-08-02	Porvoo	Uusimaa (U)	Suomi	60.38324	25.71309		NEUTRAL	iNaturalist Suomi Finland
sikurirousku (fi) — Lactarius camphoratus	sikurirousku (fi)		2026-08-01	Vantaa	Uusimaa (U)	Suomi	60.27168	24.83091		COMMUNITY_VERIFIED	iNaturalist Suomi Finland
sikurirousku (fi) — Lactarius camphoratus	sikurirousku (fi)		2026-08-01 [13:47-15:50]	Salo	Varsinais-Suomi (V)	Suomi	60.44484	23.076403	Sure	NEUTRAL	The Atlas of Finnish Fungi
sikurirousku (fi) — Lactarius camphoratus	sikurirousku (fi)		2026-08-01	Turku	Varsinais-Suomi (V)	Suomi	60.39198	22.24238		COMMUNITY_VERIFIED	iNaturalist Suomi Finland
sikurirousku (fi) — Lactarius camphoratus	sikurirousku (fi)		2026-07-29	Mustasaari	Etelä-Pohjanmaa (EP)	Suomi	63.251489	21.3853	Sure	NEUTRAL	The Atlas of Finnish Fungi
sikurirousku (fi) — Lactarius camphoratus	sikurirousku (fi)		2026-07-29	Rusko	Varsinais-Suomi (V)	Suomi	60.523	22.27028		COMMUNITY_VERIFIED	iNaturalist Suomi Finland
sikurirousku (fi) — Lactarius camphoratus	sikurirousku (fi)		2026-07-29	Raisio	Varsinais-Suomi (V)	Suomi	60.51487	22.16739		NEUTRAL	iNaturalist Suomi Finland
sikurirousku (fi) — Lactarius camphoratus	sikurirousku (fi)		2026-07-25	Espoo	Uusimaa (U)	Suomi	60.315863	24.521869	Sure	NEUTRAL	The Atlas of Finnish Fungi
sikurirousku (fi) — Lactarius camphoratus	sikurirousku (fi)	Runsas	2026-07-25	Turku	Varsinais-Suomi (V)	Suomi	60.451351	22.3457	Sure	NEUTRAL	The Atlas of Finnish Fungi
sikurirousku (fi) — Lactarius camphoratus	sikurirousku (fi)		2026-07-25	Helsinki	Uusimaa (U)	Suomi	60.24293	25.1754		NEUTRAL	iNaturalist Suomi Finland
sikurirousku (fi) — Lactarius camphoratus	sikurirousku (fi)		2026-07-24	Espoo	Uusimaa (U)	Suomi	60.18055	24.72114		COMMUNITY_VERIFIED	iNaturalist Suomi Finland
sikurirousku (fi) — Lactarius camphoratus	sikurirousku (fi)	6	2026-07-24	Turku	Varsinais-Suomi (V)	Suomi	60.491	22.297	Sure	NEUTRAL	The Atlas of Finnish Fungi
sikurirousku (fi) — Lactarius camphoratus	sikurirousku (fi)		2026-07-22	Masku, Mynämäki, Nousiainen	Varsinais-Suomi (V)	Suomi	60.7	22.1		COMMUNITY_VERIFIED	iNaturalist Suomi Finland
sikurirousku (fi) — Lactarius camphoratus	sikurirousku (fi)		2026-07-20	Jämsä, Kuhmoinen	Etelä-Häme (EH)	Suomi	61.7	25.1		NEUTRAL	iNaturalist Suomi Finland
sikurirousku (fi) — Lactarius camphoratus	sikurirousku (fi)		2026-07-20	Jämsä, Kuhmoinen	Etelä-Häme (EH)	Suomi	61.7	25.1		NEUTRAL	iNaturalist Suomi Finland
sikurirousku (fi) — Lactarius camphoratus	sikurirousku (fi)		2026-07-15 [16:31-20:42]	Salo	Varsinais-Suomi (V)	Suomi	60.432448	23.077227	Sure	NEUTRAL	The Atlas of Finnish Fungi
sikurirousku (fi) — Lactarius camphoratus	sikurirousku (fi)		2026-07-12	Masku, Mynämäki, Nousiainen	Varsinais-Suomi (V)	Suomi	60.7	22.1		COMMUNITY_VERIFIED	iNaturalist Suomi Finland
sikurirousku (fi) — Lactarius camphoratus	sikurirousku (fi)		2025-10-14	Porvoo	Uusimaa (U)	Suomi	60.35988	25.72263		NEUTRAL	iNaturalist Suomi Finland
sikurirousku (fi) — Lactarius camphoratus	sikurirousku (fi)		2025-10-11 [13:00]	Tampere	Etelä-Häme (EH)	Suomi	61.46593	23.811237	Sure	NEUTRAL	Notebook, general observations
sikurirousku (fi) — Lactarius camphoratus	sikurirousku (fi)		2025-10-05 [16:20-19:55]	Turku	Varsinais-Suomi (V)	Suomi	60.432546	22.164422	Sure	NEUTRAL	Notebook, general observations
sikurirousku (fi) — Lactarius camphoratus	sikurirousku (fi)		2025-10-02	Raasepori	Uusimaa (U)	Suomi	59.943998	23.509586	Sure	NEUTRAL	The Atlas of Finnish Fungi
sikurirousku (fi) — Lactarius camphoratus	sikurirousku (fi)		2025-10-02	Pori	Satakunta (St)	Suomi	61.552847	21.646399	Sure	NEUTRAL	Notebook, general observations
sikurirousku (fi) — Lactarius camphoratus	sikurirousku (fi)		2025-09-29	Raasepori	Uusimaa (U), Varsinais-Suomi (V)	Suomi	60.006156	23.492708	Sure	NEUTRAL	The Atlas of Finnish Fungi
sikurirousku (fi) — Lactarius camphoratus	sikurirousku (fi)		2025-09-26 [14:14-14:24]	Salo	Varsinais-Suomi (V)	Suomi	60.252809	22.967889	Sure	NEUTRAL	The Atlas of Finnish Fungi
sikurirousku (fi) — Lactarius camphoratus	sikurirousku (fi)		2025-09-26	Mäntsälä	Uusimaa (U)	Suomi	60.76665	25.48175		NEUTRAL	iNaturalist Suomi Finland
sikurirousku (fi) — Lactarius camphoratus	sikurirousku (fi)		2025-09-26	Tohmajärvi	Pohjois-Karjala (PK)	Suomi	62.256344	30.479432	Sure	NEUTRAL	The Atlas of Finnish Fungi
sikurirousku (fi) — Lactarius camphoratus	sikurirousku (fi)		2025-09-25	Vantaa	Uusimaa (U)	Suomi	60.2749	24.89972		NEUTRAL	iNaturalist Suomi Finland
sikurirousku (fi) — Lactarius camphoratus	sikurirousku (fi)		2025-09-25	Helsinki	Uusimaa (U)	Suomi	60.23948	25.14238		COMMUNITY_VERIFIED	iNaturalist Suomi Finland
sikurirousku (fi) — Lactarius camphoratus	sikurirousku (fi)		2025-09-23 - 2025-09-24	Kauniainen	Uusimaa (U)	Suomi	60.212966	24.682636	Sure	NEUTRAL	The Atlas of Finnish Fungi
sikurirousku (fi) — Lactarius camphoratus	sikurirousku (fi)		2025-09-21	Espoo	Uusimaa (U)	Suomi	60.31801	24.6804		NEUTRAL	iNaturalist Suomi Finland
sikurirousku (fi) — Lactarius camphoratus	sikurirousku (fi)		2025-09-20	Espoo, Kirkkonummi, Nurmijärvi, Vihti	Uusimaa (U), Varsinais-Suomi (V)	Suomi	60.3	24.5		NEUTRAL	iNaturalist Suomi Finland
sikurirousku (fi) — Lactarius camphoratus	sikurirousku (fi)		2025-09-20	Heinola	Etelä-Häme (EH)	Suomi	61.12464	26.01477		NEUTRAL	iNaturalist Suomi Finland
sikurirousku (fi) — Lactarius camphoratus	sikurirousku (fi)		2025-09-19	Vaasa	Etelä-Pohjanmaa (EP)	Suomi	63.057219	21.697784	Sure	NEUTRAL	Notebook, general observations
sikurirousku (fi) — Lactarius camphoratus	sikurirousku (fi)		2025-09-13 [9:34-10:29]	Helsinki	Uusimaa (U)	Suomi	60.24389	25.201527	Sure	NEUTRAL	The Atlas of Finnish Fungi
sikurirousku (fi) — Lactarius camphoratus	sikurirousku (fi)		2025-09-13 [9:34-10:29]	Helsinki	Uusimaa (U)	Suomi	60.24389	25.201527	Sure	NEUTRAL	The Atlas of Finnish Fungi
sikurirousku (fi) — Lactarius camphoratus	sikurirousku (fi)		2025-09-13	Vaasa	Etelä-Pohjanmaa (EP)	Suomi	63.099941	21.740652	Sure	NEUTRAL	Notebook, general observations
sikurirousku (fi) — Lactarius camphoratus	sikurirousku (fi)		2025-09-11	Jyväskylä	Pohjois-Häme (PH)	Suomi	62.27325	25.66614		NEUTRAL	iNaturalist Suomi Finland
sikurirousku (fi) — Lactarius camphoratus	sikurirousku (fi)		2025-09-11	Jyväskylä	Pohjois-Häme (PH)	Suomi	62.27325	25.66614		NEUTRAL	iNaturalist Suomi Finland
sikurirousku (fi) — Lactarius camphoratus	sikurirousku (fi)		2025-09-11	Hämeenlinna	Etelä-Häme (EH)	Suomi	61.220636	25.149249	Sure	NEUTRAL	The Atlas of Finnish Fungi
sikurirousku (fi) — Lactarius camphoratus	sikurirousku (fi)		2025-09-10	Hämeenlinna	Etelä-Häme (EH)	Suomi	61.193981	25.137856	Sure	NEUTRAL	The Atlas of Finnish Fungi
sikurirousku (fi) — Lactarius camphoratus	sikurirousku (fi)		2025-09-09	Vaasa	Etelä-Pohjanmaa (EP)	Suomi	63.05838	21.696365	Sure	NEUTRAL	Notebook, general observations
sikurirousku (fi) — Lactarius camphoratus	sikurirousku (fi)		2025-09-08	Tammela	Etelä-Häme (EH)	Suomi	60.778474	23.629551	Sure	NEUTRAL	The Atlas of Finnish Fungi
sikurirousku (fi) — Lactarius camphoratus	sikurirousku (fi)		2025-09-07	Rautjärvi	Etelä-Savo (ES)	Suomi	61.398369	29.285626	Sure	NEUTRAL	Notebook, general observations
sikurirousku (fi) — Lactarius camphoratus	sikurirousku (fi)		2025-09-07	Lieto	Varsinais-Suomi (V)	Suomi	60.58167	22.43307		COMMUNITY_VERIFIED	iNaturalist Suomi Finland
sikurirousku (fi) — Lactarius camphoratus	sikurirousku (fi)		2025-09-06	Turku	Varsinais-Suomi (V)	Suomi	60.5511	22.30038		NEUTRAL	iNaturalist Suomi Finland
sikurirousku (fi) — Lactarius camphoratus	sikurirousku (fi)		2025-09-06 [19:37]	Tampere	Etelä-Häme (EH)	Suomi	61.465762	23.811763	Sure	NEUTRAL	Notebook, general observations
sikurirousku (fi) — Lactarius camphoratus	sikurirousku (fi)		2025-09-05	Helsinki	Uusimaa (U)	Suomi	60.17539	25.02862		COMMUNITY_VERIFIED	iNaturalist Suomi Finland
sikurirousku (fi) — Lactarius camphoratus	sikurirousku (fi)		2025-09-05	Hyvinkää	Uusimaa (U)	Suomi	60.66028	24.89615		COMMUNITY_VERIFIED	iNaturalist Suomi Finland
sikurirousku (fi) — Lactarius camphoratus	sikurirousku (fi)		2025-09-04 - 2025-09-06	Vantaa	Uusimaa (U)	Suomi	60.292442	24.820996	Sure	NEUTRAL	The Atlas of Finnish Fungi
sikurirousku (fi) — Lactarius camphoratus	sikurirousku (fi)	Kymmeniä	2025-09-04	Hämeenkyrö	Satakunta (St)	Suomi	61.670865	23.146791	Sure	NEUTRAL	The Atlas of Finnish Fungi
sikurirousku (fi) — Lactarius camphoratus	sikurirousku (fi)		2025-09-04	Oulu	Oulun Pohjanmaa (OP)	Suomi	65.00186	25.86437		NEUTRAL	iNaturalist Suomi Finland
sikurirousku (fi) — Lactarius camphoratus	sikurirousku (fi)		2025-09-04	Oulu	Oulun Pohjanmaa (OP)	Suomi	65.00204	25.86543		COMMUNITY_VERIFIED	iNaturalist Suomi Finland
sikurirousku (fi) — Lactarius camphoratus	sikurirousku (fi)		2025-09-04	Oulu	Oulun Pohjanmaa (OP)	Suomi	65.00158	25.86366		COMMUNITY_VERIFIED	iNaturalist Suomi Finland
sikurirousku (fi) — Lactarius camphoratus	sikurirousku (fi)		2025-09-04	Oulu	Oulun Pohjanmaa (OP)	Suomi	65.00185	25.86643		COMMUNITY_VERIFIED	iNaturalist Suomi Finland
sikurirousku (fi) — Lactarius camphoratus	sikurirousku (fi)		2025-09-04	Oulu	Oulun Pohjanmaa (OP)	Suomi	65.00151	25.86376		NEUTRAL	iNaturalist Suomi Finland
sikurirousku (fi) — Lactarius camphoratus	sikurirousku (fi)		2025-09-03 [19:39]	Riihimäki	Etelä-Häme (EH)	Suomi	60.762483	24.775196	Subspecies unsure	NEUTRAL	Notebook, general observations
sikurirousku (fi) — Lactarius camphoratus	sikurirousku (fi)		2025-09-02	Hanko	Uusimaa (U)	Suomi	59.855	23.073196	Sure	NEUTRAL	The Atlas of Finnish Fungi
sikurirousku (fi) — Lactarius camphoratus	sikurirousku (fi)		2025-09-02	Vantaa	Uusimaa (U)	Suomi	60.33553	25.02811		COMMUNITY_VERIFIED	iNaturalist Suomi Finland
sikurirousku (fi) — Lactarius camphoratus	sikurirousku (fi)		2025-08-31	Helsinki	Uusimaa (U)	Suomi	60.23474	25.14033		NEUTRAL	iNaturalist Suomi Finland
sikurirousku (fi) — Lactarius camphoratus	sikurirousku (fi)		2025-08-31	Kirkkonummi	Uusimaa (U)	Suomi	60.28816	24.45478		NEUTRAL	iNaturalist Suomi Finland
sikurirousku (fi) — Lactarius camphoratus	sikurirousku (fi)		2025-08-31	Hanko	Uusimaa (U)	Suomi	59.904206	23.193542	Sure	NEUTRAL	The Atlas of Finnish Fungi
sikurirousku (fi) — Lactarius camphoratus	sikurirousku (fi)		2025-08-30	Tammela	Etelä-Häme (EH)	Suomi	60.87537	23.75256		NEUTRAL	iNaturalist Suomi Finland
sikurirousku (fi) — Lactarius camphoratus	sikurirousku (fi)		2025-08-30	Espoo	Uusimaa (U)	Suomi	60.114296	24.713193	Sure	NEUTRAL	The Atlas of Finnish Fungi
sikurirousku (fi) — Lactarius camphoratus	sikurirousku (fi)		2025-08-28	Kontiolahti	Pohjois-Karjala (PK)	Suomi	62.70894	29.7505		COMMUNITY_VERIFIED	iNaturalist Suomi Finland
sikurirousku (fi) — Lactarius camphoratus	sikurirousku (fi)		2025-08-27	Hämeenlinna	Etelä-Häme (EH)	Suomi	60.82557	24.41544		COMMUNITY_VERIFIED	iNaturalist Suomi Finland
sikurirousku (fi) — Lactarius camphoratus	sikurirousku (fi)		2025-08-26	Jyväskylä	Pohjois-Häme (PH)	Suomi	62.26321	25.70161		NEUTRAL	iNaturalist Suomi Finland
sikurirousku (fi) — Lactarius camphoratus	sikurirousku (fi)		2025-08-26	Hollola	Etelä-Häme (EH)	Suomi	61.042554	25.473924	Sure	NEUTRAL	The Atlas of Finnish Fungi
sikurirousku (fi) — Lactarius camphoratus	sikurirousku (fi)	X	2025-08-26 [12:22-15:13]	Espoo	Uusimaa (U)	Suomi	60.102784	24.670313	Sure	NEUTRAL	Noteworthy macrofungi - complete lists
sikurirousku (fi) — Lactarius camphoratus	sikurirousku (fi)		2025-08-24 [7:28-18:13]	Kaarina	Varsinais-Suomi (V)	Suomi	60.397262	22.299088	Sure	NEUTRAL	The Atlas of Finnish Fungi
sikurirousku (fi) — Lactarius camphoratus	sikurirousku (fi)		2025-08-23	Pöytyä	Satakunta (St)	Suomi	60.74299	22.42064		NEUTRAL	iNaturalist Suomi Finland
sikurirousku (fi) — Lactarius camphoratus	sikurirousku (fi)		2025-08-23	Kokkola	Keski-Pohjanmaa (KP)	Suomi	63.878829	23.28797	Sure	NEUTRAL	The Atlas of Finnish Fungi
sikurirousku (fi) — Lactarius camphoratus	sikurirousku (fi)		2025-08-21 [7:12-15:15]	Kaarina	Varsinais-Suomi (V)	Suomi	60.425862	22.362651	Sure	NEUTRAL	The Atlas of Finnish Fungi
sikurirousku (fi) — Lactarius camphoratus	sikurirousku (fi)		2025-08-20	Porvoo	Uusimaa (U)	Suomi	60.43137	25.71045		COMMUNITY_VERIFIED	iNaturalist Suomi Finland
sikurirousku (fi) — Lactarius camphoratus	sikurirousku (fi)		2025-08-19 [17:12] - 2025-08-22 [18:56]	Salo	Varsinais-Suomi (V)	Suomi	60.476541	23.076528	Sure	NEUTRAL	The Atlas of Finnish Fungi
sikurirousku (fi) — Lactarius camphoratus	sikurirousku (fi)	Esiintymä	2025-08-17	Ylöjärvi	Satakunta (St)	Suomi	61.70007	23.251145	Sure	NEUTRAL	The Atlas of Finnish Fungi
sikurirousku (fi) — Lactarius camphoratus	sikurirousku (fi)		2025-08-17	Porvoo	Uusimaa (U)	Suomi	60.40347	25.74507		COMMUNITY_VERIFIED	iNaturalist Suomi Finland
sikurirousku (fi) — Lactarius camphoratus	sikurirousku (fi)		2025-08-17	Helsinki	Uusimaa (U)	Suomi	60.26003	24.92538		NEUTRAL	iNaturalist Suomi Finland
sikurirousku (fi) — Lactarius camphoratus	sikurirousku (fi)		2025-08-13	Lieksa	Pohjois-Karjala (PK)	Suomi	63.347402	30.779534	Sure	NEUTRAL	The Atlas of Finnish Fungi
sikurirousku (fi) — Lactarius camphoratus	sikurirousku (fi)		2025-08-11 [6:08-14:48]	Turku	Varsinais-Suomi (V)	Suomi	60.4521	22.34661	Sure	NEUTRAL	The Atlas of Finnish Fungi
sikurirousku (fi) — Lactarius camphoratus	sikurirousku (fi)		2025-08-11 - 2025-08-17	Vantaa	Uusimaa (U)	Suomi	60.306714	24.834028	Sure	NEUTRAL	The Atlas of Finnish Fungi
sikurirousku (fi) — Lactarius camphoratus	sikurirousku (fi)		2025-08-11	Vöyri	Etelä-Pohjanmaa (EP)	Suomi	63.177569	22.17525	Sure	NEUTRAL	The Atlas of Finnish Fungi
sikurirousku (fi) — Lactarius camphoratus	sikurirousku (fi)		2025-08-10	Porvoo	Uusimaa (U)	Suomi	60.37519	25.73167		COMMUNITY_VERIFIED	iNaturalist Suomi Finland
sikurirousku (fi) — Lactarius camphoratus	sikurirousku (fi)	many	2025-08-07 - 2025-08-31	Laukaa	Pohjois-Häme (PH)	Suomi	62.487792	25.751753	Sure	NEUTRAL	The Atlas of Finnish Fungi
sikurirousku (fi) — Lactarius camphoratus	sikurirousku (fi)		2025-08-06	Espoo	Uusimaa (U)	Suomi	60.267364	24.647603	Sure	NEUTRAL	The Atlas of Finnish Fungi
sikurirousku (fi) — Lactarius camphoratus	sikurirousku (fi)		2025-08-06	Hollola	Etelä-Häme (EH)	Suomi	61.00884	25.19819		COMMUNITY_VERIFIED	iNaturalist Suomi Finland
sikurirousku (fi) — Lactarius camphoratus	sikurirousku (fi)		2025-08-03	Vaasa	Etelä-Pohjanmaa (EP)	Suomi	63.041061	21.595506	Sure	NEUTRAL	The Atlas of Finnish Fungi
sikurirousku (fi) — Lactarius camphoratus	sikurirousku (fi)		2025-08-02	Porvoo	Uusimaa (U)	Suomi	60.4147	25.66765		NEUTRAL	iNaturalist Suomi Finland
sikurirousku (fi) — Lactarius camphoratus	sikurirousku (fi)		2025-07-24 [14:26-14:43]	Salo	Varsinais-Suomi (V)	Suomi	60.431549	23.072176	Sure	NEUTRAL	The Atlas of Finnish Fungi
sikurirousku (fi) — Lactarius camphoratus	sikurirousku (fi)	useita	2025-07-20	Loviisa	Uusimaa (U)	Suomi	60.517395	26.444014	Sure	NEUTRAL	The Atlas of Finnish Fungi
sikurirousku (fi) — Lactarius camphoratus	sikurirousku (fi)		2025-07-17 - 2025-07-25	Vantaa	Uusimaa (U)	Suomi	60.259597	24.79336	Sure	NEUTRAL	The Atlas of Finnish Fungi
sikurirousku (fi) — Lactarius camphoratus	sikurirousku (fi)		2025-07-15	Muurame	Etelä-Häme (EH)	Suomi	62.17576	25.56794		COMMUNITY_VERIFIED	iNaturalist Suomi Finland
sikurirousku (fi) — Lactarius camphoratus	sikurirousku (fi)		2025-07-11	Kuhmoinen	Etelä-Häme (EH)	Suomi	61.65038	25.03393		NEUTRAL	iNaturalist Suomi Finland
sikurirousku (fi) — Lactarius camphoratus	sikurirousku (fi)	X	2024-09-30 [15:53-17:54]	Espoo	Uusimaa (U)	Suomi	60.286175	24.587261	Sure	NEUTRAL	Noteworthy macrofungi - complete lists
sikurirousku (fi) — Lactarius camphoratus	sikurirousku (fi)		2024-09-29	Hanko	Uusimaa (U)	Suomi	59.904379	23.193892	Sure	NEUTRAL	The Atlas of Finnish Fungi
sikurirousku (fi) — Lactarius camphoratus	sikurirousku (fi)		2024-09-26	Tampere	Etelä-Häme (EH)	Suomi	61.44086	23.8402		NEUTRAL	iNaturalist Suomi Finland
sikurirousku (fi) — Lactarius camphoratus	sikurirousku (fi)		2024-09-24	Hämeenlinna	Etelä-Häme (EH)	Suomi	60.99251	24.4316		NEUTRAL	iNaturalist Suomi Finland
sikurirousku (fi) — Lactarius camphoratus	sikurirousku (fi)		2024-09-23 [9:12] - 2024-09-24 [3:30]	Turku	Varsinais-Suomi (V)	Suomi	60.451847	22.342271	Sure	NEUTRAL	The Atlas of Finnish Fungi
sikurirousku (fi) — Lactarius camphoratus	sikurirousku (fi)		2024-09-22	Espoo	Uusimaa (U)	Suomi	60.30616	24.53054		NEUTRAL	iNaturalist Suomi Finland
sikurirousku (fi) — Lactarius camphoratus	sikurirousku (fi)	X	2024-09-22 [12:53-14:14]	Raasepori	Varsinais-Suomi (V)	Suomi	60.041902	23.708689	Sure	NEUTRAL	Noteworthy macrofungi - complete lists
sikurirousku (fi) — Lactarius camphoratus	sikurirousku (fi)		2024-09-15	Järvenpää	Uusimaa (U)	Suomi	60.49469	25.11013		NEUTRAL	iNaturalist Suomi Finland
sikurirousku (fi) — Lactarius camphoratus	sikurirousku (fi)		2024-09-13	Savonlinna	Etelä-Savo (ES)	Suomi	61.87605	28.85446		NEUTRAL	iNaturalist Suomi Finland
sikurirousku (fi) — Lactarius camphoratus	sikurirousku (fi)		2024-09-09 [16:15-17:30]	Salo	Varsinais-Suomi (V)	Suomi	60.435312	23.113105	Sure	NEUTRAL	The Atlas of Finnish Fungi
sikurirousku (fi) — Lactarius camphoratus	sikurirousku (fi)		2024-09-09	Riihimäki	Etelä-Häme (EH)	Suomi	60.757165	24.818007	Sure	NEUTRAL	The Atlas of Finnish Fungi
sikurirousku (fi) — Lactarius camphoratus	sikurirousku (fi)		2024-09-08	Jyväskylä, Laukaa, Muurame	Etelä-Häme (EH), Pohjois-Häme (PH)	Suomi	62.3	25.7		NEUTRAL	iNaturalist Suomi Finland
sikurirousku (fi) — Lactarius camphoratus	sikurirousku (fi)		2024-09-08	Jomala	Ahvenanmaa (A)	Suomi	60.17866	19.99587		COMMUNITY_VERIFIED	iNaturalist Suomi Finland
sikurirousku (fi) — Lactarius camphoratus	sikurirousku (fi)		2024-09-08 [18:02]	Espoo	Uusimaa (U)	Suomi	60.173319	24.621214	Sure	NEUTRAL	The Atlas of Finnish Fungi
sikurirousku (fi) — Lactarius camphoratus	sikurirousku (fi)	30	2024-09-08	Oulu	Oulun Pohjanmaa (OP)	Suomi	65.114913	25.61248		NEUTRAL	Notebook, general observations
sikurirousku (fi) — Lactarius camphoratus	sikurirousku (fi)		2024-09-07	Kitee	Pohjois-Karjala (PK)	Suomi	62.022497	29.972123	Sure	NEUTRAL	The Atlas of Finnish Fungi
sikurirousku (fi) — Lactarius camphoratus	sikurirousku (fi)		2024-09-07	Turku	Varsinais-Suomi (V)	Suomi	60.473892	22.323778	Sure	NEUTRAL	The Atlas of Finnish Fungi
sikurirousku (fi) — Lactarius camphoratus	sikurirousku (fi)		2024-09-07	Turku	Varsinais-Suomi (V)	Suomi	60.480289	22.321517	Sure	NEUTRAL	The Atlas of Finnish Fungi
sikurirousku (fi) — Lactarius camphoratus	sikurirousku (fi)		2024-09-06	Kirkkonummi	Uusimaa (U)	Suomi	60.14524	24.33968		NEUTRAL	iNaturalist Suomi Finland
sikurirousku (fi) — Lactarius camphoratus	sikurirousku (fi)		2024-09-05 [17:59-19:59]	Savonlinna	Etelä-Savo (ES)	Suomi	61.799349	29.331231	Sure	NEUTRAL	The Atlas of Finnish Fungi
sikurirousku (fi) — Lactarius camphoratus	sikurirousku (fi)		2024-09-05	Kontiolahti	Pohjois-Karjala (PK)	Suomi	62.860327	29.975925	Sure	NEUTRAL	The Atlas of Finnish Fungi
sikurirousku (fi) — Lactarius camphoratus	sikurirousku (fi)		2024-09-04 [11:15-14:26]	Savonlinna	Etelä-Savo (ES)	Suomi	61.808966	29.304248	Sure	NEUTRAL	The Atlas of Finnish Fungi
sikurirousku (fi) — Lactarius camphoratus	sikurirousku (fi)		2024-09-03	Vantaa	Uusimaa (U)	Suomi	60.277671	25.172166	Sure	NEUTRAL	The Atlas of Finnish Fungi
sikurirousku (fi) — Lactarius camphoratus	sikurirousku (fi)		2024-09-03	Oulu	Oulun Pohjanmaa (OP)	Suomi	65.1	25.5		COMMUNITY_VERIFIED	iNaturalist Suomi Finland
sikurirousku (fi) — Lactarius camphoratus	sikurirousku (fi)		2024-09-03	Janakkala	Etelä-Häme (EH)	Suomi	60.84699	24.61793		COMMUNITY_VERIFIED	iNaturalist Suomi Finland
sikurirousku (fi) — Lactarius camphoratus	sikurirousku (fi)		2024-09-02	Toivakka	Pohjois-Häme (PH)	Suomi	62.07369	26.147804	Sure	NEUTRAL	Notebook, general observations
sikurirousku (fi) — Lactarius camphoratus	sikurirousku (fi)		2024-09-02	Inkoo	Uusimaa (U)	Suomi	60.07061	23.85756		COMMUNITY_VERIFIED	iNaturalist Suomi Finland
sikurirousku (fi) — Lactarius camphoratus	sikurirousku (fi)		2024-09-01	Kitee	Pohjois-Karjala (PK)	Suomi	62.207858	29.424225	Sure	NEUTRAL	The Atlas of Finnish Fungi
sikurirousku (fi) — Lactarius camphoratus	sikurirousku (fi)		2024-09-01	Kitee	Pohjois-Karjala (PK)	Suomi	62.213126	29.443652	Sure	NEUTRAL	The Atlas of Finnish Fungi
sikurirousku (fi) — Lactarius camphoratus	sikurirousku (fi)		2024-09-01	Espoo	Uusimaa (U)	Suomi	60.331885	24.697	Sure	NEUTRAL	The Atlas of Finnish Fungi
sikurirousku (fi) — Lactarius camphoratus	sikurirousku (fi)	useita	2024-08-31	Mustasaari	Etelä-Pohjanmaa (EP)	Suomi	63.274524	21.617422	Sure	NEUTRAL	The Atlas of Finnish Fungi
sikurirousku (fi) — Lactarius camphoratus	sikurirousku (fi)	15	2024-08-29	Oulu	Oulun Pohjanmaa (OP)	Suomi	65.09938	25.45294	Sure	NEUTRAL	The Atlas of Finnish Fungi
sikurirousku (fi) — Lactarius camphoratus	sikurirousku (fi)	useita	2024-08-29	Paltamo	Kainuu (Kn)	Suomi	64.450156	27.559799	Sure	NEUTRAL	The Atlas of Finnish Fungi
sikurirousku (fi) — Lactarius camphoratus	sikurirousku (fi)	useita	2024-08-29	Paltamo	Kainuu (Kn)	Suomi	64.452995	27.562826	Sure	NEUTRAL	The Atlas of Finnish Fungi
sikurirousku (fi) — Lactarius camphoratus	sikurirousku (fi)		2024-08-29	Maalahti	Etelä-Pohjanmaa (EP)	Suomi	62.938694	21.597969	Sure	NEUTRAL	The Atlas of Finnish Fungi
sikurirousku (fi) — Lactarius camphoratus	sikurirousku (fi)		2024-08-28	Vaasa	Etelä-Pohjanmaa (EP)	Suomi	63.035644	21.604711	Sure	NEUTRAL	The Atlas of Finnish Fungi
sikurirousku (fi) — Lactarius camphoratus	sikurirousku (fi)		2024-08-28	Mustasaari	Etelä-Pohjanmaa (EP)	Suomi	63.034647	21.605936	Sure	NEUTRAL	The Atlas of Finnish Fungi
sikurirousku (fi) — Lactarius camphoratus	sikurirousku (fi)		2024-08-28	Vaasa	Etelä-Pohjanmaa (EP)	Suomi	63.037347	21.600897	Sure	NEUTRAL	The Atlas of Finnish Fungi
sikurirousku (fi) — Lactarius camphoratus	sikurirousku (fi)		2024-08-28	Kihniö	Satakunta (St)	Suomi	62.1267	23.29932		NEUTRAL	iNaturalist Suomi Finland
sikurirousku (fi) — Lactarius camphoratus	sikurirousku (fi)		2024-08-27	Oulu	Oulun Pohjanmaa (OP)	Suomi	64.9989	25.5044		NEUTRAL	iNaturalist Suomi Finland
sikurirousku (fi) — Lactarius camphoratus	sikurirousku (fi)		2024-08-26	Vaasa	Etelä-Pohjanmaa (EP)	Suomi	63.056075	21.585969	Sure	NEUTRAL	The Atlas of Finnish Fungi
sikurirousku (fi) — Lactarius camphoratus	sikurirousku (fi)		2024-08-26	Vaasa	Etelä-Pohjanmaa (EP)	Suomi	63.054753	21.576686	Sure	NEUTRAL	The Atlas of Finnish Fungi
sikurirousku (fi) — Lactarius camphoratus	sikurirousku (fi)		2024-08-25	Vaasa	Etelä-Pohjanmaa (EP)	Suomi	63.084603	21.778572	Sure	NEUTRAL	The Atlas of Finnish Fungi
sikurirousku (fi) — Lactarius camphoratus	sikurirousku (fi)		2024-08-25	Espoo	Uusimaa (U)	Suomi	60.35278	24.63489		NEUTRAL	iNaturalist Suomi Finland
sikurirousku (fi) — Lactarius camphoratus	sikurirousku (fi)		2024-08-25	Hausjärvi	Etelä-Häme (EH)	Suomi	60.78647	25.02709		NEUTRAL	iNaturalist Suomi Finland
sikurirousku (fi) — Lactarius camphoratus	sikurirousku (fi)		2024-08-24	Sipoo	Uusimaa (U)	Suomi	60.30725	25.22191		NEUTRAL	iNaturalist Suomi Finland
sikurirousku (fi) — Lactarius camphoratus	sikurirousku (fi)		2024-08-24	Savitaipale	Etelä-Savo (ES)	Suomi	61.22256	27.42149		COMMUNITY_VERIFIED	iNaturalist Suomi Finland
sikurirousku (fi) — Lactarius camphoratus	sikurirousku (fi)		2024-08-23	Parikkala	Laatokan Karjala (LK)	Suomi	61.589873	29.359994	Sure	NEUTRAL	Notebook, general observations
sikurirousku (fi) — Lactarius camphoratus	sikurirousku (fi)		2024-08-23	Parikkala	Laatokan Karjala (LK)	Suomi	61.572805	29.332777	Sure	NEUTRAL	Notebook, general observations
sikurirousku (fi) — Lactarius camphoratus	sikurirousku (fi)	yksitellen	2024-08-23 - 2024-10-25	Loviisa	Uusimaa (U)	Suomi	60.445995	26.137225	Sure	NEUTRAL	The Atlas of Finnish Fungi
sikurirousku (fi) — Lactarius camphoratus	sikurirousku (fi)		2024-08-23	Vaasa	Etelä-Pohjanmaa (EP)	Suomi	63.036822	21.554592	Sure	NEUTRAL	The Atlas of Finnish Fungi
sikurirousku (fi) — Lactarius camphoratus	sikurirousku (fi)		2024-08-22	Luumäki	Etelä-Savo (ES)	Suomi	60.921988	27.351951	Sure	NEUTRAL	Notebook, general observations
sikurirousku (fi) — Lactarius camphoratus	sikurirousku (fi)		2024-08-22	Kitee	Pohjois-Karjala (PK)	Suomi	61.976502	30.092881	Sure	NEUTRAL	The Atlas of Finnish Fungi
sikurirousku (fi) — Lactarius camphoratus	sikurirousku (fi)		2024-08-21	Mustasaari	Etelä-Pohjanmaa (EP)	Suomi	63.031792	21.606397	Sure	NEUTRAL	The Atlas of Finnish Fungi
sikurirousku (fi) — Lactarius camphoratus	sikurirousku (fi)		2024-08-21	Porvoo	Uusimaa (U)	Suomi	60.276878	25.747156	Sure	NEUTRAL	The Atlas of Finnish Fungi
sikurirousku (fi) — Lactarius camphoratus	sikurirousku (fi)		2024-08-21	Lieto	Varsinais-Suomi (V)	Suomi	60.50487	22.45022		NEUTRAL	iNaturalist Suomi Finland
sikurirousku (fi) — Lactarius camphoratus	sikurirousku (fi)		2024-08-21 [15:24-17:10]	Helsinki	Uusimaa (U)	Suomi	60.211012	25.023276	Sure	NEUTRAL	The Atlas of Finnish Fungi
sikurirousku (fi) — Lactarius camphoratus	sikurirousku (fi)		2024-08-20 [18:15-20:04]	Salo	Varsinais-Suomi (V)	Suomi	60.473477	23.088478	Sure	NEUTRAL	The Atlas of Finnish Fungi
sikurirousku (fi) — Lactarius camphoratus	sikurirousku (fi)		2024-08-20	Turku	Varsinais-Suomi (V)	Suomi	60.392	22.24581		NEUTRAL	iNaturalist Suomi Finland
sikurirousku (fi) — Lactarius camphoratus	sikurirousku (fi)		2024-08-20	Pieksämäki	Pohjois-Savo (PS)	Suomi	62.36365	27.68085		NEUTRAL	iNaturalist Suomi Finland
sikurirousku (fi) — Lactarius camphoratus	sikurirousku (fi)	useita	2024-08-20	Kuopio	Pohjois-Savo (PS)	Suomi	62.902939	27.583645	Sure	NEUTRAL	The Atlas of Finnish Fungi
sikurirousku (fi) — Lactarius camphoratus	sikurirousku (fi)		2024-08-20	Mustasaari	Etelä-Pohjanmaa (EP)	Suomi	63.036847	21.630644	Sure	NEUTRAL	The Atlas of Finnish Fungi
sikurirousku (fi) — Lactarius camphoratus	sikurirousku (fi)		2024-08-19	Vaasa	Etelä-Pohjanmaa (EP)	Suomi	63.036297	21.598792	Sure	NEUTRAL	The Atlas of Finnish Fungi
sikurirousku (fi) — Lactarius camphoratus	sikurirousku (fi)		2024-08-18	Tammela	Etelä-Häme (EH)	Suomi	60.73655	23.57832		COMMUNITY_VERIFIED	iNaturalist Suomi Finland
sikurirousku (fi) — Lactarius camphoratus	sikurirousku (fi)	X	2024-08-18 [10:08-11:46]	Hausjärvi	Etelä-Häme (EH)	Suomi	60.733816	24.866093	Sure	NEUTRAL	Noteworthy macrofungi - complete lists
sikurirousku (fi) — Lactarius camphoratus	sikurirousku (fi)	X	2024-08-18 [14:41-14:47]	Sysmä	Etelä-Häme (EH)	Suomi	61.497026	25.666124	Sure	NEUTRAL	Noteworthy macrofungi - complete lists
sikurirousku (fi) — Lactarius camphoratus	sikurirousku (fi)		2024-08-17	Somero	Etelä-Häme (EH)	Suomi	60.50348	23.71649		NEUTRAL	iNaturalist Suomi Finland
sikurirousku (fi) — Lactarius camphoratus	sikurirousku (fi)	Useita kymmeniä	2024-08-17	Heinola	Etelä-Häme (EH)	Suomi	61.197317	26.081054	Sure	NEUTRAL	The Atlas of Finnish Fungi
sikurirousku (fi) — Lactarius camphoratus	sikurirousku (fi)	X	2024-08-17 [11:31-14:19]	Sysmä	Etelä-Häme (EH)	Suomi	61.533615	25.670302	Sure	NEUTRAL	Noteworthy macrofungi - complete lists
sikurirousku (fi) — Lactarius camphoratus	sikurirousku (fi)		2024-08-16 [10:38-21:37]	Kaarina, Lieto, Turku	Varsinais-Suomi (V)	Suomi	60.464887	22.359238	Sure	NEUTRAL	The Atlas of Finnish Fungi
sikurirousku (fi) — Lactarius camphoratus	sikurirousku (fi)		2024-08-15	Vaasa	Etelä-Pohjanmaa (EP)	Suomi	63.033206	21.593072	Sure	NEUTRAL	The Atlas of Finnish Fungi
sikurirousku (fi) — Lactarius camphoratus	sikurirousku (fi)	X	2024-08-14 [16:00-19:33]	Toivakka	Pohjois-Häme (PH)	Suomi	62.163555	26.262885	Sure	NEUTRAL	Noteworthy macrofungi - complete lists
sikurirousku (fi) — Lactarius camphoratus	sikurirousku (fi)		2024-08-13	Vaasa	Etelä-Pohjanmaa (EP)	Suomi	63.038972	21.592344	Sure	NEUTRAL	The Atlas of Finnish Fungi
sikurirousku (fi) — Lactarius camphoratus	sikurirousku (fi)		2024-08-13	Vaasa	Etelä-Pohjanmaa (EP)	Suomi	63.034436	21.590486	Sure	NEUTRAL	The Atlas of Finnish Fungi
sikurirousku (fi) — Lactarius camphoratus	sikurirousku (fi)		2024-08-13	Vaasa	Etelä-Pohjanmaa (EP)	Suomi	63.036022	21.592772	Sure	NEUTRAL	The Atlas of Finnish Fungi
sikurirousku (fi) — Lactarius camphoratus	sikurirousku (fi)	X	2024-08-13 [17:26-18:15]	Raasepori	Varsinais-Suomi (V)	Suomi	60.042217	23.709728	Sure	NEUTRAL	Noteworthy macrofungi - complete lists
sikurirousku (fi) — Lactarius camphoratus	sikurirousku (fi)		2024-08-12	Maalahti	Etelä-Pohjanmaa (EP)	Suomi	62.974847	21.500128	Sure	NEUTRAL	The Atlas of Finnish Fungi
sikurirousku (fi) — Lactarius camphoratus	sikurirousku (fi)		2024-08-12	Kitee	Pohjois-Karjala (PK)	Suomi	61.94534	30.23222		COMMUNITY_VERIFIED	iNaturalist Suomi Finland
sikurirousku (fi) — Lactarius camphoratus	sikurirousku (fi)		2024-08-11	Vihti	Varsinais-Suomi (V)	Suomi	60.527202	24.550416	Sure	NEUTRAL	The Atlas of Finnish Fungi
sikurirousku (fi) — Lactarius camphoratus	sikurirousku (fi)		2024-08-11	Kitee	Pohjois-Karjala (PK)	Suomi	61.93695	30.18577		COMMUNITY_VERIFIED	iNaturalist Suomi Finland
sikurirousku (fi) — Lactarius camphoratus	sikurirousku (fi)	muutama	2024-08-10	Kustavi	Varsinais-Suomi (V)	Suomi	60.589837	21.388339	Sure	NEUTRAL	The Atlas of Finnish Fungi
sikurirousku (fi) — Lactarius camphoratus	sikurirousku (fi)		2024-08-09	Porvoo	Uusimaa (U)	Suomi	60.37938	25.7208		NEUTRAL	iNaturalist Suomi Finland
sikurirousku (fi) — Lactarius camphoratus	sikurirousku (fi)		2024-08-08	Vaasa	Etelä-Pohjanmaa (EP)	Suomi	63.056394	21.694	Sure	NEUTRAL	The Atlas of Finnish Fungi
sikurirousku (fi) — Lactarius camphoratus	sikurirousku (fi)		2024-08-07	Vaasa	Etelä-Pohjanmaa (EP)	Suomi	63.032739	21.574731	Sure	NEUTRAL	The Atlas of Finnish Fungi
sikurirousku (fi) — Lactarius camphoratus	sikurirousku (fi)		2024-08-07	Sastamala	Satakunta (St)	Suomi	61.31606	23.09151		COMMUNITY_VERIFIED	iNaturalist Suomi Finland
sikurirousku (fi) — Lactarius camphoratus	sikurirousku (fi)		2024-08-07	Alavus	Etelä-Pohjanmaa (EP)	Suomi	62.62743	23.8123		NEUTRAL	iNaturalist Suomi Finland
sikurirousku (fi) — Lactarius camphoratus	sikurirousku (fi)		2024-08-06	Vaasa	Etelä-Pohjanmaa (EP)	Suomi	63.040178	21.584775	Sure	NEUTRAL	The Atlas of Finnish Fungi
sikurirousku (fi) — Lactarius camphoratus	sikurirousku (fi)		2024-08-06	Vaasa	Etelä-Pohjanmaa (EP)	Suomi	63.041153	21.577906	Sure	NEUTRAL	The Atlas of Finnish Fungi
sikurirousku (fi) — Lactarius camphoratus	sikurirousku (fi)	Siellä täällä havaintoalueella	2024-08-06 - 2024-08-12	Espoo	Uusimaa (U)	Suomi	60.32823	24.657203	Sure	NEUTRAL	The Atlas of Finnish Fungi
sikurirousku (fi) — Lactarius camphoratus	sikurirousku (fi)		2024-08-06 [16:28-20:31]	Salo	Varsinais-Suomi (V)	Suomi	60.335935	23.203204	Sure	NEUTRAL	The Atlas of Finnish Fungi
sikurirousku (fi) — Lactarius camphoratus	sikurirousku (fi)		2024-08-06	Oulu	Oulun Pohjanmaa (OP)	Suomi	65.01603	25.59828		NEUTRAL	iNaturalist Suomi Finland
sikurirousku (fi) — Lactarius camphoratus	sikurirousku (fi)		2024-08-05	Mustasaari	Etelä-Pohjanmaa (EP)	Suomi	63.030244	21.707614	Sure	NEUTRAL	The Atlas of Finnish Fungi
sikurirousku (fi) — Lactarius camphoratus	sikurirousku (fi)		2024-08-05	Mustasaari	Etelä-Pohjanmaa (EP)	Suomi	63.028814	21.707811	Sure	NEUTRAL	The Atlas of Finnish Fungi
sikurirousku (fi) — Lactarius camphoratus	sikurirousku (fi)	yleinen	2024-08-04 - 2024-09-03	Kotka	Etelä-Karjala (EK)	Suomi	60.513081	26.873121	Sure	NEUTRAL	The Atlas of Finnish Fungi
sikurirousku (fi) — Lactarius camphoratus	sikurirousku (fi)	X	2024-08-04 [19:59-21:08]	Kangasniemi	Etelä-Savo (ES)	Suomi	62.030502	26.767043	Sure	NEUTRAL	Noteworthy macrofungi - complete lists
sikurirousku (fi) — Lactarius camphoratus	sikurirousku (fi)		2024-08-03	Mustasaari	Etelä-Pohjanmaa (EP)	Suomi	63.037606	21.613008	Sure	NEUTRAL	The Atlas of Finnish Fungi
sikurirousku (fi) — Lactarius camphoratus	sikurirousku (fi)		2024-08-03 [16:51]	Jyväskylä	Pohjois-Häme (PH)	Suomi	62.222541	25.749865	Sure	NEUTRAL	The Atlas of Finnish Fungi
sikurirousku (fi) — Lactarius camphoratus	sikurirousku (fi)		2024-08-03 [17:17]	Jyväskylä	Pohjois-Häme (PH)	Suomi	62.22444	25.753694	Sure	NEUTRAL	The Atlas of Finnish Fungi
sikurirousku (fi) — Lactarius camphoratus	sikurirousku (fi)		2024-08-03	Vesilahti	Etelä-Häme (EH)	Suomi	61.313442	23.396473	Sure	NEUTRAL	The Atlas of Finnish Fungi
sikurirousku (fi) — Lactarius camphoratus	sikurirousku (fi)	useita	2024-08-02 - 2024-09-01	Kirkkonummi	Uusimaa (U)	Suomi	60.168109	24.400202	Sure	NEUTRAL	The Atlas of Finnish Fungi
sikurirousku (fi) — Lactarius camphoratus	sikurirousku (fi)	2	2024-08-02	Ruokolahti	Etelä-Savo (ES)	Suomi	61.309126	28.811849	Sure	NEUTRAL	The Atlas of Finnish Fungi
sikurirousku (fi) — Lactarius camphoratus	sikurirousku (fi)	yksitellen	2024-08-02	Kirkkonummi	Uusimaa (U)	Suomi	60.257884	24.424577	Sure	NEUTRAL	The Atlas of Finnish Fungi
sikurirousku (fi) — Lactarius camphoratus	sikurirousku (fi)		2024-08-02 [18:09-20:27]	Salo	Varsinais-Suomi (V)	Suomi	60.473089	23.088215	Sure	NEUTRAL	The Atlas of Finnish Fungi
sikurirousku (fi) — Lactarius camphoratus	sikurirousku (fi)		2024-07-31	Porvoo	Uusimaa (U)	Suomi	60.274685	25.79507	Sure	NEUTRAL	The Atlas of Finnish Fungi
sikurirousku (fi) — Lactarius camphoratus	sikurirousku (fi)		2024-07-31	Mustasaari	Etelä-Pohjanmaa (EP)	Suomi	63.036031	21.613006	Sure	NEUTRAL	The Atlas of Finnish Fungi
sikurirousku (fi) — Lactarius camphoratus	sikurirousku (fi)		2024-07-30	Mustasaari	Etelä-Pohjanmaa (EP)	Suomi	63.29674	21.74184		COMMUNITY_VERIFIED	iNaturalist Suomi Finland
sikurirousku (fi) — Lactarius camphoratus	sikurirousku (fi)		2024-07-30	Kirkkonummi	Uusimaa (U)	Suomi	59.97748	24.40096		COMMUNITY_VERIFIED	iNaturalist Suomi Finland
sikurirousku (fi) — Lactarius camphoratus	sikurirousku (fi)		2024-07-30	Kitee	Pohjois-Karjala (PK)	Suomi	61.975738	29.721859	Sure	NEUTRAL	The Atlas of Finnish Fungi
sikurirousku (fi) — Lactarius camphoratus	sikurirousku (fi)		2024-07-29	Kirkkonummi	Uusimaa (U)	Suomi	60.25331	24.42907		NEUTRAL	iNaturalist Suomi Finland
sikurirousku (fi) — Lactarius camphoratus	sikurirousku (fi)	8	2024-07-28 [15:00-18:00]	Tampere	Etelä-Häme (EH)	Suomi	61.508977	23.790123	Sure	NEUTRAL	Notebook, general observations
sikurirousku (fi) — Lactarius camphoratus	sikurirousku (fi)	yleinen	2024-07-27 - 2024-08-29	Loviisa	Uusimaa (U)	Suomi	60.517612	26.439743	Sure	NEUTRAL	The Atlas of Finnish Fungi
sikurirousku (fi) — Lactarius camphoratus	sikurirousku (fi)		2024-07-27	Vaasa	Etelä-Pohjanmaa (EP)	Suomi	63.052969	21.605344	Sure	NEUTRAL	The Atlas of Finnish Fungi
sikurirousku (fi) — Lactarius camphoratus	sikurirousku (fi)		2024-07-27 [19:00-22:56]	Kirkkonummi	Uusimaa (U)	Suomi	60.147429	24.366352	Sure	NEUTRAL	Notebook, general observations
sikurirousku (fi) — Lactarius camphoratus	sikurirousku (fi)		2024-07-26	Huittinen, Humppila, Loimaa, Punkalaidun, Sastamala	Etelä-Häme (EH), Satakunta (St)	Suomi	61.1	23.1		COMMUNITY_VERIFIED	iNaturalist Suomi Finland
sikurirousku (fi) — Lactarius camphoratus	sikurirousku (fi)		2024-07-26	Järvenpää	Uusimaa (U)	Suomi	60.49486	25.11255		NEUTRAL	iNaturalist Suomi Finland
sikurirousku (fi) — Lactarius camphoratus	sikurirousku (fi)		2024-07-25	Isojoki	Etelä-Pohjanmaa (EP)	Suomi	62.09077	21.9225		NEUTRAL	iNaturalist Suomi Finland
sikurirousku (fi) — Lactarius camphoratus	sikurirousku (fi)		2024-07-24	Vaasa	Etelä-Pohjanmaa (EP)	Suomi	63.040781	21.593186	Sure	NEUTRAL	The Atlas of Finnish Fungi
sikurirousku (fi) — Lactarius camphoratus	sikurirousku (fi)		2024-07-22	Hyvinkää	Uusimaa (U)	Suomi	60.540864	24.684243	Sure	NEUTRAL	The Atlas of Finnish Fungi
sikurirousku (fi) — Lactarius camphoratus	sikurirousku (fi)		2024-07-22	Vaasa	Etelä-Pohjanmaa (EP)	Suomi	63.042258	21.5966	Sure	NEUTRAL	The Atlas of Finnish Fungi
sikurirousku (fi) — Lactarius camphoratus	sikurirousku (fi)	yksitellen	2024-07-22	Lapinjärvi, Loviisa	Uusimaa (U)	Suomi	60.626258	26.342776	Sure	NEUTRAL	The Atlas of Finnish Fungi
sikurirousku (fi) — Lactarius camphoratus	sikurirousku (fi)	ylainen	2024-07-20	Lapinjärvi, Loviisa	Uusimaa (U)	Suomi	60.544066	26.322443	Sure	NEUTRAL	The Atlas of Finnish Fungi
sikurirousku (fi) — Lactarius camphoratus	sikurirousku (fi)		2024-07-20	Savitaipale	Etelä-Savo (ES)	Suomi	61.06163	27.58475		NEUTRAL	iNaturalist Suomi Finland
sikurirousku (fi) — Lactarius camphoratus	sikurirousku (fi)	X	2024-07-19 [13:09-14:00]	Espoo	Uusimaa (U)	Suomi	60.213909	24.594201	Sure	NEUTRAL	Noteworthy macrofungi - complete lists
sikurirousku (fi) — Lactarius camphoratus	sikurirousku (fi)	n. 10.	2024-07-18	Jyväskylä	Pohjois-Häme (PH)	Suomi	62.315019	25.641697	Sure	NEUTRAL	The Atlas of Finnish Fungi
sikurirousku (fi) — Lactarius camphoratus	sikurirousku (fi)		2024-07-16	Raasepori, Salo	Uusimaa (U), Varsinais-Suomi (V)	Suomi	60.1	23.5		NEUTRAL	iNaturalist Suomi Finland
sikurirousku (fi) — Lactarius camphoratus	sikurirousku (fi)		2024-07-16	Joensuu	Pohjois-Karjala (PK)	Suomi	62.89873	29.97978		NEUTRAL	iNaturalist Suomi Finland
sikurirousku (fi) — Lactarius camphoratus	sikurirousku (fi)		2024-07-13	Kuhmoinen	Etelä-Häme (EH)	Suomi	61.63326	24.96769		NEUTRAL	iNaturalist Suomi Finland
sikurirousku (fi) — Lactarius camphoratus	sikurirousku (fi)		2024-07-08	Sulkava	Etelä-Savo (ES)	Suomi	61.71645	28.33353		NEUTRAL	iNaturalist Suomi Finland
sikurirousku (fi) — Lactarius camphoratus	sikurirousku (fi)		2024-07-08	Sulkava	Etelä-Savo (ES)	Suomi	61.71645	28.33353		NEUTRAL	iNaturalist Suomi Finland
sikurirousku (fi) — Lactarius camphoratus	sikurirousku (fi)		2024-07-08	Sulkava	Etelä-Savo (ES)	Suomi	61.71717	28.33431		NEUTRAL	iNaturalist Suomi Finland
sikurirousku (fi) — Lactarius camphoratus	sikurirousku (fi)		2024-06-14	Järvenpää	Uusimaa (U)	Suomi	60.47847	25.11219		NEUTRAL	iNaturalist Suomi Finland
sikurirousku (fi) — Lactarius camphoratus	sikurirousku (fi)	yksitellen	2024-04-29	Loviisa	Uusimaa (U)	Suomi	60.527788	26.009483	Sure	NEUTRAL	The Atlas of Finnish Fungi
sikurirousku (fi) — Lactarius camphoratus	sikurirousku (fi)		2023-10-13	Helsinki	Uusimaa (U)	Suomi	60.192469	25.099991	Sure	NEUTRAL	Species Observations from Helsinki Nature Surveys
sikurirousku (fi) — Lactarius camphoratus	sikurirousku (fi)	10	2023-10-13	Porvoo	Uusimaa (U)	Suomi	60.366871	25.702719	Sure	NEUTRAL	The Atlas of Finnish Fungi
sikurirousku (fi) — Lactarius camphoratus	sikurirousku (fi)		2023-10-10	Rääkkylä	Pohjois-Karjala (PK)	Suomi	62.313316	29.503582	Sure	NEUTRAL	Notebook, general observations
sikurirousku (fi) — Lactarius camphoratus	sikurirousku (fi)		2023-10-08	Helsinki	Uusimaa (U)	Suomi	60.27626	25.211703	Sure	NEUTRAL	The Atlas of Finnish Fungi
sikurirousku (fi) — Lactarius camphoratus	sikurirousku (fi)		2023-10-08 [15:52]	Tampere	Etelä-Häme (EH)	Suomi	61.459609	23.831348	Sure	NEUTRAL	The Atlas of Finnish Fungi
sikurirousku (fi) — Lactarius camphoratus	sikurirousku (fi)	X	2023-10-08 [13:28-15:33]	Vantaa	Uusimaa (U)	Suomi	60.305284	25.1497	Sure	NEUTRAL	Noteworthy macrofungi - complete lists
sikurirousku (fi) — Lactarius camphoratus	sikurirousku (fi)		2023-10-05	Siuntio	Uusimaa (U)	Suomi	60.10681	24.28956		NEUTRAL	iNaturalist Suomi Finland
sikurirousku (fi) — Lactarius camphoratus	sikurirousku (fi)	X	2023-10-01 [10:18-11:51]	Raasepori	Varsinais-Suomi (V)	Suomi	60.038236	23.72329	Sure	NEUTRAL	Noteworthy macrofungi - complete lists
sikurirousku (fi) — Lactarius camphoratus	sikurirousku (fi)		2023-09-30	Vehmaa	Varsinais-Suomi (V)	Suomi	60.74542	21.75615		NEUTRAL	iNaturalist Suomi Finland
sikurirousku (fi) — Lactarius camphoratus	sikurirousku (fi)		2023-09-30	Aura, Lieto, Loimaa, Pöytyä	Satakunta (St), Varsinais-Suomi (V)	Suomi	60.7	22.7		NEUTRAL	iNaturalist Suomi Finland
sikurirousku (fi) — Lactarius camphoratus	sikurirousku (fi)		2023-09-30	Hollola	Etelä-Häme (EH)	Suomi	61.00804	25.53115		COMMUNITY_VERIFIED	iNaturalist Suomi Finland
sikurirousku (fi) — Lactarius camphoratus	sikurirousku (fi)		2023-09-29	Mustasaari	Etelä-Pohjanmaa (EP)	Suomi	63.033397	21.620219	Sure	NEUTRAL	The Atlas of Finnish Fungi
sikurirousku (fi) — Lactarius camphoratus	sikurirousku (fi)		2023-09-29	Mustasaari	Etelä-Pohjanmaa (EP)	Suomi	63.032289	21.612836	Sure	NEUTRAL	The Atlas of Finnish Fungi
sikurirousku (fi) — Lactarius camphoratus	sikurirousku (fi)		2023-09-29	Mustasaari	Etelä-Pohjanmaa (EP)	Suomi	63.033503	21.603767	Sure	NEUTRAL	The Atlas of Finnish Fungi
sikurirousku (fi) — Lactarius camphoratus	sikurirousku (fi)		2023-09-29	Vaasa	Etelä-Pohjanmaa (EP)	Suomi	63.034014	21.600078	Sure	NEUTRAL	The Atlas of Finnish Fungi
sikurirousku (fi) — Lactarius camphoratus	sikurirousku (fi)		2023-09-29	Vaasa	Etelä-Pohjanmaa (EP)	Suomi	63.038656	21.605736	Sure	NEUTRAL	The Atlas of Finnish Fungi
sikurirousku (fi) — Lactarius camphoratus	sikurirousku (fi)		2023-09-29	Mustasaari	Etelä-Pohjanmaa (EP)	Suomi	63.039203	21.623472	Sure	NEUTRAL	The Atlas of Finnish Fungi
sikurirousku (fi) — Lactarius camphoratus	sikurirousku (fi)		2023-09-29	Mustasaari	Etelä-Pohjanmaa (EP)	Suomi	63.034367	21.625792	Sure	NEUTRAL	The Atlas of Finnish Fungi
sikurirousku (fi) — Lactarius camphoratus	sikurirousku (fi)	>10	2023-09-29	Vaasa	Etelä-Pohjanmaa (EP)	Suomi	63.066872	21.551417	Sure	NEUTRAL	The Atlas of Finnish Fungi
sikurirousku (fi) — Lactarius camphoratus	sikurirousku (fi)		2023-09-29	Sipoo	Uusimaa (U)	Suomi	60.293477	25.419222		NEUTRAL	Agaricales Fennoscandiae orientalis
sikurirousku (fi) — Lactarius camphoratus	sikurirousku (fi)	X	2023-09-28 [17:59-18:40]	Inkoo, Raasepori	Uusimaa (U), Varsinais-Suomi (V)	Suomi	60.055086	23.675094	Sure	NEUTRAL	Noteworthy macrofungi - complete lists
sikurirousku (fi) — Lactarius camphoratus	sikurirousku (fi)	X	2023-09-27 [9:46-11:31]	Espoo, Vihti	Uusimaa (U), Varsinais-Suomi (V)	Suomi	60.32343	24.525371	Sure	NEUTRAL	Noteworthy macrofungi - complete lists
sikurirousku (fi) — Lactarius camphoratus	sikurirousku (fi)	X	2023-09-27 [12:18-13:11]	Espoo, Vihti	Uusimaa (U), Varsinais-Suomi (V)	Suomi	60.320566	24.530471	Sure	NEUTRAL	Noteworthy macrofungi - complete lists
sikurirousku (fi) — Lactarius camphoratus	sikurirousku (fi)		2023-09-25	Loviisa	Uusimaa (U)	Suomi	60.39833	26.24031		NEUTRAL	iNaturalist Suomi Finland
sikurirousku (fi) — Lactarius camphoratus	sikurirousku (fi)		2023-09-25	Turku	Varsinais-Suomi (V)	Suomi	60.54051	22.31682		NEUTRAL	iNaturalist Suomi Finland
sikurirousku (fi) — Lactarius camphoratus	sikurirousku (fi)		2023-09-24	Helsinki	Uusimaa (U)	Suomi	60.192467	25.097113	Sure	NEUTRAL	Species Observations from Helsinki Nature Surveys
sikurirousku (fi) — Lactarius camphoratus	sikurirousku (fi)	X	2023-09-24 [15:32-16:36]	Vihti	Varsinais-Suomi (V)	Suomi	60.4369	24.31486	Sure	NEUTRAL	Noteworthy macrofungi - complete lists
sikurirousku (fi) — Lactarius camphoratus	sikurirousku (fi)		2023-09-24	Tuusula	Uusimaa (U)	Suomi	60.357813	25.022151	Sure	NEUTRAL	The Atlas of Finnish Fungi
sikurirousku (fi) — Lactarius camphoratus	sikurirousku (fi)		2023-09-24	Hyvinkää	Uusimaa (U)	Suomi	60.64577	24.75072		COMMUNITY_VERIFIED	iNaturalist Suomi Finland
sikurirousku (fi) — Lactarius camphoratus	sikurirousku (fi)	runsaasti	2023-09-24	Närpiö	Etelä-Pohjanmaa (EP)	Suomi	62.3751	21.435092	Sure	NEUTRAL	The Atlas of Finnish Fungi
sikurirousku (fi) — Lactarius camphoratus	sikurirousku (fi)		2023-09-23 [16:43]	Tampere	Etelä-Häme (EH)	Suomi	61.463601	23.803527	Sure	NEUTRAL	The Atlas of Finnish Fungi
sikurirousku (fi) — Lactarius camphoratus	sikurirousku (fi)		2023-09-23	Lieto	Varsinais-Suomi (V)	Suomi	60.507572	22.408956	Sure	NEUTRAL	The Atlas of Finnish Fungi
sikurirousku (fi) — Lactarius camphoratus	sikurirousku (fi)		2023-09-23	Lieto	Varsinais-Suomi (V)	Suomi	60.510836	22.410778	Sure	NEUTRAL	The Atlas of Finnish Fungi
sikurirousku (fi) — Lactarius camphoratus	sikurirousku (fi)		2023-09-23	Lieto	Varsinais-Suomi (V)	Suomi	60.510939	22.409233	Sure	NEUTRAL	The Atlas of Finnish Fungi
sikurirousku (fi) — Lactarius camphoratus	sikurirousku (fi)	X	2023-09-22 [17:45-19:02]	Inkoo, Raasepori	Uusimaa (U), Varsinais-Suomi (V)	Suomi	60.055086	23.675094	Sure	NEUTRAL	Noteworthy macrofungi - complete lists
sikurirousku (fi) — Lactarius camphoratus	sikurirousku (fi)	Paljon, kuvassa 3	2023-09-21	Loppi	Etelä-Häme (EH)	Suomi	60.675367	24.411321	Sure	NEUTRAL	The Atlas of Finnish Fungi
sikurirousku (fi) — Lactarius camphoratus	sikurirousku (fi)		2023-09-21	Helsinki	Uusimaa (U)	Suomi	60.23735	25.14035		NEUTRAL	iNaturalist Suomi Finland
sikurirousku (fi) — Lactarius camphoratus	sikurirousku (fi)		2023-09-20	Inkoo, Lohja, Raasepori, Salo	Uusimaa (U), Varsinais-Suomi (V)	Suomi	60.1	23.7		NEUTRAL	iNaturalist Suomi Finland
sikurirousku (fi) — Lactarius camphoratus	sikurirousku (fi)		2023-09-20	Espoo	Uusimaa (U)	Suomi	60.23761	24.82371		NEUTRAL	iNaturalist Suomi Finland
sikurirousku (fi) — Lactarius camphoratus	sikurirousku (fi)		2023-09-20	Jyväskylä	Pohjois-Häme (PH)	Suomi	62.24206	25.89697		COMMUNITY_VERIFIED	iNaturalist Suomi Finland
sikurirousku (fi) — Lactarius camphoratus	sikurirousku (fi)		2023-09-18	Turku	Varsinais-Suomi (V)	Suomi	60.453792	22.339578	Sure	NEUTRAL	The Atlas of Finnish Fungi
sikurirousku (fi) — Lactarius camphoratus	sikurirousku (fi)		2023-09-18	Turku	Varsinais-Suomi (V)	Suomi	60.456036	22.343083	Sure	NEUTRAL	The Atlas of Finnish Fungi
sikurirousku (fi) — Lactarius camphoratus	sikurirousku (fi)		2023-09-17	Kaarina, Lieto, Masku, Nousiainen, Raisio, Rusko, Turku	Varsinais-Suomi (V)	Suomi	60.5	22.3		NEUTRAL	iNaturalist Suomi Finland
sikurirousku (fi) — Lactarius camphoratus	sikurirousku (fi)		2023-09-17	Parainen	Varsinais-Suomi (V)	Suomi	60.24692	22.29231		NEUTRAL	iNaturalist Suomi Finland
sikurirousku (fi) — Lactarius camphoratus	sikurirousku (fi)		2023-09-17	Kirkkonummi	Uusimaa (U)	Suomi	59.993774	24.437295	Sure	NEUTRAL	Notebook, general observations
sikurirousku (fi) — Lactarius camphoratus	sikurirousku (fi)		2023-09-16	Punkalaidun, Sastamala	Satakunta (St)	Suomi	61.3	23.1		COMMUNITY_VERIFIED	iNaturalist Suomi Finland
sikurirousku (fi) — Lactarius camphoratus	sikurirousku (fi)		2023-09-16 [11:54-13:45]	Espoo	Uusimaa (U)	Suomi	60.164651	24.838131	Sure	NEUTRAL	Notebook, general observations
sikurirousku (fi) — Lactarius camphoratus	sikurirousku (fi)		2023-09-16	Sysmä	Etelä-Häme (EH)	Suomi	61.63849	25.63666		COMMUNITY_VERIFIED	iNaturalist Suomi Finland
sikurirousku (fi) — Lactarius camphoratus	sikurirousku (fi)		2023-09-16	Pietarsaari	Keski-Pohjanmaa (KP)	Suomi	63.698717	22.731993	Sure	NEUTRAL	Notebook, general observations
sikurirousku (fi) — Lactarius camphoratus	sikurirousku (fi)	X	2023-09-16 [16:20-18:41]	Inkoo	Uusimaa (U)	Suomi	60.018451	23.786548	Sure	NEUTRAL	Noteworthy macrofungi - complete lists
sikurirousku (fi) — Lactarius camphoratus	sikurirousku (fi)		2023-09-15	Turku	Varsinais-Suomi (V)	Suomi	60.42809	22.14671		NEUTRAL	iNaturalist Suomi Finland
sikurirousku (fi) — Lactarius camphoratus	sikurirousku (fi)		2023-09-15	Turku	Varsinais-Suomi (V)	Suomi	60.469311	22.331106	Sure	NEUTRAL	The Atlas of Finnish Fungi
sikurirousku (fi) — Lactarius camphoratus	sikurirousku (fi)	X	2023-09-15 [9:28-12:57]	Espoo	Uusimaa (U)	Suomi	60.328297	24.679893	Sure	NEUTRAL	Noteworthy macrofungi - complete lists
sikurirousku (fi) — Lactarius camphoratus	sikurirousku (fi)		2023-09-15	Kirkkonummi	Uusimaa (U)	Suomi	60.16039	24.33902		NEUTRAL	iNaturalist Suomi Finland
sikurirousku (fi) — Lactarius camphoratus	sikurirousku (fi)		2023-09-15	Kirkkonummi	Uusimaa (U)	Suomi	59.989571	24.436611	Sure	NEUTRAL	Notebook, general observations
sikurirousku (fi) — Lactarius camphoratus	sikurirousku (fi)		2023-09-14	Raisio	Varsinais-Suomi (V)	Suomi	60.47599	22.13004		NEUTRAL	iNaturalist Suomi Finland
sikurirousku (fi) — Lactarius camphoratus	sikurirousku (fi)		2023-09-14	Inkoo	Uusimaa (U)	Suomi	60.070232	23.858483	Sure	NEUTRAL	Notebook, general observations
sikurirousku (fi) — Lactarius camphoratus	sikurirousku (fi)		2023-09-13	Helsinki	Uusimaa (U)	Suomi	60.192402	25.097889	Sure	NEUTRAL	Species Observations from Helsinki Nature Surveys
sikurirousku (fi) — Lactarius camphoratus	sikurirousku (fi)	Runsaasti koko rinteen alueella	2023-09-12 [14:57]	Jyväskylä	Pohjois-Häme (PH)	Suomi	62.255615	25.855728	Sure	NEUTRAL	The Atlas of Finnish Fungi
sikurirousku (fi) — Lactarius camphoratus	sikurirousku (fi)		2023-09-12 - 2023-09-14	Espoo	Uusimaa (U)	Suomi	60.334937	24.687604	Sure	NEUTRAL	The Atlas of Finnish Fungi
sikurirousku (fi) — Lactarius camphoratus	sikurirousku (fi)	yleinen	2023-09-11 - 2023-09-12	Tuusula	Uusimaa (U)	Suomi	60.556409	25.032797	Sure	NEUTRAL	The Atlas of Finnish Fungi
sikurirousku (fi) — Lactarius camphoratus	sikurirousku (fi)		2023-09-11	Espoo	Uusimaa (U)	Suomi	60.33369	24.62244		NEUTRAL	iNaturalist Suomi Finland
sikurirousku (fi) — Lactarius camphoratus	sikurirousku (fi)		2023-09-10	Karvia, Parkano	Satakunta (St)	Suomi	62.1	22.9		NEUTRAL	iNaturalist Suomi Finland
sikurirousku (fi) — Lactarius camphoratus	sikurirousku (fi)		2023-09-10	Kuhmoinen	Etelä-Häme (EH)	Suomi	61.707329	25.290841	Sure	NEUTRAL	Notebook, general observations
sikurirousku (fi) — Lactarius camphoratus	sikurirousku (fi)		2023-09-10 [16:00]	Jyväskylä	Pohjois-Häme (PH)	Suomi	62.244875	25.664929	Sure	NEUTRAL	The Atlas of Finnish Fungi
sikurirousku (fi) — Lactarius camphoratus	sikurirousku (fi)		2023-09-10	Pertunmaa	Etelä-Savo (ES)	Suomi	61.41343	26.37426		NEUTRAL	iNaturalist Suomi Finland
sikurirousku (fi) — Lactarius camphoratus	sikurirousku (fi)		2023-09-09	Vaasa	Etelä-Pohjanmaa (EP)	Suomi	63.035953	21.576336	Sure	NEUTRAL	The Atlas of Finnish Fungi
sikurirousku (fi) — Lactarius camphoratus	sikurirousku (fi)		2023-09-09	Vaasa	Etelä-Pohjanmaa (EP)	Suomi	63.034856	21.574589	Sure	NEUTRAL	The Atlas of Finnish Fungi
sikurirousku (fi) — Lactarius camphoratus	sikurirousku (fi)		2023-09-09	Vaasa	Etelä-Pohjanmaa (EP)	Suomi	63.033447	21.573489	Sure	NEUTRAL	The Atlas of Finnish Fungi
sikurirousku (fi) — Lactarius camphoratus	sikurirousku (fi)		2023-09-09	Vaasa	Etelä-Pohjanmaa (EP)	Suomi	63.033478	21.569961	Sure	NEUTRAL	The Atlas of Finnish Fungi
sikurirousku (fi) — Lactarius camphoratus	sikurirousku (fi)		2023-09-09	Vaasa	Etelä-Pohjanmaa (EP)	Suomi	63.037833	21.569758	Sure	NEUTRAL	The Atlas of Finnish Fungi
sikurirousku (fi) — Lactarius camphoratus	sikurirousku (fi)		2023-09-09	Vaasa	Etelä-Pohjanmaa (EP)	Suomi	63.039983	21.576497	Sure	NEUTRAL	The Atlas of Finnish Fungi
sikurirousku (fi) — Lactarius camphoratus	sikurirousku (fi)		2023-09-09	Vaasa	Etelä-Pohjanmaa (EP)	Suomi	63.039014	21.587817	Sure	NEUTRAL	The Atlas of Finnish Fungi
sikurirousku (fi) — Lactarius camphoratus	sikurirousku (fi)		2023-09-09	Vaasa	Etelä-Pohjanmaa (EP)	Suomi	63.040483	21.594939	Sure	NEUTRAL	The Atlas of Finnish Fungi
sikurirousku (fi) — Lactarius camphoratus	sikurirousku (fi)		2023-09-09	Vaasa	Etelä-Pohjanmaa (EP)	Suomi	63.039444	21.589122	Sure	NEUTRAL	The Atlas of Finnish Fungi
sikurirousku (fi) — Lactarius camphoratus	sikurirousku (fi)		2023-09-09	Vaasa	Etelä-Pohjanmaa (EP)	Suomi	63.042161	21.594639	Sure	NEUTRAL	The Atlas of Finnish Fungi
sikurirousku (fi) — Lactarius camphoratus	sikurirousku (fi)		2023-09-09	Vaasa	Etelä-Pohjanmaa (EP)	Suomi	63.038917	21.588642	Sure	NEUTRAL	The Atlas of Finnish Fungi
sikurirousku (fi) — Lactarius camphoratus	sikurirousku (fi)		2023-09-09	Vaasa	Etelä-Pohjanmaa (EP)	Suomi	63.036639	21.581186	Sure	NEUTRAL	The Atlas of Finnish Fungi
sikurirousku (fi) — Lactarius camphoratus	sikurirousku (fi)		2023-09-09	Vantaa	Uusimaa (U)	Suomi	60.299661	24.798275	Sure	NEUTRAL	The Atlas of Finnish Fungi
sikurirousku (fi) — Lactarius camphoratus	sikurirousku (fi)		2023-09-09 [17:36-19:12]	Helsinki	Uusimaa (U)	Suomi	60.194836	25.012363	Sure	NEUTRAL	The Atlas of Finnish Fungi
sikurirousku (fi) — Lactarius camphoratus	sikurirousku (fi)		2023-09-09 [10:21]	Tampere	Etelä-Häme (EH)	Suomi	61.462867	23.812011	Sure	NEUTRAL	The Atlas of Finnish Fungi
sikurirousku (fi) — Lactarius camphoratus	sikurirousku (fi)		2023-09-08	Espoo	Uusimaa (U)	Suomi	60.18467	24.65955		NEUTRAL	iNaturalist Suomi Finland
sikurirousku (fi) — Lactarius camphoratus	sikurirousku (fi)		2023-09-08	Espoo	Uusimaa (U)	Suomi	60.18221	24.66406		COMMUNITY_VERIFIED	iNaturalist Suomi Finland
sikurirousku (fi) — Lactarius camphoratus	sikurirousku (fi)		2023-09-08	Vaasa	Etelä-Pohjanmaa (EP)	Suomi	63.045597	21.604711	Sure	NEUTRAL	The Atlas of Finnish Fungi
sikurirousku (fi) — Lactarius camphoratus	sikurirousku (fi)		2023-09-08	Vaasa	Etelä-Pohjanmaa (EP)	Suomi	63.041392	21.600986	Sure	NEUTRAL	The Atlas of Finnish Fungi
sikurirousku (fi) — Lactarius camphoratus	sikurirousku (fi)		2023-09-08	Vaasa	Etelä-Pohjanmaa (EP)	Suomi	63.040922	21.601331	Sure	NEUTRAL	The Atlas of Finnish Fungi
sikurirousku (fi) — Lactarius camphoratus	sikurirousku (fi)		2023-09-08	Vaasa	Etelä-Pohjanmaa (EP)	Suomi	63.040097	21.601464	Sure	NEUTRAL	The Atlas of Finnish Fungi
sikurirousku (fi) — Lactarius camphoratus	sikurirousku (fi)		2023-09-08	Vaasa	Etelä-Pohjanmaa (EP)	Suomi	63.039761	21.601233	Sure	NEUTRAL	The Atlas of Finnish Fungi
sikurirousku (fi) — Lactarius camphoratus	sikurirousku (fi)		2023-09-08	Vaasa	Etelä-Pohjanmaa (EP)	Suomi	63.038211	21.603269	Sure	NEUTRAL	The Atlas of Finnish Fungi
sikurirousku (fi) — Lactarius camphoratus	sikurirousku (fi)		2023-09-08	Vaasa	Etelä-Pohjanmaa (EP)	Suomi	63.038044	21.603892	Sure	NEUTRAL	The Atlas of Finnish Fungi
sikurirousku (fi) — Lactarius camphoratus	sikurirousku (fi)		2023-09-08	Vaasa	Etelä-Pohjanmaa (EP)	Suomi	63.037889	21.605942	Sure	NEUTRAL	The Atlas of Finnish Fungi
sikurirousku (fi) — Lactarius camphoratus	sikurirousku (fi)		2023-09-08	Mustasaari	Etelä-Pohjanmaa (EP)	Suomi	63.038206	21.610417	Sure	NEUTRAL	The Atlas of Finnish Fungi
sikurirousku (fi) — Lactarius camphoratus	sikurirousku (fi)		2023-09-08	Mustasaari	Etelä-Pohjanmaa (EP)	Suomi	63.040103	21.617328	Sure	NEUTRAL	The Atlas of Finnish Fungi
sikurirousku (fi) — Lactarius camphoratus	sikurirousku (fi)		2023-09-08	Mustasaari	Etelä-Pohjanmaa (EP)	Suomi	63.039597	21.620525	Sure	NEUTRAL	The Atlas of Finnish Fungi
sikurirousku (fi) — Lactarius camphoratus	sikurirousku (fi)		2023-09-08	Mustasaari	Etelä-Pohjanmaa (EP)	Suomi	63.039208	21.621689	Sure	NEUTRAL	The Atlas of Finnish Fungi
sikurirousku (fi) — Lactarius camphoratus	sikurirousku (fi)		2023-09-08	Vaasa	Etelä-Pohjanmaa (EP)	Suomi	63.045619	21.603625	Sure	NEUTRAL	The Atlas of Finnish Fungi
sikurirousku (fi) — Lactarius camphoratus	sikurirousku (fi)		2023-09-08	Mustasaari	Etelä-Pohjanmaa (EP)	Suomi	63.037864	21.625642	Sure	NEUTRAL	The Atlas of Finnish Fungi
sikurirousku (fi) — Lactarius camphoratus	sikurirousku (fi)		2023-09-08	Mustasaari	Etelä-Pohjanmaa (EP)	Suomi	63.036106	21.627217	Sure	NEUTRAL	The Atlas of Finnish Fungi
sikurirousku (fi) — Lactarius camphoratus	sikurirousku (fi)		2023-09-08	Mustasaari	Etelä-Pohjanmaa (EP)	Suomi	63.034911	21.627111	Sure	NEUTRAL	The Atlas of Finnish Fungi
sikurirousku (fi) — Lactarius camphoratus	sikurirousku (fi)		2023-09-08	Mustasaari	Etelä-Pohjanmaa (EP)	Suomi	63.034203	21.626292	Sure	NEUTRAL	The Atlas of Finnish Fungi
sikurirousku (fi) — Lactarius camphoratus	sikurirousku (fi)		2023-09-08	Mustasaari	Etelä-Pohjanmaa (EP)	Suomi	63.033458	21.620592	Sure	NEUTRAL	The Atlas of Finnish Fungi
sikurirousku (fi) — Lactarius camphoratus	sikurirousku (fi)		2023-09-08	Mustasaari	Etelä-Pohjanmaa (EP)	Suomi	63.033903	21.616339	Sure	NEUTRAL	The Atlas of Finnish Fungi
sikurirousku (fi) — Lactarius camphoratus	sikurirousku (fi)		2023-09-08	Mustasaari	Etelä-Pohjanmaa (EP)	Suomi	63.034919	21.613325	Sure	NEUTRAL	The Atlas of Finnish Fungi
sikurirousku (fi) — Lactarius camphoratus	sikurirousku (fi)		2023-09-08	Mustasaari	Etelä-Pohjanmaa (EP)	Suomi	63.035711	21.612819	Sure	NEUTRAL	The Atlas of Finnish Fungi
sikurirousku (fi) — Lactarius camphoratus	sikurirousku (fi)		2023-09-08	Ikaalinen	Satakunta (St)	Suomi	61.790228	23.127381	Sure	NEUTRAL	Notebook, general observations
sikurirousku (fi) — Lactarius camphoratus	sikurirousku (fi)		2023-09-08	Orimattila	Uusimaa (U)	Suomi	60.85292	25.41362		NEUTRAL	iNaturalist Suomi Finland
sikurirousku (fi) — Lactarius camphoratus	sikurirousku (fi)	Yleinen havaintoalueella	2023-09-07 - 2023-09-09	Helsinki, Vantaa	Uusimaa (U)	Suomi	60.274847	25.160767	Sure	NEUTRAL	The Atlas of Finnish Fungi
sikurirousku (fi) — Lactarius camphoratus	sikurirousku (fi)	aivan valtavasti	2023-09-07	Jämijärvi	Satakunta (St)	Suomi	61.781147	22.759681	Sure	NEUTRAL	The Atlas of Finnish Fungi
sikurirousku (fi) — Lactarius camphoratus	sikurirousku (fi)		2023-09-06	Ikaalinen	Satakunta (St)	Suomi	61.795247	22.974305	Sure	NEUTRAL	Notebook, general observations
sikurirousku (fi) — Lactarius camphoratus	sikurirousku (fi)		2023-09-06	Espoo	Uusimaa (U)	Suomi	60.329735	24.670755	Sure	NEUTRAL	The Atlas of Finnish Fungi
sikurirousku (fi) — Lactarius camphoratus	sikurirousku (fi)		2023-09-06 [14:50-14:51]	Ikaalinen	Satakunta (St)	Suomi	61.747805	23.113472	Sure	NEUTRAL	The Atlas of Finnish Fungi
sikurirousku (fi) — Lactarius camphoratus	sikurirousku (fi)	X	2023-09-06 [13:51-14:18]	Helsinki	Uusimaa (U)	Suomi	60.209927	25.03622	Sure	NEUTRAL	Noteworthy macrofungi - complete lists
sikurirousku (fi) — Lactarius camphoratus	sikurirousku (fi)		2023-09-06	Mäntsälä	Uusimaa (U)	Suomi	60.54663	25.11137		COMMUNITY_VERIFIED	iNaturalist Suomi Finland
sikurirousku (fi) — Lactarius camphoratus	sikurirousku (fi)		2023-09-05	Turku	Varsinais-Suomi (V)	Suomi	60.468811	22.332328	Sure	NEUTRAL	The Atlas of Finnish Fungi
sikurirousku (fi) — Lactarius camphoratus	sikurirousku (fi)		2023-09-05	Turku	Varsinais-Suomi (V)	Suomi	60.469572	22.332017	Sure	NEUTRAL	The Atlas of Finnish Fungi
sikurirousku (fi) — Lactarius camphoratus	sikurirousku (fi)	runsaasti	2023-09-05	Turku	Varsinais-Suomi (V)	Suomi	60.471042	22.330994	Sure	NEUTRAL	The Atlas of Finnish Fungi
sikurirousku (fi) — Lactarius camphoratus	sikurirousku (fi)		2023-09-04	Vehmaa	Varsinais-Suomi (V)	Suomi	60.74542	21.75615		COMMUNITY_VERIFIED	iNaturalist Suomi Finland
sikurirousku (fi) — Lactarius camphoratus	sikurirousku (fi)	10+	2023-09-04 [16:27]	Ruovesi	Etelä-Häme (EH)	Suomi	62.054329	23.940937	Sure	NEUTRAL	The Atlas of Finnish Fungi
sikurirousku (fi) — Lactarius camphoratus	sikurirousku (fi)		2023-09-03	Vehmaa	Varsinais-Suomi (V)	Suomi	60.74542	21.75615		COMMUNITY_VERIFIED	iNaturalist Suomi Finland
sikurirousku (fi) — Lactarius camphoratus	sikurirousku (fi)	n. 10.	2023-09-03	Nokia	Etelä-Häme (EH)	Suomi	61.467543	23.373766	Sure	NEUTRAL	The Atlas of Finnish Fungi
sikurirousku (fi) — Lactarius camphoratus	sikurirousku (fi)		2023-09-03	Helsinki	Uusimaa (U)	Suomi	60.242668	25.207655	Sure	NEUTRAL	The Atlas of Finnish Fungi
sikurirousku (fi) — Lactarius camphoratus	sikurirousku (fi)		2023-09-03	Kokemäki	Satakunta (St)	Suomi	61.22362	22.25782		NEUTRAL	iNaturalist Suomi Finland
sikurirousku (fi) — Lactarius camphoratus	sikurirousku (fi)		2023-09-03	Helsinki	Uusimaa (U)	Suomi	60.28317	25.19071		NEUTRAL	iNaturalist Suomi Finland
sikurirousku (fi) — Lactarius camphoratus	sikurirousku (fi)		2023-09-02	Vehmaa	Varsinais-Suomi (V)	Suomi	60.74542	21.75615		COMMUNITY_VERIFIED	iNaturalist Suomi Finland
sikurirousku (fi) — Lactarius camphoratus	sikurirousku (fi)	Useita pieniä esiintymiä	2023-09-02	Espoo, Helsinki, Vantaa	Uusimaa (U)	Suomi	60.260102	24.91945	Sure	NEUTRAL	The Atlas of Finnish Fungi
sikurirousku (fi) — Lactarius camphoratus	sikurirousku (fi)	Monta	2023-09-02	Espoo, Helsinki, Vantaa	Uusimaa (U)	Suomi	60.260102	24.91945	Sure	NEUTRAL	The Atlas of Finnish Fungi
sikurirousku (fi) — Lactarius camphoratus	sikurirousku (fi)		2023-09-02 [12:28-13:30]	Muurame	Etelä-Häme (EH)	Suomi	62.163061	25.729146	Sure	NEUTRAL	The Atlas of Finnish Fungi
sikurirousku (fi) — Lactarius camphoratus	sikurirousku (fi)		2023-09-02	Pyhtää	Uusimaa (U)	Suomi	60.46778	26.83898		COMMUNITY_VERIFIED	iNaturalist Suomi Finland
sikurirousku (fi) — Lactarius camphoratus	sikurirousku (fi)		2023-09-02	Karstula	Pohjois-Häme (PH)	Suomi	62.86283	24.80784		NEUTRAL	iNaturalist Suomi Finland
sikurirousku (fi) — Lactarius camphoratus	sikurirousku (fi)		2023-09-02	Jyväskylä	Pohjois-Häme (PH)	Suomi	62.21122	25.706441	Sure	NEUTRAL	Notebook, general observations
sikurirousku (fi) — Lactarius camphoratus	sikurirousku (fi)	muutama	2023-09-01	Kustavi	Varsinais-Suomi (V)	Suomi	60.592566	21.387514	Sure	NEUTRAL	The Atlas of Finnish Fungi
sikurirousku (fi) — Lactarius camphoratus	sikurirousku (fi)	useita	2023-09-01 - 2023-09-15	Sipoo	Uusimaa (U)	Suomi	60.420139	25.213696	Sure	NEUTRAL	The Atlas of Finnish Fungi
sikurirousku (fi) — Lactarius camphoratus	sikurirousku (fi)		2023-09-01	Loviisa	Uusimaa (U)	Suomi	60.29366	26.02472		NEUTRAL	iNaturalist Suomi Finland
sikurirousku (fi) — Lactarius camphoratus	sikurirousku (fi)		2023-09-01	Karstula	Pohjois-Häme (PH)	Suomi	62.89264	25.12659		NEUTRAL	iNaturalist Suomi Finland
sikurirousku (fi) — Lactarius camphoratus	sikurirousku (fi)		2023-08-30	Kirkkonummi	Uusimaa (U)	Suomi	60.27177	24.44129		COMMUNITY_VERIFIED	iNaturalist Suomi Finland
sikurirousku (fi) — Lactarius camphoratus	sikurirousku (fi)		2023-08-29	Espoo, Kirkkonummi	Uusimaa (U)	Suomi	60.1	24.5		COMMUNITY_VERIFIED	iNaturalist Suomi Finland
sikurirousku (fi) — Lactarius camphoratus	sikurirousku (fi)		2023-08-29	Espoo	Uusimaa (U)	Suomi	60.29284	24.56227		COMMUNITY_VERIFIED	iNaturalist Suomi Finland
sikurirousku (fi) — Lactarius camphoratus	sikurirousku (fi)		2023-08-29	Helsinki	Uusimaa (U)	Suomi	60.24305	25.20891		COMMUNITY_VERIFIED	iNaturalist Suomi Finland
sikurirousku (fi) — Lactarius camphoratus	sikurirousku (fi)		2023-08-29	Jämsä	Etelä-Häme (EH)	Suomi	61.988487	25.138128	Sure	NEUTRAL	Notebook, general observations
sikurirousku (fi) — Lactarius camphoratus	sikurirousku (fi)		2023-08-27	Helsinki	Uusimaa (U)	Suomi	60.17974	24.99431		COMMUNITY_VERIFIED	iNaturalist Suomi Finland
sikurirousku (fi) — Lactarius camphoratus	sikurirousku (fi)		2023-08-26	Kirkkonummi	Uusimaa (U)	Suomi	60.159178	24.394107	Sure	NEUTRAL	The Atlas of Finnish Fungi
sikurirousku (fi) — Lactarius camphoratus	sikurirousku (fi)	paljon	2023-08-26	Loppi	Etelä-Häme (EH)	Suomi	60.672015	24.396221	Sure	NEUTRAL	The Atlas of Finnish Fungi
sikurirousku (fi) — Lactarius camphoratus	sikurirousku (fi)		2023-08-26	Hartola	Etelä-Häme (EH)	Suomi	61.65321	26.07054		NEUTRAL	iNaturalist Suomi Finland
sikurirousku (fi) — Lactarius camphoratus	sikurirousku (fi)		2023-08-26	Salo	Varsinais-Suomi (V)	Suomi	60.53671	23.19976		NEUTRAL	iNaturalist Suomi Finland
sikurirousku (fi) — Lactarius camphoratus	sikurirousku (fi)		2023-08-26	Helsinki	Uusimaa (U)	Suomi	60.21215	25.01935		COMMUNITY_VERIFIED	iNaturalist Suomi Finland
sikurirousku (fi) — Lactarius camphoratus	sikurirousku (fi)		2023-08-26	Salo	Varsinais-Suomi (V)	Suomi	60.53576	23.19937		NEUTRAL	iNaturalist Suomi Finland
sikurirousku (fi) — Lactarius camphoratus	sikurirousku (fi)		2023-08-26	Lappeenranta	Etelä-Savo (ES)	Suomi	61.0832	28.63932		COMMUNITY_VERIFIED	iNaturalist Suomi Finland
sikurirousku (fi) — Lactarius camphoratus	sikurirousku (fi)		2023-08-26	Turku	Varsinais-Suomi (V)	Suomi	60.54048	22.31396		COMMUNITY_VERIFIED	iNaturalist Suomi Finland
sikurirousku (fi) — Lactarius camphoratus	sikurirousku (fi)	useita	2023-08-25	Kuopio	Pohjois-Savo (PS)	Suomi	62.706315	27.490927	Sure	NEUTRAL	The Atlas of Finnish Fungi
sikurirousku (fi) — Lactarius camphoratus	sikurirousku (fi)		2023-08-25	Hattula	Etelä-Häme (EH)	Suomi	61.06617	24.41238		NEUTRAL	iNaturalist Suomi Finland
sikurirousku (fi) — Lactarius camphoratus	sikurirousku (fi)		2023-08-24	Salo	Varsinais-Suomi (V)	Suomi	60.44408	23.0765		COMMUNITY_VERIFIED	iNaturalist Suomi Finland
sikurirousku (fi) — Lactarius camphoratus	sikurirousku (fi)		2023-08-24	Jyväskylä	Pohjois-Häme (PH)	Suomi	62.2042	25.699764	Sure	NEUTRAL	Notebook, general observations
sikurirousku (fi) — Lactarius camphoratus	sikurirousku (fi)	yleinen	2023-08-23 - 2023-09-14	Porvoo	Uusimaa (U)	Suomi	60.366175	25.70515	Sure	NEUTRAL	The Atlas of Finnish Fungi
sikurirousku (fi) — Lactarius camphoratus	sikurirousku (fi)	useita	2023-08-22 - 2023-09-20	Vantaa	Uusimaa (U)	Suomi	60.290633	25.163318	Sure	NEUTRAL	The Atlas of Finnish Fungi
sikurirousku (fi) — Lactarius camphoratus	sikurirousku (fi)		2023-08-22	Jämsä	Etelä-Häme (EH)	Suomi	61.84226	24.924112	Sure	NEUTRAL	Notebook, general observations
sikurirousku (fi) — Lactarius camphoratus	sikurirousku (fi)		2023-08-21	Helsinki	Uusimaa (U)	Suomi	60.192162	25.098462	Sure	NEUTRAL	Species Observations from Helsinki Nature Surveys
sikurirousku (fi) — Lactarius camphoratus	sikurirousku (fi)	yleinen	2023-08-21 - 2023-09-20	Helsinki, Vantaa	Uusimaa (U)	Suomi	60.236153	25.144412	Sure	NEUTRAL	The Atlas of Finnish Fungi
sikurirousku (fi) — Lactarius camphoratus	sikurirousku (fi)		2023-08-21	Espoo	Uusimaa (U)	Suomi	60.28995	24.58764		NEUTRAL	iNaturalist Suomi Finland
sikurirousku (fi) — Lactarius camphoratus	sikurirousku (fi)		2023-08-20	Kauniainen	Uusimaa (U)	Suomi	60.213593	24.682613	Sure	NEUTRAL	The Atlas of Finnish Fungi
sikurirousku (fi) — Lactarius camphoratus	sikurirousku (fi)		2023-08-20	Kaarina	Varsinais-Suomi (V)	Suomi	60.42633	22.52323		COMMUNITY_VERIFIED	iNaturalist Suomi Finland
sikurirousku (fi) — Lactarius camphoratus	sikurirousku (fi)		2023-08-19	Kuopio	Pohjois-Savo (PS)	Suomi	62.895643	27.595109		NEUTRAL	LajiGIS: Species mapping and surveys
sikurirousku (fi) — Lactarius camphoratus	sikurirousku (fi)		2023-08-19 [13:35-18:41]	Salo	Varsinais-Suomi (V)	Suomi	60.432134	23.076579	Sure	NEUTRAL	The Atlas of Finnish Fungi
sikurirousku (fi) — Lactarius camphoratus	sikurirousku (fi)		2023-08-19	Ulvila	Satakunta (St)	Suomi	61.48458	22.21071		COMMUNITY_VERIFIED	iNaturalist Suomi Finland
sikurirousku (fi) — Lactarius camphoratus	sikurirousku (fi)		2023-08-18	Kuopio	Pohjois-Savo (PS)	Suomi	62.896942	27.584924		NEUTRAL	LajiGIS: Species mapping and surveys
sikurirousku (fi) — Lactarius camphoratus	sikurirousku (fi)		2023-08-18	Mikkeli	Etelä-Savo (ES)	Suomi	61.70288	27.40252		COMMUNITY_VERIFIED	iNaturalist Suomi Finland
sikurirousku (fi) — Lactarius camphoratus	sikurirousku (fi)	iso ryhmä	2023-08-18	Kuopio	Pohjois-Savo (PS)	Suomi	62.888435	27.600174	Sure	NEUTRAL	The Atlas of Finnish Fungi
sikurirousku (fi) — Lactarius camphoratus	sikurirousku (fi)		2023-08-18	Espoo	Uusimaa (U)	Suomi	60.24236	24.56666		NEUTRAL	iNaturalist Suomi Finland
sikurirousku (fi) — Lactarius camphoratus	sikurirousku (fi)		2023-08-16	Kuopio, Lapinlahti	Pohjois-Savo (PS)	Suomi	63.3	27.3		NEUTRAL	iNaturalist Suomi Finland
sikurirousku (fi) — Lactarius camphoratus	sikurirousku (fi)		2023-08-16	Raisio	Varsinais-Suomi (V)	Suomi	60.50912	22.15459		COMMUNITY_VERIFIED	iNaturalist Suomi Finland
sikurirousku (fi) — Lactarius camphoratus	sikurirousku (fi)		2023-08-15	Lieksa	Pohjois-Karjala (PK)	Suomi	63.082655	29.839045	Sure	NEUTRAL	Notebook, general observations
sikurirousku (fi) — Lactarius camphoratus	sikurirousku (fi)		2023-08-15	Jyväskylä	Pohjois-Häme (PH)	Suomi	62.243662	25.637776	Sure	NEUTRAL	Notebook, general observations
sikurirousku (fi) — Lactarius camphoratus	sikurirousku (fi)		2023-08-14	Espoo	Uusimaa (U)	Suomi	60.1848	24.6596		NEUTRAL	iNaturalist Suomi Finland
sikurirousku (fi) — Lactarius camphoratus	sikurirousku (fi)		2023-08-14	Kitee	Pohjois-Karjala (PK)	Suomi	61.89086	29.67136		NEUTRAL	iNaturalist Suomi Finland
sikurirousku (fi) — Lactarius camphoratus	sikurirousku (fi)		2023-08-14	Siilinjärvi	Pohjois-Savo (PS)	Suomi	62.98526	27.72393		NEUTRAL	iNaturalist Suomi Finland
sikurirousku (fi) — Lactarius camphoratus	sikurirousku (fi)		2023-08-14	Siilinjärvi	Pohjois-Savo (PS)	Suomi	62.9851	27.72848		NEUTRAL	iNaturalist Suomi Finland
sikurirousku (fi) — Lactarius camphoratus	sikurirousku (fi)		2023-08-13	Vaasa	Etelä-Pohjanmaa (EP)	Suomi	63.064839	21.551744	Sure	NEUTRAL	The Atlas of Finnish Fungi
sikurirousku (fi) — Lactarius camphoratus	sikurirousku (fi)		2023-08-13	Vaasa	Etelä-Pohjanmaa (EP)	Suomi	63.064728	21.551336	Sure	NEUTRAL	The Atlas of Finnish Fungi
sikurirousku (fi) — Lactarius camphoratus	sikurirousku (fi)		2023-08-13	Vaasa	Etelä-Pohjanmaa (EP)	Suomi	63.066144	21.547572	Sure	NEUTRAL	The Atlas of Finnish Fungi
sikurirousku (fi) — Lactarius camphoratus	sikurirousku (fi)		2023-08-13	Vaasa	Etelä-Pohjanmaa (EP)	Suomi	63.072728	21.539736	Sure	NEUTRAL	The Atlas of Finnish Fungi
sikurirousku (fi) — Lactarius camphoratus	sikurirousku (fi)		2023-08-13	Vaasa	Etelä-Pohjanmaa (EP)	Suomi	63.075294	21.538861	Sure	NEUTRAL	The Atlas of Finnish Fungi
sikurirousku (fi) — Lactarius camphoratus	sikurirousku (fi)		2023-08-13	Vaasa	Etelä-Pohjanmaa (EP)	Suomi	63.071164	21.5522	Sure	NEUTRAL	The Atlas of Finnish Fungi
sikurirousku (fi) — Lactarius camphoratus	sikurirousku (fi)		2023-08-13	Vaasa	Etelä-Pohjanmaa (EP)	Suomi	63.068011	21.564347	Sure	NEUTRAL	The Atlas of Finnish Fungi
sikurirousku (fi) — Lactarius camphoratus	sikurirousku (fi)		2023-08-13	Vaasa	Etelä-Pohjanmaa (EP)	Suomi	63.065267	21.555775	Sure	NEUTRAL	The Atlas of Finnish Fungi
sikurirousku (fi) — Lactarius camphoratus	sikurirousku (fi)		2023-08-13 - 2023-08-17	Lieksa	Pohjois-Karjala (PK)	Suomi	63.113641	29.777157	Sure	NEUTRAL	The Atlas of Finnish Fungi
sikurirousku (fi) — Lactarius camphoratus	sikurirousku (fi)		2023-08-13 - 2023-08-17	Lieksa	Pohjois-Karjala (PK)	Suomi	63.114006	29.777003	Sure	NEUTRAL	The Atlas of Finnish Fungi
sikurirousku (fi) — Lactarius camphoratus	sikurirousku (fi)		2023-08-13 - 2023-08-17	Lieksa	Pohjois-Karjala (PK)	Suomi	63.114153	29.777193	Sure	NEUTRAL	The Atlas of Finnish Fungi
sikurirousku (fi) — Lactarius camphoratus	sikurirousku (fi)		2023-08-13 - 2023-08-17	Lieksa	Pohjois-Karjala (PK)	Suomi	63.113148	29.777192	Sure	NEUTRAL	The Atlas of Finnish Fungi
sikurirousku (fi) — Lactarius camphoratus	sikurirousku (fi)		2023-08-12	Vaasa	Etelä-Pohjanmaa (EP)	Suomi	63.041003	21.592733	Sure	NEUTRAL	The Atlas of Finnish Fungi
sikurirousku (fi) — Lactarius camphoratus	sikurirousku (fi)		2023-08-12	Vaasa	Etelä-Pohjanmaa (EP)	Suomi	63.041422	21.593092	Sure	NEUTRAL	The Atlas of Finnish Fungi
sikurirousku (fi) — Lactarius camphoratus	sikurirousku (fi)		2023-08-12	Lapinlahti	Pohjois-Savo (PS)	Suomi	63.3803	27.55023		NEUTRAL	iNaturalist Suomi Finland
sikurirousku (fi) — Lactarius camphoratus	sikurirousku (fi)		2023-08-12	Perho	Keski-Pohjanmaa (KP)	Suomi	63.31955	24.61756		NEUTRAL	iNaturalist Suomi Finland
sikurirousku (fi) — Lactarius camphoratus	sikurirousku (fi)	Runsaasti	2023-08-10 [8:51]	Toivakka	Pohjois-Häme (PH)	Suomi	62.043017	26.142395	Sure	NEUTRAL	The Atlas of Finnish Fungi
sikurirousku (fi) — Lactarius camphoratus	sikurirousku (fi)		2023-08-09	Vaasa	Etelä-Pohjanmaa (EP)	Suomi	63.078628	21.698339	Sure	NEUTRAL	The Atlas of Finnish Fungi
sikurirousku (fi) — Lactarius camphoratus	sikurirousku (fi)		2023-08-09	Vaasa	Etelä-Pohjanmaa (EP)	Suomi	63.0793	21.697081	Sure	NEUTRAL	The Atlas of Finnish Fungi
sikurirousku (fi) — Lactarius camphoratus	sikurirousku (fi)		2023-08-09	Heinävesi	Pohjois-Savo (PS)	Suomi	62.406655	28.77223	Sure	NEUTRAL	The Atlas of Finnish Fungi
sikurirousku (fi) — Lactarius camphoratus	sikurirousku (fi)		2023-08-08	Vaasa	Etelä-Pohjanmaa (EP)	Suomi	63.034567	21.600983	Sure	NEUTRAL	The Atlas of Finnish Fungi
sikurirousku (fi) — Lactarius camphoratus	sikurirousku (fi)		2023-08-08	Vaasa	Etelä-Pohjanmaa (EP)	Suomi	63.034694	21.599819	Sure	NEUTRAL	The Atlas of Finnish Fungi
sikurirousku (fi) — Lactarius camphoratus	sikurirousku (fi)		2023-08-08	Vaasa	Etelä-Pohjanmaa (EP)	Suomi	63.037711	21.605894	Sure	NEUTRAL	The Atlas of Finnish Fungi
sikurirousku (fi) — Lactarius camphoratus	sikurirousku (fi)		2023-08-08	Mustasaari	Etelä-Pohjanmaa (EP)	Suomi	63.032778	21.609958	Sure	NEUTRAL	The Atlas of Finnish Fungi
sikurirousku (fi) — Lactarius camphoratus	sikurirousku (fi)		2023-08-08	Mustasaari	Etelä-Pohjanmaa (EP)	Suomi	63.033253	21.606633	Sure	NEUTRAL	The Atlas of Finnish Fungi
sikurirousku (fi) — Lactarius camphoratus	sikurirousku (fi)		2023-08-08	Porvoo	Uusimaa (U)	Suomi	60.34524	25.5961		NEUTRAL	iNaturalist Suomi Finland
sikurirousku (fi) — Lactarius camphoratus	sikurirousku (fi)	yleinen	2023-08-06 - 2023-09-07	Loviisa	Uusimaa (U)	Suomi	60.489103	25.998857	Sure	NEUTRAL	The Atlas of Finnish Fungi
sikurirousku (fi) — Lactarius camphoratus	sikurirousku (fi)		2023-08-05	Vaasa	Etelä-Pohjanmaa (EP)	Suomi	63.037561	21.607403	Sure	NEUTRAL	The Atlas of Finnish Fungi
sikurirousku (fi) — Lactarius camphoratus	sikurirousku (fi)		2023-08-05	Mustasaari	Etelä-Pohjanmaa (EP)	Suomi	63.038047	21.610867	Sure	NEUTRAL	The Atlas of Finnish Fungi
sikurirousku (fi) — Lactarius camphoratus	sikurirousku (fi)		2023-08-04	Kuhmoinen	Etelä-Häme (EH)	Suomi	61.64714	25.0027		NEUTRAL	iNaturalist Suomi Finland
sikurirousku (fi) — Lactarius camphoratus	sikurirousku (fi)		2023-08-04	Raasepori	Varsinais-Suomi (V)	Suomi	59.95393	22.89568		NEUTRAL	iNaturalist Suomi Finland
sikurirousku (fi) — Lactarius camphoratus	sikurirousku (fi)		2023-08-03 [17:08-19:16]	Salo	Varsinais-Suomi (V)	Suomi	60.470875	23.092178	Sure	NEUTRAL	The Atlas of Finnish Fungi
sikurirousku (fi) — Lactarius camphoratus	sikurirousku (fi)	yksitellen	2023-08-02 - 2023-08-21	Sipoo	Uusimaa (U)	Suomi	60.303072	25.196586	Sure	NEUTRAL	The Atlas of Finnish Fungi
sikurirousku (fi) — Lactarius camphoratus	sikurirousku (fi)	useita	2023-08-02 - 2023-10-01	Porvoo	Uusimaa (U)	Suomi	60.483385	25.781687	Sure	NEUTRAL	The Atlas of Finnish Fungi
sikurirousku (fi) — Lactarius camphoratus	sikurirousku (fi)	yleinen	2023-07-31 - 2023-09-06	Loviisa	Uusimaa (U)	Suomi	60.50235	25.903076	Sure	NEUTRAL	The Atlas of Finnish Fungi
sikurirousku (fi) — Lactarius camphoratus	sikurirousku (fi)		2023-07-31 [18:48-19:16]	Salo	Varsinais-Suomi (V)	Suomi	60.33566	23.211189	Sure	NEUTRAL	The Atlas of Finnish Fungi
sikurirousku (fi) — Lactarius camphoratus	sikurirousku (fi)		2023-07-29	Hanko	Uusimaa (U)	Suomi	59.904131	23.194235	Sure	NEUTRAL	The Atlas of Finnish Fungi
sikurirousku (fi) — Lactarius camphoratus	sikurirousku (fi)		2023-07-28 [15:28-17:47]	Salo	Varsinais-Suomi (V)	Suomi	60.473381	23.088353	Sure	NEUTRAL	The Atlas of Finnish Fungi
sikurirousku (fi) — Lactarius camphoratus	sikurirousku (fi)		2023-07-27	Mikkeli	Etelä-Savo (ES)	Suomi	61.684983	27.559767	Sure	NEUTRAL	The Atlas of Finnish Fungi
sikurirousku (fi) — Lactarius camphoratus	sikurirousku (fi)	yleinen	2023-07-23 - 2023-08-11	Juuka	Pohjois-Karjala (PK)	Suomi	63.162544	29.127878	Sure	NEUTRAL	The Atlas of Finnish Fungi
sikurirousku (fi) — Lactarius camphoratus	sikurirousku (fi)	useita	2023-07-16 - 2023-08-29	Lapinjärvi	Uusimaa (U)	Suomi	60.667761	26.113331	Sure	NEUTRAL	The Atlas of Finnish Fungi
sikurirousku (fi) — Lactarius camphoratus	sikurirousku (fi)		2023-07-16	Heinola	Etelä-Häme (EH)	Suomi	61.195176	26.090632	Sure	NEUTRAL	The Atlas of Finnish Fungi
sikurirousku (fi) — Lactarius camphoratus	sikurirousku (fi)	useita	2023-07-15 - 2023-10-08	Porvoo	Uusimaa (U)	Suomi	60.371611	25.749567	Sure	NEUTRAL	The Atlas of Finnish Fungi
sikurirousku (fi) — Lactarius camphoratus	sikurirousku (fi)	muutama	2022-09-27	Kustavi	Varsinais-Suomi (V)	Suomi	60.591759	21.387243	Sure	NEUTRAL	The Atlas of Finnish Fungi
sikurirousku (fi) — Lactarius camphoratus	sikurirousku (fi)		2022-09-20 [18:27-19:27]	Salo	Varsinais-Suomi (V)	Suomi	60.488192	23.084543	Sure	NEUTRAL	The Atlas of Finnish Fungi
sikurirousku (fi) — Lactarius camphoratus	sikurirousku (fi)		2022-09-20	Kitee	Pohjois-Karjala (PK)	Suomi	61.851605	29.827805	Sure	NEUTRAL	The Atlas of Finnish Fungi
sikurirousku (fi) — Lactarius camphoratus	sikurirousku (fi)	useita	2022-09-18	Turku	Varsinais-Suomi (V)	Suomi	60.433282	22.178193	Sure	NEUTRAL	Notebook, general observations
sikurirousku (fi) — Lactarius camphoratus	sikurirousku (fi)	2	2022-09-07	Hämeenlinna	Etelä-Häme (EH)	Suomi	61.241493	25.067959	Sure	NEUTRAL	The Atlas of Finnish Fungi
sikurirousku (fi) — Lactarius camphoratus	sikurirousku (fi)		2022-09-07 [10:39-12:56]	Hämeenlinna	Etelä-Häme (EH)	Suomi	61.240255	25.065939	Sure	NEUTRAL	The Atlas of Finnish Fungi
sikurirousku (fi) — Lactarius camphoratus	sikurirousku (fi)	2	2022-09-07 [18:54]	Jyväskylä	Pohjois-Häme (PH)	Suomi	62.172441	25.862631	Sure	NEUTRAL	The Atlas of Finnish Fungi
sikurirousku (fi) — Lactarius camphoratus	sikurirousku (fi)		2022-09-07	Hämeenlinna	Etelä-Häme (EH)	Suomi	61.209801	25.124241	Sure	NEUTRAL	The Atlas of Finnish Fungi
sikurirousku (fi) — Lactarius camphoratus	sikurirousku (fi)		2022-09-07	Hämeenlinna	Etelä-Häme (EH)	Suomi	61.243431	25.067075	Sure	NEUTRAL	The Atlas of Finnish Fungi
sikurirousku (fi) — Lactarius camphoratus	sikurirousku (fi)	muutama	2022-09-06	Hämeenlinna	Etelä-Häme (EH)	Suomi	61.209643	25.126335	Sure	NEUTRAL	The Atlas of Finnish Fungi
sikurirousku (fi) — Lactarius camphoratus	sikurirousku (fi)	useita	2022-09-05	Salo	Varsinais-Suomi (V)	Suomi	60.428695	23.061353	Sure	NEUTRAL	The Atlas of Finnish Fungi
sikurirousku (fi) — Lactarius camphoratus	sikurirousku (fi)	4	2022-09-04	Kuopio	Pohjois-Savo (PS)	Suomi	62.804553	27.632035	Sure	NEUTRAL	The Atlas of Finnish Fungi
sikurirousku (fi) — Lactarius camphoratus	sikurirousku (fi)	yleinen	2022-09-04	Rauma	Satakunta (St)	Suomi	61.189861	21.470162	Sure	NEUTRAL	Notebook, general observations
sikurirousku (fi) — Lactarius camphoratus	sikurirousku (fi)		2022-09-04	Jämsä	Etelä-Häme (EH)	Suomi	61.767983	25.133443	Sure	NEUTRAL	The Atlas of Finnish Fungi
sikurirousku (fi) — Lactarius camphoratus	sikurirousku (fi)		2022-09-03	Rauma	Satakunta (St)	Suomi	61.13758	21.6502		COMMUNITY_VERIFIED	iNaturalist Suomi Finland
sikurirousku (fi) — Lactarius camphoratus	sikurirousku (fi)		2022-09-03			Suomi				COMMUNITY_VERIFIED	iNaturalist Suomi Finland
sikurirousku (fi) — Lactarius camphoratus	sikurirousku (fi)	useita	2022-09-02	Juupajoki	Etelä-Häme (EH)	Suomi	61.814651	24.3242	Sure	NEUTRAL	Notebook, general observations
sikurirousku (fi) — Lactarius camphoratus	sikurirousku (fi)	5	2022-08-31 [12:31]	Toivakka	Pohjois-Häme (PH)	Suomi	62.040294	26.144465	Sure	NEUTRAL	The Atlas of Finnish Fungi
sikurirousku (fi) — Lactarius camphoratus	sikurirousku (fi)		2022-08-30	Jyväskylä	Pohjois-Häme (PH)	Suomi	62.25436	25.68889		COMMUNITY_VERIFIED	iNaturalist Suomi Finland
sikurirousku (fi) — Lactarius camphoratus	sikurirousku (fi)		2022-08-29 [16:46-18:32]	Salo	Varsinais-Suomi (V)	Suomi	60.47624	23.079411	Sure	NEUTRAL	The Atlas of Finnish Fungi
sikurirousku (fi) — Lactarius camphoratus	sikurirousku (fi)		2022-08-29 [16:46-18:32]	Salo	Varsinais-Suomi (V)	Suomi	60.474267	23.085365	Sure	NEUTRAL	The Atlas of Finnish Fungi
sikurirousku (fi) — Lactarius camphoratus	sikurirousku (fi)		2022-08-29	Rovaniemi	Perä-Pohjanmaa (PeP)	Suomi	66.320597	26.258991	Sure	NEUTRAL	The Atlas of Finnish Fungi
sikurirousku (fi) — Lactarius camphoratus	sikurirousku (fi)		2022-08-29	Joensuu	Pohjois-Karjala (PK)	Suomi	62.60534	29.7366		NEUTRAL	iNaturalist Suomi Finland
sikurirousku (fi) — Lactarius camphoratus	sikurirousku (fi)		2022-08-29	Joensuu	Pohjois-Karjala (PK)	Suomi	62.60523	29.73607		NEUTRAL	iNaturalist Suomi Finland
sikurirousku (fi) — Lactarius camphoratus	sikurirousku (fi)		2022-08-29	Rovaniemi	Perä-Pohjanmaa (PeP)	Suomi	66.320877	26.258978		NEUTRAL	Fungal collection of the Botanical Museum, University of Oulu (OULU)
sikurirousku (fi) — Lactarius camphoratus	sikurirousku (fi)	>10	2022-08-27	Vaasa	Etelä-Pohjanmaa (EP)	Suomi	63.079404	21.687919	Sure	NEUTRAL	The Atlas of Finnish Fungi
sikurirousku (fi) — Lactarius camphoratus	sikurirousku (fi)	yleinen	2022-08-27 - 2022-08-28	Karvia	Satakunta (St)	Suomi	62.138419	22.403616	Sure	NEUTRAL	Notebook, general observations
sikurirousku (fi) — Lactarius camphoratus	sikurirousku (fi)	muutamia	2022-08-22 - 2022-09-23	Uusikaupunki	Varsinais-Suomi (V)	Suomi	60.92235	21.363679	Sure	NEUTRAL	Notebook, general observations
sikurirousku (fi) — Lactarius camphoratus	sikurirousku (fi)	Pieniä esiintymiä. Kuivakoita.	2022-08-21	Heinola	Etelä-Häme (EH)	Suomi	61.20054	26.089304	Sure	NEUTRAL	The Atlas of Finnish Fungi
sikurirousku (fi) — Lactarius camphoratus	sikurirousku (fi)		2022-08-21	Utsjoki	Inarin Lappi (InL)	Suomi	69.75689	27.00844		NEUTRAL	iNaturalist Suomi Finland
sikurirousku (fi) — Lactarius camphoratus	sikurirousku (fi)	yleinen	2022-08-18 - 2022-08-19	Merikarvia	Satakunta (St)	Suomi	61.777067	21.483681	Sure	NEUTRAL	Notebook, general observations
sikurirousku (fi) — Lactarius camphoratus	sikurirousku (fi)		2022-08-16	Lumijoki	Oulun Pohjanmaa (OP)	Suomi	64.90985	25.08368		COMMUNITY_VERIFIED	iNaturalist Suomi Finland
sikurirousku (fi) — Lactarius camphoratus	sikurirousku (fi)		2022-08-13	Karkkila	Varsinais-Suomi (V)	Suomi	60.53477	24.3976		NEUTRAL	iNaturalist Suomi Finland
sikurirousku (fi) — Lactarius camphoratus	sikurirousku (fi)		2022-08-13	Joensuu	Pohjois-Karjala (PK)	Suomi	62.52945	29.80061		COMMUNITY_VERIFIED	iNaturalist Suomi Finland
sikurirousku (fi) — Lactarius camphoratus	sikurirousku (fi)		2022-08-11	Heinävesi	Pohjois-Savo (PS)	Suomi	62.44454	28.83248	Sure	NEUTRAL	The Atlas of Finnish Fungi
sikurirousku (fi) — Lactarius camphoratus	sikurirousku (fi)		2022-08-11	Tammela	Etelä-Häme (EH)	Suomi	60.70055	23.92647		NEUTRAL	iNaturalist Suomi Finland
sikurirousku (fi) — Lactarius camphoratus	sikurirousku (fi)		2022-08-08 [15:13-16:49]	Salo	Varsinais-Suomi (V)	Suomi	60.140591	22.956303	Sure	EXPERT_VERIFIED	The Atlas of Finnish Fungi
sikurirousku (fi) — Lactarius camphoratus	sikurirousku (fi)		2022-08-08 - 2022-08-09	Kuopio	Pohjois-Savo (PS)	Suomi	62.896581	27.58531		NEUTRAL	LajiGIS: Species monitoring sites
sikurirousku (fi) — Lactarius camphoratus	sikurirousku (fi)		2022-08-08 - 2022-08-09	Kuopio	Pohjois-Savo (PS)	Suomi	62.895924	27.592163		NEUTRAL	LajiGIS: Miscellaneous occurrences
sikurirousku (fi) — Lactarius camphoratus	sikurirousku (fi)	yleinen	2022-08-06 - 2022-10-14	Loviisa	Uusimaa (U)	Suomi	60.487391	25.996737	Sure	NEUTRAL	Notebook, general observations
sikurirousku (fi) — Lactarius camphoratus	sikurirousku (fi)		2022-08-06	Nurmijärvi	Uusimaa (U)	Suomi	60.52528	24.77776		NEUTRAL	iNaturalist Suomi Finland
sikurirousku (fi) — Lactarius camphoratus	sikurirousku (fi)		2022-08-05	Raasepori, Salo	Uusimaa (U), Varsinais-Suomi (V)	Suomi	60.1	23.5		COMMUNITY_VERIFIED	iNaturalist Suomi Finland
sikurirousku (fi) — Lactarius camphoratus	sikurirousku (fi)	useita	2022-08-04 - 2022-08-05	Lieksa	Pohjois-Karjala (PK)	Suomi	63.1232	29.788505	Sure	NEUTRAL	Notebook, general observations
sikurirousku (fi) — Lactarius camphoratus	sikurirousku (fi)		2022-08-03	Sastamala	Satakunta (St)	Suomi	61.375968	23.11907	Sure	NEUTRAL	The Atlas of Finnish Fungi
sikurirousku (fi) — Lactarius camphoratus	sikurirousku (fi)		2022-08-02	Kaarina	Varsinais-Suomi (V)	Suomi	60.47354	22.33484		COMMUNITY_VERIFIED	iNaturalist Suomi Finland
sikurirousku (fi) — Lactarius camphoratus	sikurirousku (fi)		2022-07-31	Hanko	Uusimaa (U)	Suomi	59.910906	23.208325	Sure	NEUTRAL	The Atlas of Finnish Fungi
sikurirousku (fi) — Lactarius camphoratus	sikurirousku (fi)		2022-07-31	Sipoo	Uusimaa (U)	Suomi	60.467022	25.180417	Sure	NEUTRAL	The Atlas of Finnish Fungi
sikurirousku (fi) — Lactarius camphoratus	sikurirousku (fi)	yleinen	2022-07-30 - 2022-08-03	Loviisa	Uusimaa (U)	Suomi	60.45767	26.071692	Sure	NEUTRAL	Notebook, general observations
sikurirousku (fi) — Lactarius camphoratus	sikurirousku (fi)	Melko yleinen havaintoalueella	2022-07-29	Vihti	Varsinais-Suomi (V)	Suomi	60.523956	24.499993	Sure	NEUTRAL	The Atlas of Finnish Fungi
sikurirousku (fi) — Lactarius camphoratus	sikurirousku (fi)	Yleinen havaintoalueella	2022-07-29	Vihti	Varsinais-Suomi (V)	Suomi	60.522631	24.50253	Sure	NEUTRAL	The Atlas of Finnish Fungi
sikurirousku (fi) — Lactarius camphoratus	sikurirousku (fi)	Melko runsaasti	2022-07-28	Hailuoto	Oulun Pohjanmaa (OP)	Suomi	64.972667	24.871086	Sure	NEUTRAL	The Atlas of Finnish Fungi
sikurirousku (fi) — Lactarius camphoratus	sikurirousku (fi)		2022-07-28 [14:10]	Rautalampi	Pohjois-Häme (PH)	Suomi	62.556326	26.632068	Sure	NEUTRAL	The Atlas of Finnish Fungi
sikurirousku (fi) — Lactarius camphoratus	sikurirousku (fi)		2022-07-28 [13:26]	Rautalampi	Pohjois-Häme (PH)	Suomi	62.555437	26.630798	Sure	NEUTRAL	The Atlas of Finnish Fungi
sikurirousku (fi) — Lactarius camphoratus	sikurirousku (fi)		2022-07-28	Sipoo	Uusimaa (U)	Suomi	60.31755	25.179426	Sure	NEUTRAL	The Atlas of Finnish Fungi
sikurirousku (fi) — Lactarius camphoratus	sikurirousku (fi)		2022-07-27 [16:47-16:57]	Salo	Varsinais-Suomi (V)	Suomi	60.473403	23.08892	Sure	NEUTRAL	The Atlas of Finnish Fungi
sikurirousku (fi) — Lactarius camphoratus	sikurirousku (fi)		2022-07-21 [18:04-18:14]	Lohja	Varsinais-Suomi (V)	Suomi	60.212916	23.768789	Sure	NEUTRAL	The Atlas of Finnish Fungi
sikurirousku (fi) — Lactarius camphoratus	sikurirousku (fi)		2021-10-09	Mäntsälä	Uusimaa (U)	Suomi	60.622593	25.144473	Sure	NEUTRAL	The Atlas of Finnish Fungi
sikurirousku (fi) — Lactarius camphoratus	sikurirousku (fi)		2021-10-03	Salo	Varsinais-Suomi (V)	Suomi	60.347603	23.417939	Sure	NEUTRAL	The Atlas of Finnish Fungi
sikurirousku (fi) — Lactarius camphoratus	sikurirousku (fi)		2021-10-03	Salo	Varsinais-Suomi (V)	Suomi	60.3497	23.417781	Sure	NEUTRAL	The Atlas of Finnish Fungi
sikurirousku (fi) — Lactarius camphoratus	sikurirousku (fi)		2021-10-02	Lohja	Varsinais-Suomi (V)	Suomi	60.242203	23.810287		NEUTRAL	Löydös Open Finnish Observation Database
sikurirousku (fi) — Lactarius camphoratus	sikurirousku (fi)		2021-10-02	Raasepori	Varsinais-Suomi (V)	Suomi	60.043931	23.044738	Sure	NEUTRAL	The Atlas of Finnish Fungi
sikurirousku (fi) — Lactarius camphoratus	sikurirousku (fi)		2021-10-02	Salo	Varsinais-Suomi (V)	Suomi	60.31115	23.542074	Sure	NEUTRAL	The Atlas of Finnish Fungi
sikurirousku (fi) — Lactarius camphoratus	sikurirousku (fi)		2021-10-02	Salo	Varsinais-Suomi (V)	Suomi	60.316192	23.569858	Sure	NEUTRAL	The Atlas of Finnish Fungi
sikurirousku (fi) — Lactarius camphoratus	sikurirousku (fi)	2	2021-10-01	Salo	Varsinais-Suomi (V)	Suomi	60.436498	23.058456	Sure	NEUTRAL	The Atlas of Finnish Fungi
sikurirousku (fi) — Lactarius camphoratus	sikurirousku (fi)	3	2021-10-01 [15:02]	Salo	Varsinais-Suomi (V)	Suomi	60.438844	23.055608	Sure	NEUTRAL	The Atlas of Finnish Fungi
sikurirousku (fi) — Lactarius camphoratus	sikurirousku (fi)		2021-10-01	Salo	Varsinais-Suomi (V)	Suomi	60.438895	23.057969	Sure	NEUTRAL	The Atlas of Finnish Fungi
sikurirousku (fi) — Lactarius camphoratus	sikurirousku (fi)		2021-10-01 [15:06-17:19]	Salo	Varsinais-Suomi (V)	Suomi	60.43917	23.055931	Sure	NEUTRAL	The Atlas of Finnish Fungi
sikurirousku (fi) — Lactarius camphoratus	sikurirousku (fi)		2021-10-01	Salo	Varsinais-Suomi (V)	Suomi	60.438464	23.056222	Sure	NEUTRAL	The Atlas of Finnish Fungi
sikurirousku (fi) — Lactarius camphoratus	sikurirousku (fi)		2021-09-30	Lohja	Varsinais-Suomi (V)	Suomi	60.208873	23.705085		NEUTRAL	LajiGIS: Species mapping and surveys
sikurirousku (fi) — Lactarius camphoratus	sikurirousku (fi)		2021-09-29	Kuopio	Pohjois-Savo (PS)	Suomi	62.93155	27.64989		COMMUNITY_VERIFIED	iNaturalist Suomi Finland
sikurirousku (fi) — Lactarius camphoratus	sikurirousku (fi)		2021-09-29	Lohja	Varsinais-Suomi (V)	Suomi	60.244806	23.807023		NEUTRAL	LajiGIS: Species mapping and surveys
sikurirousku (fi) — Lactarius camphoratus	sikurirousku (fi)		2021-09-28	Lohja	Varsinais-Suomi (V)	Suomi	60.244584	23.815359		NEUTRAL	LajiGIS: Species mapping and surveys
sikurirousku (fi) — Lactarius camphoratus	sikurirousku (fi)		2021-09-28	Lohja	Varsinais-Suomi (V)	Suomi	60.246833	23.814363		NEUTRAL	LajiGIS: Species mapping and surveys
sikurirousku (fi) — Lactarius camphoratus	sikurirousku (fi)	runsaasti	2021-09-28	Mikkeli	Etelä-Savo (ES)	Suomi	61.688881	27.410045	Sure	NEUTRAL	The Atlas of Finnish Fungi
sikurirousku (fi) — Lactarius camphoratus	sikurirousku (fi)		2021-09-27	Raasepori	Varsinais-Suomi (V)	Suomi	60.07398	23.71513		COMMUNITY_VERIFIED	iNaturalist Suomi Finland
sikurirousku (fi) — Lactarius camphoratus	sikurirousku (fi)		2021-09-26 [17:06]	Jyväskylä	Pohjois-Häme (PH)	Suomi	62.286857	25.638061	Sure	NEUTRAL	The Atlas of Finnish Fungi
sikurirousku (fi) — Lactarius camphoratus	sikurirousku (fi)	1	2021-09-25	Turku	Varsinais-Suomi (V)	Suomi	60.426763	22.206345	Sure	NEUTRAL	Notebook, general observations
sikurirousku (fi) — Lactarius camphoratus	sikurirousku (fi)		2021-09-25	Sipoo	Uusimaa (U)	Suomi	60.477346	25.238359	Sure	NEUTRAL	The Atlas of Finnish Fungi
sikurirousku (fi) — Lactarius camphoratus	sikurirousku (fi)		2021-09-24	Hartola, Sysmä	Etelä-Häme (EH)	Suomi	61.5	25.9		COMMUNITY_VERIFIED	iNaturalist Suomi Finland
sikurirousku (fi) — Lactarius camphoratus	sikurirousku (fi)		2021-09-24	Lohja	Varsinais-Suomi (V)	Suomi	60.245273	23.816016		NEUTRAL	LajiGIS: Species mapping and surveys
sikurirousku (fi) — Lactarius camphoratus	sikurirousku (fi)		2021-09-24	Lohja	Varsinais-Suomi (V)	Suomi	60.244688	23.814102		NEUTRAL	LajiGIS: Species mapping and surveys
sikurirousku (fi) — Lactarius camphoratus	sikurirousku (fi)		2021-09-23	Lohja	Varsinais-Suomi (V)	Suomi	60.244674	23.815369		NEUTRAL	LajiGIS: Species mapping and surveys
sikurirousku (fi) — Lactarius camphoratus	sikurirousku (fi)	Satoja	2021-09-22	Nokia	Etelä-Häme (EH)	Suomi	61.488548	23.469473	Sure	NEUTRAL	The Atlas of Finnish Fungi
sikurirousku (fi) — Lactarius camphoratus	sikurirousku (fi)		2021-09-22	Vantaa	Uusimaa (U)	Suomi	60.338339	25.087903	Sure	NEUTRAL	The Atlas of Finnish Fungi
sikurirousku (fi) — Lactarius camphoratus	sikurirousku (fi)		2021-09-21	Espoo	Uusimaa (U)	Suomi	60.24865	24.82452		COMMUNITY_VERIFIED	iNaturalist Suomi Finland
sikurirousku (fi) — Lactarius camphoratus	sikurirousku (fi)	useita	2021-09-20	Kuopio	Pohjois-Savo (PS)	Suomi	62.924333	27.663533	Sure	NEUTRAL	The Atlas of Finnish Fungi
sikurirousku (fi) — Lactarius camphoratus	sikurirousku (fi)		2021-09-20	Kitee	Pohjois-Karjala (PK)	Suomi	61.835128	29.799692	Sure	NEUTRAL	The Atlas of Finnish Fungi
sikurirousku (fi) — Lactarius camphoratus	sikurirousku (fi)		2021-09-20	Kuopio	Pohjois-Savo (PS)	Suomi	62.90383	27.72076		COMMUNITY_VERIFIED	iNaturalist Suomi Finland
sikurirousku (fi) — Lactarius camphoratus	sikurirousku (fi)		2021-09-19 [11:13]	Rautalampi	Pohjois-Häme (PH)	Suomi	62.562329	26.6253	Sure	NEUTRAL	The Atlas of Finnish Fungi
sikurirousku (fi) — Lactarius camphoratus	sikurirousku (fi)		2021-09-18	Kirkkonummi	Uusimaa (U)	Suomi	60.275506	24.465597	Sure	NEUTRAL	The Atlas of Finnish Fungi
sikurirousku (fi) — Lactarius camphoratus	sikurirousku (fi)		2021-09-18 [11:09]	Rautalampi	Pohjois-Häme (PH)	Suomi	62.555132	26.631547	Sure	NEUTRAL	The Atlas of Finnish Fungi
sikurirousku (fi) — Lactarius camphoratus	sikurirousku (fi)	Älyttömän paljon. Muutaman askeleen välein laajoja ryhmiä	2021-09-18	Heinola	Etelä-Häme (EH)	Suomi	61.284324	26.109211	Sure	NEUTRAL	The Atlas of Finnish Fungi
sikurirousku (fi) — Lactarius camphoratus	sikurirousku (fi)		2021-09-17	Heinävesi	Pohjois-Savo (PS)	Suomi	62.40557	28.76472	Sure	NEUTRAL	The Atlas of Finnish Fungi
sikurirousku (fi) — Lactarius camphoratus	sikurirousku (fi)	kymmeniä	2021-09-15	Sipoo	Uusimaa (U)	Suomi	60.478212	25.235468	Sure	NEUTRAL	The Atlas of Finnish Fungi
sikurirousku (fi) — Lactarius camphoratus	sikurirousku (fi)		2021-09-14	Lohja	Varsinais-Suomi (V)	Suomi	60.227021	23.869889		NEUTRAL	LajiGIS: Species mapping and surveys
sikurirousku (fi) — Lactarius camphoratus	sikurirousku (fi)		2021-09-14	Espoo	Uusimaa (U)	Suomi	60.32346	24.68662		COMMUNITY_VERIFIED	iNaturalist Suomi Finland
sikurirousku (fi) — Lactarius camphoratus	sikurirousku (fi)	noin 30	2021-09-13 [17:41]	Jyväskylä	Pohjois-Häme (PH)	Suomi	62.280013	25.631156	Unsure	COMMUNITY_VERIFIED	The Atlas of Finnish Fungi
sikurirousku (fi) — Lactarius camphoratus	sikurirousku (fi)		2021-09-13	Kouvola	Etelä-Savo (ES)	Suomi	61.183793	26.862028	Sure	NEUTRAL	The Atlas of Finnish Fungi
sikurirousku (fi) — Lactarius camphoratus	sikurirousku (fi)		2021-09-12	Joensuu	Pohjois-Karjala (PK)	Suomi	62.57591	29.82328		COMMUNITY_VERIFIED	iNaturalist Suomi Finland
sikurirousku (fi) — Lactarius camphoratus	sikurirousku (fi)		2021-09-10	Keuruu	Pohjois-Häme (PH)	Suomi	62.194828	24.78292	Sure	NEUTRAL	Notebook, general observations
sikurirousku (fi) — Lactarius camphoratus	sikurirousku (fi)		2021-09-09 [14:25]	Asikkala	Etelä-Häme (EH)	Suomi	61.220225	25.773885	Sure	NEUTRAL	The Atlas of Finnish Fungi
sikurirousku (fi) — Lactarius camphoratus	sikurirousku (fi)		2021-09-09	Oulu	Oulun Pohjanmaa (OP)	Suomi	65.00156	25.86387		COMMUNITY_VERIFIED	iNaturalist Suomi Finland
sikurirousku (fi) — Lactarius camphoratus	sikurirousku (fi)		2021-09-08 [9:04-12:16]	Jyväskylä	Pohjois-Häme (PH)	Suomi	62.253671	25.69453	Sure	NEUTRAL	The Atlas of Finnish Fungi
sikurirousku (fi) — Lactarius camphoratus	sikurirousku (fi)		2021-09-08 [9:04-12:16]	Jyväskylä	Pohjois-Häme (PH)	Suomi	62.252501	25.697638	Sure	NEUTRAL	The Atlas of Finnish Fungi
sikurirousku (fi) — Lactarius camphoratus	sikurirousku (fi)		2021-09-08 [11:41-12:34]	Asikkala	Etelä-Häme (EH)	Suomi	61.219475	25.72435	Sure	NEUTRAL	The Atlas of Finnish Fungi
sikurirousku (fi) — Lactarius camphoratus	sikurirousku (fi)	Paljon	2021-09-07	Asikkala	Etelä-Häme (EH)	Suomi	61.191259	25.688106	Sure	NEUTRAL	The Atlas of Finnish Fungi
sikurirousku (fi) — Lactarius camphoratus	sikurirousku (fi)	runsaasti	2021-09-07	Asikkala	Etelä-Häme (EH)	Suomi	61.161847	25.635048	Sure	NEUTRAL	The Atlas of Finnish Fungi
sikurirousku (fi) — Lactarius camphoratus	sikurirousku (fi)		2021-09-07	Pieksämäki	Pohjois-Savo (PS)	Suomi	62.237347	27.425939	Sure	NEUTRAL	Notebook, general observations
sikurirousku (fi) — Lactarius camphoratus	sikurirousku (fi)		2021-09-06	Asikkala	Etelä-Häme (EH)	Suomi	61.208573	25.592469	Sure	NEUTRAL	The Atlas of Finnish Fungi
sikurirousku (fi) — Lactarius camphoratus	sikurirousku (fi)	muutamia	2021-09-06 - 2021-09-11	Porvoo	Uusimaa (U)	Suomi	60.421346	25.751106	Sure	NEUTRAL	Notebook, general observations
sikurirousku (fi) — Lactarius camphoratus	sikurirousku (fi)		2021-09-06 [18:05-18:34]	Asikkala	Etelä-Häme (EH)	Suomi	61.189323	25.679548	Sure	EXPERT_VERIFIED	The Atlas of Finnish Fungi
sikurirousku (fi) — Lactarius camphoratus	sikurirousku (fi)	siellä täällä koko maastossa	2021-09-06	Asikkala	Etelä-Häme (EH)	Suomi	61.189484	25.65894	Sure	EXPERT_VERIFIED	The Atlas of Finnish Fungi
sikurirousku (fi) — Lactarius camphoratus	sikurirousku (fi)		2021-09-05	Vantaa	Uusimaa (U)	Suomi	60.30169	25.16225		COMMUNITY_VERIFIED	iNaturalist Suomi Finland
sikurirousku (fi) — Lactarius camphoratus	sikurirousku (fi)		2021-09-04	Mikkeli	Etelä-Savo (ES)	Suomi	61.6712	27.38898		COMMUNITY_VERIFIED	iNaturalist Suomi Finland
sikurirousku (fi) — Lactarius camphoratus	sikurirousku (fi)		2021-09-03	Jyväskylä	Pohjois-Häme (PH)	Suomi	62.257725	25.711012	Sure	NEUTRAL	Notebook, general observations
sikurirousku (fi) — Lactarius camphoratus	sikurirousku (fi)		2021-09-02	Laitila	Varsinais-Suomi (V)	Suomi	60.74967	21.7607		COMMUNITY_VERIFIED	iNaturalist Suomi Finland
sikurirousku (fi) — Lactarius camphoratus	sikurirousku (fi)	muutamia	2021-09-02 - 2021-09-09	Loviisa	Uusimaa (U)	Suomi	60.453996	25.945734	Sure	NEUTRAL	Notebook, general observations
sikurirousku (fi) — Lactarius camphoratus	sikurirousku (fi)		2021-09-01	Hämeenlinna	Etelä-Häme (EH)	Suomi	61.06787	24.10811		COMMUNITY_VERIFIED	iNaturalist Suomi Finland
sikurirousku (fi) — Lactarius camphoratus	sikurirousku (fi)		2021-08-31	Heinola	Etelä-Häme (EH)	Suomi	61.200113	26.091897	Sure	EXPERT_VERIFIED	The Atlas of Finnish Fungi
sikurirousku (fi) — Lactarius camphoratus	sikurirousku (fi)		2021-08-30	Asikkala	Etelä-Häme (EH)	Suomi	61.19963	25.698873	Sure	EXPERT_VERIFIED	The Atlas of Finnish Fungi
sikurirousku (fi) — Lactarius camphoratus	sikurirousku (fi)	yleinen	2021-08-29 - 2021-09-26	Kirkkonummi	Uusimaa (U)	Suomi	60.2981	24.454326	Sure	NEUTRAL	Notebook, general observations
sikurirousku (fi) — Lactarius camphoratus	sikurirousku (fi)		2021-08-28	Espoo	Uusimaa (U)	Suomi	60.343794	24.62148	Sure	EXPERT_VERIFIED	The Atlas of Finnish Fungi
sikurirousku (fi) — Lactarius camphoratus	sikurirousku (fi)		2021-08-28	Savonlinna	Etelä-Savo (ES)	Suomi	61.864722	29.209076	Sure	EXPERT_VERIFIED	The Atlas of Finnish Fungi
sikurirousku (fi) — Lactarius camphoratus	sikurirousku (fi)		2021-08-27	Juuka	Pohjois-Karjala (PK)	Suomi	63.091099	29.546998	Sure	NEUTRAL	Notebook, general observations
sikurirousku (fi) — Lactarius camphoratus	sikurirousku (fi)		2021-08-26	Savonlinna	Etelä-Savo (ES)	Suomi	61.905561	29.225285	Sure	EXPERT_VERIFIED	The Atlas of Finnish Fungi
sikurirousku (fi) — Lactarius camphoratus	sikurirousku (fi)	yleinen	2021-08-25 - 2021-08-26	Keitele	Pohjois-Häme (PH)	Suomi	63.152997	26.283875	Sure	NEUTRAL	Notebook, general observations
sikurirousku (fi) — Lactarius camphoratus	sikurirousku (fi)		2021-08-22	Rautalampi	Pohjois-Häme (PH)	Suomi	62.555855	26.62191	Sure	NEUTRAL	The Atlas of Finnish Fungi
sikurirousku (fi) — Lactarius camphoratus	sikurirousku (fi)		2021-08-22	Mikkeli	Etelä-Savo (ES)	Suomi	61.69607	27.42462		COMMUNITY_VERIFIED	iNaturalist Suomi Finland
sikurirousku (fi) — Lactarius camphoratus	sikurirousku (fi)		2021-08-21	Leppävirta	Pohjois-Savo (PS)	Suomi	62.560724	27.696883	Sure	NEUTRAL	The Atlas of Finnish Fungi
sikurirousku (fi) — Lactarius camphoratus	sikurirousku (fi)		2021-08-20	Enonkoski, Savonlinna	Etelä-Savo (ES)	Suomi	62.13169	29.07089		COMMUNITY_VERIFIED	iNaturalist Suomi Finland
sikurirousku (fi) — Lactarius camphoratus	sikurirousku (fi)		2021-08-20	Leppävirta	Pohjois-Savo (PS)	Suomi	62.512669	27.739121	Sure	NEUTRAL	The Atlas of Finnish Fungi
sikurirousku (fi) — Lactarius camphoratus	sikurirousku (fi)	yleinen	2021-08-17 - 2021-09-21	Pyhtää	Uusimaa (U)	Suomi	60.413643	26.59644	Sure	NEUTRAL	Notebook, general observations
sikurirousku (fi) — Lactarius camphoratus	sikurirousku (fi)	yleinen	2021-08-16 - 2021-09-15	Loviisa	Uusimaa (U)	Suomi	60.458868	26.342419	Sure	NEUTRAL	Notebook, general observations
sikurirousku (fi) — Lactarius camphoratus	sikurirousku (fi)	runsaasti	2021-08-16	Somero	Etelä-Häme (EH)	Suomi	60.497154	23.650558	Sure	NEUTRAL	The Atlas of Finnish Fungi
sikurirousku (fi) — Lactarius camphoratus	sikurirousku (fi)		2021-08-14	Sipoo	Uusimaa (U)	Suomi	60.460451	25.191713	Sure	NEUTRAL	The Atlas of Finnish Fungi
sikurirousku (fi) — Lactarius camphoratus	sikurirousku (fi)	yleinen	2021-08-13 - 2021-09-03	Joensuu, Tohmajärvi	Pohjois-Karjala (PK)	Suomi	62.336686	30.669658	Sure	NEUTRAL	Notebook, general observations
sikurirousku (fi) — Lactarius camphoratus	sikurirousku (fi)	yleinen	2021-08-13 - 2021-09-03	Tohmajärvi	Pohjois-Karjala (PK)	Suomi	62.316031	30.565375	Sure	NEUTRAL	Notebook, general observations
sikurirousku (fi) — Lactarius camphoratus	sikurirousku (fi)	4	2021-08-13	Loppi	Etelä-Häme (EH)	Suomi	60.670829	24.391569	Sure	NEUTRAL	The Atlas of Finnish Fungi
sikurirousku (fi) — Lactarius camphoratus	sikurirousku (fi)		2021-08-11	Karkkila	Varsinais-Suomi (V)	Suomi	60.536992	24.398655	Sure	NEUTRAL	The Atlas of Finnish Fungi
sikurirousku (fi) — Lactarius camphoratus	sikurirousku (fi)		2021-08-09	Raasepori, Salo	Uusimaa (U), Varsinais-Suomi (V)	Suomi	60.1	23.5		COMMUNITY_VERIFIED	iNaturalist Suomi Finland
sikurirousku (fi) — Lactarius camphoratus	sikurirousku (fi)		2021-08-08	Vesilahti	Etelä-Häme (EH)	Suomi	61.315287	23.393928	Sure	NEUTRAL	The Atlas of Finnish Fungi
sikurirousku (fi) — Lactarius camphoratus	sikurirousku (fi)	yleinen	2021-08-07 - 2021-09-04	Kitee	Pohjois-Karjala (PK)	Suomi	62.098029	30.344033	Sure	NEUTRAL	Notebook, general observations
sikurirousku (fi) — Lactarius camphoratus	sikurirousku (fi)	yleinen	2021-08-06 - 2021-08-19	Nurmes	Pohjois-Karjala (PK)	Suomi	63.564769	29.245042	Sure	NEUTRAL	Notebook, general observations
sikurirousku (fi) — Lactarius camphoratus	sikurirousku (fi)	Useita	2021-08-05	Salo	Varsinais-Suomi (V)	Suomi	60.203487	22.941671	Sure	NEUTRAL	The Atlas of Finnish Fungi
sikurirousku (fi) — Lactarius camphoratus	sikurirousku (fi)	muutama	2021-08-05	Salo	Varsinais-Suomi (V)	Suomi	60.209158	22.940997	Sure	NEUTRAL	The Atlas of Finnish Fungi
sikurirousku (fi) — Lactarius camphoratus	sikurirousku (fi)		2021-08-04 [10:23-10:32]	Hankasalmi	Pohjois-Häme (PH)	Suomi	62.320057	26.355863	Sure	NEUTRAL	The Atlas of Finnish Fungi
sikurirousku (fi) — Lactarius camphoratus	sikurirousku (fi)	1	2021-08-01	Heinola	Etelä-Häme (EH)	Suomi	61.190797	26.059454	Sure	NEUTRAL	The Atlas of Finnish Fungi
sikurirousku (fi) — Lactarius camphoratus	sikurirousku (fi)	yleinen	2021-08-01 - 2021-09-13	Loviisa	Uusimaa (U)	Suomi	60.352228	26.03876	Sure	NEUTRAL	Notebook, general observations
sikurirousku (fi) — Lactarius camphoratus	sikurirousku (fi)		2021-07-31	Pälkäne	Etelä-Häme (EH)	Suomi	61.39009	24.87912		COMMUNITY_VERIFIED	iNaturalist Suomi Finland
sikurirousku (fi) — Lactarius camphoratus	sikurirousku (fi)		2021-07-10 [14:09]	Salo	Varsinais-Suomi (V)	Suomi	60.335166	23.204424	Sure	NEUTRAL	The Atlas of Finnish Fungi
sikurirousku (fi) — Lactarius camphoratus	sikurirousku (fi)		2020-10-24	Helsinki	Uusimaa (U)	Suomi	60.203437	24.95849	Sure	NEUTRAL	The Atlas of Finnish Fungi
sikurirousku (fi) — Lactarius camphoratus	sikurirousku (fi)		2020-10-17	Espoo	Uusimaa (U)	Suomi	60.117677	24.704222	Sure	EXPERT_VERIFIED	The Atlas of Finnish Fungi
sikurirousku (fi) — Lactarius camphoratus	sikurirousku (fi)	9	2020-10-13	Oulu	Oulun Pohjanmaa (OP)	Suomi	65.013045	25.431193	Sure	NEUTRAL	The Atlas of Finnish Fungi
sikurirousku (fi) — Lactarius camphoratus	sikurirousku (fi)		2020-10-02	Lohja	Varsinais-Suomi (V)	Suomi	60.243535	24.047229	Sure	EXPERT_VERIFIED	The Atlas of Finnish Fungi
sikurirousku (fi) — Lactarius camphoratus	sikurirousku (fi)		2020-09-27	Helsinki	Uusimaa (U)	Suomi	60.25959	24.92999		EXPERT_VERIFIED	iNaturalist Suomi Finland
sikurirousku (fi) — Lactarius camphoratus	sikurirousku (fi)		2020-09-24	Turku	Varsinais-Suomi (V)	Suomi	60.45923	22.16279		COMMUNITY_VERIFIED	iNaturalist Suomi Finland
sikurirousku (fi) — Lactarius camphoratus	sikurirousku (fi)		2020-09-23	Vihti	Varsinais-Suomi (V)	Suomi	60.553824	24.470707	Sure	EXPERT_VERIFIED	The Atlas of Finnish Fungi
sikurirousku (fi) — Lactarius camphoratus	sikurirousku (fi)		2020-09-20	Hämeenkyrö, Ikaalinen, Ylöjärvi	Satakunta (St)	Suomi	61.747007	23.114932	Sure	EXPERT_VERIFIED	The Atlas of Finnish Fungi
sikurirousku (fi) — Lactarius camphoratus	sikurirousku (fi)		2020-09-19	Vehmaa	Varsinais-Suomi (V)	Suomi	60.74538	21.75753		EXPERT_VERIFIED	iNaturalist Suomi Finland
sikurirousku (fi) — Lactarius camphoratus	sikurirousku (fi)		2020-09-19	Lahti	Etelä-Häme (EH)	Suomi	60.94279	25.763679	Sure	EXPERT_VERIFIED	The Atlas of Finnish Fungi
sikurirousku (fi) — Lactarius camphoratus	sikurirousku (fi)		2020-09-19	Kitee	Pohjois-Karjala (PK)	Suomi	62.091495	29.88272	Sure	NEUTRAL	The Atlas of Finnish Fungi
sikurirousku (fi) — Lactarius camphoratus	sikurirousku (fi)	muutamia	2020-09-19	Sipoo	Uusimaa (U)	Suomi	60.354581	25.202718	Sure	EXPERT_VERIFIED	The Atlas of Finnish Fungi
sikurirousku (fi) — Lactarius camphoratus	sikurirousku (fi)		2020-09-19	Helsinki	Uusimaa (U)	Suomi	60.2361	24.88232		COMMUNITY_VERIFIED	iNaturalist Suomi Finland
sikurirousku (fi) — Lactarius camphoratus	sikurirousku (fi)		2020-09-18 - 2020-09-20	Savonlinna	Etelä-Savo (ES)	Suomi	61.865149	29.240778	Sure	EXPERT_VERIFIED	The Atlas of Finnish Fungi
sikurirousku (fi) — Lactarius camphoratus	sikurirousku (fi)		2020-09-16	Vantaa	Uusimaa (U)	Suomi	60.27728	24.96251		COMMUNITY_VERIFIED	iNaturalist Suomi Finland
sikurirousku (fi) — Lactarius camphoratus	sikurirousku (fi)	muutama	2020-09-15	Salo	Varsinais-Suomi (V)	Suomi	60.354836	23.563155	Sure	EXPERT_VERIFIED	The Atlas of Finnish Fungi
sikurirousku (fi) — Lactarius camphoratus	sikurirousku (fi)	noin sata	2020-09-14	Hämeenkyrö, Nokia	Etelä-Häme (EH)	Suomi	61.483584	23.335748	Sure	EXPERT_VERIFIED	The Atlas of Finnish Fungi
sikurirousku (fi) — Lactarius camphoratus	sikurirousku (fi)		2020-09-13	Varkaus	Pohjois-Savo (PS)	Suomi	62.277068	28.146179	Sure	EXPERT_VERIFIED	The Atlas of Finnish Fungi
sikurirousku (fi) — Lactarius camphoratus	sikurirousku (fi)		2020-09-13	Loppi	Etelä-Häme (EH)	Suomi	60.678196	24.421943	Sure	EXPERT_VERIFIED	The Atlas of Finnish Fungi
sikurirousku (fi) — Lactarius camphoratus	sikurirousku (fi)	>30	2020-09-11	Vaasa	Etelä-Pohjanmaa (EP)	Suomi	63.099466	21.742515	Sure	NEUTRAL	The Atlas of Finnish Fungi
sikurirousku (fi) — Lactarius camphoratus	sikurirousku (fi)	>10	2020-09-11	Vaasa	Etelä-Pohjanmaa (EP)	Suomi	63.105091	21.744294	Sure	NEUTRAL	The Atlas of Finnish Fungi
sikurirousku (fi) — Lactarius camphoratus	sikurirousku (fi)		2020-09-09	Miehikkälä	Etelä-Karjala (EK)	Suomi	60.657513	27.803338	Sure	EXPERT_VERIFIED	The Atlas of Finnish Fungi
sikurirousku (fi) — Lactarius camphoratus	sikurirousku (fi)		2020-09-09	Enontekiö	Enontekiön Lappi (EnL)	Suomi	68.391259	24.082195	Sure	NEUTRAL	The Atlas of Finnish Fungi
sikurirousku (fi) — Lactarius camphoratus	sikurirousku (fi)		2020-09-08	Virolahti	Etelä-Karjala (EK)	Suomi	60.566099	27.390728	Sure	EXPERT_VERIFIED	The Atlas of Finnish Fungi
sikurirousku (fi) — Lactarius camphoratus	sikurirousku (fi)		2020-09-07	Alavus, Seinäjoki	Etelä-Pohjanmaa (EP)	Suomi	62.7	23.1		COMMUNITY_VERIFIED	iNaturalist Suomi Finland
sikurirousku (fi) — Lactarius camphoratus	sikurirousku (fi)	>20	2020-09-06	Vaasa	Etelä-Pohjanmaa (EP)	Suomi	63.097736	21.742036	Sure	NEUTRAL	The Atlas of Finnish Fungi
sikurirousku (fi) — Lactarius camphoratus	sikurirousku (fi)	Muutamia	2020-09-05	Riihimäki	Etelä-Häme (EH)	Suomi	60.721357	24.804692	Sure	EXPERT_VERIFIED	The Atlas of Finnish Fungi
sikurirousku (fi) — Lactarius camphoratus	sikurirousku (fi)	useita	2020-09-05	Salo	Varsinais-Suomi (V)	Suomi	60.496337	23.06597	Sure	EXPERT_VERIFIED	The Atlas of Finnish Fungi
sikurirousku (fi) — Lactarius camphoratus	sikurirousku (fi)	useita	2020-09-03 - 2020-09-06	Loviisa	Uusimaa (U)	Suomi	60.421346	25.953543	Sure	NEUTRAL	Notebook, general observations
sikurirousku (fi) — Lactarius camphoratus	sikurirousku (fi)		2020-09-02	Helsinki	Uusimaa (U)	Suomi	60.202878	25.171471	Sure	EXPERT_VERIFIED	The Atlas of Finnish Fungi
sikurirousku (fi) — Lactarius camphoratus	sikurirousku (fi)	muutama	2020-09-02	Salo	Varsinais-Suomi (V)	Suomi	60.325469	23.541609	Sure	EXPERT_VERIFIED	The Atlas of Finnish Fungi
sikurirousku (fi) — Lactarius camphoratus	sikurirousku (fi)	2	2020-09-01	Oulu	Oulun Pohjanmaa (OP)	Suomi	65.064835	25.464541	Sure	NEUTRAL	The Atlas of Finnish Fungi
sikurirousku (fi) — Lactarius camphoratus	sikurirousku (fi)		2020-08-29	Mäntyharju	Etelä-Savo (ES)	Suomi	61.39671	26.88773		COMMUNITY_VERIFIED	iNaturalist Suomi Finland
sikurirousku (fi) — Lactarius camphoratus	sikurirousku (fi)		2020-08-29	Mäntyharju	Etelä-Savo (ES)	Suomi	61.39656	26.88766		COMMUNITY_VERIFIED	iNaturalist Suomi Finland
sikurirousku (fi) — Lactarius camphoratus	sikurirousku (fi)		2020-08-29	Helsinki	Uusimaa (U)	Suomi	60.23973	25.14063		COMMUNITY_VERIFIED	iNaturalist Suomi Finland
sikurirousku (fi) — Lactarius camphoratus	sikurirousku (fi)		2020-08-28	Vehmaa	Varsinais-Suomi (V)	Suomi	60.74542	21.75615		COMMUNITY_VERIFIED	iNaturalist Suomi Finland
sikurirousku (fi) — Lactarius camphoratus	sikurirousku (fi)	muutama	2020-08-28	Salo	Varsinais-Suomi (V)	Suomi	60.202134	22.935072	Sure	EXPERT_VERIFIED	The Atlas of Finnish Fungi
sikurirousku (fi) — Lactarius camphoratus	sikurirousku (fi)		2020-08-26	Vihti	Varsinais-Suomi (V)	Suomi	60.522086	24.464633	Sure	EXPERT_VERIFIED	The Atlas of Finnish Fungi
sikurirousku (fi) — Lactarius camphoratus	sikurirousku (fi)	>20	2020-08-25	Vaasa	Etelä-Pohjanmaa (EP)	Suomi	63.097704	21.742183	Sure	NEUTRAL	The Atlas of Finnish Fungi
sikurirousku (fi) — Lactarius camphoratus	sikurirousku (fi)		2020-08-23	Uusikaarlepyy	Keski-Pohjanmaa (KP)	Suomi	63.3898	22.39278		NEUTRAL	iNaturalist Suomi Finland
sikurirousku (fi) — Lactarius camphoratus	sikurirousku (fi)	Siellä täällä ympäri aluetta	2020-08-22	Jyväskylä, Muurame	Etelä-Häme (EH), Pohjois-Häme (PH)	Suomi	62.182414	25.74731	Sure	EXPERT_VERIFIED	The Atlas of Finnish Fungi
sikurirousku (fi) — Lactarius camphoratus	sikurirousku (fi)	useita	2020-08-21	Ristijärvi	Kainuu (Kn)	Suomi	64.451283	28.191642	Sure	NEUTRAL	Notebook, general observations
sikurirousku (fi) — Lactarius camphoratus	sikurirousku (fi)		2020-08-21	Leppävirta	Pohjois-Savo (PS)	Suomi	62.478546	27.815244	Sure	NEUTRAL	The Atlas of Finnish Fungi
sikurirousku (fi) — Lactarius camphoratus	sikurirousku (fi)	>20	2020-08-19	Mustasaari	Etelä-Pohjanmaa (EP)	Suomi	63.24157	21.569801	Sure	NEUTRAL	The Atlas of Finnish Fungi
sikurirousku (fi) — Lactarius camphoratus	sikurirousku (fi)	1	2020-08-17	Oulu	Oulun Pohjanmaa (OP)	Suomi	64.972977	25.205484	Sure	NEUTRAL	The Atlas of Finnish Fungi
sikurirousku (fi) — Lactarius camphoratus	sikurirousku (fi)		2020-08-10	Heinävesi	Pohjois-Savo (PS)	Suomi	62.39272	28.81387	Sure	EXPERT_VERIFIED	The Atlas of Finnish Fungi
sikurirousku (fi) — Lactarius camphoratus	sikurirousku (fi)		2020-08-07	Heinävesi	Pohjois-Savo (PS)	Suomi	62.406651	28.772289	Sure	NEUTRAL	The Atlas of Finnish Fungi
sikurirousku (fi) — Lactarius camphoratus	sikurirousku (fi)	3	2020-08-07	Tuusula	Uusimaa (U)	Suomi	60.522163	25.019889	Sure	EXPERT_VERIFIED	The Atlas of Finnish Fungi
sikurirousku (fi) — Lactarius camphoratus	sikurirousku (fi)	10+	2020-08-07	Mikkeli	Etelä-Savo (ES)	Suomi	61.684974	27.559814	Sure	EXPERT_VERIFIED	The Atlas of Finnish Fungi
sikurirousku (fi) — Lactarius camphoratus	sikurirousku (fi)	muutama	2020-08-07	Sipoo	Uusimaa (U)	Suomi	60.354934	25.202747	Sure	EXPERT_VERIFIED	The Atlas of Finnish Fungi
sikurirousku (fi) — Lactarius camphoratus	sikurirousku (fi)		2020-08-07	Heinävesi	Pohjois-Savo (PS)	Suomi	62.45722	28.75952	Sure	EXPERT_VERIFIED	The Atlas of Finnish Fungi
sikurirousku (fi) — Lactarius camphoratus	sikurirousku (fi)		2020-08-05	Vantaa	Uusimaa (U)	Suomi	60.29745	25.15763		EXPERT_VERIFIED	iNaturalist Suomi Finland
sikurirousku (fi) — Lactarius camphoratus	sikurirousku (fi)		2020-08-05	Helsinki	Uusimaa (U)	Suomi	60.227411	25.172955	Sure	EXPERT_VERIFIED	The Atlas of Finnish Fungi
sikurirousku (fi) — Lactarius camphoratus	sikurirousku (fi)		2020-08-04	Hanko	Uusimaa (U)	Suomi	59.855763	23.072371	Sure	EXPERT_VERIFIED	The Atlas of Finnish Fungi
sikurirousku (fi) — Lactarius camphoratus	sikurirousku (fi)	3	2020-08-04	Raisio	Varsinais-Suomi (V)	Suomi	60.519	22.168	Sure	EXPERT_VERIFIED	The Atlas of Finnish Fungi
sikurirousku (fi) — Lactarius camphoratus	sikurirousku (fi)	1	2020-08-04	Heinävesi	Pohjois-Savo (PS)	Suomi	62.55879	28.645465	Sure	NEUTRAL	Notebook, general observations
sikurirousku (fi) — Lactarius camphoratus	sikurirousku (fi)	1	2020-08-03	Kokkola	Keski-Pohjanmaa (KP)	Suomi	64.027853	23.51366	Sure	NEUTRAL	The Atlas of Finnish Fungi
sikurirousku (fi) — Lactarius camphoratus	sikurirousku (fi)		2020-08-03	Hanko	Uusimaa (U)	Suomi	59.910968	23.208093	Sure	EXPERT_VERIFIED	The Atlas of Finnish Fungi
sikurirousku (fi) — Lactarius camphoratus	sikurirousku (fi)		2020-08-01	Vihti	Varsinais-Suomi (V)	Suomi	60.36291	24.483474	Sure	EXPERT_VERIFIED	The Atlas of Finnish Fungi
sikurirousku (fi) — Lactarius camphoratus	sikurirousku (fi)		2020-07-29	Rautalampi	Pohjois-Häme (PH)	Suomi	62.558561	26.622981	Sure	NEUTRAL	The Atlas of Finnish Fungi
sikurirousku (fi) — Lactarius camphoratus	sikurirousku (fi)	Kymmeniä	2020-07-28	Heinola	Etelä-Häme (EH)	Suomi	61.23335	26.100853	Sure	NEUTRAL	The Atlas of Finnish Fungi
sikurirousku (fi) — Lactarius camphoratus	sikurirousku (fi)	5	2020-07-27	Tuusula	Uusimaa (U)	Suomi	60.448852	24.981301	Sure	NEUTRAL	The Atlas of Finnish Fungi
sikurirousku (fi) — Lactarius camphoratus	sikurirousku (fi)	Useita	2020-07-27	Rautalampi	Pohjois-Häme (PH)	Suomi	62.555471	26.623126	Sure	EXPERT_VERIFIED	The Atlas of Finnish Fungi
sikurirousku (fi) — Lactarius camphoratus	sikurirousku (fi)		2020-07-27	Helsinki	Uusimaa (U)	Suomi	60.26492	24.91594		COMMUNITY_VERIFIED	iNaturalist Suomi Finland
sikurirousku (fi) — Lactarius camphoratus	sikurirousku (fi)	Useita	2020-07-25	Ruokolahti	Etelä-Savo (ES)	Suomi	61.353765	28.324886	Sure	NEUTRAL	Notebook, general observations
sikurirousku (fi) — Lactarius camphoratus	sikurirousku (fi)	1	2020-07-23	Kalajoki, Kokkola	Keski-Pohjanmaa (KP)	Suomi	64.092905	23.503537	Sure	NEUTRAL	The Atlas of Finnish Fungi
sikurirousku (fi) — Lactarius camphoratus	sikurirousku (fi)	kymmeniä	2020-07-22	Lappeenranta	Etelä-Savo (ES)	Suomi	61.098715	28.245016	Sure	EXPERT_VERIFIED	The Atlas of Finnish Fungi
sikurirousku (fi) — Lactarius camphoratus	sikurirousku (fi)		2019-10-21	Kustavi	Varsinais-Suomi (V)	Suomi	60.550609	21.294918		NEUTRAL	LajiGIS: Species mapping and surveys
sikurirousku (fi) — Lactarius camphoratus	sikurirousku (fi)		2019-10-19	Kustavi	Varsinais-Suomi (V)	Suomi	60.623652	21.31919		NEUTRAL	LajiGIS: Species mapping and surveys
sikurirousku (fi) — Lactarius camphoratus	sikurirousku (fi)		2019-10-16	Salo	Varsinais-Suomi (V)	Suomi	60.432841	23.064479		NEUTRAL	LajiGIS: Species mapping and surveys
sikurirousku (fi) — Lactarius camphoratus	sikurirousku (fi)	Muutamia	2019-10-13	Vantaa	Uusimaa (U)	Suomi	60.29571	25.14986	Sure	EXPERT_VERIFIED	Notebook, general observations
sikurirousku (fi) — Lactarius camphoratus	sikurirousku (fi)		2019-10-13	Lohja	Varsinais-Suomi (V)	Suomi	60.242604	23.808149		NEUTRAL	LajiGIS: Species mapping and surveys
sikurirousku (fi) — Lactarius camphoratus	sikurirousku (fi)	Muutamia	2019-10-12	Espoo	Uusimaa (U)	Suomi	60.200592	24.644779	Sure	EXPERT_VERIFIED	The Atlas of Finnish Fungi
sikurirousku (fi) — Lactarius camphoratus	sikurirousku (fi)		2019-10-11	Laitila	Varsinais-Suomi (V)	Suomi	60.921216	21.62557		NEUTRAL	LajiGIS: Species mapping and surveys
sikurirousku (fi) — Lactarius camphoratus	sikurirousku (fi)		2019-10-10	Parainen	Varsinais-Suomi (V)	Suomi	60.286918	21.325393		NEUTRAL	LajiGIS: Species mapping and surveys
sikurirousku (fi) — Lactarius camphoratus	sikurirousku (fi)	1	2019-10-09	Jyväskylä	Pohjois-Häme (PH)	Suomi	62.188876	25.877277	Sure	NEUTRAL	The Atlas of Finnish Fungi
sikurirousku (fi) — Lactarius camphoratus	sikurirousku (fi)		2019-10-09	Parainen	Varsinais-Suomi (V)	Suomi	60.283879	21.319021		NEUTRAL	LajiGIS: Species mapping and surveys
sikurirousku (fi) — Lactarius camphoratus	sikurirousku (fi)	kymmenkunta, yksi esiintymä	2019-10-08	Helsinki	Uusimaa (U)	Suomi	60.232965	25.160524	Sure	NEUTRAL	The Atlas of Finnish Fungi
sikurirousku (fi) — Lactarius camphoratus	sikurirousku (fi)	useita	2019-10-07	Turku	Varsinais-Suomi (V)	Suomi	60.432146	22.154928	Sure	EXPERT_VERIFIED	The Atlas of Finnish Fungi
sikurirousku (fi) — Lactarius camphoratus	sikurirousku (fi)	Muutamia	2019-10-05	Rautalampi	Pohjois-Häme (PH)	Suomi	62.562862	26.624861	Sure	EXPERT_VERIFIED	The Atlas of Finnish Fungi
sikurirousku (fi) — Lactarius camphoratus	sikurirousku (fi)		2019-10-05	Espoo	Uusimaa (U)	Suomi	60.112025	24.709834	Sure	EXPERT_VERIFIED	The Atlas of Finnish Fungi
sikurirousku (fi) — Lactarius camphoratus	sikurirousku (fi)	10-20	2019-10-04	Lohja	Varsinais-Suomi (V)	Suomi	60.154578	23.988506	Sure	EXPERT_VERIFIED	The Atlas of Finnish Fungi
sikurirousku (fi) — Lactarius camphoratus	sikurirousku (fi)		2019-10-02	Laitila	Varsinais-Suomi (V)	Suomi	60.880551	21.656202		NEUTRAL	LajiGIS: Species mapping and surveys
sikurirousku (fi) — Lactarius camphoratus	sikurirousku (fi)		2019-09-27	Lohja	Varsinais-Suomi (V)	Suomi	60.197891	23.664211		NEUTRAL	LajiGIS: Species mapping and surveys
sikurirousku (fi) — Lactarius camphoratus	sikurirousku (fi)		2019-09-22	Sipoo	Uusimaa (U)	Suomi	60.317552	25.429428	Sure	EXPERT_VERIFIED	The Atlas of Finnish Fungi
sikurirousku (fi) — Lactarius camphoratus	sikurirousku (fi)		2019-09-21	Kirkkonummi	Uusimaa (U)	Suomi	59.98781	24.4452	Sure	NEUTRAL	Notebook, general observations
sikurirousku (fi) — Lactarius camphoratus	sikurirousku (fi)		2019-09-20	Lohja	Varsinais-Suomi (V)	Suomi	60.205652	23.70159		NEUTRAL	LajiGIS: Species mapping and surveys
sikurirousku (fi) — Lactarius camphoratus	sikurirousku (fi)		2019-09-14	Merikarvia	Satakunta (St)	Suomi	61.815075	21.650993	Sure	EXPERT_VERIFIED	The Atlas of Finnish Fungi
sikurirousku (fi) — Lactarius camphoratus	sikurirousku (fi)		2019-09-14	Keuruu	Pohjois-Häme (PH)	Suomi	62.194852	24.783143	Sure	NEUTRAL	Notebook, general observations
sikurirousku (fi) — Lactarius camphoratus	sikurirousku (fi)		2019-09-13 [9:00-14:00]	Helsinki, Vantaa	Uusimaa (U)	Suomi	60.275456	25.161291	Sure	NEUTRAL	Notebook, general observations
sikurirousku (fi) — Lactarius camphoratus	sikurirousku (fi)	10	2019-09-12	Espoo	Uusimaa (U)	Suomi	60.28127	24.727117	Sure	EXPERT_VERIFIED	The Atlas of Finnish Fungi
sikurirousku (fi) — Lactarius camphoratus	sikurirousku (fi)		2019-09-12	Lohja	Varsinais-Suomi (V)	Suomi	60.241293	23.798119		NEUTRAL	LajiGIS: Species mapping and surveys
sikurirousku (fi) — Lactarius camphoratus	sikurirousku (fi)	15	2019-09-10	Tuusula	Uusimaa (U)	Suomi	60.447668	24.9583	Sure	EXPERT_VERIFIED	The Atlas of Finnish Fungi
sikurirousku (fi) — Lactarius camphoratus	sikurirousku (fi)	9	2019-09-01	Toivakka	Pohjois-Häme (PH)	Suomi	62.043342	26.145438	Sure	EXPERT_VERIFIED	The Atlas of Finnish Fungi
sikurirousku (fi) — Lactarius camphoratus	sikurirousku (fi)	4	2019-08-31	Savonlinna	Etelä-Savo (ES)	Suomi	61.832908	29.209929	Sure	EXPERT_VERIFIED	The Atlas of Finnish Fungi
sikurirousku (fi) — Lactarius camphoratus	sikurirousku (fi)		2019-08-25	Savonlinna	Etelä-Savo (ES)	Suomi	61.803062	29.193852	Sure	EXPERT_VERIFIED	The Atlas of Finnish Fungi
sikurirousku (fi) — Lactarius camphoratus	sikurirousku (fi)	1	2019-08-20	Kangasniemi	Etelä-Savo (ES)	Suomi	62.2285	26.5541	Sure	EXPERT_VERIFIED	The Atlas of Finnish Fungi
sikurirousku (fi) — Lactarius camphoratus	sikurirousku (fi)		2019-07-22	Espoo	Uusimaa (U)	Suomi	60.2483	24.611498	Sure	EXPERT_VERIFIED	The Atlas of Finnish Fungi
sikurirousku (fi) — Lactarius camphoratus	sikurirousku (fi)		2019-04-30 - 2019-10-25	Kirkkonummi	Uusimaa (U)	Suomi	59.989227	24.437053	Sure	NEUTRAL	Notebook, general observations
sikurirousku (fi) — Lactarius camphoratus	sikurirousku (fi)		2018-10-04	Salo	Varsinais-Suomi (V)	Suomi	60.313952	23.567693		NEUTRAL	LajiGIS: Species mapping and surveys
sikurirousku (fi) — Lactarius camphoratus	sikurirousku (fi)	runsas	2018-10-01	Loviisa	Uusimaa (U)	Suomi	60.499668	26.224021	Sure	NEUTRAL	Notebook, general observations
sikurirousku (fi) — Lactarius camphoratus	sikurirousku (fi)		2018-09-30	Raisio	Varsinais-Suomi (V)	Suomi	60.458635	22.085681	Sure	EXPERT_VERIFIED	The Atlas of Finnish Fungi
sikurirousku (fi) — Lactarius camphoratus	sikurirousku (fi)	5	2018-09-27	Loppi	Etelä-Häme (EH)	Suomi	60.698784	24.34165	Sure	EXPERT_VERIFIED	The Atlas of Finnish Fungi
sikurirousku (fi) — Lactarius camphoratus	sikurirousku (fi)	pieni ryhmä	2018-09-27	Tammela	Etelä-Häme (EH)	Suomi	60.684645	23.846425	Sure	EXPERT_VERIFIED	The Atlas of Finnish Fungi
sikurirousku (fi) — Lactarius camphoratus	sikurirousku (fi)	runsaasti	2018-09-24	Loviisa	Uusimaa (U)	Suomi	60.386811	26.008361	Sure	NEUTRAL	The Atlas of Finnish Fungi
sikurirousku (fi) — Lactarius camphoratus	sikurirousku (fi)		2018-09-23	Mustasaari	Etelä-Pohjanmaa (EP)	Suomi	63.2428	21.5691	Sure	NEUTRAL	The Atlas of Finnish Fungi
sikurirousku (fi) — Lactarius camphoratus	sikurirousku (fi)		2018-09-23	Mustasaari	Etelä-Pohjanmaa (EP)	Suomi	63.2426	21.5692	Sure	EXPERT_VERIFIED	The Atlas of Finnish Fungi
sikurirousku (fi) — Lactarius camphoratus	sikurirousku (fi)		2018-09-23	Raasepori	Varsinais-Suomi (V)	Suomi	60.014443	23.096749		NEUTRAL	LajiGIS: Species mapping and surveys
sikurirousku (fi) — Lactarius camphoratus	sikurirousku (fi)		2018-09-22	Liperi	Pohjois-Karjala (PK)	Suomi	62.663278	29.558078	Sure	NEUTRAL	The Atlas of Finnish Fungi
sikurirousku (fi) — Lactarius camphoratus	sikurirousku (fi)		2018-09-22	Karkkila	Varsinais-Suomi (V)	Suomi	60.535128	24.397375	Sure	EXPERT_VERIFIED	The Atlas of Finnish Fungi
sikurirousku (fi) — Lactarius camphoratus	sikurirousku (fi)		2018-09-21	Tammela	Etelä-Häme (EH)	Suomi	60.776366	23.840981	Sure	EXPERT_VERIFIED	The Atlas of Finnish Fungi
sikurirousku (fi) — Lactarius camphoratus	sikurirousku (fi)		2018-09-19	Mustasaari	Etelä-Pohjanmaa (EP)	Suomi	63.0346	21.8268	Sure	EXPERT_VERIFIED	The Atlas of Finnish Fungi
sikurirousku (fi) — Lactarius camphoratus	sikurirousku (fi)		2018-09-19	Porvoo	Uusimaa (U)	Suomi	60.379104	25.672434	Sure	EXPERT_VERIFIED	The Atlas of Finnish Fungi
sikurirousku (fi) — Lactarius camphoratus	sikurirousku (fi)	25	2018-09-18	Orimattila	Uusimaa (U)	Suomi	60.823237	25.798013	Sure	EXPERT_VERIFIED	The Atlas of Finnish Fungi
sikurirousku (fi) — Lactarius camphoratus	sikurirousku (fi)		2018-09-18	Jyväskylä	Pohjois-Häme (PH)	Suomi	62.206165	25.608183	Sure	EXPERT_VERIFIED	Notebook, general observations
sikurirousku (fi) — Lactarius camphoratus	sikurirousku (fi)	paikoin runsas, laajoina ryhminä (5-15 itiöemää/ryhmä)	2018-09-16	Pieksämäki, Suonenjoki	Pohjois-Savo (PS)	Suomi	62.42983	27.287065	Sure	EXPERT_VERIFIED	The Atlas of Finnish Fungi
sikurirousku (fi) — Lactarius camphoratus	sikurirousku (fi)	useita	2018-09-16	Pori	Satakunta (St)	Suomi	61.592361	21.900355	Sure	NEUTRAL	The Atlas of Finnish Fungi
sikurirousku (fi) — Lactarius camphoratus	sikurirousku (fi)		2018-09-16	Jyväskylä	Pohjois-Häme (PH)	Suomi	62.211247	25.775524	Sure	EXPERT_VERIFIED	The Atlas of Finnish Fungi
sikurirousku (fi) — Lactarius camphoratus	sikurirousku (fi)	n15	2018-09-16 [17:59-19:04]	Somero	Etelä-Häme (EH)	Suomi	60.664085	23.60684	Sure	EXPERT_VERIFIED	Notebook, general observations
sikurirousku (fi) — Lactarius camphoratus	sikurirousku (fi)		2018-09-15	Sipoo	Uusimaa (U)	Suomi	60.25914	25.39482	Sure	EXPERT_VERIFIED	The Atlas of Finnish Fungi
sikurirousku (fi) — Lactarius camphoratus	sikurirousku (fi)	Kymmeniä	2018-09-15	Jyväskylä	Pohjois-Häme (PH)	Suomi	62.208156	25.608624	Sure	EXPERT_VERIFIED	The Atlas of Finnish Fungi
sikurirousku (fi) — Lactarius camphoratus	sikurirousku (fi)	100	2018-09-14	Jyväskylä	Pohjois-Häme (PH)	Suomi	62.207143	25.610329	Sure	NEUTRAL	The Atlas of Finnish Fungi
sikurirousku (fi) — Lactarius camphoratus	sikurirousku (fi)	Runsaasti	2018-09-13	Lappeenranta	Etelä-Savo (ES)	Suomi	60.915885	28.006839	Sure	EXPERT_VERIFIED	The Atlas of Finnish Fungi
sikurirousku (fi) — Lactarius camphoratus	sikurirousku (fi)		2018-09-10	Tampere	Etelä-Häme (EH)	Suomi	61.461	23.803	Unsure	EXPERT_VERIFIED	The Atlas of Finnish Fungi
sikurirousku (fi) — Lactarius camphoratus	sikurirousku (fi)	4	2018-09-10	Tampere	Etelä-Häme (EH)	Suomi	61.457	23.811	Sure	EXPERT_VERIFIED	The Atlas of Finnish Fungi
sikurirousku (fi) — Lactarius camphoratus	sikurirousku (fi)	n. 100	2018-09-10	Oulu	Oulun Pohjanmaa (OP)	Suomi	65.114913	25.61248	Sure	EXPERT_VERIFIED	The Atlas of Finnish Fungi
sikurirousku (fi) — Lactarius camphoratus	sikurirousku (fi)		2018-09-09	Sastamala	Satakunta (St)	Suomi	61.467309	22.774197	Sure	NEUTRAL	Notebook, general observations
sikurirousku (fi) — Lactarius camphoratus	sikurirousku (fi)		2018-09-07	Pieksämäki	Pohjois-Savo (PS)	Suomi	62.345649	27.219734	Sure	EXPERT_VERIFIED	The Atlas of Finnish Fungi
sikurirousku (fi) — Lactarius camphoratus	sikurirousku (fi)	5	2018-09-07	Pieksämäki	Pohjois-Savo (PS)	Suomi	62.344876	27.221611	Sure	NEUTRAL	The Atlas of Finnish Fungi
sikurirousku (fi) — Lactarius camphoratus	sikurirousku (fi)		2018-09-06	Heinävesi	Pohjois-Savo (PS)	Suomi	62.4059	28.76527	Sure	EXPERT_VERIFIED	The Atlas of Finnish Fungi
sikurirousku (fi) — Lactarius camphoratus	sikurirousku (fi)		2018-09-06	Turku	Varsinais-Suomi (V)	Suomi	60.486993	22.248606	Sure	EXPERT_VERIFIED	The Atlas of Finnish Fungi
sikurirousku (fi) — Lactarius camphoratus	sikurirousku (fi)	6	2018-09-06 [17:00-20:30]	Tammela	Etelä-Häme (EH)	Suomi	60.774012	23.851829	Sure	NEUTRAL	Notebook, general observations
sikurirousku (fi) — Lactarius camphoratus	sikurirousku (fi)	10	2018-09-04	Tuusula	Uusimaa (U)	Suomi	60.445569	24.985764	Sure	EXPERT_VERIFIED	The Atlas of Finnish Fungi
sikurirousku (fi) — Lactarius camphoratus	sikurirousku (fi)	9	2018-09-02	Tuusula	Uusimaa (U)	Suomi	60.44729	24.980841	Sure	EXPERT_VERIFIED	The Atlas of Finnish Fungi
sikurirousku (fi) — Lactarius camphoratus	sikurirousku (fi)		2018-09-01	Ylöjärvi	Satakunta (St)	Suomi	61.672735	23.299029	Sure	NEUTRAL	The Atlas of Finnish Fungi
sikurirousku (fi) — Lactarius camphoratus	sikurirousku (fi)		2018-09-01	Helsinki	Uusimaa (U)	Suomi	60.196617	25.107272	Sure	NEUTRAL	The Atlas of Finnish Fungi
sikurirousku (fi) — Lactarius camphoratus	sikurirousku (fi)		2018-08-29	Espoo	Uusimaa (U)	Suomi	60.254597	24.630792	Sure	EXPERT_VERIFIED	The Atlas of Finnish Fungi
sikurirousku (fi) — Lactarius camphoratus	sikurirousku (fi)	12	2018-08-28	Tuusula	Uusimaa (U)	Suomi	60.444234	24.986067	Sure	EXPERT_VERIFIED	The Atlas of Finnish Fungi
sikurirousku (fi) — Lactarius camphoratus	sikurirousku (fi)	1	2018-08-25	Jyväskylä	Pohjois-Häme (PH)	Suomi	62.267029	25.68679	Sure	NEUTRAL	Notebook, general observations
sikurirousku (fi) — Lactarius camphoratus	sikurirousku (fi)	6 itiöemää	2018-08-24	Loviisa	Uusimaa (U)	Suomi	60.390211	26.004261	Sure	EXPERT_VERIFIED	The Atlas of Finnish Fungi
sikurirousku (fi) — Lactarius camphoratus	sikurirousku (fi)	Useita	2018-08-22 [14:30-16:00]	Hämeenlinna	Etelä-Häme (EH)	Suomi	61.241575	25.066139	Sure	EXPERT_VERIFIED	The Atlas of Finnish Fungi
sikurirousku (fi) — Lactarius camphoratus	sikurirousku (fi)	5	2018-08-21	Lappeenranta	Etelä-Savo (ES)	Suomi	61.080751	28.360069	Sure	EXPERT_VERIFIED	The Atlas of Finnish Fungi
sikurirousku (fi) — Lactarius camphoratus	sikurirousku (fi)		2018-08-20	Kontiolahti	Pohjois-Karjala (PK)	Suomi	62.703677	29.739145	Sure	NEUTRAL	Notebook, general observations
sikurirousku (fi) — Lactarius camphoratus	sikurirousku (fi)		2018-08-19	Pälkäne	Etelä-Häme (EH)	Suomi	61.31917	24.90306		EXPERT_VERIFIED	iNaturalist Suomi Finland
sikurirousku (fi) — Lactarius camphoratus	sikurirousku (fi)	1	2018-08-18	Heinävesi	Pohjois-Savo (PS)	Suomi	62.358068	29.014448	Sure	EXPERT_VERIFIED	The Atlas of Finnish Fungi
sikurirousku (fi) — Lactarius camphoratus	sikurirousku (fi)	useissa paikoissa	2018-08-18	Heinävesi	Pohjois-Savo (PS)	Suomi	62.352015	29.051688	Sure	EXPERT_VERIFIED	The Atlas of Finnish Fungi
sikurirousku (fi) — Lactarius camphoratus	sikurirousku (fi)		2018-08-18	Lieksa	Pohjois-Karjala (PK)	Suomi	63.094697	29.801581	Sure	EXPERT_VERIFIED	The Atlas of Finnish Fungi
sikurirousku (fi) — Lactarius camphoratus	sikurirousku (fi)	40	2018-08-18	Sysmä	Etelä-Häme (EH)	Suomi	61.405308	25.873375	Sure	NEUTRAL	The Atlas of Finnish Fungi
sikurirousku (fi) — Lactarius camphoratus	sikurirousku (fi)		2018-08-17	Lieksa	Pohjois-Karjala (PK)	Suomi	63.082715	29.836306	Sure	EXPERT_VERIFIED	The Atlas of Finnish Fungi
sikurirousku (fi) — Lactarius camphoratus	sikurirousku (fi)	1	2018-08-06	Hankasalmi	Pohjois-Häme (PH)	Suomi	62.320011	26.355682	Sure	EXPERT_VERIFIED	The Atlas of Finnish Fungi
sikurirousku (fi) — Lactarius camphoratus	sikurirousku (fi)	Reilusti	2018-07-28	Nurmijärvi	Uusimaa (U)	Suomi	60.498818	24.692148	Sure	EXPERT_VERIFIED	The Atlas of Finnish Fungi
sikurirousku (fi) — Lactarius camphoratus	sikurirousku (fi)	10 yks	2017-10-20	Orivesi	Etelä-Häme (EH)	Suomi	61.676808	24.446753	Sure	EXPERT_VERIFIED	The Atlas of Finnish Fungi
sikurirousku (fi) — Lactarius camphoratus	sikurirousku (fi)		2017-10-01	Siuntio	Uusimaa (U)	Suomi	60.065438	24.287888	Sure	EXPERT_VERIFIED	The Atlas of Finnish Fungi
sikurirousku (fi) — Lactarius camphoratus	sikurirousku (fi)		2017-10-01 [18:00]	Kokemäki, Sastamala	Satakunta (St)	Suomi	61.461371	22.587169	Sure	NEUTRAL	The Atlas of Finnish Fungi
sikurirousku (fi) — Lactarius camphoratus	sikurirousku (fi)		2017-10-01 [18:00]	Sastamala	Satakunta (St)	Suomi	61.467309	22.774197	Sure	NEUTRAL	The Atlas of Finnish Fungi
sikurirousku (fi) — Lactarius camphoratus	sikurirousku (fi)		2017-09-24	Espoo	Uusimaa (U)	Suomi	60.33912	24.684453	Sure	EXPERT_VERIFIED	The Atlas of Finnish Fungi
sikurirousku (fi) — Lactarius camphoratus	sikurirousku (fi)		2017-09-23	Kokemäki, Sastamala	Satakunta (St)	Suomi	61.461371	22.587169	Sure	NEUTRAL	The Atlas of Finnish Fungi
sikurirousku (fi) — Lactarius camphoratus	sikurirousku (fi)		2017-09-23	Kokemäki, Sastamala	Satakunta (St)	Suomi	61.371899	22.599805	Sure	NEUTRAL	The Atlas of Finnish Fungi
sikurirousku (fi) — Lactarius camphoratus	sikurirousku (fi)	20	2017-09-17	Kitee	Pohjois-Karjala (PK)	Suomi	62.140023	29.895581	Sure	NEUTRAL	The Atlas of Finnish Fungi
sikurirousku (fi) — Lactarius camphoratus	sikurirousku (fi)	50	2017-09-16	Rautalampi	Pohjois-Häme (PH)	Suomi	62.515582	26.746786	Sure	EXPERT_VERIFIED	The Atlas of Finnish Fungi
sikurirousku (fi) — Lactarius camphoratus	sikurirousku (fi)		2017-09-16	Raisio	Varsinais-Suomi (V)	Suomi	60.459051	22.087976	Sure	EXPERT_VERIFIED	The Atlas of Finnish Fungi
sikurirousku (fi) — Lactarius camphoratus	sikurirousku (fi)	2	2017-09-16	Rautalampi	Pohjois-Häme (PH)	Suomi	62.513	26.751	Sure	EXPERT_VERIFIED	The Atlas of Finnish Fungi
sikurirousku (fi) — Lactarius camphoratus	sikurirousku (fi)		2017-09-15	Rautalampi	Pohjois-Häme (PH)	Suomi	62.577375	26.664646	Sure	EXPERT_VERIFIED	The Atlas of Finnish Fungi
sikurirousku (fi) — Lactarius camphoratus	sikurirousku (fi)	40	2017-09-14	Kitee	Pohjois-Karjala (PK)	Suomi	62.101149	30.110964	Sure	NEUTRAL	Notebook, general observations
sikurirousku (fi) — Lactarius camphoratus	sikurirousku (fi)		2017-09-12	Salo	Varsinais-Suomi (V)	Suomi	60.2354	23.060618		NEUTRAL	LajiGIS: Species mapping and surveys
sikurirousku (fi) — Lactarius camphoratus	sikurirousku (fi)	lukuisia	2017-09-11	Salo	Varsinais-Suomi (V)	Suomi	60.473424	23.088902	Sure	NEUTRAL	The Atlas of Finnish Fungi
sikurirousku (fi) — Lactarius camphoratus	sikurirousku (fi)		2017-09-11	Hyvinkää	Uusimaa (U)	Suomi	60.545303	24.647091		NEUTRAL	LajiGIS: Species mapping and surveys
sikurirousku (fi) — Lactarius camphoratus	sikurirousku (fi)	1	2017-09-10	Turku	Varsinais-Suomi (V)	Suomi	60.427659	22.204968	Sure	NEUTRAL	Hatikka.fi observations
sikurirousku (fi) — Lactarius camphoratus	sikurirousku (fi)		2017-09-08	Kitee	Pohjois-Karjala (PK)	Suomi	62.10916	30.27209	Sure	EXPERT_VERIFIED	The Atlas of Finnish Fungi
sikurirousku (fi) — Lactarius camphoratus	sikurirousku (fi)		2017-09-06	Pöytyä	Varsinais-Suomi (V)	Suomi	60.771255	22.757853	Sure	EXPERT_VERIFIED	The Atlas of Finnish Fungi
sikurirousku (fi) — Lactarius camphoratus	sikurirousku (fi)	10	2017-09-05	Mikkeli	Etelä-Savo (ES)	Suomi	61.706167	27.330517	Sure	EXPERT_VERIFIED	The Atlas of Finnish Fungi
sikurirousku (fi) — Lactarius camphoratus	sikurirousku (fi)	runsaasti paikoitellen	2017-09-02	Tuusula	Uusimaa (U)	Suomi	60.447208	24.981124	Sure	EXPERT_VERIFIED	The Atlas of Finnish Fungi
sikurirousku (fi) — Lactarius camphoratus	sikurirousku (fi)	100	2017-09-02	Kokemäki, Sastamala	Satakunta (St)	Suomi	61.371899	22.599805	Sure	NEUTRAL	The Atlas of Finnish Fungi
sikurirousku (fi) — Lactarius camphoratus	sikurirousku (fi)		2017-09-02	Kokemäki, Sastamala	Satakunta (St)	Suomi	61.371899	22.599805	Sure	NEUTRAL	The Atlas of Finnish Fungi
sikurirousku (fi) — Lactarius camphoratus	sikurirousku (fi)		2017-08-29	Espoo	Uusimaa (U)	Suomi	60.233882	24.706662	Sure	EXPERT_VERIFIED	The Atlas of Finnish Fungi
sikurirousku (fi) — Lactarius camphoratus	sikurirousku (fi)		2017-08-29	Paltamo	Kainuu (Kn)	Suomi	64.427816	27.5954		NEUTRAL	Fungal collection of the Botanical Museum, University of Oulu (OULU)
sikurirousku (fi) — Lactarius camphoratus	sikurirousku (fi)		2017-08-27	Porvoo, Sipoo	Uusimaa (U)	Suomi	60.354983	25.275819	Sure	NEUTRAL	The Atlas of Finnish Fungi
sikurirousku (fi) — Lactarius camphoratus	sikurirousku (fi)		2017-08-27	Porvoo, Sipoo	Uusimaa (U)	Suomi	60.354983	25.275819	Sure	NEUTRAL	The Atlas of Finnish Fungi
sikurirousku (fi) — Lactarius camphoratus	sikurirousku (fi)		2017-08-27	Loppi	Etelä-Häme (EH)	Suomi	60.73696	24.09182		COMMUNITY_VERIFIED	iNaturalist Suomi Finland
sikurirousku (fi) — Lactarius camphoratus	sikurirousku (fi)		2017-08-24	Leppävirta	Pohjois-Savo (PS)	Suomi	62.696399	27.483445	Sure	EXPERT_VERIFIED	The Atlas of Finnish Fungi
sikurirousku (fi) — Lactarius camphoratus	sikurirousku (fi)		2017-08-24	Vihti	Varsinais-Suomi (V)	Suomi	60.331052	24.496999	Sure	NEUTRAL	The Atlas of Finnish Fungi
sikurirousku (fi) — Lactarius camphoratus	sikurirousku (fi)		2017-08-23	Porvoo	Uusimaa (U)	Suomi	60.36018	25.744087	Sure	EXPERT_VERIFIED	The Atlas of Finnish Fungi
sikurirousku (fi) — Lactarius camphoratus	sikurirousku (fi)		2017-08-23	Porvoo	Uusimaa (U)	Suomi	60.365093	25.704771	Sure	NEUTRAL	The Atlas of Finnish Fungi
sikurirousku (fi) — Lactarius camphoratus	sikurirousku (fi)		2017-08-22	Eurajoki	Satakunta (St)	Suomi	61.408727	21.58538		NEUTRAL	LajiGIS: Species mapping and surveys
sikurirousku (fi) — Lactarius camphoratus	sikurirousku (fi)		2017-08-21	Sipoo	Uusimaa (U)	Suomi	60.301991	25.199693	Sure	EXPERT_VERIFIED	The Atlas of Finnish Fungi
sikurirousku (fi) — Lactarius camphoratus	sikurirousku (fi)		2017-08-21	Sipoo	Uusimaa (U)	Suomi	60.346693	25.203211	Sure	EXPERT_VERIFIED	The Atlas of Finnish Fungi
sikurirousku (fi) — Lactarius camphoratus	sikurirousku (fi)		2017-08-21	Helsinki	Uusimaa (U)	Suomi	60.288057	25.214679	Sure	NEUTRAL	The Atlas of Finnish Fungi
sikurirousku (fi) — Lactarius camphoratus	sikurirousku (fi)		2017-08-20 [18:00]	Sastamala	Satakunta (St)	Suomi	61.53714	23.182275	Unsure	EXPERT_VERIFIED	The Atlas of Finnish Fungi
sikurirousku (fi) — Lactarius camphoratus	sikurirousku (fi)		2017-08-19	Sysmä	Etelä-Häme (EH)	Suomi	61.636448	25.641213	Unsure	EXPERT_VERIFIED	The Atlas of Finnish Fungi
sikurirousku (fi) — Lactarius camphoratus	sikurirousku (fi)		2017-08-19	Heinävesi	Pohjois-Savo (PS)	Suomi	62.436183	28.8256	Sure	EXPERT_VERIFIED	The Atlas of Finnish Fungi
sikurirousku (fi) — Lactarius camphoratus	sikurirousku (fi)		2017-08-11	Vantaa	Uusimaa (U)	Suomi	60.288318	25.157498	Sure	EXPERT_VERIFIED	The Atlas of Finnish Fungi
Lactarius camphoratus (Bull.) Fr.		2	2017-08-11 [19:48-21:38]	Somero	Etelä-Häme (EH)	Suomi	60.664576	23.603933		EXPERT_VERIFIED	Hatikka.fi observations
sikurirousku (fi) — Lactarius camphoratus	sikurirousku (fi)		2017-08-05 - 2017-08-20	Pälkäne	Etelä-Häme (EH)	Suomi	61.400064	24.440584	Sure	NEUTRAL	The Atlas of Finnish Fungi
sikurirousku (fi) — Lactarius camphoratus	sikurirousku (fi)		2017-06-29 - 2017-06-30	Parainen	Varsinais-Suomi (V)	Suomi	60.295026	22.397607	Sure	NEUTRAL	Notebook, general observations
sikurirousku (fi) — Lactarius camphoratus	sikurirousku (fi)		2016-09-22	Espoo	Uusimaa (U)	Suomi	60.254716	24.606991	Sure	NEUTRAL	Notebook, general observations
sikurirousku (fi) — Lactarius camphoratus	sikurirousku (fi)		2016-09-21	Joensuu	Pohjois-Karjala (PK)	Suomi	62.58502	30.221812	Sure	NEUTRAL	The Atlas of Finnish Fungi
sikurirousku (fi) — Lactarius camphoratus	sikurirousku (fi)	runsaasti	2016-09-14 [16:28-19:14]	Somero	Etelä-Häme (EH)	Suomi	60.663089	23.60766	Sure	EXPERT_VERIFIED	Hatikka.fi observations
sikurirousku (fi) — Lactarius camphoratus	sikurirousku (fi)		2016-09-12	Virolahti	Etelä-Karjala (EK)	Suomi	60.543768	27.498898	Sure	EXPERT_VERIFIED	The Atlas of Finnish Fungi
sikurirousku (fi) — Lactarius camphoratus	sikurirousku (fi)		2016-09-10	Miehikkälä	Etelä-Karjala (EK)	Suomi	60.741941	27.657804		NEUTRAL	Fungus observations of Turku university Herbarium
sikurirousku (fi) — Lactarius camphoratus	sikurirousku (fi)	4	2016-09-02	Espoo	Uusimaa (U)	Suomi	60.204173	24.819272		NEUTRAL	Hatikka.fi observations
sikurirousku (fi) — Lactarius camphoratus	sikurirousku (fi)		2016-09-01	Espoo	Uusimaa (U)	Suomi	60.321765	24.692673	Sure	EXPERT_VERIFIED	Notebook, general observations
sikurirousku (fi) — Lactarius camphoratus	sikurirousku (fi)		2016-08-22	Lahti	Etelä-Häme (EH)	Suomi	61.013831	25.591118	Sure	EXPERT_VERIFIED	The Atlas of Finnish Fungi
sikurirousku (fi) — Lactarius camphoratus	sikurirousku (fi)	useita	2016-08-21	Kuopio	Pohjois-Savo (PS)	Suomi	62.925388	27.661273	Sure	NEUTRAL	The Atlas of Finnish Fungi
sikurirousku (fi) — Lactarius camphoratus	sikurirousku (fi)		2016-08-20	Espoo	Uusimaa (U)	Suomi	60.330469	24.696536	Sure	EXPERT_VERIFIED	The Atlas of Finnish Fungi
sikurirousku (fi) — Lactarius camphoratus	sikurirousku (fi)	muutama	2016-08-15	Kuopio	Pohjois-Savo (PS)	Suomi	62.79167	27.642549	Sure	NEUTRAL	The Atlas of Finnish Fungi
sikurirousku (fi) — Lactarius camphoratus	sikurirousku (fi)		2016-08-14	Espoo, Kauniainen	Uusimaa (U)	Suomi	60.213157	24.6918	Sure	EXPERT_VERIFIED	The Atlas of Finnish Fungi
sikurirousku (fi) — Lactarius camphoratus	sikurirousku (fi)	muutama	2016-08-11	Kuopio	Pohjois-Savo (PS)	Suomi	62.851875	27.604871	Sure	NEUTRAL	The Atlas of Finnish Fungi
sikurirousku (fi) — Lactarius camphoratus	sikurirousku (fi)	n10	2016-08-10 [17:39-19:25]	Somero	Etelä-Häme (EH)	Suomi	60.664482	23.603779	Sure	EXPERT_VERIFIED	Hatikka.fi observations
sikurirousku (fi) — Lactarius camphoratus	sikurirousku (fi)		2016-08-09	Joensuu	Pohjois-Karjala (PK)	Suomi	62.472041	30.132429	Sure	NEUTRAL	The Atlas of Finnish Fungi
sikurirousku (fi) — Lactarius camphoratus	sikurirousku (fi)		2016-08-08	Joensuu	Pohjois-Karjala (PK)	Suomi	62.471843	30.156667	Sure	NEUTRAL	The Atlas of Finnish Fungi
sikurirousku (fi) — Lactarius camphoratus	sikurirousku (fi)		2016-08-08	Joensuu	Pohjois-Karjala (PK)	Suomi	62.58502	30.221812	Sure	NEUTRAL	The Atlas of Finnish Fungi
sikurirousku (fi) — Lactarius camphoratus	sikurirousku (fi)		2016-08-08	Joensuu	Pohjois-Karjala (PK)	Suomi	62.542348	30.184438	Sure	NEUTRAL	The Atlas of Finnish Fungi
sikurirousku (fi) — Lactarius camphoratus	sikurirousku (fi)		2016-08-06	Helsinki	Uusimaa (U)	Suomi	60.234655	25.141404	Sure	EXPERT_VERIFIED	The Atlas of Finnish Fungi
sikurirousku (fi) — Lactarius camphoratus	sikurirousku (fi)		2016-08-03	Loviisa	Uusimaa (U)	Suomi	60.545262	25.858007		NEUTRAL	Fungal collection of the Botanical Museum, University of Oulu (OULU)
sikurirousku (fi) — Lactarius camphoratus	sikurirousku (fi)	yleinen	2016-07-26 - 2016-08-03	Loviisa	Uusimaa (U)	Suomi	60.547024	25.855981	Sure	NEUTRAL	Notebook, general observations
sikurirousku (fi) — Lactarius camphoratus	sikurirousku (fi)	n30	2016-07-24 [14:36-17:23]	Somero	Etelä-Häme (EH)	Suomi	60.666109	23.604522		EXPERT_VERIFIED	Hatikka.fi observations
sikurirousku (fi) — Lactarius camphoratus	sikurirousku (fi)		2015-09-04	Sotkamo	Kainuu (Kn)	Suomi	63.930014	28.157556	Sure	EXPERT_VERIFIED	The Atlas of Finnish Fungi
sikurirousku (fi) — Lactarius camphoratus	sikurirousku (fi)	n5	2015-08-07 [16:07] - 2015-08-08 [16:05]	Somero	Etelä-Häme (EH)	Suomi	60.664554	23.603771		EXPERT_VERIFIED	Hatikka.fi observations
sikurirousku (fi) — Lactarius camphoratus	sikurirousku (fi)		2015-08-06	Vantaa	Uusimaa (U)	Suomi	60.24007	25.126628	Sure	EXPERT_VERIFIED	The Atlas of Finnish Fungi
