Species	Vernacular name	Number	Time	Municipality	Biogeographical Province	Country	WGS84 N	WGS84 E	The stated certainty of the observation	Observation Reliability	Collection
suppilovahvero (fi) — Craterellus tubaeformis	suppilovahvero (fi)		2026-09-15	Kouvola	Etelä-Savo (ES)	Suomi	60.86255	26.76918		COMMUNITY_VERIFIED	iNaturalist Suomi Finland
suppilovahvero (fi) — Craterellus tubaeformis	suppilovahvero (fi)		2026-09-14 - 2026-09-15	Espoo	Uusimaa (U)	Suomi	60.191668	24.685817	Sure	NEUTRAL	The Atlas of Finnish Fungi
suppilovahvero (fi) — Craterellus tubaeformis	suppilovahvero (fi)		2026-09-14	Sipoo	Uusimaa (U)	Suomi	60.30536	25.20597		COMMUNITY_VERIFIED	iNaturalist Suomi Finland
suppilovahvero (fi) — Craterellus tubaeformis	suppilovahvero (fi)		2026-09-13	Tampere	Etelä-Häme (EH)	Suomi	61.43385	23.87379		COMMUNITY_VERIFIED	iNaturalist Suomi Finland
suppilovahvero (fi) — Craterellus tubaeformis	suppilovahvero (fi)		2026-09-13	Helsinki	Uusimaa (U)	Suomi	60.14454	24.87519		COMMUNITY_VERIFIED	iNaturalist Suomi Finland
suppilovahvero (fi) — Craterellus tubaeformis	suppilovahvero (fi)		2026-09-13	Kaarina	Varsinais-Suomi (V)	Suomi	60.42303	22.53874		COMMUNITY_VERIFIED	iNaturalist Suomi Finland
suppilovahvero (fi) — Craterellus tubaeformis	suppilovahvero (fi)		2026-09-13 [15:19-16:52]	Tampere	Etelä-Häme (EH)	Suomi	61.467571	23.812386	Sure	NEUTRAL	The Atlas of Finnish Fungi
suppilovahvero (fi) — Craterellus tubaeformis	suppilovahvero (fi)		2026-09-12	Lahti	Etelä-Häme (EH)	Suomi	60.942126	25.590615	Sure	NEUTRAL	The Atlas of Finnish Fungi
suppilovahvero (fi) — Craterellus tubaeformis	suppilovahvero (fi)		2026-09-12	Espoo	Uusimaa (U)	Suomi	60.23848	24.66893		COMMUNITY_VERIFIED	iNaturalist Suomi Finland
suppilovahvero (fi) — Craterellus tubaeformis	suppilovahvero (fi)		2026-09-12	Rovaniemi	Perä-Pohjanmaa (PeP)	Suomi	66.48934	25.8211		COMMUNITY_VERIFIED	iNaturalist Suomi Finland
suppilovahvero (fi) — Craterellus tubaeformis	suppilovahvero (fi)		2026-09-12 [9:42-11:15]	Helsinki	Uusimaa (U)	Suomi	60.247049	25.168696	Sure	NEUTRAL	The Atlas of Finnish Fungi
suppilovahvero (fi) — Craterellus tubaeformis	suppilovahvero (fi)		2026-09-11	Espoo	Uusimaa (U)	Suomi	60.29257	24.56288		COMMUNITY_VERIFIED	iNaturalist Suomi Finland
suppilovahvero (fi) — Craterellus tubaeformis	suppilovahvero (fi)		2026-09-11	Espoo	Uusimaa (U)	Suomi	60.25004	24.60928		COMMUNITY_VERIFIED	iNaturalist Suomi Finland
suppilovahvero (fi) — Craterellus tubaeformis	suppilovahvero (fi)		2026-09-11	Porvoo	Uusimaa (U)	Suomi	60.38427	25.68936		COMMUNITY_VERIFIED	iNaturalist Suomi Finland
suppilovahvero (fi) — Craterellus tubaeformis	suppilovahvero (fi)		2026-09-11	Sievi	Keski-Pohjanmaa (KP)	Suomi	63.8972	24.52265		NEUTRAL	iNaturalist Suomi Finland
suppilovahvero (fi) — Craterellus tubaeformis	suppilovahvero (fi)		2026-09-09	Helsinki	Uusimaa (U)	Suomi	60.2685	24.9258		COMMUNITY_VERIFIED	iNaturalist Suomi Finland
suppilovahvero (fi) — Craterellus tubaeformis	suppilovahvero (fi)		2026-09-08	Espoo	Uusimaa (U)	Suomi	60.24373	24.56375		COMMUNITY_VERIFIED	iNaturalist Suomi Finland
suppilovahvero (fi) — Craterellus tubaeformis	suppilovahvero (fi)		2026-09-07	Nurmijärvi	Uusimaa (U)	Suomi	60.38942	24.75706		COMMUNITY_VERIFIED	iNaturalist Suomi Finland
suppilovahvero (fi) — Craterellus tubaeformis	suppilovahvero (fi)		2026-09-07	Hämeenlinna	Etelä-Häme (EH)	Suomi	60.998452	24.406246	Sure	NEUTRAL	The Atlas of Finnish Fungi
suppilovahvero (fi) — Craterellus tubaeformis	suppilovahvero (fi)		2026-09-06	Hausjärvi, Hyvinkää, Mäntsälä	Etelä-Häme (EH), Uusimaa (U)	Suomi	60.7	25.1		COMMUNITY_VERIFIED	iNaturalist Suomi Finland
suppilovahvero (fi) — Craterellus tubaeformis	suppilovahvero (fi)		2026-09-06	Jyväskylä	Pohjois-Häme (PH)	Suomi	62.18686	25.72339		COMMUNITY_VERIFIED	iNaturalist Suomi Finland
suppilovahvero (fi) — Craterellus tubaeformis	suppilovahvero (fi)		2026-09-06	Helsinki	Uusimaa (U)	Suomi	60.24756	25.16108		COMMUNITY_VERIFIED	iNaturalist Suomi Finland
suppilovahvero (fi) — Craterellus tubaeformis	suppilovahvero (fi)		2026-09-06	Vantaa	Uusimaa (U)	Suomi	60.3184	25.03017		COMMUNITY_VERIFIED	iNaturalist Suomi Finland
suppilovahvero (fi) — Craterellus tubaeformis	suppilovahvero (fi)		2026-09-06	Kangasala	Etelä-Häme (EH)	Suomi	61.52485	23.98202		COMMUNITY_VERIFIED	iNaturalist Suomi Finland
suppilovahvero (fi) — Craterellus tubaeformis	suppilovahvero (fi)		2026-09-06	Jyväskylä	Pohjois-Häme (PH)	Suomi	62.259	25.82313		COMMUNITY_VERIFIED	iNaturalist Suomi Finland
suppilovahvero (fi) — Craterellus tubaeformis	suppilovahvero (fi)		2026-09-06 [13:46]	Tampere	Etelä-Häme (EH)	Suomi	61.468029	23.816254	Sure	NEUTRAL	The Atlas of Finnish Fungi
suppilovahvero (fi) — Craterellus tubaeformis	suppilovahvero (fi)	Muutama	2026-09-05	Loimaa	Satakunta (St)	Suomi	60.815065	22.944029		NEUTRAL	Löydös Open Finnish Observation Database
suppilovahvero (fi) — Craterellus tubaeformis	suppilovahvero (fi)		2026-09-05	Helsinki	Uusimaa (U)	Suomi	60.2308	25.14453		COMMUNITY_VERIFIED	iNaturalist Suomi Finland
suppilovahvero (fi) — Craterellus tubaeformis	suppilovahvero (fi)		2026-09-05	Helsinki, Kerava, Sipoo, Tuusula, Vantaa	Uusimaa (U)	Suomi	60.3	25.1		COMMUNITY_VERIFIED	iNaturalist Suomi Finland
suppilovahvero (fi) — Craterellus tubaeformis	suppilovahvero (fi)		2026-09-05	Orimattila	Uusimaa (U)	Suomi	60.76328	25.89363		COMMUNITY_VERIFIED	iNaturalist Suomi Finland
suppilovahvero (fi) — Craterellus tubaeformis	suppilovahvero (fi)		2026-09-05	Kuopio, Siilinjärvi	Pohjois-Savo (PS)	Suomi	62.9	27.5		COMMUNITY_VERIFIED	iNaturalist Suomi Finland
suppilovahvero (fi) — Craterellus tubaeformis	suppilovahvero (fi)		2026-09-05	Helsinki, Kerava, Sipoo, Tuusula, Vantaa	Uusimaa (U)	Suomi	60.3	25.1		COMMUNITY_VERIFIED	iNaturalist Suomi Finland
suppilovahvero (fi) — Craterellus tubaeformis	suppilovahvero (fi)		2026-09-05	Helsinki, Kerava, Sipoo, Tuusula, Vantaa	Uusimaa (U)	Suomi	60.3	25.1		COMMUNITY_VERIFIED	iNaturalist Suomi Finland
suppilovahvero (fi) — Craterellus tubaeformis	suppilovahvero (fi)		2026-09-05	Helsinki, Kerava, Sipoo, Tuusula, Vantaa	Uusimaa (U)	Suomi	60.3	25.1		COMMUNITY_VERIFIED	iNaturalist Suomi Finland
suppilovahvero (fi) — Craterellus tubaeformis	suppilovahvero (fi)		2026-09-04	Hollola	Etelä-Häme (EH)	Suomi	61.00638	25.57328		NEUTRAL	iNaturalist Suomi Finland
suppilovahvero (fi) — Craterellus tubaeformis	suppilovahvero (fi)		2026-09-04	Salo	Varsinais-Suomi (V)	Suomi	60.36846	23.377007	Sure	NEUTRAL	The Atlas of Finnish Fungi
suppilovahvero (fi) — Craterellus tubaeformis	suppilovahvero (fi)		2026-09-02	Espoo	Uusimaa (U)	Suomi	60.1824	24.678389	Sure	NEUTRAL	The Atlas of Finnish Fungi
suppilovahvero (fi) — Craterellus tubaeformis	suppilovahvero (fi)		2026-09-02	Porvoo	Uusimaa (U)	Suomi	60.37743	25.74012		COMMUNITY_VERIFIED	iNaturalist Suomi Finland
suppilovahvero (fi) — Craterellus tubaeformis	suppilovahvero (fi)		2026-09-01	Tuusula	Uusimaa (U)	Suomi	60.39396	25.04228		NEUTRAL	iNaturalist Suomi Finland
suppilovahvero (fi) — Craterellus tubaeformis	suppilovahvero (fi)		2026-08-30	Lapinlahti	Pohjois-Savo (PS)	Suomi	63.3358	27.32747		NEUTRAL	iNaturalist Suomi Finland
suppilovahvero (fi) — Craterellus tubaeformis	suppilovahvero (fi)		2026-08-29	Lahti	Etelä-Häme (EH)	Suomi	60.96781	25.9255		COMMUNITY_VERIFIED	iNaturalist Suomi Finland
suppilovahvero (fi) — Craterellus tubaeformis	suppilovahvero (fi)		2026-08-29	Espoo, Helsinki, Nurmijärvi, Tuusula, Vantaa	Uusimaa (U)	Suomi	60.3	24.9		COMMUNITY_VERIFIED	iNaturalist Suomi Finland
suppilovahvero (fi) — Craterellus tubaeformis	suppilovahvero (fi)		2026-08-29	Hyrynsalmi	Kainuu (Kn)	Suomi	64.73414	28.07032		COMMUNITY_VERIFIED	iNaturalist Suomi Finland
suppilovahvero (fi) — Craterellus tubaeformis	suppilovahvero (fi)		2026-08-29	Masku, Mynämäki, Nousiainen, Pöytyä, Rusko, Turku	Satakunta (St), Varsinais-Suomi (V)	Suomi	60.7	22.3		COMMUNITY_VERIFIED	iNaturalist Suomi Finland
suppilovahvero (fi) — Craterellus tubaeformis	suppilovahvero (fi)		2026-08-28	Hartola, Joutsa	Etelä-Häme (EH), Etelä-Savo (ES)	Suomi	61.7	26.1		COMMUNITY_VERIFIED	iNaturalist Suomi Finland
suppilovahvero (fi) — Craterellus tubaeformis	suppilovahvero (fi)		2026-08-28	Sievi	Keski-Pohjanmaa (KP)	Suomi	63.89717	24.52305		NEUTRAL	iNaturalist Suomi Finland
suppilovahvero (fi) — Craterellus tubaeformis	suppilovahvero (fi)		2026-08-25	Kouvola	Etelä-Savo (ES)	Suomi	60.8807	26.72562		COMMUNITY_VERIFIED	iNaturalist Suomi Finland
suppilovahvero (fi) — Craterellus tubaeformis	suppilovahvero (fi)		2026-08-25	Kouvola	Etelä-Savo (ES)	Suomi	60.8795	26.72643		COMMUNITY_VERIFIED	iNaturalist Suomi Finland
suppilovahvero (fi) — Craterellus tubaeformis	suppilovahvero (fi)		2026-08-25	Kouvola	Etelä-Savo (ES)	Suomi	60.87913	26.72387		COMMUNITY_VERIFIED	iNaturalist Suomi Finland
suppilovahvero (fi) — Craterellus tubaeformis	suppilovahvero (fi)		2026-08-25	Lohja, Raasepori, Salo	Varsinais-Suomi (V)	Suomi	60.3	23.5		COMMUNITY_VERIFIED	iNaturalist Suomi Finland
suppilovahvero (fi) — Craterellus tubaeformis	suppilovahvero (fi)		2026-08-25	Pori	Satakunta (St)	Suomi	61.7377	21.74473		COMMUNITY_VERIFIED	iNaturalist Suomi Finland
suppilovahvero (fi) — Craterellus tubaeformis	suppilovahvero (fi)		2026-08-24	Lahti	Etelä-Häme (EH)	Suomi	60.94131	25.76503		COMMUNITY_VERIFIED	iNaturalist Suomi Finland
suppilovahvero (fi) — Craterellus tubaeformis	suppilovahvero (fi)		2026-08-23	Ypäjä	Etelä-Häme (EH)	Suomi	60.77387	23.34087		COMMUNITY_VERIFIED	iNaturalist Suomi Finland
suppilovahvero (fi) — Craterellus tubaeformis	suppilovahvero (fi)		2026-08-23	Vihti	Varsinais-Suomi (V)	Suomi	60.31332	24.44837		COMMUNITY_VERIFIED	iNaturalist Suomi Finland
suppilovahvero (fi) — Craterellus tubaeformis	suppilovahvero (fi)		2026-08-22	Lieksa	Pohjois-Karjala (PK)	Suomi	63.47399	29.717		COMMUNITY_VERIFIED	iNaturalist Suomi Finland
suppilovahvero (fi) — Craterellus tubaeformis	suppilovahvero (fi)		2026-08-22	Tampere	Etelä-Häme (EH)	Suomi	61.43329	23.87572		COMMUNITY_VERIFIED	iNaturalist Suomi Finland
suppilovahvero (fi) — Craterellus tubaeformis	suppilovahvero (fi)		2026-08-21	Espoo	Uusimaa (U)	Suomi	60.18103	24.69814		COMMUNITY_VERIFIED	iNaturalist Suomi Finland
suppilovahvero (fi) — Craterellus tubaeformis	suppilovahvero (fi)		2026-08-21	Säkylä	Satakunta (St)	Suomi	61.17502	22.36183		COMMUNITY_VERIFIED	iNaturalist Suomi Finland
suppilovahvero (fi) — Craterellus tubaeformis	suppilovahvero (fi)		2026-08-21	Espoo	Uusimaa (U)	Suomi	60.319202	24.52345	Sure	NEUTRAL	The Atlas of Finnish Fungi
suppilovahvero (fi) — Craterellus tubaeformis	suppilovahvero (fi)		2026-08-20	Kuopio	Pohjois-Savo (PS)	Suomi	62.88849	27.59847		COMMUNITY_VERIFIED	iNaturalist Suomi Finland
suppilovahvero (fi) — Craterellus tubaeformis	suppilovahvero (fi)		2026-08-15	Muurame	Etelä-Häme (EH)	Suomi	62.102849	25.750235	Sure	NEUTRAL	Notebook, general observations
suppilovahvero (fi) — Craterellus tubaeformis	suppilovahvero (fi)		2026-08-15	Espoo	Uusimaa (U)	Suomi	60.32199	24.69421		COMMUNITY_VERIFIED	iNaturalist Suomi Finland
suppilovahvero (fi) — Craterellus tubaeformis	suppilovahvero (fi)		2026-08-15	Tampere	Etelä-Häme (EH)	Suomi	61.60287	23.97511		COMMUNITY_VERIFIED	iNaturalist Suomi Finland
suppilovahvero (fi) — Craterellus tubaeformis	suppilovahvero (fi)		2026-08-14	Espoo	Uusimaa (U)	Suomi	60.18134	24.72491		COMMUNITY_VERIFIED	iNaturalist Suomi Finland
suppilovahvero (fi) — Craterellus tubaeformis	suppilovahvero (fi)		2026-08-14	Espoo	Uusimaa (U)	Suomi	60.18131	24.72491		COMMUNITY_VERIFIED	iNaturalist Suomi Finland
suppilovahvero (fi) — Craterellus tubaeformis	suppilovahvero (fi)		2026-08-13	Akaa, Hämeenlinna, Urjala, Valkeakoski	Etelä-Häme (EH)	Suomi	61.1	23.9		COMMUNITY_VERIFIED	iNaturalist Suomi Finland
suppilovahvero (fi) — Craterellus tubaeformis	suppilovahvero (fi)		2026-08-06	Vihti	Varsinais-Suomi (V)	Suomi	60.32502	24.52208		COMMUNITY_VERIFIED	iNaturalist Suomi Finland
suppilovahvero (fi) — Craterellus tubaeformis	suppilovahvero (fi)		2026-08-02 - 2026-08-09	Espoo	Uusimaa (U)	Suomi	60.202969	24.820467	Sure	NEUTRAL	The Atlas of Finnish Fungi
suppilovahvero (fi) — Craterellus tubaeformis	suppilovahvero (fi)		2026-07-30	Kauniainen	Uusimaa (U)	Suomi	60.212966	24.682636	Sure	NEUTRAL	The Atlas of Finnish Fungi
suppilovahvero (fi) — Craterellus tubaeformis	suppilovahvero (fi)		2026-07-27	Kouvola	Etelä-Savo (ES)	Suomi	60.88137	26.72991		COMMUNITY_VERIFIED	iNaturalist Suomi Finland
suppilovahvero (fi) — Craterellus tubaeformis	suppilovahvero (fi)	Muutamia	2026-07-25	Turku	Varsinais-Suomi (V)	Suomi	60.445017	22.349149	Sure	NEUTRAL	The Atlas of Finnish Fungi
suppilovahvero (fi) — Craterellus tubaeformis	suppilovahvero (fi)		2026-07-15	Sipoo	Uusimaa (U)	Suomi	60.29581	25.1991		COMMUNITY_VERIFIED	iNaturalist Suomi Finland
suppilovahvero (fi) — Craterellus tubaeformis	suppilovahvero (fi)		2025-12-25	Espoo	Uusimaa (U)	Suomi	60.24728	24.81772		COMMUNITY_VERIFIED	iNaturalist Suomi Finland
suppilovahvero (fi) — Craterellus tubaeformis	suppilovahvero (fi)		2025-12-21	Muurame	Etelä-Häme (EH)	Suomi	62.08855	25.6481		COMMUNITY_VERIFIED	iNaturalist Suomi Finland
suppilovahvero (fi) — Craterellus tubaeformis	suppilovahvero (fi)		2025-12-11 [11:04-12:42]	Turku	Varsinais-Suomi (V)	Suomi	60.453601	22.338896	Sure	NEUTRAL	The Atlas of Finnish Fungi
suppilovahvero (fi) — Craterellus tubaeformis	suppilovahvero (fi)		2025-12-09	Närpiö	Etelä-Pohjanmaa (EP)	Suomi	62.53919	21.12395		COMMUNITY_VERIFIED	iNaturalist Suomi Finland
suppilovahvero (fi) — Craterellus tubaeformis	suppilovahvero (fi)		2025-12-07	Lahti	Etelä-Häme (EH)	Suomi	60.956	25.90809		COMMUNITY_VERIFIED	iNaturalist Suomi Finland
suppilovahvero (fi) — Craterellus tubaeformis	suppilovahvero (fi)		2025-12-07	Närpiö	Etelä-Pohjanmaa (EP)	Suomi	62.53958	21.12387		COMMUNITY_VERIFIED	iNaturalist Suomi Finland
suppilovahvero (fi) — Craterellus tubaeformis	suppilovahvero (fi)		2025-12-04 [10:33]	Espoo	Uusimaa (U)	Suomi	60.182802	24.687243	Sure	NEUTRAL	Notebook, general observations
suppilovahvero (fi) — Craterellus tubaeformis	suppilovahvero (fi)		2025-11-30	Naantali	Varsinais-Suomi (V)	Suomi	60.49237	22.04706		COMMUNITY_VERIFIED	iNaturalist Suomi Finland
suppilovahvero (fi) — Craterellus tubaeformis	suppilovahvero (fi)		2025-11-23	Helsinki	Uusimaa (U)	Suomi	60.271327	25.206285		NEUTRAL	Kastikka Floristic Archives (H)
suppilovahvero (fi) — Craterellus tubaeformis	suppilovahvero (fi)		2025-11-23	Helsinki	Uusimaa (U)	Suomi	60.269575	25.213519		NEUTRAL	Kastikka Floristic Archives (H)
suppilovahvero (fi) — Craterellus tubaeformis	suppilovahvero (fi)		2025-11-18	Eurajoki	Satakunta (St)	Suomi	61.18123	21.6372		COMMUNITY_VERIFIED	iNaturalist Suomi Finland
suppilovahvero (fi) — Craterellus tubaeformis	suppilovahvero (fi)		2025-11-16	Espoo	Uusimaa (U)	Suomi	60.30498	24.52653		COMMUNITY_VERIFIED	iNaturalist Suomi Finland
suppilovahvero (fi) — Craterellus tubaeformis	suppilovahvero (fi)		2025-11-16	Vantaa	Uusimaa (U)	Suomi	60.26573	24.83725		COMMUNITY_VERIFIED	iNaturalist Suomi Finland
suppilovahvero (fi) — Craterellus tubaeformis	suppilovahvero (fi)		2025-11-16	Rusko	Varsinais-Suomi (V)	Suomi	60.52758	22.23549		COMMUNITY_VERIFIED	iNaturalist Suomi Finland
suppilovahvero (fi) — Craterellus tubaeformis	suppilovahvero (fi)		2025-11-16	Loppi	Etelä-Häme (EH)	Suomi	60.72743	24.20508		COMMUNITY_VERIFIED	iNaturalist Suomi Finland
suppilovahvero (fi) — Craterellus tubaeformis	suppilovahvero (fi)		2025-11-16	Vihti	Varsinais-Suomi (V)	Suomi	60.323678	24.56195		NEUTRAL	Kastikka Floristic Archives (H)
suppilovahvero (fi) — Craterellus tubaeformis	suppilovahvero (fi)		2025-11-16	Espoo	Uusimaa (U)	Suomi	60.313821	24.579737		NEUTRAL	Kastikka Floristic Archives (H)
suppilovahvero (fi) — Craterellus tubaeformis	suppilovahvero (fi)		2025-11-16	Espoo	Uusimaa (U)	Suomi	60.315468	24.572591		NEUTRAL	Kastikka Floristic Archives (H)
suppilovahvero (fi) — Craterellus tubaeformis	suppilovahvero (fi)		2025-11-16	Vihti	Varsinais-Suomi (V)	Suomi	60.320725	24.573323		NEUTRAL	Kastikka Floristic Archives (H)
suppilovahvero (fi) — Craterellus tubaeformis	suppilovahvero (fi)		2025-11-16	Espoo	Uusimaa (U)	Suomi	60.313866	24.587155		NEUTRAL	Kastikka Floristic Archives (H)
suppilovahvero (fi) — Craterellus tubaeformis	suppilovahvero (fi)		2025-11-16	Espoo	Uusimaa (U)	Suomi	60.3136	24.57845		NEUTRAL	Kastikka Floristic Archives (H)
suppilovahvero (fi) — Craterellus tubaeformis	suppilovahvero (fi)		2025-11-16	Espoo	Uusimaa (U)	Suomi	60.314397	24.586754		NEUTRAL	Kastikka Floristic Archives (H)
suppilovahvero (fi) — Craterellus tubaeformis	suppilovahvero (fi)		2025-11-16	Espoo	Uusimaa (U)	Suomi	60.314076	24.580949		NEUTRAL	Kastikka Floristic Archives (H)
suppilovahvero (fi) — Craterellus tubaeformis	suppilovahvero (fi)		2025-11-16	Espoo	Uusimaa (U)	Suomi	60.315211	24.57328		NEUTRAL	Kastikka Floristic Archives (H)
suppilovahvero (fi) — Craterellus tubaeformis	suppilovahvero (fi)		2025-11-15	Espoo	Uusimaa (U)	Suomi	60.19845	24.72794		COMMUNITY_VERIFIED	iNaturalist Suomi Finland
suppilovahvero (fi) — Craterellus tubaeformis	suppilovahvero (fi)		2025-11-12	Espoo	Uusimaa (U)	Suomi	60.30459	24.50878		COMMUNITY_VERIFIED	iNaturalist Suomi Finland
suppilovahvero (fi) — Craterellus tubaeformis	suppilovahvero (fi)		2025-11-12	Espoo	Uusimaa (U)	Suomi	60.30391	24.50902		COMMUNITY_VERIFIED	iNaturalist Suomi Finland
suppilovahvero (fi) — Craterellus tubaeformis	suppilovahvero (fi)		2025-11-12	Vantaa	Uusimaa (U)	Suomi	60.29856	24.778321		NEUTRAL	Kastikka Floristic Archives (H)
suppilovahvero (fi) — Craterellus tubaeformis	suppilovahvero (fi)		2025-11-12	Vantaa	Uusimaa (U)	Suomi	60.297365	24.77397		NEUTRAL	Kastikka Floristic Archives (H)
suppilovahvero (fi) — Craterellus tubaeformis	suppilovahvero (fi)		2025-11-12	Vantaa	Uusimaa (U)	Suomi	60.305471	24.773345		NEUTRAL	Kastikka Floristic Archives (H)
suppilovahvero (fi) — Craterellus tubaeformis	suppilovahvero (fi)		2025-11-12	Vantaa	Uusimaa (U)	Suomi	60.305355	24.773371		NEUTRAL	Kastikka Floristic Archives (H)
suppilovahvero (fi) — Craterellus tubaeformis	suppilovahvero (fi)		2025-11-12	Vantaa	Uusimaa (U)	Suomi	60.298421	24.778041		NEUTRAL	Kastikka Floristic Archives (H)
suppilovahvero (fi) — Craterellus tubaeformis	suppilovahvero (fi)		2025-11-11	Lappeenranta	Etelä-Savo (ES)	Suomi	61.098203	28.225241	Sure	NEUTRAL	Notebook, general observations
suppilovahvero (fi) — Craterellus tubaeformis	suppilovahvero (fi)		2025-11-10	Ulvila	Satakunta (St)	Suomi	61.50724	22.18998		COMMUNITY_VERIFIED	iNaturalist Suomi Finland
suppilovahvero (fi) — Craterellus tubaeformis	suppilovahvero (fi)		2025-11-09	Turku	Varsinais-Suomi (V)	Suomi	60.52387	22.32164		COMMUNITY_VERIFIED	iNaturalist Suomi Finland
suppilovahvero (fi) — Craterellus tubaeformis	suppilovahvero (fi)		2025-11-09	Masku	Varsinais-Suomi (V)	Suomi	60.6094	21.96943		COMMUNITY_VERIFIED	iNaturalist Suomi Finland
suppilovahvero (fi) — Craterellus tubaeformis	suppilovahvero (fi)		2025-11-09	Aura, Lieto, Loimaa, Pöytyä	Satakunta (St), Varsinais-Suomi (V)	Suomi	60.7	22.7		COMMUNITY_VERIFIED	iNaturalist Suomi Finland
suppilovahvero (fi) — Craterellus tubaeformis	suppilovahvero (fi)		2025-11-09	Masku	Varsinais-Suomi (V)	Suomi	60.60006	21.97303		COMMUNITY_VERIFIED	iNaturalist Suomi Finland
suppilovahvero (fi) — Craterellus tubaeformis	suppilovahvero (fi)		2025-11-09	Helsinki	Uusimaa (U)	Suomi	60.22087	24.97287		COMMUNITY_VERIFIED	iNaturalist Suomi Finland
suppilovahvero (fi) — Craterellus tubaeformis	suppilovahvero (fi)		2025-11-09	Jyväskylä	Pohjois-Häme (PH)	Suomi	62.32716	25.68427		COMMUNITY_VERIFIED	iNaturalist Suomi Finland
suppilovahvero (fi) — Craterellus tubaeformis	suppilovahvero (fi)		2025-11-09	Helsinki	Uusimaa (U)	Suomi	60.268225	25.165883		NEUTRAL	Kastikka Floristic Archives (H)
suppilovahvero (fi) — Craterellus tubaeformis	suppilovahvero (fi)		2025-11-09	Helsinki	Uusimaa (U)	Suomi	60.268281	25.166042		NEUTRAL	Kastikka Floristic Archives (H)
suppilovahvero (fi) — Craterellus tubaeformis	suppilovahvero (fi)		2025-11-09	Helsinki	Uusimaa (U)	Suomi	60.265662	25.183862		NEUTRAL	Kastikka Floristic Archives (H)
suppilovahvero (fi) — Craterellus tubaeformis	suppilovahvero (fi)		2025-11-09	Helsinki	Uusimaa (U)	Suomi	60.266602	25.167311		NEUTRAL	Kastikka Floristic Archives (H)
suppilovahvero (fi) — Craterellus tubaeformis	suppilovahvero (fi)		2025-11-09	Helsinki	Uusimaa (U)	Suomi	60.26637	25.17654		NEUTRAL	Kastikka Floristic Archives (H)
suppilovahvero (fi) — Craterellus tubaeformis	suppilovahvero (fi)		2025-11-09	Helsinki	Uusimaa (U)	Suomi	60.266069	25.174244		NEUTRAL	Kastikka Floristic Archives (H)
suppilovahvero (fi) — Craterellus tubaeformis	suppilovahvero (fi)		2025-11-09	Helsinki	Uusimaa (U)	Suomi	60.263638	25.172446		NEUTRAL	Kastikka Floristic Archives (H)
suppilovahvero (fi) — Craterellus tubaeformis	suppilovahvero (fi)		2025-11-08	Jyväskylä	Pohjois-Häme (PH)	Suomi	62.21077	25.64936		COMMUNITY_VERIFIED	iNaturalist Suomi Finland
suppilovahvero (fi) — Craterellus tubaeformis	suppilovahvero (fi)		2025-11-08	Asikkala	Etelä-Häme (EH)	Suomi	61.231291	25.636017	Sure	NEUTRAL	The Atlas of Finnish Fungi
suppilovahvero (fi) — Craterellus tubaeformis	suppilovahvero (fi)		2025-11-07	Närpiö	Etelä-Pohjanmaa (EP)	Suomi	62.53931	21.12454		COMMUNITY_VERIFIED	iNaturalist Suomi Finland
suppilovahvero (fi) — Craterellus tubaeformis	suppilovahvero (fi)		2025-11-06	Parainen	Varsinais-Suomi (V)	Suomi	60.33487	22.13122		COMMUNITY_VERIFIED	iNaturalist Suomi Finland
suppilovahvero (fi) — Craterellus tubaeformis	suppilovahvero (fi)		2025-11-06	Helsinki	Uusimaa (U)	Suomi	60.235018	25.144684		NEUTRAL	Kastikka Floristic Archives (H)
suppilovahvero (fi) — Craterellus tubaeformis	suppilovahvero (fi)		2025-11-05	Parainen	Varsinais-Suomi (V)	Suomi	60.31482	22.3105		COMMUNITY_VERIFIED	iNaturalist Suomi Finland
suppilovahvero (fi) — Craterellus tubaeformis	suppilovahvero (fi)		2025-11-05	Helsinki	Uusimaa (U)	Suomi	60.26942	25.21417		COMMUNITY_VERIFIED	iNaturalist Suomi Finland
suppilovahvero (fi) — Craterellus tubaeformis	suppilovahvero (fi)		2025-11-05	Jyväskylä	Pohjois-Häme (PH)	Suomi	62.25107	25.67371		COMMUNITY_VERIFIED	iNaturalist Suomi Finland
suppilovahvero (fi) — Craterellus tubaeformis	suppilovahvero (fi)		2025-11-04	Kaarina	Varsinais-Suomi (V)	Suomi	60.42636	22.36441		COMMUNITY_VERIFIED	iNaturalist Suomi Finland
suppilovahvero (fi) — Craterellus tubaeformis	suppilovahvero (fi)		2025-11-04	Helsinki, Sipoo	Uusimaa (U)	Suomi	60.1	25.1		COMMUNITY_VERIFIED	iNaturalist Suomi Finland
suppilovahvero (fi) — Craterellus tubaeformis	suppilovahvero (fi)		2025-11-03	Espoo	Uusimaa (U)	Suomi	60.296948	24.735519		NEUTRAL	Kastikka Floristic Archives (H)
suppilovahvero (fi) — Craterellus tubaeformis	suppilovahvero (fi)		2025-11-02	Espoo	Uusimaa (U)	Suomi	60.31899	24.52422		COMMUNITY_VERIFIED	iNaturalist Suomi Finland
suppilovahvero (fi) — Craterellus tubaeformis	suppilovahvero (fi)		2025-11-02	Espoo	Uusimaa (U)	Suomi	60.31319	24.51392		COMMUNITY_VERIFIED	iNaturalist Suomi Finland
suppilovahvero (fi) — Craterellus tubaeformis	suppilovahvero (fi)		2025-11-01	Kauniainen	Uusimaa (U)	Suomi	60.212214	24.68292	Sure	NEUTRAL	The Atlas of Finnish Fungi
suppilovahvero (fi) — Craterellus tubaeformis	suppilovahvero (fi)		2025-11-01	Porvoo	Uusimaa (U)	Suomi	60.36793	25.68436		COMMUNITY_VERIFIED	iNaturalist Suomi Finland
suppilovahvero (fi) — Craterellus tubaeformis	suppilovahvero (fi)		2025-10-30	Hämeenlinna	Etelä-Häme (EH)	Suomi	61.2405	25.06823		COMMUNITY_VERIFIED	iNaturalist Suomi Finland
suppilovahvero (fi) — Craterellus tubaeformis	suppilovahvero (fi)		2025-10-30	Vantaa	Uusimaa (U)	Suomi	60.340015	24.841001		NEUTRAL	Kastikka Floristic Archives (H)
suppilovahvero (fi) — Craterellus tubaeformis	suppilovahvero (fi)		2025-10-30	Vantaa	Uusimaa (U)	Suomi	60.34057	24.842559		NEUTRAL	Kastikka Floristic Archives (H)
suppilovahvero (fi) — Craterellus tubaeformis	suppilovahvero (fi)		2025-10-28	Turku	Varsinais-Suomi (V)	Suomi	60.53443	22.37285		COMMUNITY_VERIFIED	iNaturalist Suomi Finland
suppilovahvero (fi) — Craterellus tubaeformis	suppilovahvero (fi)		2025-10-27	Porvoo	Uusimaa (U)	Suomi	60.39418	25.61458		COMMUNITY_VERIFIED	iNaturalist Suomi Finland
suppilovahvero (fi) — Craterellus tubaeformis	suppilovahvero (fi)		2025-10-27	Porvoo	Uusimaa (U)	Suomi	60.39413	25.61459		COMMUNITY_VERIFIED	iNaturalist Suomi Finland
suppilovahvero (fi) — Craterellus tubaeformis	suppilovahvero (fi)		2025-10-26	Laukaa	Pohjois-Häme (PH)	Suomi	62.23601	26.08438		COMMUNITY_VERIFIED	iNaturalist Suomi Finland
suppilovahvero (fi) — Craterellus tubaeformis	suppilovahvero (fi)		2025-10-25	Espoo	Uusimaa (U)	Suomi	60.29474	24.59336		COMMUNITY_VERIFIED	iNaturalist Suomi Finland
suppilovahvero (fi) — Craterellus tubaeformis	suppilovahvero (fi)		2025-10-25 [11:00-11:48]	Sysmä	Etelä-Häme (EH)	Suomi	61.530247	25.670869	Sure	NEUTRAL	Fourth Finnish Bird Atlas 2022–2025, observations from FinBIF Notebook
suppilovahvero (fi) — Craterellus tubaeformis	suppilovahvero (fi)		2025-10-23	Tampere	Etelä-Häme (EH)	Suomi	61.43732	23.89076		COMMUNITY_VERIFIED	iNaturalist Suomi Finland
suppilovahvero (fi) — Craterellus tubaeformis	suppilovahvero (fi)		2025-10-21	Espoo	Uusimaa (U)	Suomi	60.191373	24.554553		NEUTRAL	Kastikka Floristic Archives (H)
suppilovahvero (fi) — Craterellus tubaeformis	suppilovahvero (fi)		2025-10-21	Espoo	Uusimaa (U)	Suomi	60.191504	24.554813		NEUTRAL	Kastikka Floristic Archives (H)
suppilovahvero (fi) — Craterellus tubaeformis	suppilovahvero (fi)		2025-10-21	Espoo	Uusimaa (U)	Suomi	60.191998	24.55676		NEUTRAL	Kastikka Floristic Archives (H)
suppilovahvero (fi) — Craterellus tubaeformis	suppilovahvero (fi)		2025-10-20	Espoo	Uusimaa (U)	Suomi	60.17948	24.72729		COMMUNITY_VERIFIED	iNaturalist Suomi Finland
suppilovahvero (fi) — Craterellus tubaeformis	suppilovahvero (fi)		2025-10-20	Vihti	Varsinais-Suomi (V)	Suomi	60.307587	24.441169		NEUTRAL	Kastikka Floristic Archives (H)
suppilovahvero (fi) — Craterellus tubaeformis	suppilovahvero (fi)		2025-10-20	Vihti	Varsinais-Suomi (V)	Suomi	60.308914	24.442912		NEUTRAL	Kastikka Floristic Archives (H)
suppilovahvero (fi) — Craterellus tubaeformis	suppilovahvero (fi)		2025-10-20	Vihti	Varsinais-Suomi (V)	Suomi	60.316875	24.473246		NEUTRAL	Kastikka Floristic Archives (H)
suppilovahvero (fi) — Craterellus tubaeformis	suppilovahvero (fi)		2025-10-20	Vihti	Varsinais-Suomi (V)	Suomi	60.308636	24.452743		NEUTRAL	Kastikka Floristic Archives (H)
suppilovahvero (fi) — Craterellus tubaeformis	suppilovahvero (fi)		2025-10-20	Vihti	Varsinais-Suomi (V)	Suomi	60.309062	24.443153		NEUTRAL	Kastikka Floristic Archives (H)
suppilovahvero (fi) — Craterellus tubaeformis	suppilovahvero (fi)		2025-10-20	Vihti	Varsinais-Suomi (V)	Suomi	60.31035	24.468193		NEUTRAL	Kastikka Floristic Archives (H)
suppilovahvero (fi) — Craterellus tubaeformis	suppilovahvero (fi)		2025-10-20	Vihti	Varsinais-Suomi (V)	Suomi	60.30725	24.443241		NEUTRAL	Kastikka Floristic Archives (H)
suppilovahvero (fi) — Craterellus tubaeformis	suppilovahvero (fi)		2025-10-20	Vihti	Varsinais-Suomi (V)	Suomi	60.311293	24.469605		NEUTRAL	Kastikka Floristic Archives (H)
suppilovahvero (fi) — Craterellus tubaeformis	suppilovahvero (fi)		2025-10-20	Vihti	Varsinais-Suomi (V)	Suomi	60.310815	24.468574		NEUTRAL	Kastikka Floristic Archives (H)
suppilovahvero (fi) — Craterellus tubaeformis	suppilovahvero (fi)		2025-10-19	Kuopio, Lapinlahti	Pohjois-Savo (PS)	Suomi	63.3	27.3		COMMUNITY_VERIFIED	iNaturalist Suomi Finland
suppilovahvero (fi) — Craterellus tubaeformis	suppilovahvero (fi)		2025-10-19	Vihti	Varsinais-Suomi (V)	Suomi	60.324318	24.441272		NEUTRAL	Kastikka Floristic Archives (H)
suppilovahvero (fi) — Craterellus tubaeformis	suppilovahvero (fi)		2025-10-18	Sipoo	Uusimaa (U)	Suomi	60.35345	25.19931		COMMUNITY_VERIFIED	iNaturalist Suomi Finland
suppilovahvero (fi) — Craterellus tubaeformis	suppilovahvero (fi)		2025-10-18	Jyväskylä	Pohjois-Häme (PH)	Suomi	62.25177	25.58712		COMMUNITY_VERIFIED	iNaturalist Suomi Finland
suppilovahvero (fi) — Craterellus tubaeformis	suppilovahvero (fi)		2025-10-18	Porvoo	Uusimaa (U)	Suomi	60.34858	25.61133		COMMUNITY_VERIFIED	iNaturalist Suomi Finland
suppilovahvero (fi) — Craterellus tubaeformis	suppilovahvero (fi)		2025-10-17	Jyväskylä	Pohjois-Häme (PH)	Suomi	62.29949	25.74219		COMMUNITY_VERIFIED	iNaturalist Suomi Finland
suppilovahvero (fi) — Craterellus tubaeformis	suppilovahvero (fi)		2025-10-16	Kaarina, Lieto, Masku, Nousiainen, Raisio, Rusko, Turku	Varsinais-Suomi (V)	Suomi	60.5	22.3		COMMUNITY_VERIFIED	iNaturalist Suomi Finland
suppilovahvero (fi) — Craterellus tubaeformis	suppilovahvero (fi)		2025-10-16	Lahti	Etelä-Häme (EH)	Suomi	60.99948	25.55997		COMMUNITY_VERIFIED	iNaturalist Suomi Finland
suppilovahvero (fi) — Craterellus tubaeformis	suppilovahvero (fi)		2025-10-15	Hanko	Uusimaa (U)	Suomi	59.904288	23.196764	Sure	NEUTRAL	The Atlas of Finnish Fungi
suppilovahvero (fi) — Craterellus tubaeformis	suppilovahvero (fi)		2025-10-15	Jyväskylä	Pohjois-Häme (PH)	Suomi	62.24775	25.63625		COMMUNITY_VERIFIED	iNaturalist Suomi Finland
suppilovahvero (fi) — Craterellus tubaeformis	suppilovahvero (fi)		2025-10-15	Jyväskylä	Pohjois-Häme (PH)	Suomi	62.24662	25.64117		COMMUNITY_VERIFIED	iNaturalist Suomi Finland
suppilovahvero (fi) — Craterellus tubaeformis	suppilovahvero (fi)		2025-10-15	Salo	Varsinais-Suomi (V)	Suomi	60.1767	23.27677		COMMUNITY_VERIFIED	iNaturalist Suomi Finland
suppilovahvero (fi) — Craterellus tubaeformis	suppilovahvero (fi)		2025-10-14	Suonenjoki	Pohjois-Savo (PS)	Suomi	62.50761	27.2382		COMMUNITY_VERIFIED	iNaturalist Suomi Finland
suppilovahvero (fi) — Craterellus tubaeformis	suppilovahvero (fi)		2025-10-14	Heinola	Etelä-Häme (EH)	Suomi	61.29035	26.1986		COMMUNITY_VERIFIED	iNaturalist Suomi Finland
suppilovahvero (fi) — Craterellus tubaeformis	suppilovahvero (fi)		2025-10-14	Eurajoki	Satakunta (St)	Suomi	61.19487	21.67566		COMMUNITY_VERIFIED	iNaturalist Suomi Finland
suppilovahvero (fi) — Craterellus tubaeformis	suppilovahvero (fi)		2025-10-14	Porvoo	Uusimaa (U)	Suomi	60.36164	25.72228		COMMUNITY_VERIFIED	iNaturalist Suomi Finland
suppilovahvero (fi) — Craterellus tubaeformis	suppilovahvero (fi)		2025-10-13	Hanko	Uusimaa (U)	Suomi	59.85519	23.071058	Sure	NEUTRAL	The Atlas of Finnish Fungi
suppilovahvero (fi) — Craterellus tubaeformis	suppilovahvero (fi)		2025-10-13	Sastamala	Satakunta (St)	Suomi	61.379421	23.162378	Sure	NEUTRAL	The Atlas of Finnish Fungi
suppilovahvero (fi) — Craterellus tubaeformis	suppilovahvero (fi)		2025-10-12	Imatra	Etelä-Savo (ES)	Suomi	61.2154	28.7665		COMMUNITY_VERIFIED	iNaturalist Suomi Finland
suppilovahvero (fi) — Craterellus tubaeformis	suppilovahvero (fi)		2025-10-12	Vihti	Varsinais-Suomi (V)	Suomi	60.31589	24.29807		COMMUNITY_VERIFIED	iNaturalist Suomi Finland
suppilovahvero (fi) — Craterellus tubaeformis	suppilovahvero (fi)		2025-10-12	Salo	Varsinais-Suomi (V)	Suomi	60.17735	23.27662		COMMUNITY_VERIFIED	iNaturalist Suomi Finland
suppilovahvero (fi) — Craterellus tubaeformis	suppilovahvero (fi)		2025-10-12	Kouvola	Etelä-Savo (ES)	Suomi	61.17028	26.8506		COMMUNITY_VERIFIED	iNaturalist Suomi Finland
suppilovahvero (fi) — Craterellus tubaeformis	suppilovahvero (fi)		2025-10-12	Hämeenkyrö	Satakunta (St)	Suomi	61.56496	23.09387		COMMUNITY_VERIFIED	iNaturalist Suomi Finland
suppilovahvero (fi) — Craterellus tubaeformis	suppilovahvero (fi)		2025-10-12	Sastamala	Satakunta (St)	Suomi	61.394988	23.072837	Sure	NEUTRAL	The Atlas of Finnish Fungi
suppilovahvero (fi) — Craterellus tubaeformis	suppilovahvero (fi)		2025-10-11	Espoo	Uusimaa (U)	Suomi	60.330153	24.694964	Sure	NEUTRAL	The Atlas of Finnish Fungi
suppilovahvero (fi) — Craterellus tubaeformis	suppilovahvero (fi)		2025-10-11	Heinola	Etelä-Häme (EH)	Suomi	61.34008	26.18461		COMMUNITY_VERIFIED	iNaturalist Suomi Finland
suppilovahvero (fi) — Craterellus tubaeformis	suppilovahvero (fi)		2025-10-11	Juuka	Pohjois-Karjala (PK)	Suomi	63.41414	29.09394		COMMUNITY_VERIFIED	iNaturalist Suomi Finland
suppilovahvero (fi) — Craterellus tubaeformis	suppilovahvero (fi)		2025-10-11	Orimattila	Uusimaa (U)	Suomi	60.7418	26.11398		COMMUNITY_VERIFIED	iNaturalist Suomi Finland
suppilovahvero (fi) — Craterellus tubaeformis	suppilovahvero (fi)		2025-10-11	Helsinki	Uusimaa (U)	Suomi	60.21836	24.91894		COMMUNITY_VERIFIED	iNaturalist Suomi Finland
suppilovahvero (fi) — Craterellus tubaeformis	suppilovahvero (fi)		2025-10-11 [10:17]	Tampere	Etelä-Häme (EH)	Suomi	61.468528	23.813734	Sure	NEUTRAL	Notebook, general observations
suppilovahvero (fi) — Craterellus tubaeformis	suppilovahvero (fi)		2025-10-10	Vaala	Kainuu (Kn), Oulun Pohjanmaa (OP)	Suomi	64.5	26.7		COMMUNITY_VERIFIED	iNaturalist Suomi Finland
suppilovahvero (fi) — Craterellus tubaeformis	suppilovahvero (fi)		2025-10-10	Espoo	Uusimaa (U)	Suomi	60.19949	24.73105		COMMUNITY_VERIFIED	iNaturalist Suomi Finland
suppilovahvero (fi) — Craterellus tubaeformis	suppilovahvero (fi)		2025-10-10	Salo	Varsinais-Suomi (V)	Suomi	60.17675	23.27677		COMMUNITY_VERIFIED	iNaturalist Suomi Finland
suppilovahvero (fi) — Craterellus tubaeformis	suppilovahvero (fi)		2025-10-10	Luumäki	Etelä-Savo (ES)	Suomi	60.99229	27.63745		COMMUNITY_VERIFIED	iNaturalist Suomi Finland
suppilovahvero (fi) — Craterellus tubaeformis	suppilovahvero (fi)		2025-10-10	Porvoo	Uusimaa (U)	Suomi	60.35488	25.60357		COMMUNITY_VERIFIED	iNaturalist Suomi Finland
suppilovahvero (fi) — Craterellus tubaeformis	suppilovahvero (fi)	Useita	2025-10-10	Raahe	Keski-Pohjanmaa (KP)	Suomi	64.563606	24.597339	Sure	NEUTRAL	The Atlas of Finnish Fungi
suppilovahvero (fi) — Craterellus tubaeformis	suppilovahvero (fi)		2025-10-09	Jyväskylä	Pohjois-Häme (PH)	Suomi	62.23745	25.6343		COMMUNITY_VERIFIED	iNaturalist Suomi Finland
suppilovahvero (fi) — Craterellus tubaeformis	suppilovahvero (fi)		2025-10-09	Jyväskylä	Pohjois-Häme (PH)	Suomi	62.24142	25.6313		COMMUNITY_VERIFIED	iNaturalist Suomi Finland
suppilovahvero (fi) — Craterellus tubaeformis	suppilovahvero (fi)		2025-10-09	Espoo	Uusimaa (U)	Suomi	60.270006	24.700707		NEUTRAL	Kastikka Floristic Archives (H)
suppilovahvero (fi) — Craterellus tubaeformis	suppilovahvero (fi)		2025-10-08 [9:19-15:04]	Raasepori	Varsinais-Suomi (V)	Suomi	60.125916	23.533877	Sure	NEUTRAL	The Atlas of Finnish Fungi
suppilovahvero (fi) — Craterellus tubaeformis	suppilovahvero (fi)		2025-10-07	Espoo	Uusimaa (U)	Suomi	60.196775	24.630949		NEUTRAL	Kastikka Floristic Archives (H)
suppilovahvero (fi) — Craterellus tubaeformis	suppilovahvero (fi)		2025-10-06	Salo	Varsinais-Suomi (V)	Suomi	60.17676	23.27677		COMMUNITY_VERIFIED	iNaturalist Suomi Finland
suppilovahvero (fi) — Craterellus tubaeformis	suppilovahvero (fi)		2025-10-05	Jämsä	Etelä-Häme (EH)	Suomi	61.739548	25.303171	Sure	NEUTRAL	The Atlas of Finnish Fungi
suppilovahvero (fi) — Craterellus tubaeformis	suppilovahvero (fi)		2025-10-04	Aura, Lieto, Masku, Mynämäki, Nousiainen, Pöytyä, Rusko, Turku	Satakunta (St), Varsinais-Suomi (V)	Suomi	60.7	22.5		COMMUNITY_VERIFIED	iNaturalist Suomi Finland
suppilovahvero (fi) — Craterellus tubaeformis	suppilovahvero (fi)		2025-10-04	Porvoo	Uusimaa (U)	Suomi	60.36217	25.66919		COMMUNITY_VERIFIED	iNaturalist Suomi Finland
suppilovahvero (fi) — Craterellus tubaeformis	suppilovahvero (fi)		2025-10-04	Sund	Ahvenanmaa (A)	Suomi	60.28056	20.15419		COMMUNITY_VERIFIED	iNaturalist Suomi Finland
suppilovahvero (fi) — Craterellus tubaeformis	suppilovahvero (fi)		2025-10-03	Lohja	Varsinais-Suomi (V)	Suomi	60.228046	23.863996	Sure	NEUTRAL	The Atlas of Finnish Fungi
suppilovahvero (fi) — Craterellus tubaeformis	suppilovahvero (fi)	100+	2025-10-02	Loppi	Etelä-Häme (EH)	Suomi	60.667991	24.335186	Sure	NEUTRAL	Notebook, general observations
suppilovahvero (fi) — Craterellus tubaeformis	suppilovahvero (fi)		2025-10-02	Raasepori	Uusimaa (U)	Suomi	59.943998	23.509586	Sure	NEUTRAL	The Atlas of Finnish Fungi
suppilovahvero (fi) — Craterellus tubaeformis	suppilovahvero (fi)		2025-10-02	Närpiö	Etelä-Pohjanmaa (EP)	Suomi	62.47284	21.33715		COMMUNITY_VERIFIED	iNaturalist Suomi Finland
suppilovahvero (fi) — Craterellus tubaeformis	suppilovahvero (fi)		2025-10-01	Raasepori	Uusimaa (U), Varsinais-Suomi (V)	Suomi	60.008326	23.494959	Sure	NEUTRAL	The Atlas of Finnish Fungi
suppilovahvero (fi) — Craterellus tubaeformis	suppilovahvero (fi)		2025-10-01	Joensuu	Pohjois-Karjala (PK)	Suomi	62.55837	30.17677		COMMUNITY_VERIFIED	iNaturalist Suomi Finland
suppilovahvero (fi) — Craterellus tubaeformis	suppilovahvero (fi)		2025-10-01	Vihti	Varsinais-Suomi (V)	Suomi	60.32406	24.49125		COMMUNITY_VERIFIED	iNaturalist Suomi Finland
suppilovahvero (fi) — Craterellus tubaeformis	suppilovahvero (fi)		2025-09-30	Tampere	Etelä-Häme (EH)	Suomi	61.51797	23.868027	Sure	NEUTRAL	The Atlas of Finnish Fungi
suppilovahvero (fi) — Craterellus tubaeformis	suppilovahvero (fi)		2025-09-30	Vihti	Varsinais-Suomi (V)	Suomi	60.381118	24.506133	Sure	NEUTRAL	The Atlas of Finnish Fungi
suppilovahvero (fi) — Craterellus tubaeformis	suppilovahvero (fi)		2025-09-30	Siilinjärvi	Pohjois-Savo (PS)	Suomi	63.01575	27.44045		COMMUNITY_VERIFIED	iNaturalist Suomi Finland
suppilovahvero (fi) — Craterellus tubaeformis	suppilovahvero (fi)		2025-09-30	Vesilahti	Etelä-Häme (EH)	Suomi	61.2308	23.52803		COMMUNITY_VERIFIED	iNaturalist Suomi Finland
suppilovahvero (fi) — Craterellus tubaeformis	suppilovahvero (fi)		2025-09-30	Jyväskylä	Pohjois-Häme (PH)	Suomi	62.21198	25.65317		COMMUNITY_VERIFIED	iNaturalist Suomi Finland
suppilovahvero (fi) — Craterellus tubaeformis	suppilovahvero (fi)		2025-09-29	Vihti	Varsinais-Suomi (V)	Suomi	60.540033	24.556259	Sure	NEUTRAL	The Atlas of Finnish Fungi
suppilovahvero (fi) — Craterellus tubaeformis	suppilovahvero (fi)		2025-09-29	Raasepori	Uusimaa (U), Varsinais-Suomi (V)	Suomi	60.006156	23.492708	Sure	NEUTRAL	The Atlas of Finnish Fungi
suppilovahvero (fi) — Craterellus tubaeformis	suppilovahvero (fi)		2025-09-29	Jyväskylä	Pohjois-Häme (PH)	Suomi	62.21179	25.65866		COMMUNITY_VERIFIED	iNaturalist Suomi Finland
suppilovahvero (fi) — Craterellus tubaeformis	suppilovahvero (fi)		2025-09-29	Helsinki, Kerava, Sipoo, Tuusula, Vantaa	Uusimaa (U)	Suomi	60.3	25.1		COMMUNITY_VERIFIED	iNaturalist Suomi Finland
suppilovahvero (fi) — Craterellus tubaeformis	suppilovahvero (fi)		2025-09-29	Espoo	Uusimaa (U)	Suomi	60.19231	24.68244		COMMUNITY_VERIFIED	iNaturalist Suomi Finland
suppilovahvero (fi) — Craterellus tubaeformis	suppilovahvero (fi)		2025-09-29	Espoo	Uusimaa (U)	Suomi	60.19231	24.68244		COMMUNITY_VERIFIED	iNaturalist Suomi Finland
suppilovahvero (fi) — Craterellus tubaeformis	suppilovahvero (fi)		2025-09-28	Vantaa	Uusimaa (U)	Suomi	60.29373	25.14577		COMMUNITY_VERIFIED	iNaturalist Suomi Finland
suppilovahvero (fi) — Craterellus tubaeformis	suppilovahvero (fi)		2025-09-28	Espoo	Uusimaa (U)	Suomi	60.19832	24.72897		COMMUNITY_VERIFIED	iNaturalist Suomi Finland
suppilovahvero (fi) — Craterellus tubaeformis	suppilovahvero (fi)		2025-09-28	Espoo	Uusimaa (U)	Suomi	60.19956	24.73007		COMMUNITY_VERIFIED	iNaturalist Suomi Finland
suppilovahvero (fi) — Craterellus tubaeformis	suppilovahvero (fi)		2025-09-28	Espoo, Kauniainen	Uusimaa (U)	Suomi	60.21276	24.70825		COMMUNITY_VERIFIED	iNaturalist Suomi Finland
suppilovahvero (fi) — Craterellus tubaeformis	suppilovahvero (fi)		2025-09-28	Espoo	Uusimaa (U)	Suomi	60.27604	24.5606		COMMUNITY_VERIFIED	iNaturalist Suomi Finland
suppilovahvero (fi) — Craterellus tubaeformis	suppilovahvero (fi)		2025-09-28	Espoo	Uusimaa (U)	Suomi	60.28916	24.57108		COMMUNITY_VERIFIED	iNaturalist Suomi Finland
suppilovahvero (fi) — Craterellus tubaeformis	suppilovahvero (fi)		2025-09-28	Espoo	Uusimaa (U)	Suomi	60.28952	24.571		COMMUNITY_VERIFIED	iNaturalist Suomi Finland
suppilovahvero (fi) — Craterellus tubaeformis	suppilovahvero (fi)		2025-09-28	Kangasala	Etelä-Häme (EH)	Suomi	61.50215	24.34641		COMMUNITY_VERIFIED	iNaturalist Suomi Finland
suppilovahvero (fi) — Craterellus tubaeformis	suppilovahvero (fi)		2025-09-27	Vantaa	Uusimaa (U)	Suomi	60.29161	25.16361		COMMUNITY_VERIFIED	iNaturalist Suomi Finland
suppilovahvero (fi) — Craterellus tubaeformis	suppilovahvero (fi)		2025-09-27	Porvoo	Uusimaa (U)	Suomi	60.39709	25.62113		COMMUNITY_VERIFIED	iNaturalist Suomi Finland
suppilovahvero (fi) — Craterellus tubaeformis	suppilovahvero (fi)		2025-09-27	Helsinki	Uusimaa (U)	Suomi	60.23718	25.14664		COMMUNITY_VERIFIED	iNaturalist Suomi Finland
suppilovahvero (fi) — Craterellus tubaeformis	suppilovahvero (fi)		2025-09-27	Nurmijärvi	Uusimaa (U)	Suomi	60.4991	24.694557	Sure	NEUTRAL	The Atlas of Finnish Fungi
suppilovahvero (fi) — Craterellus tubaeformis	suppilovahvero (fi)		2025-09-27	Jyväskylä	Pohjois-Häme (PH)	Suomi	62.24543	25.69251		COMMUNITY_VERIFIED	iNaturalist Suomi Finland
suppilovahvero (fi) — Craterellus tubaeformis	suppilovahvero (fi)		2025-09-27	Akaa	Etelä-Häme (EH)	Suomi	61.16038	23.8996		COMMUNITY_VERIFIED	iNaturalist Suomi Finland
suppilovahvero (fi) — Craterellus tubaeformis	suppilovahvero (fi)		2025-09-27	Pielavesi	Pohjois-Savo (PS)	Suomi	63.12525	26.61784		COMMUNITY_VERIFIED	iNaturalist Suomi Finland
suppilovahvero (fi) — Craterellus tubaeformis	suppilovahvero (fi)		2025-09-27	Vihti	Varsinais-Suomi (V)	Suomi	60.361434	24.495646		NEUTRAL	Kastikka Floristic Archives (H)
suppilovahvero (fi) — Craterellus tubaeformis	suppilovahvero (fi)		2025-09-27	Vihti	Varsinais-Suomi (V)	Suomi	60.362031	24.495401		NEUTRAL	Kastikka Floristic Archives (H)
suppilovahvero (fi) — Craterellus tubaeformis	suppilovahvero (fi)		2025-09-27	Vihti	Varsinais-Suomi (V)	Suomi	60.367627	24.487393		NEUTRAL	Kastikka Floristic Archives (H)
suppilovahvero (fi) — Craterellus tubaeformis	suppilovahvero (fi)		2025-09-27	Vihti	Varsinais-Suomi (V)	Suomi	60.361909	24.485603		NEUTRAL	Kastikka Floristic Archives (H)
suppilovahvero (fi) — Craterellus tubaeformis	suppilovahvero (fi)		2025-09-27	Vihti	Varsinais-Suomi (V)	Suomi	60.360795	24.477495		NEUTRAL	Kastikka Floristic Archives (H)
suppilovahvero (fi) — Craterellus tubaeformis	suppilovahvero (fi)		2025-09-26	Vihti	Varsinais-Suomi (V)	Suomi	60.541406	24.485954	Sure	NEUTRAL	The Atlas of Finnish Fungi
suppilovahvero (fi) — Craterellus tubaeformis	suppilovahvero (fi)		2025-09-26	Vihti	Varsinais-Suomi (V)	Suomi	60.544104	24.555926	Sure	NEUTRAL	The Atlas of Finnish Fungi
suppilovahvero (fi) — Craterellus tubaeformis	suppilovahvero (fi)		2025-09-26	Vihti	Varsinais-Suomi (V)	Suomi	60.543666	24.554835	Sure	NEUTRAL	The Atlas of Finnish Fungi
suppilovahvero (fi) — Craterellus tubaeformis	suppilovahvero (fi)		2025-09-26	Juupajoki, Orivesi	Etelä-Häme (EH)	Suomi	61.7	24.5		COMMUNITY_VERIFIED	iNaturalist Suomi Finland
suppilovahvero (fi) — Craterellus tubaeformis	suppilovahvero (fi)		2025-09-26	Hyvinkää, Nurmijärvi, Tuusula, Vantaa	Uusimaa (U)	Suomi	60.5	24.9		COMMUNITY_VERIFIED	iNaturalist Suomi Finland
suppilovahvero (fi) — Craterellus tubaeformis	suppilovahvero (fi)	1	2025-09-26	Lohja	Varsinais-Suomi (V)	Suomi	60.244047	23.813947		NEUTRAL	LajiGIS: Species mapping and surveys
suppilovahvero (fi) — Craterellus tubaeformis	suppilovahvero (fi)		2025-09-26	Lohja	Varsinais-Suomi (V)	Suomi	60.37438	24.09464		COMMUNITY_VERIFIED	iNaturalist Suomi Finland
suppilovahvero (fi) — Craterellus tubaeformis	suppilovahvero (fi)		2025-09-26	Turku	Varsinais-Suomi (V)	Suomi	60.55098	22.30045		COMMUNITY_VERIFIED	iNaturalist Suomi Finland
suppilovahvero (fi) — Craterellus tubaeformis	suppilovahvero (fi)		2025-09-26	Kouvola	Etelä-Savo (ES)	Suomi	60.86255	26.76931		COMMUNITY_VERIFIED	iNaturalist Suomi Finland
suppilovahvero (fi) — Craterellus tubaeformis	suppilovahvero (fi)		2025-09-26	Jyväskylä	Pohjois-Häme (PH)	Suomi	62.20623	25.60684		COMMUNITY_VERIFIED	iNaturalist Suomi Finland
suppilovahvero (fi) — Craterellus tubaeformis	suppilovahvero (fi)		2025-09-25	Kirkkonummi	Uusimaa (U)	Suomi	60.19609	24.46869		COMMUNITY_VERIFIED	iNaturalist Suomi Finland
suppilovahvero (fi) — Craterellus tubaeformis	suppilovahvero (fi)	1	2025-09-25	Raasepori	Varsinais-Suomi (V)	Suomi	60.202165	23.892766		NEUTRAL	LajiGIS: Species mapping and surveys
suppilovahvero (fi) — Craterellus tubaeformis	suppilovahvero (fi)		2025-09-25	Lahti	Etelä-Häme (EH)	Suomi	60.98622	25.62872		COMMUNITY_VERIFIED	iNaturalist Suomi Finland
suppilovahvero (fi) — Craterellus tubaeformis	suppilovahvero (fi)	muutama	2025-09-25	Salo	Varsinais-Suomi (V)	Suomi	60.216931	23.589154	Sure	NEUTRAL	The Atlas of Finnish Fungi
suppilovahvero (fi) — Craterellus tubaeformis	suppilovahvero (fi)	useita	2025-09-25	Salo	Varsinais-Suomi (V)	Suomi	60.218051	23.594287	Sure	NEUTRAL	The Atlas of Finnish Fungi
suppilovahvero (fi) — Craterellus tubaeformis	suppilovahvero (fi)		2025-09-24	Porvoo	Uusimaa (U)	Suomi	60.34835	25.55333		COMMUNITY_VERIFIED	iNaturalist Suomi Finland
suppilovahvero (fi) — Craterellus tubaeformis	suppilovahvero (fi)		2025-09-24	Sipoo	Uusimaa (U)	Suomi	60.31291	25.20685		COMMUNITY_VERIFIED	iNaturalist Suomi Finland
suppilovahvero (fi) — Craterellus tubaeformis	suppilovahvero (fi)		2025-09-23 - 2025-09-24	Kauniainen	Uusimaa (U)	Suomi	60.212966	24.682636	Sure	NEUTRAL	The Atlas of Finnish Fungi
suppilovahvero (fi) — Craterellus tubaeformis	suppilovahvero (fi)		2025-09-23	Kuopio, Lapinlahti, Siilinjärvi	Pohjois-Savo (PS)	Suomi	63.3	27.7		COMMUNITY_VERIFIED	iNaturalist Suomi Finland
suppilovahvero (fi) — Craterellus tubaeformis	suppilovahvero (fi)		2025-09-23	Espoo	Uusimaa (U)	Suomi	60.29375	24.52191		COMMUNITY_VERIFIED	iNaturalist Suomi Finland
suppilovahvero (fi) — Craterellus tubaeformis	suppilovahvero (fi)		2025-09-22 [16:31-16:48]	Salo	Varsinais-Suomi (V)	Suomi	60.3348	23.213235	Sure	NEUTRAL	The Atlas of Finnish Fungi
suppilovahvero (fi) — Craterellus tubaeformis	suppilovahvero (fi)		2025-09-22	Ylöjärvi	Etelä-Häme (EH)	Suomi	61.54893	23.59488		COMMUNITY_VERIFIED	iNaturalist Suomi Finland
suppilovahvero (fi) — Craterellus tubaeformis	suppilovahvero (fi)		2025-09-22	Raasepori	Varsinais-Suomi (V)	Suomi	60.13822	23.26059		COMMUNITY_VERIFIED	iNaturalist Suomi Finland
suppilovahvero (fi) — Craterellus tubaeformis	suppilovahvero (fi)	1	2025-09-22	Raasepori	Varsinais-Suomi (V)	Suomi	60.171284	23.84461		NEUTRAL	LajiGIS: Species mapping and surveys
suppilovahvero (fi) — Craterellus tubaeformis	suppilovahvero (fi)		2025-09-22 [18:01-18:46]	Espoo	Uusimaa (U)	Suomi	60.203472	24.623309	Sure	NEUTRAL	Notebook, general observations
suppilovahvero (fi) — Craterellus tubaeformis	suppilovahvero (fi)	1000	2025-09-22	Tampere	Etelä-Häme (EH)	Suomi	61.456922	23.820956		NEUTRAL	Notebook, general observations
suppilovahvero (fi) — Craterellus tubaeformis	suppilovahvero (fi)		2025-09-21	Helsinki	Uusimaa (U)	Suomi	60.27027	24.90561		COMMUNITY_VERIFIED	iNaturalist Suomi Finland
suppilovahvero (fi) — Craterellus tubaeformis	suppilovahvero (fi)		2025-09-21	Sotkamo	Kainuu (Kn)	Suomi	64.198012	28.235613	Sure	NEUTRAL	Notebook, general observations
suppilovahvero (fi) — Craterellus tubaeformis	suppilovahvero (fi)		2025-09-21	Jyväskylä	Pohjois-Häme (PH)	Suomi	62.23479	25.65559		COMMUNITY_VERIFIED	iNaturalist Suomi Finland
suppilovahvero (fi) — Craterellus tubaeformis	suppilovahvero (fi)		2025-09-21	Muurame	Etelä-Häme (EH)	Suomi	62.23017	25.57432		COMMUNITY_VERIFIED	iNaturalist Suomi Finland
suppilovahvero (fi) — Craterellus tubaeformis	suppilovahvero (fi)		2025-09-21	Muurame	Etelä-Häme (EH)	Suomi	62.23017	25.57432		COMMUNITY_VERIFIED	iNaturalist Suomi Finland
suppilovahvero (fi) — Craterellus tubaeformis	suppilovahvero (fi)		2025-09-21	Jyväskylä	Pohjois-Häme (PH)	Suomi	62.23673	25.65275		COMMUNITY_VERIFIED	iNaturalist Suomi Finland
suppilovahvero (fi) — Craterellus tubaeformis	suppilovahvero (fi)		2025-09-21	Raasepori	Varsinais-Suomi (V)	Suomi	60.13668	23.52871		COMMUNITY_VERIFIED	iNaturalist Suomi Finland
suppilovahvero (fi) — Craterellus tubaeformis	suppilovahvero (fi)		2025-09-21	Espoo	Uusimaa (U)	Suomi	60.31742	24.67804		COMMUNITY_VERIFIED	iNaturalist Suomi Finland
suppilovahvero (fi) — Craterellus tubaeformis	suppilovahvero (fi)		2025-09-20	Vihti	Varsinais-Suomi (V)	Suomi	60.29327	24.508082	Sure	NEUTRAL	The Atlas of Finnish Fungi
suppilovahvero (fi) — Craterellus tubaeformis	suppilovahvero (fi)		2025-09-20	Hollola	Etelä-Häme (EH)	Suomi	60.9878	25.49604		COMMUNITY_VERIFIED	iNaturalist Suomi Finland
suppilovahvero (fi) — Craterellus tubaeformis	suppilovahvero (fi)		2025-09-20	Salo	Varsinais-Suomi (V)	Suomi	60.45414	23.63406		COMMUNITY_VERIFIED	iNaturalist Suomi Finland
suppilovahvero (fi) — Craterellus tubaeformis	suppilovahvero (fi)		2025-09-20	Salo	Varsinais-Suomi (V)	Suomi	60.45697	23.62786		COMMUNITY_VERIFIED	iNaturalist Suomi Finland
suppilovahvero (fi) — Craterellus tubaeformis	suppilovahvero (fi)		2025-09-20	Salo	Varsinais-Suomi (V)	Suomi	60.45685	23.62797		COMMUNITY_VERIFIED	iNaturalist Suomi Finland
suppilovahvero (fi) — Craterellus tubaeformis	suppilovahvero (fi)		2025-09-20	Salo	Varsinais-Suomi (V)	Suomi	60.45639	23.6211		COMMUNITY_VERIFIED	iNaturalist Suomi Finland
suppilovahvero (fi) — Craterellus tubaeformis	suppilovahvero (fi)		2025-09-20	Salo	Varsinais-Suomi (V)	Suomi	60.45659	23.62145		COMMUNITY_VERIFIED	iNaturalist Suomi Finland
suppilovahvero (fi) — Craterellus tubaeformis	suppilovahvero (fi)		2025-09-20	Turku	Varsinais-Suomi (V)	Suomi	60.41615	22.20329		COMMUNITY_VERIFIED	iNaturalist Suomi Finland
suppilovahvero (fi) — Craterellus tubaeformis	suppilovahvero (fi)		2025-09-20 [7:24]	Parainen	Varsinais-Suomi (V)	Suomi	60.135715	21.659077		NEUTRAL	Notebook, general observations
suppilovahvero (fi) — Craterellus tubaeformis	suppilovahvero (fi)		2025-09-20 [16:05]	Espoo	Uusimaa (U)	Suomi	60.181595	24.709913	Sure	NEUTRAL	Notebook, general observations
suppilovahvero (fi) — Craterellus tubaeformis	suppilovahvero (fi)		2025-09-19	Espoo	Uusimaa (U)	Suomi	60.17758	24.72752		COMMUNITY_VERIFIED	iNaturalist Suomi Finland
suppilovahvero (fi) — Craterellus tubaeformis	suppilovahvero (fi)		2025-09-19	Espoo	Uusimaa (U)	Suomi	60.17865	24.72886		COMMUNITY_VERIFIED	iNaturalist Suomi Finland
suppilovahvero (fi) — Craterellus tubaeformis	suppilovahvero (fi)		2025-09-19	Muurame	Etelä-Häme (EH)	Suomi	62.09417	25.64622		COMMUNITY_VERIFIED	iNaturalist Suomi Finland
suppilovahvero (fi) — Craterellus tubaeformis	suppilovahvero (fi)		2025-09-19	Vaasa	Etelä-Pohjanmaa (EP)	Suomi	63.057219	21.697784	Sure	NEUTRAL	Notebook, general observations
suppilovahvero (fi) — Craterellus tubaeformis	suppilovahvero (fi)		2025-09-18	Helsinki	Uusimaa (U)	Suomi	60.26783	25.15335		COMMUNITY_VERIFIED	iNaturalist Suomi Finland
suppilovahvero (fi) — Craterellus tubaeformis	suppilovahvero (fi)		2025-09-18	Kärkölä	Etelä-Häme (EH)	Suomi	60.90482	25.24535		COMMUNITY_VERIFIED	iNaturalist Suomi Finland
suppilovahvero (fi) — Craterellus tubaeformis	suppilovahvero (fi)		2025-09-18	Vantaa	Uusimaa (U)	Suomi	60.24093	25.12258		COMMUNITY_VERIFIED	iNaturalist Suomi Finland
suppilovahvero (fi) — Craterellus tubaeformis	suppilovahvero (fi)		2025-09-18	Salo	Varsinais-Suomi (V)	Suomi	60.365135	23.204704	Sure	NEUTRAL	Notebook, general observations
suppilovahvero (fi) — Craterellus tubaeformis	suppilovahvero (fi)	40-50	2025-09-17 [16:00]	Eckerö	Ahvenanmaa (A)	Suomi	60.246116	19.493066	Sure	NEUTRAL	Notebook, general observations
suppilovahvero (fi) — Craterellus tubaeformis	suppilovahvero (fi)		2025-09-17	Parainen	Varsinais-Suomi (V)	Suomi	60.16342	21.68968		COMMUNITY_VERIFIED	iNaturalist Suomi Finland
suppilovahvero (fi) — Craterellus tubaeformis	suppilovahvero (fi)		2025-09-16	Sipoo	Uusimaa (U)	Suomi	60.25839	25.397335	Sure	NEUTRAL	The Atlas of Finnish Fungi
suppilovahvero (fi) — Craterellus tubaeformis	suppilovahvero (fi)		2025-09-16	Espoo	Uusimaa (U)	Suomi	60.19965	24.73332		COMMUNITY_VERIFIED	iNaturalist Suomi Finland
suppilovahvero (fi) — Craterellus tubaeformis	suppilovahvero (fi)		2025-09-16	Helsinki, Kerava, Sipoo, Tuusula, Vantaa	Uusimaa (U)	Suomi	60.3	25.1		COMMUNITY_VERIFIED	iNaturalist Suomi Finland
suppilovahvero (fi) — Craterellus tubaeformis	suppilovahvero (fi)		2025-09-16	Jyväskylä	Pohjois-Häme (PH)	Suomi	62.23543	25.69319		NEUTRAL	iNaturalist Suomi Finland
suppilovahvero (fi) — Craterellus tubaeformis	suppilovahvero (fi)		2025-09-14	Espoo	Uusimaa (U)	Suomi	60.234677	24.676171		NEUTRAL	Fungal collection of the Botanical Museum, University of Oulu (OULU)
suppilovahvero (fi) — Craterellus tubaeformis	suppilovahvero (fi)		2025-09-14	Raasepori	Varsinais-Suomi (V)	Suomi	60.01044	23.34799		COMMUNITY_VERIFIED	iNaturalist Suomi Finland
suppilovahvero (fi) — Craterellus tubaeformis	suppilovahvero (fi)		2025-09-14	Tampere	Etelä-Häme (EH)	Suomi	61.60904	23.96494		COMMUNITY_VERIFIED	iNaturalist Suomi Finland
suppilovahvero (fi) — Craterellus tubaeformis	suppilovahvero (fi)		2025-09-14	Espoo	Uusimaa (U)	Suomi	60.13121	24.67399		COMMUNITY_VERIFIED	iNaturalist Suomi Finland
suppilovahvero (fi) — Craterellus tubaeformis	suppilovahvero (fi)		2025-09-14	Espoo	Uusimaa (U)	Suomi	60.234674	24.676179	Sure	NEUTRAL	The Atlas of Finnish Fungi
suppilovahvero (fi) — Craterellus tubaeformis	suppilovahvero (fi)		2025-09-13	Hartola, Joutsa, Mäntyharju	Etelä-Häme (EH), Etelä-Savo (ES)	Suomi	61.7	26.3		COMMUNITY_VERIFIED	iNaturalist Suomi Finland
suppilovahvero (fi) — Craterellus tubaeformis	suppilovahvero (fi)		2025-09-13 [9:34-10:29]	Helsinki	Uusimaa (U)	Suomi	60.243244	25.206433	Sure	NEUTRAL	The Atlas of Finnish Fungi
suppilovahvero (fi) — Craterellus tubaeformis	suppilovahvero (fi)		2025-09-13	Vihti	Varsinais-Suomi (V)	Suomi	60.28463	24.51411		COMMUNITY_VERIFIED	iNaturalist Suomi Finland
suppilovahvero (fi) — Craterellus tubaeformis	suppilovahvero (fi)		2025-09-13	Kaarina, Lieto, Masku, Nousiainen, Raisio, Rusko, Turku	Varsinais-Suomi (V)	Suomi	60.5	22.3		COMMUNITY_VERIFIED	iNaturalist Suomi Finland
suppilovahvero (fi) — Craterellus tubaeformis	suppilovahvero (fi)		2025-09-13 [9:34-10:29]	Helsinki	Uusimaa (U)	Suomi	60.243244	25.206433	Sure	NEUTRAL	The Atlas of Finnish Fungi
suppilovahvero (fi) — Craterellus tubaeformis	suppilovahvero (fi)		2025-09-13 [16:28]	Espoo	Uusimaa (U)	Suomi	60.182382	24.734982	Sure	NEUTRAL	Notebook, general observations
suppilovahvero (fi) — Craterellus tubaeformis	suppilovahvero (fi)		2025-09-13 [13:50]	Vihti	Varsinais-Suomi (V)	Suomi	60.284672	24.513937	Sure	NEUTRAL	Notebook, general observations
suppilovahvero (fi) — Craterellus tubaeformis	suppilovahvero (fi)		2025-09-13 [10:30]	Tampere	Etelä-Häme (EH)	Suomi	61.468567	23.81373	Sure	NEUTRAL	Notebook, general observations
suppilovahvero (fi) — Craterellus tubaeformis	suppilovahvero (fi)		2025-09-11	Porvoo	Uusimaa (U)	Suomi	60.368902	25.704065		NEUTRAL	Fungal collection of the Botanical Museum, University of Oulu (OULU)
suppilovahvero (fi) — Craterellus tubaeformis	suppilovahvero (fi)		2025-09-11	Espoo	Uusimaa (U)	Suomi	60.29767	24.62026		COMMUNITY_VERIFIED	iNaturalist Suomi Finland
suppilovahvero (fi) — Craterellus tubaeformis	suppilovahvero (fi)		2025-09-11	Espoo	Uusimaa (U)	Suomi	60.29881	24.61903		COMMUNITY_VERIFIED	iNaturalist Suomi Finland
suppilovahvero (fi) — Craterellus tubaeformis	suppilovahvero (fi)		2025-09-11	Hämeenlinna	Etelä-Häme (EH)	Suomi	60.996008	24.414001	Sure	NEUTRAL	The Atlas of Finnish Fungi
suppilovahvero (fi) — Craterellus tubaeformis	suppilovahvero (fi)		2025-09-11	Hämeenlinna	Etelä-Häme (EH)	Suomi	61.220636	25.149249	Sure	NEUTRAL	The Atlas of Finnish Fungi
suppilovahvero (fi) — Craterellus tubaeformis	suppilovahvero (fi)		2025-09-11 [17:10]	Espoo	Uusimaa (U)	Suomi	60.183818	24.673427	Sure	NEUTRAL	Notebook, general observations
suppilovahvero (fi) — Craterellus tubaeformis	suppilovahvero (fi)		2025-09-10	Hämeenlinna	Etelä-Häme (EH)	Suomi	61.193981	25.137856	Sure	NEUTRAL	The Atlas of Finnish Fungi
suppilovahvero (fi) — Craterellus tubaeformis	suppilovahvero (fi)	20	2025-09-10	Valkeakoski	Etelä-Häme (EH)	Suomi	61.206805	24.057164	Sure	NEUTRAL	The Atlas of Finnish Fungi
suppilovahvero (fi) — Craterellus tubaeformis	suppilovahvero (fi)		2025-09-09 [10:57-10:57]	Hämeenlinna	Etelä-Häme (EH)	Suomi	61.216251	25.134927	Sure	NEUTRAL	The Atlas of Finnish Fungi
suppilovahvero (fi) — Craterellus tubaeformis	suppilovahvero (fi)		2025-09-09	Lohja, Salo	Varsinais-Suomi (V)	Suomi	60.3	23.7		COMMUNITY_VERIFIED	iNaturalist Suomi Finland
suppilovahvero (fi) — Craterellus tubaeformis	suppilovahvero (fi)		2025-09-08	Hämeenlinna	Etelä-Häme (EH)	Suomi	60.85138	24.3647		COMMUNITY_VERIFIED	iNaturalist Suomi Finland
suppilovahvero (fi) — Craterellus tubaeformis	suppilovahvero (fi)		2025-09-07	Lahti	Etelä-Häme (EH)	Suomi	60.97583	25.741483	Sure	NEUTRAL	Notebook, general observations
suppilovahvero (fi) — Craterellus tubaeformis	suppilovahvero (fi)		2025-09-07	Tammela	Etelä-Häme (EH)	Suomi	60.87502	23.75293		COMMUNITY_VERIFIED	iNaturalist Suomi Finland
suppilovahvero (fi) — Craterellus tubaeformis	suppilovahvero (fi)		2025-09-07	Oulu	Oulun Pohjanmaa (OP)	Suomi	65.01892	25.4345		COMMUNITY_VERIFIED	iNaturalist Suomi Finland
suppilovahvero (fi) — Craterellus tubaeformis	suppilovahvero (fi)		2025-09-07	Parainen	Varsinais-Suomi (V)	Suomi	60.3	21.3		COMMUNITY_VERIFIED	iNaturalist Suomi Finland
suppilovahvero (fi) — Craterellus tubaeformis	suppilovahvero (fi)		2025-09-06	Turku	Varsinais-Suomi (V)	Suomi	60.5523	22.2974		COMMUNITY_VERIFIED	iNaturalist Suomi Finland
suppilovahvero (fi) — Craterellus tubaeformis	suppilovahvero (fi)		2025-09-06	Närpiö	Etelä-Pohjanmaa (EP)	Suomi	62.53924	21.12477		COMMUNITY_VERIFIED	iNaturalist Suomi Finland
suppilovahvero (fi) — Craterellus tubaeformis	suppilovahvero (fi)	Kymmenittäin nousemassa	2025-09-05	Ylöjärvi	Satakunta (St)	Suomi	61.681283	23.437689	Sure	NEUTRAL	The Atlas of Finnish Fungi
suppilovahvero (fi) — Craterellus tubaeformis	suppilovahvero (fi)		2025-09-05	Vantaa	Uusimaa (U)	Suomi	60.28987	25.18387		COMMUNITY_VERIFIED	iNaturalist Suomi Finland
suppilovahvero (fi) — Craterellus tubaeformis	suppilovahvero (fi)		2025-09-05	Forssa	Etelä-Häme (EH)	Suomi	60.79622	23.6361		COMMUNITY_VERIFIED	iNaturalist Suomi Finland
suppilovahvero (fi) — Craterellus tubaeformis	suppilovahvero (fi)		2025-09-05	Helsinki	Uusimaa (U)	Suomi	60.17578	25.02917		COMMUNITY_VERIFIED	iNaturalist Suomi Finland
suppilovahvero (fi) — Craterellus tubaeformis	suppilovahvero (fi)		2025-09-04	Imatra	Etelä-Savo (ES)	Suomi	61.20865	28.75772		COMMUNITY_VERIFIED	iNaturalist Suomi Finland
suppilovahvero (fi) — Craterellus tubaeformis	suppilovahvero (fi)		2025-09-04	Helsinki, Sipoo	Uusimaa (U)	Suomi	60.1	25.1		COMMUNITY_VERIFIED	iNaturalist Suomi Finland
suppilovahvero (fi) — Craterellus tubaeformis	suppilovahvero (fi)		2025-09-04	Kirkkonummi	Uusimaa (U)	Suomi	60.15408	24.56329		COMMUNITY_VERIFIED	iNaturalist Suomi Finland
suppilovahvero (fi) — Craterellus tubaeformis	suppilovahvero (fi)		2025-09-02	Hanko	Uusimaa (U)	Suomi	59.85555	23.072619	Sure	NEUTRAL	The Atlas of Finnish Fungi
suppilovahvero (fi) — Craterellus tubaeformis	suppilovahvero (fi)		2025-09-02	Espoo	Uusimaa (U)	Suomi	60.187504	24.635224		NEUTRAL	Kastikka Floristic Archives (H)
suppilovahvero (fi) — Craterellus tubaeformis	suppilovahvero (fi)		2025-08-31	Helsinki	Uusimaa (U)	Suomi	60.23457	25.14037		COMMUNITY_VERIFIED	iNaturalist Suomi Finland
suppilovahvero (fi) — Craterellus tubaeformis	suppilovahvero (fi)	1	2025-08-31	Lohja	Varsinais-Suomi (V)	Suomi	60.206948	23.704646		NEUTRAL	LajiGIS: Species mapping and surveys
suppilovahvero (fi) — Craterellus tubaeformis	suppilovahvero (fi)		2025-08-30	Parainen	Varsinais-Suomi (V)	Suomi	60.15426	21.29932		NEUTRAL	iNaturalist Suomi Finland
suppilovahvero (fi) — Craterellus tubaeformis	suppilovahvero (fi)		2025-08-30	Aura	Varsinais-Suomi (V)	Suomi	60.61376	22.52984		COMMUNITY_VERIFIED	iNaturalist Suomi Finland
suppilovahvero (fi) — Craterellus tubaeformis	suppilovahvero (fi)		2025-08-28	Kirkkonummi	Uusimaa (U)	Suomi	60.28641	24.44952		COMMUNITY_VERIFIED	iNaturalist Suomi Finland
suppilovahvero (fi) — Craterellus tubaeformis	suppilovahvero (fi)		2025-08-24 [7:28-18:13]	Kaarina	Varsinais-Suomi (V)	Suomi	60.397312	22.300776	Sure	NEUTRAL	The Atlas of Finnish Fungi
suppilovahvero (fi) — Craterellus tubaeformis	suppilovahvero (fi)		2025-08-10	Sipoo	Uusimaa (U)	Suomi	60.354873	25.201263	Sure	NEUTRAL	The Atlas of Finnish Fungi
suppilovahvero (fi) — Craterellus tubaeformis	suppilovahvero (fi)		2025-08-08	Espoo, Kirkkonummi, Nurmijärvi, Vihti	Uusimaa (U), Varsinais-Suomi (V)	Suomi	60.3	24.5		COMMUNITY_VERIFIED	iNaturalist Suomi Finland
suppilovahvero (fi) — Craterellus tubaeformis	suppilovahvero (fi)		2025-08-08	Porvoo	Uusimaa (U)	Suomi	60.38292	25.66619		COMMUNITY_VERIFIED	iNaturalist Suomi Finland
suppilovahvero (fi) — Craterellus tubaeformis	suppilovahvero (fi)	10	2025-01-26	Raasepori	Varsinais-Suomi (V)	Suomi	60.042409	23.021772	Sure	NEUTRAL	Notebook, general observations
suppilovahvero (fi) — Craterellus tubaeformis	suppilovahvero (fi)	n. 7	2024-12-31	Vantaa	Uusimaa (U)	Suomi	60.27361	25.119354	Sure	NEUTRAL	The Atlas of Finnish Fungi
suppilovahvero (fi) — Craterellus tubaeformis	suppilovahvero (fi)		2024-12-30	Espoo	Uusimaa (U)	Suomi	60.30373	24.70999		COMMUNITY_VERIFIED	iNaturalist Suomi Finland
suppilovahvero (fi) — Craterellus tubaeformis	suppilovahvero (fi)		2024-12-29	Helsinki	Uusimaa (U)	Suomi	60.24884	24.85767		COMMUNITY_VERIFIED	iNaturalist Suomi Finland
suppilovahvero (fi) — Craterellus tubaeformis	suppilovahvero (fi)		2024-12-29	Espoo, Kirkkonummi, Nurmijärvi, Vihti	Uusimaa (U), Varsinais-Suomi (V)	Suomi	60.3	24.5		COMMUNITY_VERIFIED	iNaturalist Suomi Finland
suppilovahvero (fi) — Craterellus tubaeformis	suppilovahvero (fi)	Useita	2024-12-25	Turku	Varsinais-Suomi (V)	Suomi	60.427186	22.207121	Sure	NEUTRAL	Notebook, general observations
suppilovahvero (fi) — Craterellus tubaeformis	suppilovahvero (fi)	30	2024-12-02	Raasepori	Uusimaa (U)	Suomi	59.943259	23.377131	Sure	NEUTRAL	Notebook, general observations
suppilovahvero (fi) — Craterellus tubaeformis	suppilovahvero (fi)		2024-12-01	Jyväskylä	Pohjois-Häme (PH)	Suomi	62.24764	25.65654		COMMUNITY_VERIFIED	iNaturalist Suomi Finland
suppilovahvero (fi) — Craterellus tubaeformis	suppilovahvero (fi)		2024-12-01	Vantaa	Uusimaa (U)	Suomi	60.31716	25.14339		COMMUNITY_VERIFIED	iNaturalist Suomi Finland
suppilovahvero (fi) — Craterellus tubaeformis	suppilovahvero (fi)		2024-12-01	Espoo	Uusimaa (U)	Suomi	60.263398	24.563723	Sure	NEUTRAL	The Atlas of Finnish Fungi
suppilovahvero (fi) — Craterellus tubaeformis	suppilovahvero (fi)		2024-11-30	Helsinki	Uusimaa (U)	Suomi	60.27592	25.19407		COMMUNITY_VERIFIED	iNaturalist Suomi Finland
suppilovahvero (fi) — Craterellus tubaeformis	suppilovahvero (fi)		2024-11-30	Sauvo	Varsinais-Suomi (V)	Suomi	60.25961	22.78556		COMMUNITY_VERIFIED	iNaturalist Suomi Finland
suppilovahvero (fi) — Craterellus tubaeformis	suppilovahvero (fi)		2024-11-26	Mikkeli	Etelä-Savo (ES)	Suomi	61.64779	27.19388		COMMUNITY_VERIFIED	iNaturalist Suomi Finland
suppilovahvero (fi) — Craterellus tubaeformis	suppilovahvero (fi)	2	2024-11-19	Helsinki	Uusimaa (U)	Suomi	60.23835	24.95224	Sure	NEUTRAL	The Atlas of Finnish Fungi
suppilovahvero (fi) — Craterellus tubaeformis	suppilovahvero (fi)		2024-11-17	Lieto	Varsinais-Suomi (V)	Suomi	60.5177	22.48428		COMMUNITY_VERIFIED	iNaturalist Suomi Finland
suppilovahvero (fi) — Craterellus tubaeformis	suppilovahvero (fi)		2024-11-16	Tampere	Etelä-Häme (EH)	Suomi	61.5288	23.728		COMMUNITY_VERIFIED	iNaturalist Suomi Finland
suppilovahvero (fi) — Craterellus tubaeformis	suppilovahvero (fi)		2024-11-16	Imatra	Etelä-Savo (ES)	Suomi	61.191374	28.797623	Sure	NEUTRAL	The Atlas of Finnish Fungi
suppilovahvero (fi) — Craterellus tubaeformis	suppilovahvero (fi)		2024-11-13	Närpiö	Etelä-Pohjanmaa (EP)	Suomi	62.50639	21.2103		COMMUNITY_VERIFIED	iNaturalist Suomi Finland
suppilovahvero (fi) — Craterellus tubaeformis	suppilovahvero (fi)		2024-11-11 [15:31] - 2024-11-15 [15:31]	Salo	Varsinais-Suomi (V)	Suomi	60.334041	23.216105	Sure	NEUTRAL	The Atlas of Finnish Fungi
suppilovahvero (fi) — Craterellus tubaeformis	suppilovahvero (fi)		2024-11-10	Ruokolahti	Etelä-Savo (ES)	Suomi	61.282411	28.864693	Sure	NEUTRAL	Notebook, general observations
suppilovahvero (fi) — Craterellus tubaeformis	suppilovahvero (fi)		2024-11-10	Aura, Lieto, Loimaa, Pöytyä	Satakunta (St), Varsinais-Suomi (V)	Suomi	60.7	22.7		COMMUNITY_VERIFIED	iNaturalist Suomi Finland
suppilovahvero (fi) — Craterellus tubaeformis	suppilovahvero (fi)		2024-11-10	Hausjärvi, Hyvinkää, Riihimäki	Etelä-Häme (EH), Uusimaa (U)	Suomi	60.7	24.9		COMMUNITY_VERIFIED	iNaturalist Suomi Finland
suppilovahvero (fi) — Craterellus tubaeformis	suppilovahvero (fi)		2024-11-10	Kirkkonummi	Uusimaa (U)	Suomi	60.152227	24.386962	Sure	NEUTRAL	The Atlas of Finnish Fungi
suppilovahvero (fi) — Craterellus tubaeformis	suppilovahvero (fi)		2024-11-09	Tampere	Etelä-Häme (EH)	Suomi	61.46174	23.83212		COMMUNITY_VERIFIED	iNaturalist Suomi Finland
suppilovahvero (fi) — Craterellus tubaeformis	suppilovahvero (fi)		2024-11-09	Espoo	Uusimaa (U)	Suomi	60.31339	24.65834		COMMUNITY_VERIFIED	iNaturalist Suomi Finland
suppilovahvero (fi) — Craterellus tubaeformis	suppilovahvero (fi)		2024-11-04	Harjavalta	Satakunta (St)	Suomi	61.35014	22.1806		COMMUNITY_VERIFIED	iNaturalist Suomi Finland
suppilovahvero (fi) — Craterellus tubaeformis	suppilovahvero (fi)		2024-11-04 [8:59-13:20]	Kirkkonummi	Uusimaa (U)	Suomi	60.14607	24.37405	Sure	NEUTRAL	Notebook, general observations
suppilovahvero (fi) — Craterellus tubaeformis	suppilovahvero (fi)		2024-10-30 [9:50]	Forssa	Etelä-Häme (EH)	Suomi	60.794077	23.635419	Sure	NEUTRAL	Notebook, general observations
suppilovahvero (fi) — Craterellus tubaeformis	suppilovahvero (fi)		2024-10-29	Espoo	Uusimaa (U)	Suomi	60.30326	24.60475		COMMUNITY_VERIFIED	iNaturalist Suomi Finland
suppilovahvero (fi) — Craterellus tubaeformis	suppilovahvero (fi)		2024-10-29	Vantaa	Uusimaa (U)	Suomi	60.344136	25.085886	Sure	NEUTRAL	The Atlas of Finnish Fungi
suppilovahvero (fi) — Craterellus tubaeformis	suppilovahvero (fi)		2024-10-27	Vantaa	Uusimaa (U)	Suomi	60.29063	25.18601		COMMUNITY_VERIFIED	iNaturalist Suomi Finland
suppilovahvero (fi) — Craterellus tubaeformis	suppilovahvero (fi)		2024-10-27	Vantaa	Uusimaa (U)	Suomi	60.31194	25.138		COMMUNITY_VERIFIED	iNaturalist Suomi Finland
suppilovahvero (fi) — Craterellus tubaeformis	suppilovahvero (fi)		2024-10-27	Vantaa	Uusimaa (U)	Suomi	60.31637	25.13212		COMMUNITY_VERIFIED	iNaturalist Suomi Finland
suppilovahvero (fi) — Craterellus tubaeformis	suppilovahvero (fi)		2024-10-27 [13:42-15:21]	Tampere	Etelä-Häme (EH)	Suomi	61.467968	23.81648	Sure	NEUTRAL	The Atlas of Finnish Fungi
suppilovahvero (fi) — Craterellus tubaeformis	suppilovahvero (fi)		2024-10-26	Kemiönsaari, Raasepori, Salo	Varsinais-Suomi (V)	Suomi	60.1	22.9		COMMUNITY_VERIFIED	iNaturalist Suomi Finland
suppilovahvero (fi) — Craterellus tubaeformis	suppilovahvero (fi)		2024-10-25	Vantaa	Uusimaa (U)	Suomi	60.25976	24.84261		COMMUNITY_VERIFIED	iNaturalist Suomi Finland
suppilovahvero (fi) — Craterellus tubaeformis	suppilovahvero (fi)		2024-10-25	Kirkkonummi	Uusimaa (U)	Suomi	60.10809	24.48722		COMMUNITY_VERIFIED	iNaturalist Suomi Finland
suppilovahvero (fi) — Craterellus tubaeformis	suppilovahvero (fi)		2024-10-24	Pori	Satakunta (St)	Suomi	61.56938	21.55262		COMMUNITY_VERIFIED	iNaturalist Suomi Finland
suppilovahvero (fi) — Craterellus tubaeformis	suppilovahvero (fi)		2024-10-24	Vihti	Varsinais-Suomi (V)	Suomi	60.53561	24.61498		COMMUNITY_VERIFIED	iNaturalist Suomi Finland
suppilovahvero (fi) — Craterellus tubaeformis	suppilovahvero (fi)		2024-10-22 [16:38-17:20]	Espoo	Uusimaa (U)	Suomi	60.203879	24.622629	Sure	NEUTRAL	Notebook, general observations
suppilovahvero (fi) — Craterellus tubaeformis	suppilovahvero (fi)		2024-10-22	Vaasa	Etelä-Pohjanmaa (EP)	Suomi	63.09351	21.70822		NEUTRAL	iNaturalist Suomi Finland
suppilovahvero (fi) — Craterellus tubaeformis	suppilovahvero (fi)		2024-10-22	Muurame	Etelä-Häme (EH)	Suomi	62.21733	25.52004		COMMUNITY_VERIFIED	iNaturalist Suomi Finland
suppilovahvero (fi) — Craterellus tubaeformis	suppilovahvero (fi)		2024-10-22	Porvoo	Uusimaa (U)	Suomi	60.37594	25.73839		COMMUNITY_VERIFIED	iNaturalist Suomi Finland
suppilovahvero (fi) — Craterellus tubaeformis	suppilovahvero (fi)		2024-10-20	Kaarina	Varsinais-Suomi (V)	Suomi	60.39871	22.30264		COMMUNITY_VERIFIED	iNaturalist Suomi Finland
suppilovahvero (fi) — Craterellus tubaeformis	suppilovahvero (fi)		2024-10-20	Kaarina	Varsinais-Suomi (V)	Suomi	60.40029	22.30382		COMMUNITY_VERIFIED	iNaturalist Suomi Finland
suppilovahvero (fi) — Craterellus tubaeformis	suppilovahvero (fi)		2024-10-20	Vesilahti	Etelä-Häme (EH)	Suomi	61.30165	23.38653		COMMUNITY_VERIFIED	iNaturalist Suomi Finland
suppilovahvero (fi) — Craterellus tubaeformis	suppilovahvero (fi)		2024-10-20	Hyvinkää, Nurmijärvi, Vihti	Uusimaa (U), Varsinais-Suomi (V)	Suomi	60.5	24.7		COMMUNITY_VERIFIED	iNaturalist Suomi Finland
suppilovahvero (fi) — Craterellus tubaeformis	suppilovahvero (fi)		2024-10-20 [11:59-17:00]	Turku	Varsinais-Suomi (V)	Suomi	60.430471	22.281829	Sure	NEUTRAL	The Atlas of Finnish Fungi
suppilovahvero (fi) — Craterellus tubaeformis	suppilovahvero (fi)		2024-10-19	Sipoo	Uusimaa (U)	Suomi	60.36132	25.20462		COMMUNITY_VERIFIED	iNaturalist Suomi Finland
suppilovahvero (fi) — Craterellus tubaeformis	suppilovahvero (fi)		2024-10-19	Lieto	Varsinais-Suomi (V)	Suomi	60.62401	22.65613		COMMUNITY_VERIFIED	iNaturalist Suomi Finland
suppilovahvero (fi) — Craterellus tubaeformis	suppilovahvero (fi)		2024-10-19	Masku, Mynämäki, Naantali	Varsinais-Suomi (V)	Suomi	60.5	21.9		COMMUNITY_VERIFIED	iNaturalist Suomi Finland
suppilovahvero (fi) — Craterellus tubaeformis	suppilovahvero (fi)		2024-10-19	Pyhäjärvi	Keski-Pohjanmaa (KP)	Suomi	63.77312	26.06961	Sure	NEUTRAL	The Atlas of Finnish Fungi
suppilovahvero (fi) — Craterellus tubaeformis	suppilovahvero (fi)		2024-10-19 [12:30]	Toivakka	Pohjois-Häme (PH)	Suomi	62.0364	26.120749	Sure	NEUTRAL	The Atlas of Finnish Fungi
suppilovahvero (fi) — Craterellus tubaeformis	suppilovahvero (fi)	5+	2024-10-19	Espoo	Uusimaa (U)	Suomi	60.332633	24.69145	Sure	NEUTRAL	Notebook, general observations
suppilovahvero (fi) — Craterellus tubaeformis	suppilovahvero (fi)	kohtalainen	2024-10-19	Tampere	Etelä-Häme (EH)	Suomi	61.432305	23.87544	Sure	NEUTRAL	Notebook, general observations
suppilovahvero (fi) — Craterellus tubaeformis	suppilovahvero (fi)		2024-10-18	Imatra	Etelä-Savo (ES)	Suomi	61.21104	28.74846		COMMUNITY_VERIFIED	iNaturalist Suomi Finland
suppilovahvero (fi) — Craterellus tubaeformis	suppilovahvero (fi)		2024-10-18	Lappeenranta	Etelä-Savo (ES)	Suomi	61.094298	28.426136	Sure	NEUTRAL	Notebook, general observations
suppilovahvero (fi) — Craterellus tubaeformis	suppilovahvero (fi)		2024-10-18	Kaarina	Varsinais-Suomi (V)	Suomi	60.44712	22.43142		COMMUNITY_VERIFIED	iNaturalist Suomi Finland
suppilovahvero (fi) — Craterellus tubaeformis	suppilovahvero (fi)		2024-10-18	Savonlinna	Etelä-Savo (ES)	Suomi	61.79037	29.52667		COMMUNITY_VERIFIED	iNaturalist Suomi Finland
suppilovahvero (fi) — Craterellus tubaeformis	suppilovahvero (fi)		2024-10-17	Eurajoki	Satakunta (St)	Suomi	61.18413	21.64798		COMMUNITY_VERIFIED	iNaturalist Suomi Finland
suppilovahvero (fi) — Craterellus tubaeformis	suppilovahvero (fi)		2024-10-17	Porvoo	Uusimaa (U)	Suomi	60.37136	25.67681		COMMUNITY_VERIFIED	iNaturalist Suomi Finland
suppilovahvero (fi) — Craterellus tubaeformis	suppilovahvero (fi)		2024-10-16	Sipoo	Uusimaa (U)	Suomi	60.35256	25.22962		COMMUNITY_VERIFIED	iNaturalist Suomi Finland
suppilovahvero (fi) — Craterellus tubaeformis	suppilovahvero (fi)		2024-10-15	Heinola	Etelä-Häme (EH)	Suomi	61.2084	26.36038		COMMUNITY_VERIFIED	iNaturalist Suomi Finland
suppilovahvero (fi) — Craterellus tubaeformis	suppilovahvero (fi)		2024-10-15	Heinävesi	Pohjois-Savo (PS)	Suomi	62.38871	28.79224	Sure	NEUTRAL	The Atlas of Finnish Fungi
suppilovahvero (fi) — Craterellus tubaeformis	suppilovahvero (fi)		2024-10-13	Sipoo	Uusimaa (U)	Suomi	60.30376	25.20263		COMMUNITY_VERIFIED	iNaturalist Suomi Finland
suppilovahvero (fi) — Craterellus tubaeformis	suppilovahvero (fi)		2024-10-13	Sipoo	Uusimaa (U)	Suomi	60.33654	25.21393		COMMUNITY_VERIFIED	iNaturalist Suomi Finland
suppilovahvero (fi) — Craterellus tubaeformis	suppilovahvero (fi)		2024-10-13 [15:09-17:23]	Tampere	Etelä-Häme (EH)	Suomi	61.46818	23.812612	Sure	NEUTRAL	The Atlas of Finnish Fungi
suppilovahvero (fi) — Craterellus tubaeformis	suppilovahvero (fi)	1	2024-10-12	Jyväskylä	Pohjois-Häme (PH)	Suomi	62.243659	25.632317	Sure	NEUTRAL	Notebook, general observations
suppilovahvero (fi) — Craterellus tubaeformis	suppilovahvero (fi)		2024-10-12	Kangasala, Orivesi, Tampere	Etelä-Häme (EH)	Suomi	61.5	24.1		COMMUNITY_VERIFIED	iNaturalist Suomi Finland
suppilovahvero (fi) — Craterellus tubaeformis	suppilovahvero (fi)		2024-10-12	Espoo	Uusimaa (U)	Suomi	60.24294	24.83121		COMMUNITY_VERIFIED	iNaturalist Suomi Finland
suppilovahvero (fi) — Craterellus tubaeformis	suppilovahvero (fi)		2024-10-11	Hämeenlinna	Etelä-Häme (EH)	Suomi	61.05168	24.69398		COMMUNITY_VERIFIED	iNaturalist Suomi Finland
suppilovahvero (fi) — Craterellus tubaeformis	suppilovahvero (fi)		2024-10-11 [9:25]	Espoo	Uusimaa (U)	Suomi	60.19332	24.707474	Sure	NEUTRAL	Notebook, general observations
suppilovahvero (fi) — Craterellus tubaeformis	suppilovahvero (fi)		2024-10-09	Mustasaari, Uusikaarlepyy, Vöyri	Etelä-Pohjanmaa (EP), Keski-Pohjanmaa (KP)	Suomi	63.3	22.1		COMMUNITY_VERIFIED	iNaturalist Suomi Finland
suppilovahvero (fi) — Craterellus tubaeformis	suppilovahvero (fi)		2024-10-07	Kirkkonummi	Uusimaa (U)	Suomi	60.01389	24.475		COMMUNITY_VERIFIED	iNaturalist Suomi Finland
suppilovahvero (fi) — Craterellus tubaeformis	suppilovahvero (fi)		2024-10-07	Vihti	Varsinais-Suomi (V)	Suomi	60.32134	24.44996		COMMUNITY_VERIFIED	iNaturalist Suomi Finland
suppilovahvero (fi) — Craterellus tubaeformis	suppilovahvero (fi)		2024-10-06	Helsinki	Uusimaa (U)	Suomi	60.2781	25.19217		COMMUNITY_VERIFIED	iNaturalist Suomi Finland
suppilovahvero (fi) — Craterellus tubaeformis	suppilovahvero (fi)		2024-10-06	Porvoo	Uusimaa (U)	Suomi	60.40387	25.74644		COMMUNITY_VERIFIED	iNaturalist Suomi Finland
suppilovahvero (fi) — Craterellus tubaeformis	suppilovahvero (fi)		2024-10-06	Espoo	Uusimaa (U)	Suomi	60.27694	24.61665		COMMUNITY_VERIFIED	iNaturalist Suomi Finland
suppilovahvero (fi) — Craterellus tubaeformis	suppilovahvero (fi)		2024-10-05	Espoo	Uusimaa (U)	Suomi	60.319977	24.52262	Sure	NEUTRAL	The Atlas of Finnish Fungi
suppilovahvero (fi) — Craterellus tubaeformis	suppilovahvero (fi)		2024-10-05	Pudasjärvi	Oulun Pohjanmaa (OP)	Suomi	65.608014	27.589836	Sure	NEUTRAL	Notebook, general observations
suppilovahvero (fi) — Craterellus tubaeformis	suppilovahvero (fi)		2024-10-05	Vantaa	Uusimaa (U)	Suomi	60.31	25.12		COMMUNITY_VERIFIED	iNaturalist Suomi Finland
suppilovahvero (fi) — Craterellus tubaeformis	suppilovahvero (fi)		2024-10-05	Ylitornio	Perä-Pohjanmaa (PeP)	Suomi	66.30544	23.66743		COMMUNITY_VERIFIED	iNaturalist Suomi Finland
suppilovahvero (fi) — Craterellus tubaeformis	suppilovahvero (fi)		2024-10-05	Sysmä	Etelä-Häme (EH)	Suomi	61.417579	25.605151	Sure	NEUTRAL	Notebook, general observations
suppilovahvero (fi) — Craterellus tubaeformis	suppilovahvero (fi)	vähän	2024-10-05	Jyväskylä	Pohjois-Häme (PH)	Suomi	62.284104	25.839664	Sure	NEUTRAL	Notebook, general observations
suppilovahvero (fi) — Craterellus tubaeformis	suppilovahvero (fi)		2024-10-05 [14:39-17:06]	Tampere	Etelä-Häme (EH)	Suomi	61.468561	23.813737	Sure	NEUTRAL	The Atlas of Finnish Fungi
suppilovahvero (fi) — Craterellus tubaeformis	suppilovahvero (fi)		2024-10-03	Kuhmoinen	Etelä-Häme (EH)	Suomi	61.591393	25.399056	Sure	NEUTRAL	The Atlas of Finnish Fungi
suppilovahvero (fi) — Craterellus tubaeformis	suppilovahvero (fi)		2024-09-30	Imatra	Etelä-Savo (ES)	Suomi	61.21359	28.74699		COMMUNITY_VERIFIED	iNaturalist Suomi Finland
suppilovahvero (fi) — Craterellus tubaeformis	suppilovahvero (fi)		2024-09-30	Tampere	Etelä-Häme (EH)	Suomi	61.44679	23.7336		COMMUNITY_VERIFIED	iNaturalist Suomi Finland
suppilovahvero (fi) — Craterellus tubaeformis	suppilovahvero (fi)		2024-09-30	Tuusula	Uusimaa (U)	Suomi	60.39401	25.04251		COMMUNITY_VERIFIED	iNaturalist Suomi Finland
suppilovahvero (fi) — Craterellus tubaeformis	suppilovahvero (fi)		2024-09-30	Kangasala, Pälkäne, Valkeakoski	Etelä-Häme (EH)	Suomi	61.3	24.1		COMMUNITY_VERIFIED	iNaturalist Suomi Finland
suppilovahvero (fi) — Craterellus tubaeformis	suppilovahvero (fi)	X	2024-09-30 [15:53-17:54]	Espoo	Uusimaa (U)	Suomi	60.286175	24.587261	Sure	NEUTRAL	Noteworthy macrofungi - complete lists
suppilovahvero (fi) — Craterellus tubaeformis	suppilovahvero (fi)		2024-09-30	Tuusula	Uusimaa (U)	Suomi	60.425967	24.99844	Sure	NEUTRAL	The Atlas of Finnish Fungi
suppilovahvero (fi) — Craterellus tubaeformis	suppilovahvero (fi)		2024-09-29	Hanko	Uusimaa (U)	Suomi	59.904114	23.194026	Sure	NEUTRAL	The Atlas of Finnish Fungi
suppilovahvero (fi) — Craterellus tubaeformis	suppilovahvero (fi)		2024-09-29	Lohja	Varsinais-Suomi (V)	Suomi	60.21887	23.67972		COMMUNITY_VERIFIED	iNaturalist Suomi Finland
suppilovahvero (fi) — Craterellus tubaeformis	suppilovahvero (fi)		2024-09-29	Helsinki, Kerava, Sipoo, Tuusula, Vantaa	Uusimaa (U)	Suomi	60.3	25.1		COMMUNITY_VERIFIED	iNaturalist Suomi Finland
suppilovahvero (fi) — Craterellus tubaeformis	suppilovahvero (fi)		2024-09-29	Sipoo	Uusimaa (U)	Suomi	60.34933	25.18332		COMMUNITY_VERIFIED	iNaturalist Suomi Finland
suppilovahvero (fi) — Craterellus tubaeformis	suppilovahvero (fi)		2024-09-29	Iisalmi	Pohjois-Savo (PS)	Suomi	63.49726	26.86871		COMMUNITY_VERIFIED	iNaturalist Suomi Finland
suppilovahvero (fi) — Craterellus tubaeformis	suppilovahvero (fi)		2024-09-29	Kirkkonummi	Uusimaa (U)	Suomi	60.18684	24.52471		COMMUNITY_VERIFIED	iNaturalist Suomi Finland
suppilovahvero (fi) — Craterellus tubaeformis	suppilovahvero (fi)		2024-09-29	Espoo	Uusimaa (U)	Suomi	60.329	24.69007		COMMUNITY_VERIFIED	iNaturalist Suomi Finland
suppilovahvero (fi) — Craterellus tubaeformis	suppilovahvero (fi)		2024-09-28	Kontiolahti	Pohjois-Karjala (PK)	Suomi	62.81651	29.90781		COMMUNITY_VERIFIED	iNaturalist Suomi Finland
suppilovahvero (fi) — Craterellus tubaeformis	suppilovahvero (fi)		2024-09-28	Salo	Varsinais-Suomi (V)	Suomi	60.373285	23.655534	Sure	NEUTRAL	The Atlas of Finnish Fungi
suppilovahvero (fi) — Craterellus tubaeformis	suppilovahvero (fi)		2024-09-27	Helsinki	Uusimaa (U)	Suomi	60.21516	25.03732		COMMUNITY_VERIFIED	iNaturalist Suomi Finland
suppilovahvero (fi) — Craterellus tubaeformis	suppilovahvero (fi)		2024-09-26	Porvoo	Uusimaa (U)	Suomi	60.274245	25.794376	Sure	NEUTRAL	The Atlas of Finnish Fungi
suppilovahvero (fi) — Craterellus tubaeformis	suppilovahvero (fi)		2024-09-24	Juva, Mikkeli	Etelä-Savo (ES)	Suomi	61.7	27.5		COMMUNITY_VERIFIED	iNaturalist Suomi Finland
suppilovahvero (fi) — Craterellus tubaeformis	suppilovahvero (fi)	7	2024-09-23	Kemijärvi	Perä-Pohjanmaa (PeP)	Suomi	66.486235	27.536789		NEUTRAL	Löydös Open Finnish Observation Database
suppilovahvero (fi) — Craterellus tubaeformis	suppilovahvero (fi)		2024-09-22	Muurame	Etelä-Häme (EH)	Suomi	62.1717	25.74288		COMMUNITY_VERIFIED	iNaturalist Suomi Finland
suppilovahvero (fi) — Craterellus tubaeformis	suppilovahvero (fi)		2024-09-22	Kirkkonummi	Uusimaa (U)	Suomi	60.15491	24.45413		COMMUNITY_VERIFIED	iNaturalist Suomi Finland
suppilovahvero (fi) — Craterellus tubaeformis	suppilovahvero (fi)		2024-09-22	Porvoo	Uusimaa (U)	Suomi	60.36713	25.64608		COMMUNITY_VERIFIED	iNaturalist Suomi Finland
suppilovahvero (fi) — Craterellus tubaeformis	suppilovahvero (fi)	X	2024-09-22 [12:53-14:14]	Raasepori	Varsinais-Suomi (V)	Suomi	60.041902	23.708689	Sure	NEUTRAL	Noteworthy macrofungi - complete lists
suppilovahvero (fi) — Craterellus tubaeformis	suppilovahvero (fi)		2024-09-21	Kuhmoinen	Etelä-Häme (EH)	Suomi	61.67586	25.01557		COMMUNITY_VERIFIED	iNaturalist Suomi Finland
suppilovahvero (fi) — Craterellus tubaeformis	suppilovahvero (fi)		2024-09-21	Kuhmoinen	Etelä-Häme (EH)	Suomi	61.675318	25.004309	Sure	NEUTRAL	Notebook, general observations
suppilovahvero (fi) — Craterellus tubaeformis	suppilovahvero (fi)		2024-09-21	Eurajoki, Rauma	Satakunta (St)	Suomi	61.3	21.5		COMMUNITY_VERIFIED	iNaturalist Suomi Finland
suppilovahvero (fi) — Craterellus tubaeformis	suppilovahvero (fi)		2024-09-21	Espoo, Vihti	Varsinais-Suomi (V)	Suomi	60.287559	24.499002	Sure	NEUTRAL	The Atlas of Finnish Fungi
suppilovahvero (fi) — Craterellus tubaeformis	suppilovahvero (fi)		2024-09-20	Mäntyharju	Etelä-Savo (ES)	Suomi	61.28241	26.80256		COMMUNITY_VERIFIED	iNaturalist Suomi Finland
suppilovahvero (fi) — Craterellus tubaeformis	suppilovahvero (fi)		2024-09-19	Lohja	Varsinais-Suomi (V)	Suomi	60.38024	23.90813		COMMUNITY_VERIFIED	iNaturalist Suomi Finland
suppilovahvero (fi) — Craterellus tubaeformis	suppilovahvero (fi)		2024-09-19	Helsinki	Uusimaa (U)	Suomi	60.23624	25.14715		COMMUNITY_VERIFIED	iNaturalist Suomi Finland
suppilovahvero (fi) — Craterellus tubaeformis	suppilovahvero (fi)		2024-09-18	Muurame	Etelä-Häme (EH)	Suomi	62.2144	25.52862		COMMUNITY_VERIFIED	iNaturalist Suomi Finland
suppilovahvero (fi) — Craterellus tubaeformis	suppilovahvero (fi)		2024-09-18	Muurame	Etelä-Häme (EH)	Suomi	62.217975	25.557922	Sure	NEUTRAL	Notebook, general observations
suppilovahvero (fi) — Craterellus tubaeformis	suppilovahvero (fi)		2024-09-17	Järvenpää	Uusimaa (U)	Suomi	60.48683	25.12474		COMMUNITY_VERIFIED	iNaturalist Suomi Finland
suppilovahvero (fi) — Craterellus tubaeformis	suppilovahvero (fi)		2024-09-16	Tuusula	Uusimaa (U)	Suomi	60.44638	24.94293		COMMUNITY_VERIFIED	iNaturalist Suomi Finland
suppilovahvero (fi) — Craterellus tubaeformis	suppilovahvero (fi)		2024-09-16	Tampere	Etelä-Häme (EH)	Suomi	61.51141	23.8326		COMMUNITY_VERIFIED	iNaturalist Suomi Finland
suppilovahvero (fi) — Craterellus tubaeformis	suppilovahvero (fi)		2024-09-15	Helsinki	Uusimaa (U)	Suomi	60.2424	25.21174		COMMUNITY_VERIFIED	iNaturalist Suomi Finland
suppilovahvero (fi) — Craterellus tubaeformis	suppilovahvero (fi)		2024-09-15 [19:11-19:43]	Salo	Varsinais-Suomi (V)	Suomi	60.488192	23.084543	Sure	NEUTRAL	The Atlas of Finnish Fungi
suppilovahvero (fi) — Craterellus tubaeformis	suppilovahvero (fi)		2024-09-15	Kirkkonummi	Uusimaa (U)	Suomi	60.19788	24.49276		NEUTRAL	iNaturalist Suomi Finland
suppilovahvero (fi) — Craterellus tubaeformis	suppilovahvero (fi)		2024-09-15 [13:51-15:53]	Tampere	Etelä-Häme (EH)	Suomi	61.466782	23.812993	Sure	NEUTRAL	The Atlas of Finnish Fungi
suppilovahvero (fi) — Craterellus tubaeformis	suppilovahvero (fi)	1 litra	2024-09-14	Sodankylä	Sompion Lappi (SoL)	Suomi	67.704556	26.998063		NEUTRAL	Löydös Open Finnish Observation Database
suppilovahvero (fi) — Craterellus tubaeformis	suppilovahvero (fi)		2024-09-14	Hollola	Etelä-Häme (EH)	Suomi	61.05167	25.621134	Sure	NEUTRAL	The Atlas of Finnish Fungi
suppilovahvero (fi) — Craterellus tubaeformis	suppilovahvero (fi)	X	2024-09-14 [8:04-9:22]	Raasepori	Varsinais-Suomi (V)	Suomi	60.041719	23.708709	Sure	NEUTRAL	Noteworthy macrofungi - complete lists
suppilovahvero (fi) — Craterellus tubaeformis	suppilovahvero (fi)	X	2024-09-13 [9:52-13:34]	Helsinki, Sipoo, Vantaa	Uusimaa (U)	Suomi	60.288705	25.191159	Sure	NEUTRAL	Noteworthy macrofungi - complete lists
suppilovahvero (fi) — Craterellus tubaeformis	suppilovahvero (fi)		2024-09-12	Orimattila	Uusimaa (U)	Suomi	60.85961	25.66911		COMMUNITY_VERIFIED	iNaturalist Suomi Finland
suppilovahvero (fi) — Craterellus tubaeformis	suppilovahvero (fi)		2024-09-12	Turku	Varsinais-Suomi (V)	Suomi	60.40674	22.24792		COMMUNITY_VERIFIED	iNaturalist Suomi Finland
suppilovahvero (fi) — Craterellus tubaeformis	suppilovahvero (fi)		2024-09-12	Tampere	Etelä-Häme (EH)	Suomi	61.458193	23.897063	Sure	NEUTRAL	The Atlas of Finnish Fungi
suppilovahvero (fi) — Craterellus tubaeformis	suppilovahvero (fi)		2024-09-11	Lohja	Varsinais-Suomi (V)	Suomi	60.24983	24.06747		COMMUNITY_VERIFIED	iNaturalist Suomi Finland
suppilovahvero (fi) — Craterellus tubaeformis	suppilovahvero (fi)		2024-09-09 [16:15-17:30]	Salo	Varsinais-Suomi (V)	Suomi	60.436259	23.113462	Sure	NEUTRAL	The Atlas of Finnish Fungi
suppilovahvero (fi) — Craterellus tubaeformis	suppilovahvero (fi)		2024-09-09	Riihimäki	Etelä-Häme (EH)	Suomi	60.757165	24.818007	Sure	NEUTRAL	The Atlas of Finnish Fungi
suppilovahvero (fi) — Craterellus tubaeformis	suppilovahvero (fi)		2024-09-08	Lapinlahti	Pohjois-Savo (PS)	Suomi	63.36596	27.39433		COMMUNITY_VERIFIED	iNaturalist Suomi Finland
suppilovahvero (fi) — Craterellus tubaeformis	suppilovahvero (fi)		2024-09-08	Vihti	Varsinais-Suomi (V)	Suomi	60.541565	24.552108	Sure	NEUTRAL	The Atlas of Finnish Fungi
suppilovahvero (fi) — Craterellus tubaeformis	suppilovahvero (fi)		2024-09-08 [17:49-19:29]	Salo	Varsinais-Suomi (V)	Suomi	60.335099	23.21326	Sure	NEUTRAL	The Atlas of Finnish Fungi
suppilovahvero (fi) — Craterellus tubaeformis	suppilovahvero (fi)		2024-09-08 [18:05]	Espoo	Uusimaa (U)	Suomi	60.173543	24.621046	Sure	NEUTRAL	The Atlas of Finnish Fungi
suppilovahvero (fi) — Craterellus tubaeformis	suppilovahvero (fi)		2024-09-07	Pöytyä	Varsinais-Suomi (V)	Suomi	60.73447	22.42281		COMMUNITY_VERIFIED	iNaturalist Suomi Finland
suppilovahvero (fi) — Craterellus tubaeformis	suppilovahvero (fi)		2024-09-07	Helsinki	Uusimaa (U)	Suomi	60.20038	25.16643		COMMUNITY_VERIFIED	iNaturalist Suomi Finland
suppilovahvero (fi) — Craterellus tubaeformis	suppilovahvero (fi)		2024-09-07	Lappeenranta	Etelä-Savo (ES)	Suomi	61.23183	28.38459		COMMUNITY_VERIFIED	iNaturalist Suomi Finland
suppilovahvero (fi) — Craterellus tubaeformis	suppilovahvero (fi)		2024-09-07	Vehmaa	Varsinais-Suomi (V)	Suomi	60.74542	21.75615		COMMUNITY_VERIFIED	iNaturalist Suomi Finland
suppilovahvero (fi) — Craterellus tubaeformis	suppilovahvero (fi)		2024-09-06	Imatra	Etelä-Savo (ES)	Suomi	61.21409	28.73077		COMMUNITY_VERIFIED	iNaturalist Suomi Finland
suppilovahvero (fi) — Craterellus tubaeformis	suppilovahvero (fi)		2024-09-06 [10:00-15:00]	Kirkkonummi	Uusimaa (U)	Suomi	60.147258	24.337006	Sure	NEUTRAL	Notebook, general observations
suppilovahvero (fi) — Craterellus tubaeformis	suppilovahvero (fi)		2024-09-04	Tuusula	Uusimaa (U)	Suomi	60.49416	25.04639		COMMUNITY_VERIFIED	iNaturalist Suomi Finland
suppilovahvero (fi) — Craterellus tubaeformis	suppilovahvero (fi)		2024-09-04	Vantaa	Uusimaa (U)	Suomi	60.30776	25.14475		COMMUNITY_VERIFIED	iNaturalist Suomi Finland
suppilovahvero (fi) — Craterellus tubaeformis	suppilovahvero (fi)		2024-09-03	Kotka	Etelä-Karjala (EK)	Suomi	60.54306	26.89736		COMMUNITY_VERIFIED	iNaturalist Suomi Finland
suppilovahvero (fi) — Craterellus tubaeformis	suppilovahvero (fi)		2024-09-03	Närpiö	Etelä-Pohjanmaa (EP)	Suomi	62.50639	21.2103		COMMUNITY_VERIFIED	iNaturalist Suomi Finland
suppilovahvero (fi) — Craterellus tubaeformis	suppilovahvero (fi)	Muutamia havaintoalueella	2024-09-03	Vantaa	Uusimaa (U)	Suomi	60.277209	25.164004	Sure	NEUTRAL	The Atlas of Finnish Fungi
suppilovahvero (fi) — Craterellus tubaeformis	suppilovahvero (fi)		2024-09-02	Kaarina	Varsinais-Suomi (V)	Suomi	60.46499	22.37556		COMMUNITY_VERIFIED	iNaturalist Suomi Finland
suppilovahvero (fi) — Craterellus tubaeformis	suppilovahvero (fi)		2024-09-02	Loppi	Etelä-Häme (EH)	Suomi	60.66412	24.325606	Sure	NEUTRAL	The Atlas of Finnish Fungi
suppilovahvero (fi) — Craterellus tubaeformis	suppilovahvero (fi)		2024-09-01	Savonlinna	Pohjois-Savo (PS)	Suomi	62.14189	29.11032		COMMUNITY_VERIFIED	iNaturalist Suomi Finland
suppilovahvero (fi) — Craterellus tubaeformis	suppilovahvero (fi)		2024-09-01	Kitee	Pohjois-Karjala (PK)	Suomi	62.207858	29.424225	Sure	NEUTRAL	The Atlas of Finnish Fungi
suppilovahvero (fi) — Craterellus tubaeformis	suppilovahvero (fi)	Joitakin alkuja havaintoreitillä	2024-09-01	Espoo	Uusimaa (U)	Suomi	60.321374	24.696403	Sure	NEUTRAL	The Atlas of Finnish Fungi
suppilovahvero (fi) — Craterellus tubaeformis	suppilovahvero (fi)		2024-08-31	Hamina	Etelä-Karjala (EK)	Suomi	60.46124	27.37925		COMMUNITY_VERIFIED	iNaturalist Suomi Finland
suppilovahvero (fi) — Craterellus tubaeformis	suppilovahvero (fi)		2024-08-31	Lappeenranta	Etelä-Savo (ES)	Suomi	61.08948	28.63402		COMMUNITY_VERIFIED	iNaturalist Suomi Finland
suppilovahvero (fi) — Craterellus tubaeformis	suppilovahvero (fi)		2024-08-31	Masku, Mynämäki, Naantali	Varsinais-Suomi (V)	Suomi	60.5	21.9		COMMUNITY_VERIFIED	iNaturalist Suomi Finland
suppilovahvero (fi) — Craterellus tubaeformis	suppilovahvero (fi)		2024-08-31	Nokia	Satakunta (St)	Suomi	61.38984	23.23629		COMMUNITY_VERIFIED	iNaturalist Suomi Finland
suppilovahvero (fi) — Craterellus tubaeformis	suppilovahvero (fi)		2024-08-31 [14:30-16:56]	Tampere	Etelä-Häme (EH)	Suomi	61.467913	23.816458	Sure	NEUTRAL	The Atlas of Finnish Fungi
suppilovahvero (fi) — Craterellus tubaeformis	suppilovahvero (fi)		2024-08-30 - 2024-09-11	Hyvinkää	Uusimaa (U)	Suomi	60.538962	24.678603	Sure	NEUTRAL	The Atlas of Finnish Fungi
suppilovahvero (fi) — Craterellus tubaeformis	suppilovahvero (fi)		2024-08-29	Espoo	Uusimaa (U)	Suomi	60.29742	24.61899		COMMUNITY_VERIFIED	iNaturalist Suomi Finland
suppilovahvero (fi) — Craterellus tubaeformis	suppilovahvero (fi)		2024-08-28	Espoo	Uusimaa (U)	Suomi	60.26278	24.639		COMMUNITY_VERIFIED	iNaturalist Suomi Finland
suppilovahvero (fi) — Craterellus tubaeformis	suppilovahvero (fi)		2024-08-25	Vaasa	Etelä-Pohjanmaa (EP)	Suomi	63.085819	21.776975	Sure	NEUTRAL	The Atlas of Finnish Fungi
suppilovahvero (fi) — Craterellus tubaeformis	suppilovahvero (fi)		2024-08-24	Luumäki	Etelä-Savo (ES)	Suomi	60.94142	27.40177		COMMUNITY_VERIFIED	iNaturalist Suomi Finland
suppilovahvero (fi) — Craterellus tubaeformis	suppilovahvero (fi)		2024-08-24	Sipoo	Uusimaa (U)	Suomi	60.30433	25.20086		COMMUNITY_VERIFIED	iNaturalist Suomi Finland
suppilovahvero (fi) — Craterellus tubaeformis	suppilovahvero (fi)	X	2024-08-22 [18:29-20:31]	Raasepori	Varsinais-Suomi (V)	Suomi	60.041482	23.709086	Sure	NEUTRAL	Noteworthy macrofungi - complete lists
suppilovahvero (fi) — Craterellus tubaeformis	suppilovahvero (fi)		2024-08-19	Karstula	Pohjois-Häme (PH)	Suomi	62.87009	24.8502		NEUTRAL	iNaturalist Suomi Finland
suppilovahvero (fi) — Craterellus tubaeformis	suppilovahvero (fi)		2024-08-18 [15:15-17:57]	Vihti	Varsinais-Suomi (V)	Suomi	60.302187	24.330863	Sure	NEUTRAL	Notebook, general observations
suppilovahvero (fi) — Craterellus tubaeformis	suppilovahvero (fi)		2024-08-16 [10:38-21:37]	Kaarina, Lieto, Turku	Varsinais-Suomi (V)	Suomi	60.464887	22.359238	Sure	NEUTRAL	The Atlas of Finnish Fungi
suppilovahvero (fi) — Craterellus tubaeformis	suppilovahvero (fi)		2024-08-14	Hollola	Etelä-Häme (EH)	Suomi	60.98737	25.49623		COMMUNITY_VERIFIED	iNaturalist Suomi Finland
suppilovahvero (fi) — Craterellus tubaeformis	suppilovahvero (fi)	X	2024-08-13 [17:26-18:15]	Raasepori	Varsinais-Suomi (V)	Suomi	60.042217	23.709728	Sure	NEUTRAL	Noteworthy macrofungi - complete lists
suppilovahvero (fi) — Craterellus tubaeformis	suppilovahvero (fi)		2024-08-11	Vihti	Varsinais-Suomi (V)	Suomi	60.528851	24.557446	Sure	NEUTRAL	The Atlas of Finnish Fungi
suppilovahvero (fi) — Craterellus tubaeformis	suppilovahvero (fi)		2024-08-09	Pedersören kunta	Keski-Pohjanmaa (KP)	Suomi	63.44944	23.18972		COMMUNITY_VERIFIED	iNaturalist Suomi Finland
suppilovahvero (fi) — Craterellus tubaeformis	suppilovahvero (fi)		2024-08-09	Porvoo	Uusimaa (U)	Suomi	60.37325	25.71776		COMMUNITY_VERIFIED	iNaturalist Suomi Finland
suppilovahvero (fi) — Craterellus tubaeformis	suppilovahvero (fi)		2024-08-03	Ilomantsi	Pohjois-Karjala (PK)	Suomi	62.4928	31.01347		COMMUNITY_VERIFIED	iNaturalist Suomi Finland
suppilovahvero (fi) — Craterellus tubaeformis	suppilovahvero (fi)		2024-08-01	Kuhmo	Kainuu (Kn)	Suomi	64.27154	29.51105		COMMUNITY_VERIFIED	iNaturalist Suomi Finland
suppilovahvero (fi) — Craterellus tubaeformis	suppilovahvero (fi)		2024-08-01	Kangasala, Pälkäne, Valkeakoski	Etelä-Häme (EH)	Suomi	61.3	24.1		COMMUNITY_VERIFIED	iNaturalist Suomi Finland
suppilovahvero (fi) — Craterellus tubaeformis	suppilovahvero (fi)		2024-08-01	Kuhmo	Kainuu (Kn)	Suomi	64.29613	29.41218		NEUTRAL	iNaturalist Suomi Finland
suppilovahvero (fi) — Craterellus tubaeformis	suppilovahvero (fi)	20	2024-07-27 [18:42]	Salo	Varsinais-Suomi (V)	Suomi	60.181449	23.396378	Sure	NEUTRAL	Notebook, general observations
suppilovahvero (fi) — Craterellus tubaeformis	suppilovahvero (fi)		2024-07-25	Hyvinkää	Uusimaa (U)	Suomi	60.656275	24.870166	Sure	NEUTRAL	The Atlas of Finnish Fungi
suppilovahvero (fi) — Craterellus tubaeformis	suppilovahvero (fi)	2	2024-07-22	Kaarina	Varsinais-Suomi (V)	Suomi	60.427054	22.363757	Sure	NEUTRAL	The Atlas of Finnish Fungi
suppilovahvero (fi) — Craterellus tubaeformis	suppilovahvero (fi)		2023-11-17	Kirkkonummi	Uusimaa (U)	Suomi	60.2811	24.50517		COMMUNITY_VERIFIED	iNaturalist Suomi Finland
suppilovahvero (fi) — Craterellus tubaeformis	suppilovahvero (fi)	useita	2023-11-15	Turku	Varsinais-Suomi (V)	Suomi	60.356008	22.165222	Sure	NEUTRAL	The Atlas of Finnish Fungi
suppilovahvero (fi) — Craterellus tubaeformis	suppilovahvero (fi)		2023-11-13	Kirkkonummi	Uusimaa (U)	Suomi	60.1536	24.5591		COMMUNITY_VERIFIED	iNaturalist Suomi Finland
suppilovahvero (fi) — Craterellus tubaeformis	suppilovahvero (fi)		2023-11-13	Kirkkonummi	Uusimaa (U)	Suomi	60.15367	24.55924		COMMUNITY_VERIFIED	iNaturalist Suomi Finland
suppilovahvero (fi) — Craterellus tubaeformis	suppilovahvero (fi)		2023-11-11	Espoo	Uusimaa (U)	Suomi	60.20329	24.623209		NEUTRAL	Kastikka Floristic Archives (H)
suppilovahvero (fi) — Craterellus tubaeformis	suppilovahvero (fi)		2023-11-08	Vihti	Varsinais-Suomi (V)	Suomi	60.33576	24.54078		COMMUNITY_VERIFIED	iNaturalist Suomi Finland
suppilovahvero (fi) — Craterellus tubaeformis	suppilovahvero (fi)	muutama	2023-11-05	Salo	Varsinais-Suomi (V)	Suomi	60.254533	22.983259	Sure	COMMUNITY_VERIFIED	The Atlas of Finnish Fungi
suppilovahvero (fi) — Craterellus tubaeformis	suppilovahvero (fi)	muutama	2023-11-05	Salo	Varsinais-Suomi (V)	Suomi	60.252847	22.967701	Sure	COMMUNITY_VERIFIED	The Atlas of Finnish Fungi
suppilovahvero (fi) — Craterellus tubaeformis	suppilovahvero (fi)		2023-11-05	Lahti	Etelä-Häme (EH)	Suomi	60.944271	25.606806	Sure	NEUTRAL	The Atlas of Finnish Fungi
suppilovahvero (fi) — Craterellus tubaeformis	suppilovahvero (fi)	muutama	2023-11-05	Salo	Varsinais-Suomi (V)	Suomi	60.248275	23.02137	Sure	COMMUNITY_VERIFIED	The Atlas of Finnish Fungi
suppilovahvero (fi) — Craterellus tubaeformis	suppilovahvero (fi)	Useita	2023-11-03	Turku	Varsinais-Suomi (V)	Suomi	60.408143	22.155893	Sure	NEUTRAL	Notebook, general observations
suppilovahvero (fi) — Craterellus tubaeformis	suppilovahvero (fi)		2023-11-03	Sipoo	Uusimaa (U)	Suomi	60.30981	25.18702		COMMUNITY_VERIFIED	iNaturalist Suomi Finland
suppilovahvero (fi) — Craterellus tubaeformis	suppilovahvero (fi)		2023-10-29	Hämeenkyrö	Satakunta (St)	Suomi	61.661651	23.473176	Sure	NEUTRAL	The Atlas of Finnish Fungi
suppilovahvero (fi) — Craterellus tubaeformis	suppilovahvero (fi)	n. 20	2023-10-29	Vantaa	Uusimaa (U)	Suomi	60.283912	25.114123	Sure	NEUTRAL	The Atlas of Finnish Fungi
suppilovahvero (fi) — Craterellus tubaeformis	suppilovahvero (fi)		2023-10-26	Espoo	Uusimaa (U)	Suomi	60.21296	24.59155		COMMUNITY_VERIFIED	iNaturalist Suomi Finland
suppilovahvero (fi) — Craterellus tubaeformis	suppilovahvero (fi)		2023-10-23 [17:04-18:00]	Espoo	Uusimaa (U)	Suomi	60.202611	24.649619	Sure	NEUTRAL	Notebook, general observations
suppilovahvero (fi) — Craterellus tubaeformis	suppilovahvero (fi)		2023-10-22	Sastamala	Satakunta (St)	Suomi	61.49416	23.17957		COMMUNITY_VERIFIED	iNaturalist Suomi Finland
suppilovahvero (fi) — Craterellus tubaeformis	suppilovahvero (fi)		2023-10-22	Sastamala	Satakunta (St)	Suomi	61.49503	23.17762		COMMUNITY_VERIFIED	iNaturalist Suomi Finland
suppilovahvero (fi) — Craterellus tubaeformis	suppilovahvero (fi)		2023-10-22	Kangasala	Etelä-Häme (EH)	Suomi	61.52318	24.82107		COMMUNITY_VERIFIED	iNaturalist Suomi Finland
suppilovahvero (fi) — Craterellus tubaeformis	suppilovahvero (fi)		2023-10-21	Eura, Eurajoki, Laitila, Rauma	Satakunta (St), Varsinais-Suomi (V)	Suomi	61.1	21.9		NEUTRAL	iNaturalist Suomi Finland
suppilovahvero (fi) — Craterellus tubaeformis	suppilovahvero (fi)		2023-10-21	Hausjärvi, Hyvinkää, Mäntsälä	Etelä-Häme (EH), Uusimaa (U)	Suomi	60.7	25.1		COMMUNITY_VERIFIED	iNaturalist Suomi Finland
suppilovahvero (fi) — Craterellus tubaeformis	suppilovahvero (fi)		2023-10-21	Ylöjärvi	Etelä-Häme (EH)	Suomi	61.63149	23.55172		COMMUNITY_VERIFIED	iNaturalist Suomi Finland
suppilovahvero (fi) — Craterellus tubaeformis	suppilovahvero (fi)		2023-10-20	Sysmä	Etelä-Häme (EH)	Suomi	61.36711	25.94584		COMMUNITY_VERIFIED	iNaturalist Suomi Finland
suppilovahvero (fi) — Craterellus tubaeformis	suppilovahvero (fi)	X	2023-10-20 [17:27-18:13]	Raasepori	Varsinais-Suomi (V)	Suomi	60.061459	23.690233	Sure	NEUTRAL	Noteworthy macrofungi - complete lists
suppilovahvero (fi) — Craterellus tubaeformis	suppilovahvero (fi)		2023-10-19	Heinola	Etelä-Häme (EH)	Suomi	61.36422	25.94923		COMMUNITY_VERIFIED	iNaturalist Suomi Finland
suppilovahvero (fi) — Craterellus tubaeformis	suppilovahvero (fi)		2023-10-19	Kirkkonummi	Uusimaa (U)	Suomi	60.11296	24.44643		COMMUNITY_VERIFIED	iNaturalist Suomi Finland
suppilovahvero (fi) — Craterellus tubaeformis	suppilovahvero (fi)		2023-10-18 [12:14]	Espoo	Uusimaa (U)	Suomi	60.204822	24.700552	Sure	NEUTRAL	Notebook, general observations
suppilovahvero (fi) — Craterellus tubaeformis	suppilovahvero (fi)		2023-10-18	Helsinki	Uusimaa (U)	Suomi	60.21005	25.05147		COMMUNITY_VERIFIED	iNaturalist Suomi Finland
suppilovahvero (fi) — Craterellus tubaeformis	suppilovahvero (fi)		2023-10-17 [16:08]	Espoo	Uusimaa (U)	Suomi	60.181988	24.737375	Sure	NEUTRAL	Notebook, general observations
suppilovahvero (fi) — Craterellus tubaeformis	suppilovahvero (fi)		2023-10-17	Lohja	Varsinais-Suomi (V)	Suomi	60.34224	23.76119		COMMUNITY_VERIFIED	iNaturalist Suomi Finland
suppilovahvero (fi) — Craterellus tubaeformis	suppilovahvero (fi)		2023-10-16	Eura, Eurajoki, Nakkila, Pori, Ulvila	Satakunta (St)	Suomi	61.3	21.9		COMMUNITY_VERIFIED	iNaturalist Suomi Finland
suppilovahvero (fi) — Craterellus tubaeformis	suppilovahvero (fi)		2023-10-16	Eura	Satakunta (St)	Suomi	61.06427	22.09515		COMMUNITY_VERIFIED	iNaturalist Suomi Finland
suppilovahvero (fi) — Craterellus tubaeformis	suppilovahvero (fi)		2023-10-16	Eura	Satakunta (St)	Suomi	61.07405	22.06089		COMMUNITY_VERIFIED	iNaturalist Suomi Finland
suppilovahvero (fi) — Craterellus tubaeformis	suppilovahvero (fi)		2023-10-16 [11:07-12:30]	Espoo	Uusimaa (U)	Suomi	60.184359	24.658727	Sure	NEUTRAL	Notebook, general observations
suppilovahvero (fi) — Craterellus tubaeformis	suppilovahvero (fi)		2023-10-15	Helsinki	Uusimaa (U)	Suomi	60.192425	25.094595	Sure	NEUTRAL	Species Observations from Helsinki Nature Surveys
suppilovahvero (fi) — Craterellus tubaeformis	suppilovahvero (fi)		2023-10-15	Turku	Varsinais-Suomi (V)	Suomi	60.470669	22.320181	Sure	NEUTRAL	The Atlas of Finnish Fungi
suppilovahvero (fi) — Craterellus tubaeformis	suppilovahvero (fi)	Muutama	2023-10-15 [13:54-16:31]	Sipoo	Uusimaa (U)	Suomi	60.297627	25.18946	Sure	NEUTRAL	Notebook, general observations
suppilovahvero (fi) — Craterellus tubaeformis	suppilovahvero (fi)		2023-10-15 [13:54-16:31]	Sipoo	Uusimaa (U)	Suomi	60.299655	25.188947	Sure	NEUTRAL	Notebook, general observations
suppilovahvero (fi) — Craterellus tubaeformis	suppilovahvero (fi)		2023-10-15	Sastamala	Satakunta (St)	Suomi	61.447881	22.932479	Sure	NEUTRAL	The Atlas of Finnish Fungi
suppilovahvero (fi) — Craterellus tubaeformis	suppilovahvero (fi)		2023-10-15	Espoo	Uusimaa (U)	Suomi	60.29223	24.65066		COMMUNITY_VERIFIED	iNaturalist Suomi Finland
suppilovahvero (fi) — Craterellus tubaeformis	suppilovahvero (fi)		2023-10-14	Hartola, Joutsa, Mäntyharju	Etelä-Häme (EH), Etelä-Savo (ES)	Suomi	61.7	26.3		COMMUNITY_VERIFIED	iNaturalist Suomi Finland
suppilovahvero (fi) — Craterellus tubaeformis	suppilovahvero (fi)		2023-10-14	Salo	Varsinais-Suomi (V)	Suomi	60.38876	23.1742		NEUTRAL	iNaturalist Suomi Finland
suppilovahvero (fi) — Craterellus tubaeformis	suppilovahvero (fi)		2023-10-14	Sastamala	Satakunta (St)	Suomi	61.395362	23.058009	Sure	NEUTRAL	The Atlas of Finnish Fungi
suppilovahvero (fi) — Craterellus tubaeformis	suppilovahvero (fi)		2023-10-14 [17:40-18:40]	Espoo	Uusimaa (U)	Suomi	60.182939	24.674999	Sure	NEUTRAL	Notebook, general observations
suppilovahvero (fi) — Craterellus tubaeformis	suppilovahvero (fi)		2023-10-14 [17:40-18:40]	Espoo	Uusimaa (U)	Suomi	60.183135	24.675648	Sure	NEUTRAL	Notebook, general observations
suppilovahvero (fi) — Craterellus tubaeformis	suppilovahvero (fi)		2023-10-13	Espoo	Uusimaa (U)	Suomi	60.18443	24.65884		COMMUNITY_VERIFIED	iNaturalist Suomi Finland
suppilovahvero (fi) — Craterellus tubaeformis	suppilovahvero (fi)		2023-10-13	Helsinki	Uusimaa (U)	Suomi	60.192471	25.099407	Sure	NEUTRAL	Species Observations from Helsinki Nature Surveys
suppilovahvero (fi) — Craterellus tubaeformis	suppilovahvero (fi)		2023-10-13 [17:14]	Espoo	Uusimaa (U)	Suomi	60.183986	24.695101	Sure	NEUTRAL	Notebook, general observations
suppilovahvero (fi) — Craterellus tubaeformis	suppilovahvero (fi)		2023-10-12	Kirkkonummi	Uusimaa (U)	Suomi	60.16395	24.41733		COMMUNITY_VERIFIED	iNaturalist Suomi Finland
suppilovahvero (fi) — Craterellus tubaeformis	suppilovahvero (fi)		2023-10-12	Jyväskylä, Laukaa	Pohjois-Häme (PH)	Suomi	62.3	25.9		COMMUNITY_VERIFIED	iNaturalist Suomi Finland
suppilovahvero (fi) — Craterellus tubaeformis	suppilovahvero (fi)		2023-10-10	Valkeakoski	Etelä-Häme (EH)	Suomi	61.27809	23.96656		COMMUNITY_VERIFIED	iNaturalist Suomi Finland
suppilovahvero (fi) — Craterellus tubaeformis	suppilovahvero (fi)		2023-10-08	Helsinki	Uusimaa (U)	Suomi	60.19685	24.91869		COMMUNITY_VERIFIED	iNaturalist Suomi Finland
suppilovahvero (fi) — Craterellus tubaeformis	suppilovahvero (fi)		2023-10-08	Espoo	Uusimaa (U)	Suomi	60.31299	24.7221		COMMUNITY_VERIFIED	iNaturalist Suomi Finland
suppilovahvero (fi) — Craterellus tubaeformis	suppilovahvero (fi)		2023-10-08	Kouvola	Etelä-Karjala (EK)	Suomi	60.70604	26.85777		COMMUNITY_VERIFIED	iNaturalist Suomi Finland
suppilovahvero (fi) — Craterellus tubaeformis	suppilovahvero (fi)		2023-10-08	Espoo	Uusimaa (U)	Suomi	60.29273	24.55651		COMMUNITY_VERIFIED	iNaturalist Suomi Finland
suppilovahvero (fi) — Craterellus tubaeformis	suppilovahvero (fi)		2023-10-08	Porvoo	Uusimaa (U)	Suomi	60.347896	25.880002	Sure	NEUTRAL	The Atlas of Finnish Fungi
suppilovahvero (fi) — Craterellus tubaeformis	suppilovahvero (fi)	muutama	2023-10-08	Kemiönsaari	Varsinais-Suomi (V)	Suomi	60.022493	22.428922	Sure	NEUTRAL	The Atlas of Finnish Fungi
suppilovahvero (fi) — Craterellus tubaeformis	suppilovahvero (fi)	runsaasti	2023-10-08	Närpiö	Etelä-Pohjanmaa (EP)	Suomi	62.65053	21.574098	Sure	NEUTRAL	The Atlas of Finnish Fungi
suppilovahvero (fi) — Craterellus tubaeformis	suppilovahvero (fi)		2023-10-08 [15:56]	Tampere	Etelä-Häme (EH)	Suomi	61.459624	23.831585	Sure	NEUTRAL	The Atlas of Finnish Fungi
suppilovahvero (fi) — Craterellus tubaeformis	suppilovahvero (fi)	1	2023-10-08	Paltamo	Kainuu (Kn)	Suomi	64.459774	27.595389		NEUTRAL	LajiGIS: Species mapping and surveys
suppilovahvero (fi) — Craterellus tubaeformis	suppilovahvero (fi)	X	2023-10-08 [13:28-15:33]	Vantaa	Uusimaa (U)	Suomi	60.305284	25.1497	Sure	NEUTRAL	Noteworthy macrofungi - complete lists
suppilovahvero (fi) — Craterellus tubaeformis	suppilovahvero (fi)		2023-10-07	Kuhmo	Kainuu (Kn)	Suomi	64.371459	29.085109	Sure	NEUTRAL	Notebook, general observations
suppilovahvero (fi) — Craterellus tubaeformis	suppilovahvero (fi)		2023-10-06	Puolanka	Kainuu (Kn)	Suomi	64.983369	27.930303		NEUTRAL	LajiGIS: Species mapping and surveys
suppilovahvero (fi) — Craterellus tubaeformis	suppilovahvero (fi)		2023-10-06	Turku	Varsinais-Suomi (V)	Suomi	60.48135	22.2273		COMMUNITY_VERIFIED	iNaturalist Suomi Finland
suppilovahvero (fi) — Craterellus tubaeformis	suppilovahvero (fi)		2023-10-05	Porvoo	Uusimaa (U)	Suomi	60.36719	25.6663		COMMUNITY_VERIFIED	iNaturalist Suomi Finland
suppilovahvero (fi) — Craterellus tubaeformis	suppilovahvero (fi)		2023-10-05	Puolanka	Kainuu (Kn)	Suomi	64.812185	27.832259		NEUTRAL	LajiGIS: Species mapping and surveys
suppilovahvero (fi) — Craterellus tubaeformis	suppilovahvero (fi)		2023-10-05	Siuntio	Uusimaa (U)	Suomi	60.10111	24.32082		COMMUNITY_VERIFIED	iNaturalist Suomi Finland
suppilovahvero (fi) — Craterellus tubaeformis	suppilovahvero (fi)		2023-10-05	Kiuruvesi	Pohjois-Savo (PS)	Suomi	63.63275	26.51828		COMMUNITY_VERIFIED	iNaturalist Suomi Finland
suppilovahvero (fi) — Craterellus tubaeformis	suppilovahvero (fi)	1	2023-10-04	Puolanka	Kainuu (Kn)	Suomi	64.756062	27.801656		NEUTRAL	LajiGIS: Species mapping and surveys
suppilovahvero (fi) — Craterellus tubaeformis	suppilovahvero (fi)	50	2023-10-04	Oulu	Oulun Pohjanmaa (OP)	Suomi	65.298827	26.246003	Sure	NEUTRAL	Notebook, general observations
suppilovahvero (fi) — Craterellus tubaeformis	suppilovahvero (fi)		2023-10-04	Rovaniemi	Perä-Pohjanmaa (PeP)	Suomi	66.225937	25.374911	Sure	NEUTRAL	The Atlas of Finnish Fungi
suppilovahvero (fi) — Craterellus tubaeformis	suppilovahvero (fi)		2023-10-03	Liminka	Oulun Pohjanmaa (OP)	Suomi	64.75783	25.23711		COMMUNITY_VERIFIED	iNaturalist Suomi Finland
suppilovahvero (fi) — Craterellus tubaeformis	suppilovahvero (fi)	1	2023-10-03	Paltamo	Kainuu (Kn)	Suomi	64.45091	27.546341		NEUTRAL	LajiGIS: Species mapping and surveys
suppilovahvero (fi) — Craterellus tubaeformis	suppilovahvero (fi)		2023-10-02	Alavus	Etelä-Pohjanmaa (EP)	Suomi	62.48967	23.68279		COMMUNITY_VERIFIED	iNaturalist Suomi Finland
suppilovahvero (fi) — Craterellus tubaeformis	suppilovahvero (fi)		2023-10-02	Paltamo	Kainuu (Kn)	Suomi	64.460971	27.583296		NEUTRAL	LajiGIS: Species mapping and surveys
suppilovahvero (fi) — Craterellus tubaeformis	suppilovahvero (fi)		2023-10-02	Pyhäjärvi	Keski-Pohjanmaa (KP)	Suomi	63.78523	26.16178	Sure	NEUTRAL	The Atlas of Finnish Fungi
suppilovahvero (fi) — Craterellus tubaeformis	suppilovahvero (fi)		2023-10-01	Närpiö	Etelä-Pohjanmaa (EP)	Suomi	62.50639	21.2103		COMMUNITY_VERIFIED	iNaturalist Suomi Finland
suppilovahvero (fi) — Craterellus tubaeformis	suppilovahvero (fi)		2023-10-01	Helsinki	Uusimaa (U)	Suomi	60.26789	24.91001		COMMUNITY_VERIFIED	iNaturalist Suomi Finland
suppilovahvero (fi) — Craterellus tubaeformis	suppilovahvero (fi)		2023-10-01	Helsinki	Uusimaa (U)	Suomi	60.2677	24.90942		COMMUNITY_VERIFIED	iNaturalist Suomi Finland
suppilovahvero (fi) — Craterellus tubaeformis	suppilovahvero (fi)		2023-10-01	Janakkala	Etelä-Häme (EH)	Suomi	60.98533	24.80368		COMMUNITY_VERIFIED	iNaturalist Suomi Finland
suppilovahvero (fi) — Craterellus tubaeformis	suppilovahvero (fi)		2023-10-01	Jyväskylä, Muurame, Petäjävesi, Uurainen	Etelä-Häme (EH), Pohjois-Häme (PH)	Suomi	62.3	25.5		COMMUNITY_VERIFIED	iNaturalist Suomi Finland
suppilovahvero (fi) — Craterellus tubaeformis	suppilovahvero (fi)	muutama	2023-10-01	Kustavi	Varsinais-Suomi (V)	Suomi	60.593669	21.389308	Sure	NEUTRAL	The Atlas of Finnish Fungi
suppilovahvero (fi) — Craterellus tubaeformis	suppilovahvero (fi)		2023-10-01 [14:36]	Espoo	Uusimaa (U)	Suomi	60.18256	24.734348	Sure	NEUTRAL	Notebook, general observations
suppilovahvero (fi) — Craterellus tubaeformis	suppilovahvero (fi)		2023-10-01 [12:13-13:51]	Kangasala, Tampere	Etelä-Häme (EH)	Suomi	61.497546	23.897924	Sure	NEUTRAL	The Atlas of Finnish Fungi
suppilovahvero (fi) — Craterellus tubaeformis	suppilovahvero (fi)		2023-10-01	Helsinki	Uusimaa (U)	Suomi	60.24641	24.8362		COMMUNITY_VERIFIED	iNaturalist Suomi Finland
suppilovahvero (fi) — Craterellus tubaeformis	suppilovahvero (fi)		2023-10-01	Mikkeli, Mäntyharju	Etelä-Savo (ES)	Suomi	61.353069	27.277163	Sure	NEUTRAL	Notebook, general observations
suppilovahvero (fi) — Craterellus tubaeformis	suppilovahvero (fi)	X	2023-10-01 [10:18-11:51]	Raasepori	Varsinais-Suomi (V)	Suomi	60.038236	23.72329	Sure	NEUTRAL	Noteworthy macrofungi - complete lists
suppilovahvero (fi) — Craterellus tubaeformis	suppilovahvero (fi)		2023-09-30	Jyväskylä	Etelä-Häme (EH)	Suomi	62.00639	25.66716		COMMUNITY_VERIFIED	iNaturalist Suomi Finland
suppilovahvero (fi) — Craterellus tubaeformis	suppilovahvero (fi)		2023-09-30	Vaasa	Etelä-Pohjanmaa (EP)	Suomi	63.040508	21.589531	Sure	NEUTRAL	The Atlas of Finnish Fungi
suppilovahvero (fi) — Craterellus tubaeformis	suppilovahvero (fi)		2023-09-30	Asikkala	Etelä-Häme (EH)	Suomi	61.23094	25.636151	Sure	NEUTRAL	The Atlas of Finnish Fungi
suppilovahvero (fi) — Craterellus tubaeformis	suppilovahvero (fi)	muutamia	2023-09-30 [15:15-16:13]	Espoo	Uusimaa (U)	Suomi	60.179395	24.694308	Sure	NEUTRAL	Notebook, general observations
suppilovahvero (fi) — Craterellus tubaeformis	suppilovahvero (fi)	1	2023-09-29	Paltamo	Kainuu (Kn)	Suomi	64.47408	27.556079		NEUTRAL	LajiGIS: Species mapping and surveys
suppilovahvero (fi) — Craterellus tubaeformis	suppilovahvero (fi)	1	2023-09-29	Paltamo	Kainuu (Kn)	Suomi	64.471888	27.544534		NEUTRAL	LajiGIS: Species mapping and surveys
suppilovahvero (fi) — Craterellus tubaeformis	suppilovahvero (fi)	1	2023-09-28	Puolanka	Kainuu (Kn)	Suomi	64.98452	27.929876		NEUTRAL	LajiGIS: Species mapping and surveys
suppilovahvero (fi) — Craterellus tubaeformis	suppilovahvero (fi)	1	2023-09-28	Puolanka	Kainuu (Kn)	Suomi	64.799603	27.811326		NEUTRAL	LajiGIS: Species mapping and surveys
suppilovahvero (fi) — Craterellus tubaeformis	suppilovahvero (fi)	X	2023-09-28 [17:59-18:40]	Inkoo, Raasepori	Uusimaa (U), Varsinais-Suomi (V)	Suomi	60.055086	23.675094	Sure	NEUTRAL	Noteworthy macrofungi - complete lists
suppilovahvero (fi) — Craterellus tubaeformis	suppilovahvero (fi)		2023-09-27	Siilinjärvi	Pohjois-Savo (PS)	Suomi	63.24706	27.68497		COMMUNITY_VERIFIED	iNaturalist Suomi Finland
suppilovahvero (fi) — Craterellus tubaeformis	suppilovahvero (fi)		2023-09-27	Vihti	Varsinais-Suomi (V)	Suomi	60.543794	24.554822	Sure	NEUTRAL	The Atlas of Finnish Fungi
suppilovahvero (fi) — Craterellus tubaeformis	suppilovahvero (fi)		2023-09-27 [7:30-15:01]	Muurame	Etelä-Häme (EH)	Suomi	62.161432	25.642732	Sure	NEUTRAL	The Atlas of Finnish Fungi
suppilovahvero (fi) — Craterellus tubaeformis	suppilovahvero (fi)	1	2023-09-27	Puolanka	Kainuu (Kn)	Suomi	64.793182	27.817236		NEUTRAL	LajiGIS: Species mapping and surveys
suppilovahvero (fi) — Craterellus tubaeformis	suppilovahvero (fi)	X	2023-09-27 [9:46-11:31]	Espoo, Vihti	Uusimaa (U), Varsinais-Suomi (V)	Suomi	60.32343	24.525371	Sure	NEUTRAL	Noteworthy macrofungi - complete lists
suppilovahvero (fi) — Craterellus tubaeformis	suppilovahvero (fi)	X	2023-09-27 [12:18-13:11]	Espoo, Vihti	Uusimaa (U), Varsinais-Suomi (V)	Suomi	60.320566	24.530471	Sure	NEUTRAL	Noteworthy macrofungi - complete lists
suppilovahvero (fi) — Craterellus tubaeformis	suppilovahvero (fi)		2023-09-26	Lohja	Varsinais-Suomi (V)	Suomi	60.21372	23.77094		COMMUNITY_VERIFIED	iNaturalist Suomi Finland
suppilovahvero (fi) — Craterellus tubaeformis	suppilovahvero (fi)		2023-09-26	Turku	Varsinais-Suomi (V)	Suomi	60.45979	22.16599		COMMUNITY_VERIFIED	iNaturalist Suomi Finland
suppilovahvero (fi) — Craterellus tubaeformis	suppilovahvero (fi)	20	2023-09-26	Kemijärvi	Perä-Pohjanmaa (PeP)	Suomi	66.924928	27.260207	Sure	NEUTRAL	The Atlas of Finnish Fungi
suppilovahvero (fi) — Craterellus tubaeformis	suppilovahvero (fi)		2023-09-26	Hämeenlinna	Etelä-Häme (EH)	Suomi	61.10006	24.1618		COMMUNITY_VERIFIED	iNaturalist Suomi Finland
suppilovahvero (fi) — Craterellus tubaeformis	suppilovahvero (fi)	1	2023-09-26	Puolanka	Kainuu (Kn)	Suomi	64.811674	27.833843		NEUTRAL	LajiGIS: Species mapping and surveys
suppilovahvero (fi) — Craterellus tubaeformis	suppilovahvero (fi)		2023-09-25	Espoo	Uusimaa (U)	Suomi	60.1571	24.65342		COMMUNITY_VERIFIED	iNaturalist Suomi Finland
suppilovahvero (fi) — Craterellus tubaeformis	suppilovahvero (fi)		2023-09-25 [11:48-14:57]	Kirkkonummi	Uusimaa (U)	Suomi	60.148543	24.440932	Sure	NEUTRAL	Notebook, general observations
suppilovahvero (fi) — Craterellus tubaeformis	suppilovahvero (fi)		2023-09-25	Kirkkonummi	Uusimaa (U)	Suomi	60.14421	24.43845		COMMUNITY_VERIFIED	iNaturalist Suomi Finland
suppilovahvero (fi) — Craterellus tubaeformis	suppilovahvero (fi)		2023-09-25	Vantaa	Uusimaa (U)	Suomi	60.31474	25.14163		COMMUNITY_VERIFIED	iNaturalist Suomi Finland
suppilovahvero (fi) — Craterellus tubaeformis	suppilovahvero (fi)		2023-09-25	Helsinki	Uusimaa (U)	Suomi	60.23712	25.04529		COMMUNITY_VERIFIED	iNaturalist Suomi Finland
suppilovahvero (fi) — Craterellus tubaeformis	suppilovahvero (fi)		2023-09-25	Porvoo	Uusimaa (U)	Suomi	60.34519	25.59623		COMMUNITY_VERIFIED	iNaturalist Suomi Finland
suppilovahvero (fi) — Craterellus tubaeformis	suppilovahvero (fi)		2023-09-24	Helsinki	Uusimaa (U)	Suomi	60.192186	25.095226	Sure	NEUTRAL	Species Observations from Helsinki Nature Surveys
suppilovahvero (fi) — Craterellus tubaeformis	suppilovahvero (fi)		2023-09-24	Espoo	Uusimaa (U)	Suomi	60.333318	24.646953		NEUTRAL	Kastikka Floristic Archives (H)
suppilovahvero (fi) — Craterellus tubaeformis	suppilovahvero (fi)		2023-09-24	Espoo	Uusimaa (U)	Suomi	60.333813	24.645994		NEUTRAL	Kastikka Floristic Archives (H)
suppilovahvero (fi) — Craterellus tubaeformis	suppilovahvero (fi)		2023-09-24	Espoo	Uusimaa (U)	Suomi	60.335585	24.646156		NEUTRAL	Kastikka Floristic Archives (H)
suppilovahvero (fi) — Craterellus tubaeformis	suppilovahvero (fi)		2023-09-24	Espoo	Uusimaa (U)	Suomi	60.331286	24.646285		NEUTRAL	Kastikka Floristic Archives (H)
suppilovahvero (fi) — Craterellus tubaeformis	suppilovahvero (fi)	X	2023-09-24 [15:32-16:36]	Vihti	Varsinais-Suomi (V)	Suomi	60.4369	24.31486	Sure	NEUTRAL	Noteworthy macrofungi - complete lists
suppilovahvero (fi) — Craterellus tubaeformis	suppilovahvero (fi)		2023-09-24	Tuusula	Uusimaa (U)	Suomi	60.359532	25.028486	Sure	NEUTRAL	The Atlas of Finnish Fungi
suppilovahvero (fi) — Craterellus tubaeformis	suppilovahvero (fi)		2023-09-24	Espoo	Uusimaa (U)	Suomi	60.27451	24.6423		COMMUNITY_VERIFIED	iNaturalist Suomi Finland
suppilovahvero (fi) — Craterellus tubaeformis	suppilovahvero (fi)		2023-09-24	Hyvinkää	Uusimaa (U)	Suomi	60.64237	24.74902		COMMUNITY_VERIFIED	iNaturalist Suomi Finland
suppilovahvero (fi) — Craterellus tubaeformis	suppilovahvero (fi)		2023-09-24	Rauma	Satakunta (St)	Suomi	61.14172	21.60581		COMMUNITY_VERIFIED	iNaturalist Suomi Finland
suppilovahvero (fi) — Craterellus tubaeformis	suppilovahvero (fi)		2023-09-24	Parainen	Varsinais-Suomi (V)	Suomi	60.31049	22.26602		COMMUNITY_VERIFIED	iNaturalist Suomi Finland
suppilovahvero (fi) — Craterellus tubaeformis	suppilovahvero (fi)		2023-09-23	Mikkeli, Puumala	Etelä-Savo (ES)	Suomi	61.5	27.7		COMMUNITY_VERIFIED	iNaturalist Suomi Finland
suppilovahvero (fi) — Craterellus tubaeformis	suppilovahvero (fi)		2023-09-23 [16:27]	Tampere	Etelä-Häme (EH)	Suomi	61.463484	23.801287	Sure	NEUTRAL	The Atlas of Finnish Fungi
suppilovahvero (fi) — Craterellus tubaeformis	suppilovahvero (fi)		2023-09-23	Lieto	Varsinais-Suomi (V)	Suomi	60.510706	22.411319	Sure	NEUTRAL	The Atlas of Finnish Fungi
suppilovahvero (fi) — Craterellus tubaeformis	suppilovahvero (fi)		2023-09-23	Lieto	Varsinais-Suomi (V)	Suomi	60.510614	22.409369	Sure	NEUTRAL	The Atlas of Finnish Fungi
suppilovahvero (fi) — Craterellus tubaeformis	suppilovahvero (fi)		2023-09-23	Lieto	Varsinais-Suomi (V)	Suomi	60.510939	22.409233	Sure	NEUTRAL	The Atlas of Finnish Fungi
suppilovahvero (fi) — Craterellus tubaeformis	suppilovahvero (fi)		2023-09-22	Ylöjärvi	Etelä-Häme (EH)	Suomi	61.87946	23.73105		COMMUNITY_VERIFIED	iNaturalist Suomi Finland
suppilovahvero (fi) — Craterellus tubaeformis	suppilovahvero (fi)		2023-09-22	Espoo	Uusimaa (U)	Suomi	60.341128	24.627115		NEUTRAL	Kastikka Floristic Archives (H)
suppilovahvero (fi) — Craterellus tubaeformis	suppilovahvero (fi)		2023-09-22	Sipoo	Uusimaa (U)	Suomi	60.30546	25.19629		COMMUNITY_VERIFIED	iNaturalist Suomi Finland
suppilovahvero (fi) — Craterellus tubaeformis	suppilovahvero (fi)		2023-09-22	Kangasala	Etelä-Häme (EH)	Suomi	61.47747	23.93777		COMMUNITY_VERIFIED	iNaturalist Suomi Finland
suppilovahvero (fi) — Craterellus tubaeformis	suppilovahvero (fi)	X	2023-09-22 [17:45-19:02]	Inkoo, Raasepori	Uusimaa (U), Varsinais-Suomi (V)	Suomi	60.055086	23.675094	Sure	NEUTRAL	Noteworthy macrofungi - complete lists
suppilovahvero (fi) — Craterellus tubaeformis	suppilovahvero (fi)		2023-09-21	Helsinki	Uusimaa (U)	Suomi	60.23753	25.1459		COMMUNITY_VERIFIED	iNaturalist Suomi Finland
suppilovahvero (fi) — Craterellus tubaeformis	suppilovahvero (fi)		2023-09-20	Kaarina, Parainen, Turku	Varsinais-Suomi (V)	Suomi	60.3	22.3		COMMUNITY_VERIFIED	iNaturalist Suomi Finland
suppilovahvero (fi) — Craterellus tubaeformis	suppilovahvero (fi)		2023-09-20	Kuopio	Pohjois-Savo (PS)	Suomi	62.90444	27.66977		COMMUNITY_VERIFIED	iNaturalist Suomi Finland
suppilovahvero (fi) — Craterellus tubaeformis	suppilovahvero (fi)		2023-09-20	Salo	Varsinais-Suomi (V)	Suomi	60.34509	22.99404		COMMUNITY_VERIFIED	iNaturalist Suomi Finland
suppilovahvero (fi) — Craterellus tubaeformis	suppilovahvero (fi)		2023-09-19	Lapinlahti	Pohjois-Savo (PS)	Suomi	63.3334	27.38735		COMMUNITY_VERIFIED	iNaturalist Suomi Finland
suppilovahvero (fi) — Craterellus tubaeformis	suppilovahvero (fi)		2023-09-18	Tammela	Etelä-Häme (EH)	Suomi	60.79364	23.66513		COMMUNITY_VERIFIED	iNaturalist Suomi Finland
suppilovahvero (fi) — Craterellus tubaeformis	suppilovahvero (fi)	Paikoittain	2023-09-18 [18:09]	Jyväskylä	Pohjois-Häme (PH)	Suomi	62.259037	25.863845	Sure	NEUTRAL	The Atlas of Finnish Fungi
suppilovahvero (fi) — Craterellus tubaeformis	suppilovahvero (fi)		2023-09-17	Vehmaa	Varsinais-Suomi (V)	Suomi	60.74542	21.75615		COMMUNITY_VERIFIED	iNaturalist Suomi Finland
suppilovahvero (fi) — Craterellus tubaeformis	suppilovahvero (fi)		2023-09-17	Hausjärvi, Hämeenlinna, Janakkala	Etelä-Häme (EH)	Suomi	60.9	24.9		COMMUNITY_VERIFIED	iNaturalist Suomi Finland
suppilovahvero (fi) — Craterellus tubaeformis	suppilovahvero (fi)		2023-09-17	Hyvinkää, Järvenpää, Kerava, Mäntsälä, Sipoo, Tuusula	Uusimaa (U)	Suomi	60.5	25.1		COMMUNITY_VERIFIED	iNaturalist Suomi Finland
suppilovahvero (fi) — Craterellus tubaeformis	suppilovahvero (fi)		2023-09-17	Kaarina, Lieto, Masku, Nousiainen, Raisio, Rusko, Turku	Varsinais-Suomi (V)	Suomi	60.5	22.3		COMMUNITY_VERIFIED	iNaturalist Suomi Finland
suppilovahvero (fi) — Craterellus tubaeformis	suppilovahvero (fi)		2023-09-17	Kuopio	Pohjois-Savo (PS)	Suomi	62.87382	27.6044		COMMUNITY_VERIFIED	iNaturalist Suomi Finland
suppilovahvero (fi) — Craterellus tubaeformis	suppilovahvero (fi)		2023-09-17	Kaarina	Varsinais-Suomi (V)	Suomi	60.42633	22.52323		COMMUNITY_VERIFIED	iNaturalist Suomi Finland
suppilovahvero (fi) — Craterellus tubaeformis	suppilovahvero (fi)		2023-09-17	Kirkkonummi	Uusimaa (U)	Suomi	59.993774	24.437295	Sure	NEUTRAL	Notebook, general observations
suppilovahvero (fi) — Craterellus tubaeformis	suppilovahvero (fi)		2023-09-16	Sysmä	Etelä-Häme (EH)	Suomi	61.63885	25.63855		COMMUNITY_VERIFIED	iNaturalist Suomi Finland
suppilovahvero (fi) — Craterellus tubaeformis	suppilovahvero (fi)		2023-09-16	Loviisa, Porvoo	Uusimaa (U)	Suomi	60.3	25.9		COMMUNITY_VERIFIED	iNaturalist Suomi Finland
suppilovahvero (fi) — Craterellus tubaeformis	suppilovahvero (fi)		2023-09-16	Tampere	Etelä-Häme (EH)	Suomi	61.43261	23.87156		COMMUNITY_VERIFIED	iNaturalist Suomi Finland
suppilovahvero (fi) — Craterellus tubaeformis	suppilovahvero (fi)		2023-09-16	Tampere	Etelä-Häme (EH)	Suomi	61.456833	23.884492	Sure	NEUTRAL	The Atlas of Finnish Fungi
suppilovahvero (fi) — Craterellus tubaeformis	suppilovahvero (fi)		2023-09-16 [15:39-16:57]	Salo	Varsinais-Suomi (V)	Suomi	60.473312	23.088325	Sure	NEUTRAL	The Atlas of Finnish Fungi
suppilovahvero (fi) — Craterellus tubaeformis	suppilovahvero (fi)	X	2023-09-16 [16:20-18:41]	Inkoo	Uusimaa (U)	Suomi	60.018451	23.786548	Sure	NEUTRAL	Noteworthy macrofungi - complete lists
suppilovahvero (fi) — Craterellus tubaeformis	suppilovahvero (fi)		2023-09-15	Kaarina	Varsinais-Suomi (V)	Suomi	60.469828	22.335233	Sure	NEUTRAL	The Atlas of Finnish Fungi
suppilovahvero (fi) — Craterellus tubaeformis	suppilovahvero (fi)		2023-09-15	Parkano	Satakunta (St)	Suomi	62.24534	22.88045		COMMUNITY_VERIFIED	iNaturalist Suomi Finland
suppilovahvero (fi) — Craterellus tubaeformis	suppilovahvero (fi)		2023-09-15	Pöytyä	Varsinais-Suomi (V)	Suomi	60.69969	22.76409		NEUTRAL	iNaturalist Suomi Finland
suppilovahvero (fi) — Craterellus tubaeformis	suppilovahvero (fi)		2023-09-15	Kirkkonummi	Uusimaa (U)	Suomi	59.989571	24.436611	Sure	NEUTRAL	Notebook, general observations
suppilovahvero (fi) — Craterellus tubaeformis	suppilovahvero (fi)		2023-09-14	Espoo	Uusimaa (U)	Suomi	60.16087	24.65762		COMMUNITY_VERIFIED	iNaturalist Suomi Finland
suppilovahvero (fi) — Craterellus tubaeformis	suppilovahvero (fi)		2023-09-14 [19:20]	Tampere	Etelä-Häme (EH)	Suomi	61.470463	23.829835	Sure	NEUTRAL	The Atlas of Finnish Fungi
suppilovahvero (fi) — Craterellus tubaeformis	suppilovahvero (fi)		2023-09-14	Espoo	Uusimaa (U)	Suomi	60.29257	24.56292		COMMUNITY_VERIFIED	iNaturalist Suomi Finland
suppilovahvero (fi) — Craterellus tubaeformis	suppilovahvero (fi)		2023-09-14	Inkoo	Uusimaa (U)	Suomi	60.070232	23.858483	Sure	NEUTRAL	Notebook, general observations
suppilovahvero (fi) — Craterellus tubaeformis	suppilovahvero (fi)		2023-09-13	Humppila, Loimaa, Ypäjä	Etelä-Häme (EH), Satakunta (St)	Suomi	60.9	23.1		COMMUNITY_VERIFIED	iNaturalist Suomi Finland
suppilovahvero (fi) — Craterellus tubaeformis	suppilovahvero (fi)		2023-09-12	Kaarina	Varsinais-Suomi (V)	Suomi	60.40262	22.31652		COMMUNITY_VERIFIED	iNaturalist Suomi Finland
suppilovahvero (fi) — Craterellus tubaeformis	suppilovahvero (fi)	10-20	2023-09-12 [14:07]	Jyväskylä	Pohjois-Häme (PH)	Suomi	62.254776	25.854229	Sure	NEUTRAL	The Atlas of Finnish Fungi
suppilovahvero (fi) — Craterellus tubaeformis	suppilovahvero (fi)		2023-09-12 [14:33]	Jyväskylä	Pohjois-Häme (PH)	Suomi	62.25475	25.85211	Sure	NEUTRAL	The Atlas of Finnish Fungi
suppilovahvero (fi) — Craterellus tubaeformis	suppilovahvero (fi)		2023-09-12 - 2023-09-14	Espoo	Uusimaa (U)	Suomi	60.334937	24.687604	Sure	NEUTRAL	The Atlas of Finnish Fungi
suppilovahvero (fi) — Craterellus tubaeformis	suppilovahvero (fi)		2023-09-12 - 2023-09-22	Vihti	Varsinais-Suomi (V)	Suomi	60.54259	24.553966	Sure	NEUTRAL	The Atlas of Finnish Fungi
suppilovahvero (fi) — Craterellus tubaeformis	suppilovahvero (fi)		2023-09-10	Parainen	Varsinais-Suomi (V)	Suomi	60.26129	22.28227		COMMUNITY_VERIFIED	iNaturalist Suomi Finland
suppilovahvero (fi) — Craterellus tubaeformis	suppilovahvero (fi)		2023-09-10	Hyvinkää, Nurmijärvi, Tuusula, Vantaa	Uusimaa (U)	Suomi	60.5	24.9		COMMUNITY_VERIFIED	iNaturalist Suomi Finland
suppilovahvero (fi) — Craterellus tubaeformis	suppilovahvero (fi)		2023-09-10	Kuhmoinen	Etelä-Häme (EH)	Suomi	61.707329	25.290841	Sure	NEUTRAL	Notebook, general observations
suppilovahvero (fi) — Craterellus tubaeformis	suppilovahvero (fi)		2023-09-10	Nurmes	Pohjois-Karjala (PK)	Suomi	63.805623	29.023026	Sure	NEUTRAL	The Atlas of Finnish Fungi
suppilovahvero (fi) — Craterellus tubaeformis	suppilovahvero (fi)		2023-09-10	Espoo	Uusimaa (U)	Suomi	60.25083	24.60364		COMMUNITY_VERIFIED	iNaturalist Suomi Finland
suppilovahvero (fi) — Craterellus tubaeformis	suppilovahvero (fi)		2023-09-09	Kuhmo	Kainuu (Kn)	Suomi	64.193943	29.981313	Sure	NEUTRAL	Notebook, general observations
suppilovahvero (fi) — Craterellus tubaeformis	suppilovahvero (fi)		2023-09-09	Vantaa	Uusimaa (U)	Suomi	60.29305	25.14636		COMMUNITY_VERIFIED	iNaturalist Suomi Finland
suppilovahvero (fi) — Craterellus tubaeformis	suppilovahvero (fi)		2023-09-09	Hämeenlinna	Etelä-Häme (EH)	Suomi	61.16293	24.44886		COMMUNITY_VERIFIED	iNaturalist Suomi Finland
suppilovahvero (fi) — Craterellus tubaeformis	suppilovahvero (fi)		2023-09-09	Lahti	Etelä-Häme (EH)	Suomi	60.98634	25.54891		COMMUNITY_VERIFIED	iNaturalist Suomi Finland
suppilovahvero (fi) — Craterellus tubaeformis	suppilovahvero (fi)		2023-09-09	Hämeenlinna	Etelä-Häme (EH)	Suomi	61.16279	24.44932		COMMUNITY_VERIFIED	iNaturalist Suomi Finland
suppilovahvero (fi) — Craterellus tubaeformis	suppilovahvero (fi)		2023-09-09 [17:36-19:12]	Helsinki	Uusimaa (U)	Suomi	60.198321	25.014252	Sure	NEUTRAL	The Atlas of Finnish Fungi
suppilovahvero (fi) — Craterellus tubaeformis	suppilovahvero (fi)		2023-09-09	Hyrynsalmi	Kainuu (Kn)	Suomi	64.732431	28.261784	Sure	NEUTRAL	The Atlas of Finnish Fungi
suppilovahvero (fi) — Craterellus tubaeformis	suppilovahvero (fi)		2023-09-09	Salo	Varsinais-Suomi (V)	Suomi	60.19007	23.13864		NEUTRAL	iNaturalist Suomi Finland
suppilovahvero (fi) — Craterellus tubaeformis	suppilovahvero (fi)		2023-09-09	Finström	Ahvenanmaa (A)	Suomi	60.24436	19.84057		NEUTRAL	iNaturalist Suomi Finland
suppilovahvero (fi) — Craterellus tubaeformis	suppilovahvero (fi)		2023-09-09 [9:06]	Tampere	Etelä-Häme (EH)	Suomi	61.467856	23.816355	Sure	NEUTRAL	The Atlas of Finnish Fungi
suppilovahvero (fi) — Craterellus tubaeformis	suppilovahvero (fi)		2023-09-08	Tohmajärvi	Pohjois-Karjala (PK)	Suomi	62.200533	30.289958	Sure	NEUTRAL	The Atlas of Finnish Fungi
suppilovahvero (fi) — Craterellus tubaeformis	suppilovahvero (fi)		2023-09-08	Vaasa	Etelä-Pohjanmaa (EP)	Suomi	63.041444	21.600761	Sure	NEUTRAL	The Atlas of Finnish Fungi
suppilovahvero (fi) — Craterellus tubaeformis	suppilovahvero (fi)		2023-09-08	Mustasaari	Etelä-Pohjanmaa (EP)	Suomi	63.036844	21.613722	Sure	NEUTRAL	The Atlas of Finnish Fungi
suppilovahvero (fi) — Craterellus tubaeformis	suppilovahvero (fi)		2023-09-08	Mustasaari	Etelä-Pohjanmaa (EP)	Suomi	63.035728	21.627464	Sure	NEUTRAL	The Atlas of Finnish Fungi
suppilovahvero (fi) — Craterellus tubaeformis	suppilovahvero (fi)		2023-09-08	Vaasa	Etelä-Pohjanmaa (EP)	Suomi	63.0384	21.603144	Sure	NEUTRAL	The Atlas of Finnish Fungi
suppilovahvero (fi) — Craterellus tubaeformis	suppilovahvero (fi)		2023-09-08	Ikaalinen	Satakunta (St)	Suomi	61.790228	23.127381	Sure	NEUTRAL	Notebook, general observations
suppilovahvero (fi) — Craterellus tubaeformis	suppilovahvero (fi)		2023-09-07	Espoo	Uusimaa (U)	Suomi	60.29282	24.56299		COMMUNITY_VERIFIED	iNaturalist Suomi Finland
suppilovahvero (fi) — Craterellus tubaeformis	suppilovahvero (fi)		2023-09-07 - 2023-09-09	Helsinki, Vantaa	Uusimaa (U)	Suomi	60.274847	25.160767	Sure	NEUTRAL	The Atlas of Finnish Fungi
suppilovahvero (fi) — Craterellus tubaeformis	suppilovahvero (fi)	Paljon	2023-09-07	Jämijärvi	Satakunta (St)	Suomi	61.781147	22.759681	Sure	NEUTRAL	The Atlas of Finnish Fungi
suppilovahvero (fi) — Craterellus tubaeformis	suppilovahvero (fi)		2023-09-06	Ikaalinen	Satakunta (St)	Suomi	61.795247	22.974305	Sure	NEUTRAL	Notebook, general observations
suppilovahvero (fi) — Craterellus tubaeformis	suppilovahvero (fi)		2023-09-06	Espoo	Uusimaa (U)	Suomi	60.329735	24.670755	Sure	NEUTRAL	The Atlas of Finnish Fungi
suppilovahvero (fi) — Craterellus tubaeformis	suppilovahvero (fi)		2023-09-05	Kankaanpää	Satakunta (St)	Suomi	61.78901	22.38782		COMMUNITY_VERIFIED	iNaturalist Suomi Finland
suppilovahvero (fi) — Craterellus tubaeformis	suppilovahvero (fi)		2023-09-05	Eurajoki	Satakunta (St)	Suomi	61.195067	21.688383	Sure	NEUTRAL	Notebook, general observations
suppilovahvero (fi) — Craterellus tubaeformis	suppilovahvero (fi)		2023-09-05	Turku	Varsinais-Suomi (V)	Suomi	60.469339	22.331997	Sure	NEUTRAL	The Atlas of Finnish Fungi
suppilovahvero (fi) — Craterellus tubaeformis	suppilovahvero (fi)		2023-09-04	Vehmaa	Varsinais-Suomi (V)	Suomi	60.74542	21.75615		COMMUNITY_VERIFIED	iNaturalist Suomi Finland
suppilovahvero (fi) — Craterellus tubaeformis	suppilovahvero (fi)	3	2023-09-03	Nokia	Etelä-Häme (EH)	Suomi	61.467543	23.373766	Sure	NEUTRAL	The Atlas of Finnish Fungi
suppilovahvero (fi) — Craterellus tubaeformis	suppilovahvero (fi)		2023-09-03	Helsinki	Uusimaa (U)	Suomi	60.242668	25.207655	Sure	NEUTRAL	The Atlas of Finnish Fungi
suppilovahvero (fi) — Craterellus tubaeformis	suppilovahvero (fi)		2023-09-03 [8:54-15:05]	Kokemäki	Satakunta (St)	Suomi	61.217925	22.245473	Sure	NEUTRAL	Notebook, general observations
suppilovahvero (fi) — Craterellus tubaeformis	suppilovahvero (fi)		2023-09-02	Sauvo	Varsinais-Suomi (V)	Suomi	60.26043	22.78663		COMMUNITY_VERIFIED	iNaturalist Suomi Finland
suppilovahvero (fi) — Craterellus tubaeformis	suppilovahvero (fi)	>30	2023-09-02 [17:22-22:13]	Asikkala	Etelä-Häme (EH)	Suomi	61.168542	25.866673	Sure	NEUTRAL	Notebook, general observations
suppilovahvero (fi) — Craterellus tubaeformis	suppilovahvero (fi)		2023-09-02 [12:28-13:30]	Muurame	Etelä-Häme (EH)	Suomi	62.162428	25.726704	Sure	NEUTRAL	The Atlas of Finnish Fungi
suppilovahvero (fi) — Craterellus tubaeformis	suppilovahvero (fi)		2023-09-02	Vihti	Varsinais-Suomi (V)	Suomi	60.40417	24.47297		COMMUNITY_VERIFIED	iNaturalist Suomi Finland
suppilovahvero (fi) — Craterellus tubaeformis	suppilovahvero (fi)		2023-09-02	Jyväskylä	Pohjois-Häme (PH)	Suomi	62.21122	25.706441	Sure	NEUTRAL	Notebook, general observations
suppilovahvero (fi) — Craterellus tubaeformis	suppilovahvero (fi)	30	2023-08-31	Porvoo	Uusimaa (U)	Suomi	60.444922	25.668431	Sure	NEUTRAL	Notebook, general observations
suppilovahvero (fi) — Craterellus tubaeformis	suppilovahvero (fi)	10	2023-08-30	Paltamo	Kainuu (Kn)	Suomi	64.347612	28.01503		NEUTRAL	LajiGIS: Species mapping and surveys
suppilovahvero (fi) — Craterellus tubaeformis	suppilovahvero (fi)		2023-08-30	Espoo	Uusimaa (U)	Suomi	60.20374	24.80463		COMMUNITY_VERIFIED	iNaturalist Suomi Finland
suppilovahvero (fi) — Craterellus tubaeformis	suppilovahvero (fi)		2023-08-29	Helsinki	Uusimaa (U)	Suomi	60.24255	25.21027		COMMUNITY_VERIFIED	iNaturalist Suomi Finland
suppilovahvero (fi) — Craterellus tubaeformis	suppilovahvero (fi)		2023-08-29	Vantaa	Uusimaa (U)	Suomi	60.27854	25.16737		COMMUNITY_VERIFIED	iNaturalist Suomi Finland
suppilovahvero (fi) — Craterellus tubaeformis	suppilovahvero (fi)		2023-08-29 [15:46-16:59]	Salo	Varsinais-Suomi (V)	Suomi	60.140503	22.956903	Sure	NEUTRAL	The Atlas of Finnish Fungi
suppilovahvero (fi) — Craterellus tubaeformis	suppilovahvero (fi)		2023-08-29	Jämsä	Etelä-Häme (EH)	Suomi	61.991345	25.135681	Sure	NEUTRAL	Notebook, general observations
suppilovahvero (fi) — Craterellus tubaeformis	suppilovahvero (fi)		2023-08-28	Hollola	Etelä-Häme (EH)	Suomi	61.02034	25.518475	Sure	NEUTRAL	The Atlas of Finnish Fungi
suppilovahvero (fi) — Craterellus tubaeformis	suppilovahvero (fi)		2023-08-27	Hämeenkyrö	Satakunta (St)	Suomi	61.617227	23.479132	Sure	NEUTRAL	The Atlas of Finnish Fungi
suppilovahvero (fi) — Craterellus tubaeformis	suppilovahvero (fi)		2023-08-27	Hämeenkyrö	Satakunta (St)	Suomi	61.617	23.48	Sure	NEUTRAL	The Atlas of Finnish Fungi
suppilovahvero (fi) — Craterellus tubaeformis	suppilovahvero (fi)		2023-08-26	Nurmijärvi	Uusimaa (U)	Suomi	60.40835	24.756		COMMUNITY_VERIFIED	iNaturalist Suomi Finland
suppilovahvero (fi) — Craterellus tubaeformis	suppilovahvero (fi)		2023-08-26	Kuopio	Pohjois-Savo (PS)	Suomi	62.79271	27.61972		COMMUNITY_VERIFIED	iNaturalist Suomi Finland
suppilovahvero (fi) — Craterellus tubaeformis	suppilovahvero (fi)		2023-08-26	Helsinki	Uusimaa (U)	Suomi	60.22474	24.92008		COMMUNITY_VERIFIED	iNaturalist Suomi Finland
suppilovahvero (fi) — Craterellus tubaeformis	suppilovahvero (fi)		2023-08-26	Vihti	Varsinais-Suomi (V)	Suomi	60.54182	24.60799		COMMUNITY_VERIFIED	iNaturalist Suomi Finland
suppilovahvero (fi) — Craterellus tubaeformis	suppilovahvero (fi)		2023-08-25	Sipoo	Uusimaa (U)	Suomi	60.301992	25.199766	Sure	NEUTRAL	The Atlas of Finnish Fungi
suppilovahvero (fi) — Craterellus tubaeformis	suppilovahvero (fi)		2023-08-25	Sipoo	Uusimaa (U)	Suomi	60.301996	25.199773		NEUTRAL	Fungal collection of the Botanical Museum, University of Oulu (OULU)
suppilovahvero (fi) — Craterellus tubaeformis	suppilovahvero (fi)	Muutama	2023-08-25 [13:50-15:15]	Espoo	Uusimaa (U)	Suomi	60.180465	24.698302	Sure	NEUTRAL	Notebook, general observations
suppilovahvero (fi) — Craterellus tubaeformis	suppilovahvero (fi)		2023-08-24	Jyväskylä	Pohjois-Häme (PH)	Suomi	62.2042	25.699764	Sure	NEUTRAL	Notebook, general observations
suppilovahvero (fi) — Craterellus tubaeformis	suppilovahvero (fi)		2023-08-22	Vantaa	Uusimaa (U)	Suomi	60.31318	25.11788		COMMUNITY_VERIFIED	iNaturalist Suomi Finland
suppilovahvero (fi) — Craterellus tubaeformis	suppilovahvero (fi)		2023-08-21	Espoo	Uusimaa (U)	Suomi	60.29051	24.58729		COMMUNITY_VERIFIED	iNaturalist Suomi Finland
suppilovahvero (fi) — Craterellus tubaeformis	suppilovahvero (fi)		2023-08-20	Hämeenlinna, Pälkäne	Etelä-Häme (EH)	Suomi	61.3	24.7		COMMUNITY_VERIFIED	iNaturalist Suomi Finland
suppilovahvero (fi) — Craterellus tubaeformis	suppilovahvero (fi)		2023-08-20	Kauniainen	Uusimaa (U)	Suomi	60.213593	24.682613	Sure	NEUTRAL	The Atlas of Finnish Fungi
suppilovahvero (fi) — Craterellus tubaeformis	suppilovahvero (fi)		2023-08-20	Vesilahti	Etelä-Häme (EH)	Suomi	61.314927	23.404274	Sure	NEUTRAL	The Atlas of Finnish Fungi
suppilovahvero (fi) — Craterellus tubaeformis	suppilovahvero (fi)	Vähän	2023-08-20	Kärkölä	Etelä-Häme (EH)	Suomi	60.903639	25.241677	Sure	NEUTRAL	Notebook, general observations
suppilovahvero (fi) — Craterellus tubaeformis	suppilovahvero (fi)		2023-08-19	Kaarina	Varsinais-Suomi (V)	Suomi	60.42633	22.52323		COMMUNITY_VERIFIED	iNaturalist Suomi Finland
suppilovahvero (fi) — Craterellus tubaeformis	suppilovahvero (fi)		2023-08-19	Kuopio	Pohjois-Savo (PS)	Suomi	62.89591	27.595508		NEUTRAL	LajiGIS: Species mapping and surveys
suppilovahvero (fi) — Craterellus tubaeformis	suppilovahvero (fi)		2023-08-19	Kuopio	Pohjois-Savo (PS)	Suomi	62.895911	27.595311		NEUTRAL	LajiGIS: Species mapping and surveys
suppilovahvero (fi) — Craterellus tubaeformis	suppilovahvero (fi)		2023-08-19	Espoo, Vihti	Uusimaa (U), Varsinais-Suomi (V)	Suomi	60.317297	24.523639	Sure	NEUTRAL	The Atlas of Finnish Fungi
suppilovahvero (fi) — Craterellus tubaeformis	suppilovahvero (fi)		2023-08-19	Kuopio	Pohjois-Savo (PS)	Suomi	62.895912	27.595527		NEUTRAL	TUR-A Fungus collections of the the Åbo Akademi
suppilovahvero (fi) — Craterellus tubaeformis	suppilovahvero (fi)		2023-08-17 [13:42-19:09]	Salo	Varsinais-Suomi (V)	Suomi	60.355132	23.564113	Sure	NEUTRAL	The Atlas of Finnish Fungi
suppilovahvero (fi) — Craterellus tubaeformis	suppilovahvero (fi)		2023-08-16	Hämeenkyrö	Satakunta (St)	Suomi	61.583	23.428	Sure	NEUTRAL	The Atlas of Finnish Fungi
suppilovahvero (fi) — Craterellus tubaeformis	suppilovahvero (fi)		2023-08-15	Inkoo, Lohja, Raasepori, Salo	Uusimaa (U), Varsinais-Suomi (V)	Suomi	60.1	23.7		COMMUNITY_VERIFIED	iNaturalist Suomi Finland
suppilovahvero (fi) — Craterellus tubaeformis	suppilovahvero (fi)		2023-08-15	Kuhmoinen	Etelä-Häme (EH)	Suomi	61.6445	24.99474		COMMUNITY_VERIFIED	iNaturalist Suomi Finland
suppilovahvero (fi) — Craterellus tubaeformis	suppilovahvero (fi)		2023-08-15	Veteli	Keski-Pohjanmaa (KP)	Suomi	63.31075	23.78159		COMMUNITY_VERIFIED	iNaturalist Suomi Finland
suppilovahvero (fi) — Craterellus tubaeformis	suppilovahvero (fi)		2023-08-14	Lohja	Varsinais-Suomi (V)	Suomi	60.30971	24.18727	Sure	NEUTRAL	Notebook, general observations
suppilovahvero (fi) — Craterellus tubaeformis	suppilovahvero (fi)		2023-08-13 - 2023-08-17	Lieksa	Pohjois-Karjala (PK)	Suomi	63.113641	29.777157	Sure	NEUTRAL	The Atlas of Finnish Fungi
suppilovahvero (fi) — Craterellus tubaeformis	suppilovahvero (fi)		2023-08-12 [10:06-12:00]	Espoo	Uusimaa (U)	Suomi	60.303057	24.553328	Sure	NEUTRAL	The Atlas of Finnish Fungi
suppilovahvero (fi) — Craterellus tubaeformis	suppilovahvero (fi)		2023-08-11 [17:41-18:41]	Salo	Varsinais-Suomi (V)	Suomi	60.473086	23.088255	Sure	NEUTRAL	The Atlas of Finnish Fungi
suppilovahvero (fi) — Craterellus tubaeformis	suppilovahvero (fi)	Muutama	2023-08-10 [13:29-14:20]	Espoo	Uusimaa (U)	Suomi	60.185022	24.676934	Sure	NEUTRAL	Notebook, general observations
suppilovahvero (fi) — Craterellus tubaeformis	suppilovahvero (fi)		2023-08-07	Kuopio, Siilinjärvi	Pohjois-Savo (PS)	Suomi	62.9	27.5		COMMUNITY_VERIFIED	iNaturalist Suomi Finland
suppilovahvero (fi) — Craterellus tubaeformis	suppilovahvero (fi)		2023-08-04	Espoo	Uusimaa (U)	Suomi	60.18903	24.73671		COMMUNITY_VERIFIED	iNaturalist Suomi Finland
suppilovahvero (fi) — Craterellus tubaeformis	suppilovahvero (fi)		2022-11-17	Vantaa	Uusimaa (U)	Suomi	60.356001	25.098529	Sure	EXPERT_VERIFIED	The Atlas of Finnish Fungi
suppilovahvero (fi) — Craterellus tubaeformis	suppilovahvero (fi)		2022-11-17	Tampere	Etelä-Häme (EH)	Suomi	61.70393	23.91046		COMMUNITY_VERIFIED	iNaturalist Suomi Finland
suppilovahvero (fi) — Craterellus tubaeformis	suppilovahvero (fi)	Runsaasti	2022-11-13 [13:47]	Toivakka	Pohjois-Häme (PH)	Suomi	62.064747	26.164767	Sure	NEUTRAL	The Atlas of Finnish Fungi
suppilovahvero (fi) — Craterellus tubaeformis	suppilovahvero (fi)		2022-11-13	Lieto	Varsinais-Suomi (V)	Suomi	60.484757	22.451478	Sure	NEUTRAL	Notebook, general observations
suppilovahvero (fi) — Craterellus tubaeformis	suppilovahvero (fi)		2022-11-13	Nurmijärvi	Uusimaa (U)	Suomi	60.4089	24.75603		COMMUNITY_VERIFIED	iNaturalist Suomi Finland
suppilovahvero (fi) — Craterellus tubaeformis	suppilovahvero (fi)		2022-11-11	Vaasa	Etelä-Pohjanmaa (EP)	Suomi	63.034061	21.577933	Sure	NEUTRAL	The Atlas of Finnish Fungi
suppilovahvero (fi) — Craterellus tubaeformis	suppilovahvero (fi)		2022-11-10	Espoo	Uusimaa (U)	Suomi	60.17662	24.72157		COMMUNITY_VERIFIED	iNaturalist Suomi Finland
suppilovahvero (fi) — Craterellus tubaeformis	suppilovahvero (fi)	25	2022-11-10 [11:40]	Hamina	Etelä-Karjala (EK)	Suomi	60.654433	27.269118	Sure	NEUTRAL	Notebook, general observations
suppilovahvero (fi) — Craterellus tubaeformis	suppilovahvero (fi)	6	2022-11-09	Uusikaupunki	Varsinais-Suomi (V)	Suomi	60.809052	21.503963	Sure	NEUTRAL	The Atlas of Finnish Fungi
suppilovahvero (fi) — Craterellus tubaeformis	suppilovahvero (fi)		2022-11-09	Vantaa	Uusimaa (U)	Suomi	60.2746	25.16095		COMMUNITY_VERIFIED	iNaturalist Suomi Finland
suppilovahvero (fi) — Craterellus tubaeformis	suppilovahvero (fi)		2022-11-05	Raasepori	Varsinais-Suomi (V)	Suomi	60.005493	23.098556	Sure	NEUTRAL	The Atlas of Finnish Fungi
suppilovahvero (fi) — Craterellus tubaeformis	suppilovahvero (fi)	Useita	2022-11-05	Hausjärvi, Hyvinkää, Riihimäki	Etelä-Häme (EH)	Suomi	60.708552	24.890516	Sure	NEUTRAL	The Atlas of Finnish Fungi
suppilovahvero (fi) — Craterellus tubaeformis	suppilovahvero (fi)	Useita muutaman sienen rykelmää	2022-11-05	Hausjärvi, Hyvinkää, Riihimäki	Etelä-Häme (EH)	Suomi	60.708552	24.890516	Sure	NEUTRAL	The Atlas of Finnish Fungi
suppilovahvero (fi) — Craterellus tubaeformis	suppilovahvero (fi)		2022-11-05	Salo	Varsinais-Suomi (V)	Suomi	60.094659	22.868503	Sure	NEUTRAL	The Atlas of Finnish Fungi
suppilovahvero (fi) — Craterellus tubaeformis	suppilovahvero (fi)		2022-11-04	Porvoo	Uusimaa (U)	Suomi	60.380317	25.662811	Sure	NEUTRAL	The Atlas of Finnish Fungi
suppilovahvero (fi) — Craterellus tubaeformis	suppilovahvero (fi)		2022-11-04	Salo	Varsinais-Suomi (V)	Suomi	60.4693	22.93382		COMMUNITY_VERIFIED	iNaturalist Suomi Finland
suppilovahvero (fi) — Craterellus tubaeformis	suppilovahvero (fi)		2022-11-04	Raasepori	Varsinais-Suomi (V)	Suomi	60.122185	23.591834	Sure	NEUTRAL	Notebook, general observations
suppilovahvero (fi) — Craterellus tubaeformis	suppilovahvero (fi)		2022-11-02	Ulvila	Satakunta (St)	Suomi	61.46055	22.35617		COMMUNITY_VERIFIED	iNaturalist Suomi Finland
suppilovahvero (fi) — Craterellus tubaeformis	suppilovahvero (fi)		2022-10-30	Inkoo, Lohja, Raasepori, Salo	Uusimaa (U), Varsinais-Suomi (V)	Suomi	60.1	23.7		COMMUNITY_VERIFIED	iNaturalist Suomi Finland
suppilovahvero (fi) — Craterellus tubaeformis	suppilovahvero (fi)	5	2022-10-30	Sipoo	Uusimaa (U)	Suomi	60.347147	25.206518	Sure	NEUTRAL	Notebook, general observations
suppilovahvero (fi) — Craterellus tubaeformis	suppilovahvero (fi)		2022-10-29	Lohja	Varsinais-Suomi (V)	Suomi	60.18597	23.62429		COMMUNITY_VERIFIED	iNaturalist Suomi Finland
suppilovahvero (fi) — Craterellus tubaeformis	suppilovahvero (fi)	10	2022-10-28	Porvoo	Uusimaa (U)	Suomi	60.362547	25.670956	Sure	NEUTRAL	The Atlas of Finnish Fungi
suppilovahvero (fi) — Craterellus tubaeformis	suppilovahvero (fi)		2022-10-24	Tampere	Etelä-Häme (EH)	Suomi	61.51025	23.83886		COMMUNITY_VERIFIED	iNaturalist Suomi Finland
suppilovahvero (fi) — Craterellus tubaeformis	suppilovahvero (fi)		2022-10-23	Jyväskylä, Muurame, Petäjävesi, Uurainen	Etelä-Häme (EH), Pohjois-Häme (PH)	Suomi	62.3	25.5		COMMUNITY_VERIFIED	iNaturalist Suomi Finland
suppilovahvero (fi) — Craterellus tubaeformis	suppilovahvero (fi)		2022-10-22	Kouvola	Etelä-Häme (EH)	Suomi	61.06479	26.56793		COMMUNITY_VERIFIED	iNaturalist Suomi Finland
suppilovahvero (fi) — Craterellus tubaeformis	suppilovahvero (fi)		2022-10-22	Salo	Varsinais-Suomi (V)	Suomi	60.22563	22.97455		COMMUNITY_VERIFIED	iNaturalist Suomi Finland
suppilovahvero (fi) — Craterellus tubaeformis	suppilovahvero (fi)		2022-10-22 [11:08-14:39]	Tammela	Etelä-Häme (EH)	Suomi	60.687808	23.826728	Sure	NEUTRAL	Notebook, general observations
suppilovahvero (fi) — Craterellus tubaeformis	suppilovahvero (fi)		2022-10-21	Espoo	Uusimaa (U)	Suomi	60.337453	24.693074	Sure	NEUTRAL	The Atlas of Finnish Fungi
suppilovahvero (fi) — Craterellus tubaeformis	suppilovahvero (fi)		2022-10-20	Asikkala	Etelä-Häme (EH)	Suomi	61.26919	25.52467		COMMUNITY_VERIFIED	iNaturalist Suomi Finland
suppilovahvero (fi) — Craterellus tubaeformis	suppilovahvero (fi)		2022-10-20 - 2022-11-05	Vihti	Varsinais-Suomi (V)	Suomi	60.54247	24.553831	Sure	NEUTRAL	The Atlas of Finnish Fungi
suppilovahvero (fi) — Craterellus tubaeformis	suppilovahvero (fi)		2022-10-20	Espoo	Uusimaa (U)	Suomi	60.329978	24.670863	Sure	NEUTRAL	The Atlas of Finnish Fungi
suppilovahvero (fi) — Craterellus tubaeformis	suppilovahvero (fi)		2022-10-19			Suomi				COMMUNITY_VERIFIED	iNaturalist Suomi Finland
suppilovahvero (fi) — Craterellus tubaeformis	suppilovahvero (fi)	20	2022-10-18	Sotkamo	Kainuu (Kn)	Suomi	64.129628	28.271269	Sure	NEUTRAL	The Atlas of Finnish Fungi
suppilovahvero (fi) — Craterellus tubaeformis	suppilovahvero (fi)	muutama	2022-10-17	Turku	Varsinais-Suomi (V)	Suomi	60.367017	22.143504	Sure	NEUTRAL	The Atlas of Finnish Fungi
suppilovahvero (fi) — Craterellus tubaeformis	suppilovahvero (fi)	Niukka	2022-10-16	Mäntyharju	Etelä-Savo (ES)	Suomi	61.4047	26.811661		NEUTRAL	Löydös Open Finnish Observation Database
suppilovahvero (fi) — Craterellus tubaeformis	suppilovahvero (fi)		2022-10-16	Vihti	Varsinais-Suomi (V)	Suomi	60.542914	24.484047	Sure	NEUTRAL	The Atlas of Finnish Fungi
suppilovahvero (fi) — Craterellus tubaeformis	suppilovahvero (fi)		2022-10-16	Taivalkoski	Koillismaa (Ks)	Suomi	65.293485	28.426358	Sure	NEUTRAL	The Atlas of Finnish Fungi
suppilovahvero (fi) — Craterellus tubaeformis	suppilovahvero (fi)		2022-10-15	Sastamala	Satakunta (St)	Suomi	61.393173	23.048434	Sure	NEUTRAL	The Atlas of Finnish Fungi
suppilovahvero (fi) — Craterellus tubaeformis	suppilovahvero (fi)		2022-10-15	Jyväskylä	Pohjois-Häme (PH)	Suomi	62.1134	25.90368		COMMUNITY_VERIFIED	iNaturalist Suomi Finland
suppilovahvero (fi) — Craterellus tubaeformis	suppilovahvero (fi)	20	2022-10-14	Porvoo	Uusimaa (U)	Suomi	60.353544	25.729959	Sure	NEUTRAL	The Atlas of Finnish Fungi
suppilovahvero (fi) — Craterellus tubaeformis	suppilovahvero (fi)		2022-10-14	Lohja	Varsinais-Suomi (V)	Suomi	60.34131	23.75979		COMMUNITY_VERIFIED	iNaturalist Suomi Finland
suppilovahvero (fi) — Craterellus tubaeformis	suppilovahvero (fi)	muutama	2022-10-13	Kustavi	Varsinais-Suomi (V)	Suomi	60.59352	21.389238	Sure	NEUTRAL	The Atlas of Finnish Fungi
suppilovahvero (fi) — Craterellus tubaeformis	suppilovahvero (fi)	useita	2022-10-13	Kustavi	Varsinais-Suomi (V)	Suomi	60.59613	21.393141	Sure	NEUTRAL	The Atlas of Finnish Fungi
suppilovahvero (fi) — Craterellus tubaeformis	suppilovahvero (fi)		2022-10-13	Forssa	Etelä-Häme (EH)	Suomi	60.79358	23.63556		COMMUNITY_VERIFIED	iNaturalist Suomi Finland
suppilovahvero (fi) — Craterellus tubaeformis	suppilovahvero (fi)		2022-10-12	Masku	Varsinais-Suomi (V)	Suomi	60.51581	22.11179		COMMUNITY_VERIFIED	iNaturalist Suomi Finland
suppilovahvero (fi) — Craterellus tubaeformis	suppilovahvero (fi)	1	2022-10-12	Sonkajärvi	Pohjois-Savo (PS)	Suomi	63.951681	27.162542		NEUTRAL	LajiGIS: Species mapping and surveys
suppilovahvero (fi) — Craterellus tubaeformis	suppilovahvero (fi)		2022-10-11	Leppävirta	Pohjois-Savo (PS)	Suomi	62.47328	27.98456		COMMUNITY_VERIFIED	iNaturalist Suomi Finland
suppilovahvero (fi) — Craterellus tubaeformis	suppilovahvero (fi)		2022-10-09	Hattula, Hämeenlinna	Etelä-Häme (EH)	Suomi	61.1	24.5		COMMUNITY_VERIFIED	iNaturalist Suomi Finland
suppilovahvero (fi) — Craterellus tubaeformis	suppilovahvero (fi)		2022-10-09	Loppi	Etelä-Häme (EH)	Suomi	60.66989	24.32473		COMMUNITY_VERIFIED	iNaturalist Suomi Finland
suppilovahvero (fi) — Craterellus tubaeformis	suppilovahvero (fi)		2022-10-09	Vihti	Varsinais-Suomi (V)	Suomi	60.529355	24.486225	Sure	NEUTRAL	The Atlas of Finnish Fungi
suppilovahvero (fi) — Craterellus tubaeformis	suppilovahvero (fi)		2022-10-09	Ruovesi	Etelä-Häme (EH)	Suomi	61.857702	24.235663	Sure	NEUTRAL	The Atlas of Finnish Fungi
suppilovahvero (fi) — Craterellus tubaeformis	suppilovahvero (fi)		2022-10-08 [14:14-15:46]	Salo	Varsinais-Suomi (V)	Suomi	60.334853	23.212542	Sure	NEUTRAL	The Atlas of Finnish Fungi
suppilovahvero (fi) — Craterellus tubaeformis	suppilovahvero (fi)		2022-10-07	Rovaniemi	Perä-Pohjanmaa (PeP)	Suomi	66.27293	25.13666	Sure	NEUTRAL	The Atlas of Finnish Fungi
suppilovahvero (fi) — Craterellus tubaeformis	suppilovahvero (fi)		2022-10-06	Äänekoski	Pohjois-Häme (PH)	Suomi	62.55993	25.73046		COMMUNITY_VERIFIED	iNaturalist Suomi Finland
suppilovahvero (fi) — Craterellus tubaeformis	suppilovahvero (fi)		2022-10-03	Juuka	Pohjois-Karjala (PK)	Suomi	63.090959	29.547137	Sure	NEUTRAL	Notebook, general observations
suppilovahvero (fi) — Craterellus tubaeformis	suppilovahvero (fi)		2022-10-02	Lapinjärvi, Loviisa, Myrskylä, Orimattila	Uusimaa (U)	Suomi	60.7	26.1		COMMUNITY_VERIFIED	iNaturalist Suomi Finland
suppilovahvero (fi) — Craterellus tubaeformis	suppilovahvero (fi)		2022-10-02	Hausjärvi	Etelä-Häme (EH)	Suomi	60.723	24.84572		COMMUNITY_VERIFIED	iNaturalist Suomi Finland
suppilovahvero (fi) — Craterellus tubaeformis	suppilovahvero (fi)		2022-10-02	Pori	Satakunta (St)	Suomi	61.69608	21.67689		COMMUNITY_VERIFIED	iNaturalist Suomi Finland
suppilovahvero (fi) — Craterellus tubaeformis	suppilovahvero (fi)		2022-10-02	Ilmajoki	Etelä-Pohjanmaa (EP)	Suomi	62.64638	22.77575		COMMUNITY_VERIFIED	iNaturalist Suomi Finland
suppilovahvero (fi) — Craterellus tubaeformis	suppilovahvero (fi)		2022-10-02	Kivijärvi	Pohjois-Häme (PH)	Suomi	63.21721	24.81322		COMMUNITY_VERIFIED	iNaturalist Suomi Finland
suppilovahvero (fi) — Craterellus tubaeformis	suppilovahvero (fi)		2022-10-02	Jyväskylä	Pohjois-Häme (PH)	Suomi	62.25885	25.673249	Sure	NEUTRAL	Notebook, general observations
suppilovahvero (fi) — Craterellus tubaeformis	suppilovahvero (fi)	1	2022-10-02	Suomussalmi	Kainuu (Kn)	Suomi	64.768308	29.644869		NEUTRAL	LajiGIS: Species mapping and surveys
suppilovahvero (fi) — Craterellus tubaeformis	suppilovahvero (fi)		2022-10-01	Muurame	Etelä-Häme (EH)	Suomi	62.22163	25.55336		COMMUNITY_VERIFIED	iNaturalist Suomi Finland
suppilovahvero (fi) — Craterellus tubaeformis	suppilovahvero (fi)		2022-10-01	Puolanka	Kainuu (Kn)	Suomi	65.121485	27.958008	Sure	NEUTRAL	Notebook, general observations
suppilovahvero (fi) — Craterellus tubaeformis	suppilovahvero (fi)		2022-10-01	Rovaniemi	Perä-Pohjanmaa (PeP)	Suomi	66.427214	25.168861	Sure	NEUTRAL	The Atlas of Finnish Fungi
suppilovahvero (fi) — Craterellus tubaeformis	suppilovahvero (fi)		2022-09-30	Turku	Varsinais-Suomi (V)	Suomi	60.45931	22.16698		COMMUNITY_VERIFIED	iNaturalist Suomi Finland
suppilovahvero (fi) — Craterellus tubaeformis	suppilovahvero (fi)		2022-09-29	Sauvo	Varsinais-Suomi (V)	Suomi	60.27245	22.45426		COMMUNITY_VERIFIED	iNaturalist Suomi Finland
suppilovahvero (fi) — Craterellus tubaeformis	suppilovahvero (fi)		2022-09-27	Kannus	Keski-Pohjanmaa (KP)	Suomi	63.97922	24.12066		COMMUNITY_VERIFIED	iNaturalist Suomi Finland
suppilovahvero (fi) — Craterellus tubaeformis	suppilovahvero (fi)		2022-09-27	Pomarkku	Satakunta (St)	Suomi	61.76654	21.93247		COMMUNITY_VERIFIED	iNaturalist Suomi Finland
suppilovahvero (fi) — Craterellus tubaeformis	suppilovahvero (fi)		2022-09-27	Kivijärvi	Pohjois-Häme (PH)	Suomi	63.216081	24.799374	Sure	NEUTRAL	Notebook, general observations
suppilovahvero (fi) — Craterellus tubaeformis	suppilovahvero (fi)		2022-09-25	Janakkala	Etelä-Häme (EH)	Suomi	60.88694	24.60247		COMMUNITY_VERIFIED	iNaturalist Suomi Finland
suppilovahvero (fi) — Craterellus tubaeformis	suppilovahvero (fi)		2022-09-25	Hämeenkyrö	Satakunta (St)	Suomi	61.689	23.092	Sure	NEUTRAL	The Atlas of Finnish Fungi
suppilovahvero (fi) — Craterellus tubaeformis	suppilovahvero (fi)	Muutamia	2022-09-25	Hanko	Uusimaa (U)	Suomi	59.903999	23.193349	Sure	NEUTRAL	The Atlas of Finnish Fungi
suppilovahvero (fi) — Craterellus tubaeformis	suppilovahvero (fi)		2022-09-25	Keuruu	Pohjois-Häme (PH)	Suomi	62.132137	24.824405	Sure	NEUTRAL	Notebook, general observations
suppilovahvero (fi) — Craterellus tubaeformis	suppilovahvero (fi)	20	2022-09-24	Pudasjärvi	Oulun Pohjanmaa (OP)	Suomi	65.410527	27.545572		NEUTRAL	Löydös Open Finnish Observation Database
suppilovahvero (fi) — Craterellus tubaeformis	suppilovahvero (fi)	Muutamia ryppäitä	2022-09-24 [16:04]	Rautalampi	Pohjois-Häme (PH)	Suomi	62.55735	26.622145	Sure	NEUTRAL	The Atlas of Finnish Fungi
suppilovahvero (fi) — Craterellus tubaeformis	suppilovahvero (fi)		2022-09-24	Riihimäki	Etelä-Häme (EH)	Suomi	60.71049	24.68564		COMMUNITY_VERIFIED	iNaturalist Suomi Finland
suppilovahvero (fi) — Craterellus tubaeformis	suppilovahvero (fi)		2022-09-23 [16:32-18:33]	Salo	Varsinais-Suomi (V)	Suomi	60.473663	23.088618	Sure	NEUTRAL	The Atlas of Finnish Fungi
suppilovahvero (fi) — Craterellus tubaeformis	suppilovahvero (fi)		2022-09-22	Hämeenlinna	Etelä-Häme (EH)	Suomi	61.22152	25.19882		COMMUNITY_VERIFIED	iNaturalist Suomi Finland
suppilovahvero (fi) — Craterellus tubaeformis	suppilovahvero (fi)		2022-09-21	Iisalmi, Sonkajärvi, Vieremä	Pohjois-Savo (PS)	Suomi	63.7	27.3		COMMUNITY_VERIFIED	iNaturalist Suomi Finland
suppilovahvero (fi) — Craterellus tubaeformis	suppilovahvero (fi)		2022-09-21	Espoo	Uusimaa (U)	Suomi	60.331481	24.696872	Sure	NEUTRAL	The Atlas of Finnish Fungi
suppilovahvero (fi) — Craterellus tubaeformis	suppilovahvero (fi)		2022-09-20	Hämeenlinna	Etelä-Häme (EH)	Suomi	61.04845	23.83753		COMMUNITY_VERIFIED	iNaturalist Suomi Finland
suppilovahvero (fi) — Craterellus tubaeformis	suppilovahvero (fi)		2022-09-19	Sievi	Keski-Pohjanmaa (KP)	Suomi	63.84995	24.91232		COMMUNITY_VERIFIED	iNaturalist Suomi Finland
suppilovahvero (fi) — Craterellus tubaeformis	suppilovahvero (fi)		2022-09-19	Alavus	Etelä-Pohjanmaa (EP)	Suomi	62.57322	23.7253		COMMUNITY_VERIFIED	iNaturalist Suomi Finland
suppilovahvero (fi) — Craterellus tubaeformis	suppilovahvero (fi)		2022-09-18	Joroinen	Pohjois-Savo (PS)	Suomi	62.32168	27.72056		COMMUNITY_VERIFIED	iNaturalist Suomi Finland
suppilovahvero (fi) — Craterellus tubaeformis	suppilovahvero (fi)		2022-09-18	Ähtäri	Pohjois-Häme (PH)	Suomi	62.53773	24.38601		COMMUNITY_VERIFIED	iNaturalist Suomi Finland
suppilovahvero (fi) — Craterellus tubaeformis	suppilovahvero (fi)		2022-09-18	Nakkila	Satakunta (St)	Suomi	61.37743	21.94572		COMMUNITY_VERIFIED	iNaturalist Suomi Finland
suppilovahvero (fi) — Craterellus tubaeformis	suppilovahvero (fi)		2022-09-17	Hausjärvi	Etelä-Häme (EH)	Suomi	60.78647	25.02709		COMMUNITY_VERIFIED	iNaturalist Suomi Finland
suppilovahvero (fi) — Craterellus tubaeformis	suppilovahvero (fi)		2022-09-17	Hausjärvi	Etelä-Häme (EH)	Suomi	60.78649	25.02709		NEUTRAL	iNaturalist Suomi Finland
suppilovahvero (fi) — Craterellus tubaeformis	suppilovahvero (fi)		2022-09-15	Mustasaari	Etelä-Pohjanmaa (EP)	Suomi	62.96215	21.7411		COMMUNITY_VERIFIED	iNaturalist Suomi Finland
suppilovahvero (fi) — Craterellus tubaeformis	suppilovahvero (fi)		2022-09-15	Mustasaari	Etelä-Pohjanmaa (EP)	Suomi	62.96386	21.71775		COMMUNITY_VERIFIED	iNaturalist Suomi Finland
suppilovahvero (fi) — Craterellus tubaeformis	suppilovahvero (fi)		2022-09-14	Alavus	Etelä-Pohjanmaa (EP)	Suomi	62.64486	23.74886		COMMUNITY_VERIFIED	iNaturalist Suomi Finland
suppilovahvero (fi) — Craterellus tubaeformis	suppilovahvero (fi)	5	2022-09-13	Ilomantsi	Pohjois-Karjala (PK)	Suomi	62.84841	30.856737	Sure	NEUTRAL	Notebook, general observations
suppilovahvero (fi) — Craterellus tubaeformis	suppilovahvero (fi)		2022-09-11 [16:34]	Kajaani	Kainuu (Kn)	Suomi	64.205869	27.686052	Sure	NEUTRAL	Notebook, general observations
suppilovahvero (fi) — Craterellus tubaeformis	suppilovahvero (fi)	4	2022-09-10 [13:58]	Rautalampi	Pohjois-Häme (PH)	Suomi	62.586407	26.648519	Sure	NEUTRAL	The Atlas of Finnish Fungi
suppilovahvero (fi) — Craterellus tubaeformis	suppilovahvero (fi)		2022-09-10	Ranua	Perä-Pohjanmaa (PeP)	Suomi	66.02124	26.56793		NEUTRAL	iNaturalist Suomi Finland
suppilovahvero (fi) — Craterellus tubaeformis	suppilovahvero (fi)		2022-09-07	Hämeenlinna	Etelä-Häme (EH)	Suomi	61.243431	25.067075	Sure	NEUTRAL	The Atlas of Finnish Fungi
suppilovahvero (fi) — Craterellus tubaeformis	suppilovahvero (fi)	10	2022-09-04	Kuopio	Pohjois-Savo (PS)	Suomi	62.804553	27.632035	Sure	NEUTRAL	The Atlas of Finnish Fungi
suppilovahvero (fi) — Craterellus tubaeformis	suppilovahvero (fi)		2022-09-03	Tampere	Etelä-Häme (EH)	Suomi	61.6908	23.78956		COMMUNITY_VERIFIED	iNaturalist Suomi Finland
suppilovahvero (fi) — Craterellus tubaeformis	suppilovahvero (fi)		2022-09-03	Nokia	Etelä-Häme (EH)	Suomi	61.44419	23.47381		COMMUNITY_VERIFIED	iNaturalist Suomi Finland
suppilovahvero (fi) — Craterellus tubaeformis	suppilovahvero (fi)		2022-09-03	Nokia	Etelä-Häme (EH)	Suomi	61.44419	23.47381		COMMUNITY_VERIFIED	iNaturalist Suomi Finland
suppilovahvero (fi) — Craterellus tubaeformis	suppilovahvero (fi)		2022-09-02	Raisio	Varsinais-Suomi (V)	Suomi	60.50145	22.1065		COMMUNITY_VERIFIED	iNaturalist Suomi Finland
suppilovahvero (fi) — Craterellus tubaeformis	suppilovahvero (fi)		2022-09-02	Vaasa	Etelä-Pohjanmaa (EP)	Suomi	63.040425	21.592608	Sure	NEUTRAL	The Atlas of Finnish Fungi
suppilovahvero (fi) — Craterellus tubaeformis	suppilovahvero (fi)	muutamia	2022-09-01 - 2022-09-08	Espoo	Uusimaa (U)	Suomi	60.317297	24.523639	Sure	NEUTRAL	The Atlas of Finnish Fungi
suppilovahvero (fi) — Craterellus tubaeformis	suppilovahvero (fi)		2022-08-30	Joensuu	Pohjois-Karjala (PK)	Suomi	62.58261	29.73141		COMMUNITY_VERIFIED	iNaturalist Suomi Finland
suppilovahvero (fi) — Craterellus tubaeformis	suppilovahvero (fi)		2022-08-29 [16:46-18:32]	Salo	Varsinais-Suomi (V)	Suomi	60.4762	23.076842	Sure	NEUTRAL	The Atlas of Finnish Fungi
suppilovahvero (fi) — Craterellus tubaeformis	suppilovahvero (fi)	satoja	2022-08-29	Kalajoki	Keski-Pohjanmaa (KP)	Suomi	64.056135	23.626406	Sure	NEUTRAL	The Atlas of Finnish Fungi
suppilovahvero (fi) — Craterellus tubaeformis	suppilovahvero (fi)		2022-08-26	Muurame	Etelä-Häme (EH)	Suomi	62.2251	25.53789		COMMUNITY_VERIFIED	iNaturalist Suomi Finland
suppilovahvero (fi) — Craterellus tubaeformis	suppilovahvero (fi)		2022-08-25	Ikaalinen	Satakunta (St)	Suomi	61.9065	23.36757		COMMUNITY_VERIFIED	iNaturalist Suomi Finland
suppilovahvero (fi) — Craterellus tubaeformis	suppilovahvero (fi)	runsaasti	2022-08-24	Vaasa	Etelä-Pohjanmaa (EP)	Suomi	63.067765	21.568745	Sure	NEUTRAL	The Atlas of Finnish Fungi
suppilovahvero (fi) — Craterellus tubaeformis	suppilovahvero (fi)		2022-08-22	Perho	Keski-Pohjanmaa (KP)	Suomi	63.26093	24.73221		COMMUNITY_VERIFIED	iNaturalist Suomi Finland
suppilovahvero (fi) — Craterellus tubaeformis	suppilovahvero (fi)		2022-08-06	Iisalmi	Pohjois-Savo (PS)	Suomi	63.51817	27.10918		COMMUNITY_VERIFIED	iNaturalist Suomi Finland
suppilovahvero (fi) — Craterellus tubaeformis	suppilovahvero (fi)		2022-08-01	Vihti	Varsinais-Suomi (V)	Suomi	60.30942	24.49926		COMMUNITY_VERIFIED	iNaturalist Suomi Finland
suppilovahvero (fi) — Craterellus tubaeformis	suppilovahvero (fi)		2021-11-21	Iisalmi	Pohjois-Savo (PS)	Suomi	63.56247	27.54453		COMMUNITY_VERIFIED	iNaturalist Suomi Finland
suppilovahvero (fi) — Craterellus tubaeformis	suppilovahvero (fi)		2021-11-20	Sipoo	Uusimaa (U)	Suomi	60.445617	25.200738	Sure	NEUTRAL	The Atlas of Finnish Fungi
suppilovahvero (fi) — Craterellus tubaeformis	suppilovahvero (fi)		2021-11-20	Inkoo	Uusimaa (U)	Suomi	60.04704	23.90107		COMMUNITY_VERIFIED	iNaturalist Suomi Finland
suppilovahvero (fi) — Craterellus tubaeformis	suppilovahvero (fi)		2021-11-16	Kirkkonummi	Uusimaa (U)	Suomi	60.281433	24.499992	Sure	NEUTRAL	The Atlas of Finnish Fungi
suppilovahvero (fi) — Craterellus tubaeformis	suppilovahvero (fi)		2021-11-13	Mäntsälä	Uusimaa (U)	Suomi	60.715508	25.311668	Sure	NEUTRAL	The Atlas of Finnish Fungi
suppilovahvero (fi) — Craterellus tubaeformis	suppilovahvero (fi)		2021-11-07 [14:23-14:25]	Jyväskylä	Pohjois-Häme (PH)	Suomi	62.278889	25.632884	Sure	NEUTRAL	The Atlas of Finnish Fungi
suppilovahvero (fi) — Craterellus tubaeformis	suppilovahvero (fi)		2021-11-07 - 2021-11-09	Espoo	Uusimaa (U)	Suomi	60.267347	24.646403	Sure	NEUTRAL	The Atlas of Finnish Fungi
suppilovahvero (fi) — Craterellus tubaeformis	suppilovahvero (fi)		2021-11-07	Siuntio	Uusimaa (U)	Suomi	60.13869	24.22701		COMMUNITY_VERIFIED	iNaturalist Suomi Finland
suppilovahvero (fi) — Craterellus tubaeformis	suppilovahvero (fi)		2021-11-07	Kuhmoinen	Etelä-Häme (EH)	Suomi	61.62107	24.86872		COMMUNITY_VERIFIED	iNaturalist Suomi Finland
suppilovahvero (fi) — Craterellus tubaeformis	suppilovahvero (fi)		2021-11-06	Tuusula	Uusimaa (U)	Suomi	60.564994	25.035508	Sure	NEUTRAL	The Atlas of Finnish Fungi
suppilovahvero (fi) — Craterellus tubaeformis	suppilovahvero (fi)		2021-11-06	Espoo	Uusimaa (U)	Suomi	60.23601	24.683143	Sure	NEUTRAL	The Atlas of Finnish Fungi
suppilovahvero (fi) — Craterellus tubaeformis	suppilovahvero (fi)		2021-11-06	Vantaa	Uusimaa (U)	Suomi	60.31092	25.16354		COMMUNITY_VERIFIED	iNaturalist Suomi Finland
suppilovahvero (fi) — Craterellus tubaeformis	suppilovahvero (fi)		2021-11-03	Lempäälä	Etelä-Häme (EH)	Suomi	61.3516	23.80391		COMMUNITY_VERIFIED	iNaturalist Suomi Finland
suppilovahvero (fi) — Craterellus tubaeformis	suppilovahvero (fi)		2021-10-31	Espoo	Uusimaa (U)	Suomi	60.17699	24.71234		COMMUNITY_VERIFIED	iNaturalist Suomi Finland
suppilovahvero (fi) — Craterellus tubaeformis	suppilovahvero (fi)		2021-10-31	Hyvinkää	Uusimaa (U)	Suomi	60.64696	24.893		COMMUNITY_VERIFIED	iNaturalist Suomi Finland
suppilovahvero (fi) — Craterellus tubaeformis	suppilovahvero (fi)		2021-10-30 - 2021-10-31	Kirkkonummi	Uusimaa (U)	Suomi	59.987778	24.438178	Sure	NEUTRAL	Notebook, general observations
suppilovahvero (fi) — Craterellus tubaeformis	suppilovahvero (fi)		2021-10-30	Mäntsälä	Uusimaa (U)	Suomi	60.54466	25.176757	Sure	NEUTRAL	The Atlas of Finnish Fungi
suppilovahvero (fi) — Craterellus tubaeformis	suppilovahvero (fi)		2021-10-30	Iisalmi	Pohjois-Savo (PS)	Suomi	63.65278	27.19389		COMMUNITY_VERIFIED	iNaturalist Suomi Finland
suppilovahvero (fi) — Craterellus tubaeformis	suppilovahvero (fi)		2021-10-28	Lieto	Varsinais-Suomi (V)	Suomi	60.53414	22.61676		COMMUNITY_VERIFIED	iNaturalist Suomi Finland
suppilovahvero (fi) — Craterellus tubaeformis	suppilovahvero (fi)		2021-10-28			Suomi				COMMUNITY_VERIFIED	iNaturalist Suomi Finland
suppilovahvero (fi) — Craterellus tubaeformis	suppilovahvero (fi)		2021-10-24	Vantaa	Uusimaa (U)	Suomi	60.27326	25.11912		COMMUNITY_VERIFIED	iNaturalist Suomi Finland
suppilovahvero (fi) — Craterellus tubaeformis	suppilovahvero (fi)		2021-10-24	Turku	Varsinais-Suomi (V)	Suomi	60.45397	22.28216		COMMUNITY_VERIFIED	iNaturalist Suomi Finland
suppilovahvero (fi) — Craterellus tubaeformis	suppilovahvero (fi)		2021-10-23	Järvenpää	Uusimaa (U)	Suomi	60.479559	25.150867	Sure	NEUTRAL	The Atlas of Finnish Fungi
suppilovahvero (fi) — Craterellus tubaeformis	suppilovahvero (fi)		2021-10-23	Espoo	Uusimaa (U)	Suomi	60.17726	24.708875	Sure	NEUTRAL	The Atlas of Finnish Fungi
suppilovahvero (fi) — Craterellus tubaeformis	suppilovahvero (fi)		2021-10-23	Sastamala	Satakunta (St)	Suomi	61.3376	22.9185		COMMUNITY_VERIFIED	iNaturalist Suomi Finland
suppilovahvero (fi) — Craterellus tubaeformis	suppilovahvero (fi)		2021-10-21	Parainen	Varsinais-Suomi (V)	Suomi	60.19493	21.63169		COMMUNITY_VERIFIED	iNaturalist Suomi Finland
suppilovahvero (fi) — Craterellus tubaeformis	suppilovahvero (fi)		2021-10-21	Halsua	Keski-Pohjanmaa (KP)	Suomi	63.487596	24.169213		NEUTRAL	Löydös Open Finnish Observation Database
suppilovahvero (fi) — Craterellus tubaeformis	suppilovahvero (fi)		2021-10-21	Vesilahti	Etelä-Häme (EH)	Suomi	61.21566	23.5016		COMMUNITY_VERIFIED	iNaturalist Suomi Finland
suppilovahvero (fi) — Craterellus tubaeformis	suppilovahvero (fi)		2021-10-19	Hämeenlinna	Etelä-Häme (EH)	Suomi	61.02464	24.46361		COMMUNITY_VERIFIED	iNaturalist Suomi Finland
suppilovahvero (fi) — Craterellus tubaeformis	suppilovahvero (fi)		2021-10-19	Asikkala, Heinola, Sysmä	Etelä-Häme (EH)	Suomi	61.3	25.9		COMMUNITY_VERIFIED	iNaturalist Suomi Finland
suppilovahvero (fi) — Craterellus tubaeformis	suppilovahvero (fi)		2021-10-19	Riihimäki	Etelä-Häme (EH)	Suomi	60.76713	24.81677		COMMUNITY_VERIFIED	iNaturalist Suomi Finland
suppilovahvero (fi) — Craterellus tubaeformis	suppilovahvero (fi)		2021-10-18 [12:58]	Espoo	Uusimaa (U)	Suomi	60.331664	24.665467	Sure	NEUTRAL	The Atlas of Finnish Fungi
suppilovahvero (fi) — Craterellus tubaeformis	suppilovahvero (fi)		2021-10-18 [11:26]	Espoo	Uusimaa (U)	Suomi	60.332746	24.669667	Sure	NEUTRAL	The Atlas of Finnish Fungi
suppilovahvero (fi) — Craterellus tubaeformis	suppilovahvero (fi)		2021-10-17	Jyväskylä	Pohjois-Häme (PH)	Suomi	62.20978	25.72888		COMMUNITY_VERIFIED	iNaturalist Suomi Finland
suppilovahvero (fi) — Craterellus tubaeformis	suppilovahvero (fi)		2021-10-17	Kerava	Uusimaa (U)	Suomi	60.419653	25.133134	Sure	NEUTRAL	The Atlas of Finnish Fungi
suppilovahvero (fi) — Craterellus tubaeformis	suppilovahvero (fi)		2021-10-16	Ylöjärvi	Etelä-Häme (EH)	Suomi	61.86861	23.59083		COMMUNITY_VERIFIED	iNaturalist Suomi Finland
suppilovahvero (fi) — Craterellus tubaeformis	suppilovahvero (fi)		2021-10-16	Mäntsälä	Uusimaa (U)	Suomi	60.643506	25.412359	Sure	NEUTRAL	The Atlas of Finnish Fungi
suppilovahvero (fi) — Craterellus tubaeformis	suppilovahvero (fi)		2021-10-16	Espoo	Uusimaa (U)	Suomi	60.258613	24.521834	Sure	NEUTRAL	The Atlas of Finnish Fungi
suppilovahvero (fi) — Craterellus tubaeformis	suppilovahvero (fi)		2021-10-16 [15:20]	Virrat	Pohjois-Häme (PH)	Suomi	62.188449	23.714047	Sure	NEUTRAL	The Atlas of Finnish Fungi
suppilovahvero (fi) — Craterellus tubaeformis	suppilovahvero (fi)	useita	2021-10-16 [11:30-16:30]	Kirkkonummi, Siuntio	Uusimaa (U)	Suomi	60.16085	24.385242	Sure	NEUTRAL	The Atlas of Finnish Fungi
suppilovahvero (fi) — Craterellus tubaeformis	suppilovahvero (fi)		2021-10-16 [14:10-14:10]	Vantaa	Uusimaa (U)	Suomi	60.314533	25.132813	Sure	NEUTRAL	The Atlas of Finnish Fungi
suppilovahvero (fi) — Craterellus tubaeformis	suppilovahvero (fi)		2021-10-16	Espoo	Uusimaa (U)	Suomi	60.27822	24.519937	Sure	NEUTRAL	The Atlas of Finnish Fungi
suppilovahvero (fi) — Craterellus tubaeformis	suppilovahvero (fi)		2021-10-15	Helsinki	Uusimaa (U)	Suomi	60.27029	25.19186		COMMUNITY_VERIFIED	iNaturalist Suomi Finland
suppilovahvero (fi) — Craterellus tubaeformis	suppilovahvero (fi)		2021-10-15	Eurajoki, Pyhäranta, Rauma	Satakunta (St), Varsinais-Suomi (V)	Suomi	61.1	21.5		COMMUNITY_VERIFIED	iNaturalist Suomi Finland
suppilovahvero (fi) — Craterellus tubaeformis	suppilovahvero (fi)		2021-10-14	Jyväskylä	Etelä-Häme (EH)	Suomi	62.0866	25.38761		COMMUNITY_VERIFIED	iNaturalist Suomi Finland
suppilovahvero (fi) — Craterellus tubaeformis	suppilovahvero (fi)		2021-10-13	Espoo	Uusimaa (U)	Suomi	60.14413	24.67858		COMMUNITY_VERIFIED	iNaturalist Suomi Finland
suppilovahvero (fi) — Craterellus tubaeformis	suppilovahvero (fi)		2021-10-12	Jyväskylä	Pohjois-Häme (PH)	Suomi	62.26046	25.81492		COMMUNITY_VERIFIED	iNaturalist Suomi Finland
suppilovahvero (fi) — Craterellus tubaeformis	suppilovahvero (fi)		2021-10-12	Lapinjärvi, Loviisa, Myrskylä, Orimattila	Uusimaa (U)	Suomi	60.7	26.1		COMMUNITY_VERIFIED	iNaturalist Suomi Finland
suppilovahvero (fi) — Craterellus tubaeformis	suppilovahvero (fi)		2021-10-12	Sipoo	Uusimaa (U)	Suomi	60.29919	25.199802	Sure	NEUTRAL	The Atlas of Finnish Fungi
suppilovahvero (fi) — Craterellus tubaeformis	suppilovahvero (fi)	1	2021-10-11	Pudasjärvi	Oulun Pohjanmaa (OP)	Suomi	65.636654	27.749371	Sure	NEUTRAL	The Atlas of Finnish Fungi
suppilovahvero (fi) — Craterellus tubaeformis	suppilovahvero (fi)		2021-10-10	Tuusula	Uusimaa (U)	Suomi	60.3994	24.9614		COMMUNITY_VERIFIED	iNaturalist Suomi Finland
suppilovahvero (fi) — Craterellus tubaeformis	suppilovahvero (fi)		2021-10-10	Lahti	Uusimaa (U)	Suomi	60.95154	25.69659		COMMUNITY_VERIFIED	iNaturalist Suomi Finland
suppilovahvero (fi) — Craterellus tubaeformis	suppilovahvero (fi)		2021-10-10	Espoo	Uusimaa (U)	Suomi	60.302454	24.513248	Sure	NEUTRAL	The Atlas of Finnish Fungi
suppilovahvero (fi) — Craterellus tubaeformis	suppilovahvero (fi)		2021-10-09	Oulu	Oulun Pohjanmaa (OP)	Suomi	64.99852	25.83737		COMMUNITY_VERIFIED	iNaturalist Suomi Finland
suppilovahvero (fi) — Craterellus tubaeformis	suppilovahvero (fi)		2021-10-09	Taivalkoski	Koillismaa (Ks)	Suomi	65.275354	28.40724	Sure	NEUTRAL	The Atlas of Finnish Fungi
suppilovahvero (fi) — Craterellus tubaeformis	suppilovahvero (fi)		2021-10-09	Raasepori	Uusimaa (U)	Suomi	59.977675	23.360365	Sure	NEUTRAL	The Atlas of Finnish Fungi
suppilovahvero (fi) — Craterellus tubaeformis	suppilovahvero (fi)		2021-10-09 [15:34]	Jyväskylä	Pohjois-Häme (PH)	Suomi	62.254297	25.679551	Sure	NEUTRAL	The Atlas of Finnish Fungi
suppilovahvero (fi) — Craterellus tubaeformis	suppilovahvero (fi)	Kymmeniä	2021-10-09 [14:52]	Jyväskylä	Etelä-Häme (EH)	Suomi	61.931485	25.71346	Sure	NEUTRAL	The Atlas of Finnish Fungi
suppilovahvero (fi) — Craterellus tubaeformis	suppilovahvero (fi)	Runsaasti	2021-10-09 [15:18]	Jyväskylä	Etelä-Häme (EH)	Suomi	61.932063	25.708734	Sure	NEUTRAL	The Atlas of Finnish Fungi
suppilovahvero (fi) — Craterellus tubaeformis	suppilovahvero (fi)		2021-10-09 - 2021-10-10	Puolanka	Kainuu (Kn)	Suomi	64.979988	27.959748		NEUTRAL	LajiGIS: Species mapping and surveys
suppilovahvero (fi) — Craterellus tubaeformis	suppilovahvero (fi)		2021-10-08	Suomussalmi, Taivalkoski	Kainuu (Kn), Koillismaa (Ks)	Suomi	65.265705	28.438676	Sure	NEUTRAL	The Atlas of Finnish Fungi
suppilovahvero (fi) — Craterellus tubaeformis	suppilovahvero (fi)	useita	2021-10-08	Paimio	Varsinais-Suomi (V)	Suomi	60.463644	22.735543	Sure	NEUTRAL	The Atlas of Finnish Fungi
suppilovahvero (fi) — Craterellus tubaeformis	suppilovahvero (fi)		2021-10-08 - 2021-10-10	Puolanka	Kainuu (Kn)	Suomi	64.984142	27.954195		NEUTRAL	LajiGIS: Species mapping and surveys
suppilovahvero (fi) — Craterellus tubaeformis	suppilovahvero (fi)		2021-10-06	Sotkamo	Kainuu (Kn)	Suomi	64.141184	27.881883		NEUTRAL	LajiGIS: Species mapping and surveys
suppilovahvero (fi) — Craterellus tubaeformis	suppilovahvero (fi)		2021-10-04	Siuntio	Uusimaa (U)	Suomi	60.14748	24.28201		COMMUNITY_VERIFIED	iNaturalist Suomi Finland
suppilovahvero (fi) — Craterellus tubaeformis	suppilovahvero (fi)	Useita	2021-10-04 [17:40]	Jyväskylä	Pohjois-Häme (PH)	Suomi	62.256781	25.85462	Sure	NEUTRAL	The Atlas of Finnish Fungi
suppilovahvero (fi) — Craterellus tubaeformis	suppilovahvero (fi)		2021-10-04	Tohmajärvi	Pohjois-Karjala (PK)	Suomi	62.201239	30.288648	Sure	NEUTRAL	The Atlas of Finnish Fungi
suppilovahvero (fi) — Craterellus tubaeformis	suppilovahvero (fi)		2021-10-03	Rautalampi	Pohjois-Häme (PH)	Suomi	62.5846	26.70094		COMMUNITY_VERIFIED	iNaturalist Suomi Finland
suppilovahvero (fi) — Craterellus tubaeformis	suppilovahvero (fi)		2021-10-03	Rautalampi	Pohjois-Häme (PH)	Suomi	62.58453	26.70416		COMMUNITY_VERIFIED	iNaturalist Suomi Finland
suppilovahvero (fi) — Craterellus tubaeformis	suppilovahvero (fi)		2021-10-03	Hyrynsalmi	Kainuu (Kn)	Suomi	64.517652	28.874192	Sure	NEUTRAL	The Atlas of Finnish Fungi
suppilovahvero (fi) — Craterellus tubaeformis	suppilovahvero (fi)		2021-10-03	Helsinki, Porvoo, Sipoo	Uusimaa (U)	Suomi	60.3	25.3		COMMUNITY_VERIFIED	iNaturalist Suomi Finland
suppilovahvero (fi) — Craterellus tubaeformis	suppilovahvero (fi)		2021-10-03	Salo	Varsinais-Suomi (V)	Suomi	60.351	23.419	Sure	NEUTRAL	The Atlas of Finnish Fungi
suppilovahvero (fi) — Craterellus tubaeformis	suppilovahvero (fi)	Kymmenittäin	2021-10-03	Salo	Varsinais-Suomi (V)	Suomi	60.348191	23.415954	Sure	NEUTRAL	The Atlas of Finnish Fungi
suppilovahvero (fi) — Craterellus tubaeformis	suppilovahvero (fi)		2021-10-03	Salo	Varsinais-Suomi (V)	Suomi	60.348105	23.417037	Sure	NEUTRAL	The Atlas of Finnish Fungi
suppilovahvero (fi) — Craterellus tubaeformis	suppilovahvero (fi)		2021-10-03	Salo	Varsinais-Suomi (V)	Suomi	60.348278	23.416992	Sure	NEUTRAL	The Atlas of Finnish Fungi
suppilovahvero (fi) — Craterellus tubaeformis	suppilovahvero (fi)		2021-10-03	Lappeenranta	Etelä-Savo (ES)	Suomi	60.93406	28.32523		COMMUNITY_VERIFIED	iNaturalist Suomi Finland
suppilovahvero (fi) — Craterellus tubaeformis	suppilovahvero (fi)	Useita	2021-10-03	Kustavi	Varsinais-Suomi (V)	Suomi	60.65017	21.286007	Sure	NEUTRAL	Notebook, general observations
suppilovahvero (fi) — Craterellus tubaeformis	suppilovahvero (fi)		2021-10-02	Lohja	Varsinais-Suomi (V)	Suomi	60.240395	23.799084	Sure	NEUTRAL	The Atlas of Finnish Fungi
suppilovahvero (fi) — Craterellus tubaeformis	suppilovahvero (fi)		2021-10-02	Porvoo	Uusimaa (U)	Suomi	60.51118	25.76768		COMMUNITY_VERIFIED	iNaturalist Suomi Finland
suppilovahvero (fi) — Craterellus tubaeformis	suppilovahvero (fi)		2021-10-02	Hämeenlinna, Janakkala	Etelä-Häme (EH)	Suomi	61.1	24.9		COMMUNITY_VERIFIED	iNaturalist Suomi Finland
suppilovahvero (fi) — Craterellus tubaeformis	suppilovahvero (fi)	useita	2021-10-02	Espoo, Helsinki, Vantaa	Uusimaa (U)	Suomi	60.260102	24.91945	Sure	NEUTRAL	The Atlas of Finnish Fungi
suppilovahvero (fi) — Craterellus tubaeformis	suppilovahvero (fi)		2021-10-02	Raasepori	Varsinais-Suomi (V)	Suomi	60.040852	23.017314	Sure	NEUTRAL	The Atlas of Finnish Fungi
suppilovahvero (fi) — Craterellus tubaeformis	suppilovahvero (fi)		2021-10-02	Lohja	Varsinais-Suomi (V)	Suomi	60.2416	23.80625	Sure	NEUTRAL	The Atlas of Finnish Fungi
suppilovahvero (fi) — Craterellus tubaeformis	suppilovahvero (fi)		2021-10-02 [13:11-16:17]	Paltamo	Kainuu (Kn)	Suomi	64.404232	27.511899	Sure	NEUTRAL	The Atlas of Finnish Fungi
suppilovahvero (fi) — Craterellus tubaeformis	suppilovahvero (fi)	kymmeniä	2021-10-02	Lohja	Varsinais-Suomi (V)	Suomi	60.242532	23.808988	Sure	NEUTRAL	The Atlas of Finnish Fungi
suppilovahvero (fi) — Craterellus tubaeformis	suppilovahvero (fi)	Satoja	2021-10-02	Espoo	Uusimaa (U)	Suomi	60.288405	24.602809	Sure	NEUTRAL	The Atlas of Finnish Fungi
suppilovahvero (fi) — Craterellus tubaeformis	suppilovahvero (fi)	runsaasti	2021-10-02	Salo	Varsinais-Suomi (V)	Suomi	60.31115	23.542074	Sure	NEUTRAL	The Atlas of Finnish Fungi
suppilovahvero (fi) — Craterellus tubaeformis	suppilovahvero (fi)		2021-10-02	Salo	Varsinais-Suomi (V)	Suomi	60.316192	23.569858	Sure	NEUTRAL	The Atlas of Finnish Fungi
suppilovahvero (fi) — Craterellus tubaeformis	suppilovahvero (fi)		2021-10-02	Kouvola	Etelä-Savo (ES)	Suomi	61.09261	26.78514		NEUTRAL	iNaturalist Suomi Finland
suppilovahvero (fi) — Craterellus tubaeformis	suppilovahvero (fi)		2021-10-02	Sipoo	Uusimaa (U)	Suomi	60.293477	25.419222		NEUTRAL	Agaricales Fennoscandiae orientalis
suppilovahvero (fi) — Craterellus tubaeformis	suppilovahvero (fi)		2021-10-01	Uusikaupunki	Varsinais-Suomi (V)	Suomi	60.82954	21.2688		COMMUNITY_VERIFIED	iNaturalist Suomi Finland
suppilovahvero (fi) — Craterellus tubaeformis	suppilovahvero (fi)		2021-10-01	Alavus	Etelä-Pohjanmaa (EP)	Suomi	62.49156	23.689		COMMUNITY_VERIFIED	iNaturalist Suomi Finland
suppilovahvero (fi) — Craterellus tubaeformis	suppilovahvero (fi)		2021-10-01	Vantaa	Uusimaa (U)	Suomi	60.24061	25.12428		COMMUNITY_VERIFIED	iNaturalist Suomi Finland
suppilovahvero (fi) — Craterellus tubaeformis	suppilovahvero (fi)		2021-10-01	Salo	Varsinais-Suomi (V)	Suomi	60.555861	23.050408	Sure	NEUTRAL	The Atlas of Finnish Fungi
suppilovahvero (fi) — Craterellus tubaeformis	suppilovahvero (fi)		2021-10-01	Marttila	Varsinais-Suomi (V)	Suomi	60.5569	23.05	Sure	NEUTRAL	The Atlas of Finnish Fungi
suppilovahvero (fi) — Craterellus tubaeformis	suppilovahvero (fi)		2021-10-01	Mäntsälä	Uusimaa (U)	Suomi	60.622092	25.145977	Sure	NEUTRAL	The Atlas of Finnish Fungi
suppilovahvero (fi) — Craterellus tubaeformis	suppilovahvero (fi)	useita	2021-10-01	Lieto	Varsinais-Suomi (V)	Suomi	60.512857	22.454928	Sure	NEUTRAL	The Atlas of Finnish Fungi
suppilovahvero (fi) — Craterellus tubaeformis	suppilovahvero (fi)		2021-10-01	Salo	Varsinais-Suomi (V)	Suomi	60.438895	23.057969	Sure	NEUTRAL	The Atlas of Finnish Fungi
suppilovahvero (fi) — Craterellus tubaeformis	suppilovahvero (fi)	runsaasti	2021-10-01	Salo	Varsinais-Suomi (V)	Suomi	60.415139	23.151677	Sure	NEUTRAL	The Atlas of Finnish Fungi
suppilovahvero (fi) — Craterellus tubaeformis	suppilovahvero (fi)		2021-10-01	Salo	Varsinais-Suomi (V)	Suomi	60.438464	23.056222	Sure	NEUTRAL	The Atlas of Finnish Fungi
suppilovahvero (fi) — Craterellus tubaeformis	suppilovahvero (fi)		2021-09-30	Mikkeli	Etelä-Savo (ES)	Suomi	61.49413	27.29638		COMMUNITY_VERIFIED	iNaturalist Suomi Finland
suppilovahvero (fi) — Craterellus tubaeformis	suppilovahvero (fi)		2021-09-30	Mikkeli	Etelä-Savo (ES)	Suomi	61.49411	27.29633		COMMUNITY_VERIFIED	iNaturalist Suomi Finland
suppilovahvero (fi) — Craterellus tubaeformis	suppilovahvero (fi)		2021-09-30 [16:39]	Kaarina	Varsinais-Suomi (V)	Suomi	60.379664	22.359734	Sure	NEUTRAL	The Atlas of Finnish Fungi
suppilovahvero (fi) — Craterellus tubaeformis	suppilovahvero (fi)		2021-09-29	Heinola	Etelä-Häme (EH)	Suomi	61.211522	26.045794	Sure	NEUTRAL	The Atlas of Finnish Fungi
suppilovahvero (fi) — Craterellus tubaeformis	suppilovahvero (fi)		2021-09-29	Lohja	Varsinais-Suomi (V)	Suomi	60.244854	23.810923		NEUTRAL	LajiGIS: Species mapping and surveys
suppilovahvero (fi) — Craterellus tubaeformis	suppilovahvero (fi)		2021-09-28	Lohja	Varsinais-Suomi (V)	Suomi	60.246865	23.814559		NEUTRAL	LajiGIS: Species mapping and surveys
suppilovahvero (fi) — Craterellus tubaeformis	suppilovahvero (fi)		2021-09-28	Iisalmi	Pohjois-Savo (PS)	Suomi	63.64479	27.21519		COMMUNITY_VERIFIED	iNaturalist Suomi Finland
suppilovahvero (fi) — Craterellus tubaeformis	suppilovahvero (fi)		2021-09-28 [15:25]	Raasepori	Varsinais-Suomi (V)	Suomi	60.126326	23.362781	Sure	NEUTRAL	The Atlas of Finnish Fungi
suppilovahvero (fi) — Craterellus tubaeformis	suppilovahvero (fi)	1 litra/m²	2021-09-28 [16:19]	Jyväskylä	Pohjois-Häme (PH)	Suomi	62.262451	25.683128	Sure	NEUTRAL	The Atlas of Finnish Fungi
suppilovahvero (fi) — Craterellus tubaeformis	suppilovahvero (fi)	Runsas	2021-09-28	Nousiainen	Varsinais-Suomi (V)	Suomi	60.611001	22.123607	Sure	NEUTRAL	Notebook, general observations
suppilovahvero (fi) — Craterellus tubaeformis	suppilovahvero (fi)		2021-09-27	Raasepori	Varsinais-Suomi (V)	Suomi	60.07422	23.71589		COMMUNITY_VERIFIED	iNaturalist Suomi Finland
suppilovahvero (fi) — Craterellus tubaeformis	suppilovahvero (fi)		2021-09-27	Espoo	Uusimaa (U)	Suomi	60.25194	24.62227		COMMUNITY_VERIFIED	iNaturalist Suomi Finland
suppilovahvero (fi) — Craterellus tubaeformis	suppilovahvero (fi)		2021-09-27 [14:21]	Salo	Varsinais-Suomi (V)	Suomi	60.49832	23.166271	Sure	NEUTRAL	The Atlas of Finnish Fungi
suppilovahvero (fi) — Craterellus tubaeformis	suppilovahvero (fi)		2021-09-26	Kuhmo	Kainuu (Kn)	Suomi	64.381177	29.10481	Sure	NEUTRAL	Notebook, general observations
suppilovahvero (fi) — Craterellus tubaeformis	suppilovahvero (fi)		2021-09-26	Sastamala	Satakunta (St)	Suomi	61.30147	22.92584		COMMUNITY_VERIFIED	iNaturalist Suomi Finland
suppilovahvero (fi) — Craterellus tubaeformis	suppilovahvero (fi)		2021-09-26	Espoo	Uusimaa (U)	Suomi	60.18617	24.67128		COMMUNITY_VERIFIED	iNaturalist Suomi Finland
suppilovahvero (fi) — Craterellus tubaeformis	suppilovahvero (fi)	paljon	2021-09-26 [14:00-18:00]	Espoo, Helsinki, Vantaa	Uusimaa (U)	Suomi	60.260102	24.91945	Sure	NEUTRAL	The Atlas of Finnish Fungi
suppilovahvero (fi) — Craterellus tubaeformis	suppilovahvero (fi)		2021-09-26	Taivalkoski	Koillismaa (Ks)	Suomi	65.29759	28.421043	Sure	NEUTRAL	The Atlas of Finnish Fungi
suppilovahvero (fi) — Craterellus tubaeformis	suppilovahvero (fi)		2021-09-26	Rovaniemi	Perä-Pohjanmaa (PeP)	Suomi	66.22684	25.37042	Sure	NEUTRAL	The Atlas of Finnish Fungi
suppilovahvero (fi) — Craterellus tubaeformis	suppilovahvero (fi)		2021-09-26	Mikkeli	Etelä-Savo (ES)	Suomi	61.642444	27.340544	Sure	NEUTRAL	The Atlas of Finnish Fungi
suppilovahvero (fi) — Craterellus tubaeformis	suppilovahvero (fi)		2021-09-26	Espoo	Uusimaa (U)	Suomi	60.296413	24.511556	Sure	NEUTRAL	The Atlas of Finnish Fungi
suppilovahvero (fi) — Craterellus tubaeformis	suppilovahvero (fi)		2021-09-26	Hausjärvi	Etelä-Häme (EH)	Suomi	60.80923	24.7476		COMMUNITY_VERIFIED	iNaturalist Suomi Finland
suppilovahvero (fi) — Craterellus tubaeformis	suppilovahvero (fi)		2021-09-26	Lieto	Varsinais-Suomi (V)	Suomi	60.60293	22.43079		COMMUNITY_VERIFIED	iNaturalist Suomi Finland
suppilovahvero (fi) — Craterellus tubaeformis	suppilovahvero (fi)		2021-09-26	Vihti	Varsinais-Suomi (V)	Suomi	60.37451	24.52083		COMMUNITY_VERIFIED	iNaturalist Suomi Finland
suppilovahvero (fi) — Craterellus tubaeformis	suppilovahvero (fi)	Useita	2021-09-25	Turku	Varsinais-Suomi (V)	Suomi	60.426763	22.206345	Sure	NEUTRAL	Notebook, general observations
suppilovahvero (fi) — Craterellus tubaeformis	suppilovahvero (fi)	useita kymmeniä	2021-09-25	Salo	Varsinais-Suomi (V)	Suomi	60.458534	23.226578	Sure	NEUTRAL	The Atlas of Finnish Fungi
suppilovahvero (fi) — Craterellus tubaeformis	suppilovahvero (fi)		2021-09-25	Sipoo	Uusimaa (U)	Suomi	60.47547	25.236804	Sure	NEUTRAL	The Atlas of Finnish Fungi
suppilovahvero (fi) — Craterellus tubaeformis	suppilovahvero (fi)		2021-09-25	Sysmä	Etelä-Häme (EH)	Suomi	61.50391	25.68321		COMMUNITY_VERIFIED	iNaturalist Suomi Finland
suppilovahvero (fi) — Craterellus tubaeformis	suppilovahvero (fi)		2021-09-24	Oulu	Oulun Pohjanmaa (OP)	Suomi	65.09427	25.85846		COMMUNITY_VERIFIED	iNaturalist Suomi Finland
suppilovahvero (fi) — Craterellus tubaeformis	suppilovahvero (fi)		2021-09-24	Raasepori	Varsinais-Suomi (V)	Suomi	60.117851	23.531341	Sure	NEUTRAL	Notebook, general observations
suppilovahvero (fi) — Craterellus tubaeformis	suppilovahvero (fi)		2021-09-24	Lohja	Varsinais-Suomi (V)	Suomi	60.245162	23.816243		NEUTRAL	LajiGIS: Species mapping and surveys
suppilovahvero (fi) — Craterellus tubaeformis	suppilovahvero (fi)		2021-09-23	Kuopio	Pohjois-Savo (PS)	Suomi	62.89763	27.72949		COMMUNITY_VERIFIED	iNaturalist Suomi Finland
suppilovahvero (fi) — Craterellus tubaeformis	suppilovahvero (fi)		2021-09-23	Kirkkonummi	Uusimaa (U)	Suomi	60.15554	24.50598		COMMUNITY_VERIFIED	iNaturalist Suomi Finland
suppilovahvero (fi) — Craterellus tubaeformis	suppilovahvero (fi)		2021-09-23	Lohja	Varsinais-Suomi (V)	Suomi	60.244526	23.815564		NEUTRAL	LajiGIS: Species mapping and surveys
suppilovahvero (fi) — Craterellus tubaeformis	suppilovahvero (fi)	Satoja	2021-09-22	Nokia	Etelä-Häme (EH)	Suomi	61.489576	23.470805	Sure	NEUTRAL	The Atlas of Finnish Fungi
suppilovahvero (fi) — Craterellus tubaeformis	suppilovahvero (fi)		2021-09-22	Nurmijärvi	Uusimaa (U)	Suomi	60.39285	24.74493		COMMUNITY_VERIFIED	iNaturalist Suomi Finland
suppilovahvero (fi) — Craterellus tubaeformis	suppilovahvero (fi)		2021-09-22 - 2021-09-30	Inkoo	Uusimaa (U)	Suomi	60.022738	23.761361	Sure	NEUTRAL	Notebook, general observations
suppilovahvero (fi) — Craterellus tubaeformis	suppilovahvero (fi)		2021-09-21	Rääkkylä	Pohjois-Karjala (PK)	Suomi	62.22967	29.52618		COMMUNITY_VERIFIED	iNaturalist Suomi Finland
suppilovahvero (fi) — Craterellus tubaeformis	suppilovahvero (fi)		2021-09-21	Rääkkylä	Pohjois-Karjala (PK)	Suomi	62.22967	29.52618		COMMUNITY_VERIFIED	iNaturalist Suomi Finland
suppilovahvero (fi) — Craterellus tubaeformis	suppilovahvero (fi)		2021-09-21	Mikkeli	Etelä-Savo (ES)	Suomi	61.27913	27.50367		COMMUNITY_VERIFIED	iNaturalist Suomi Finland
suppilovahvero (fi) — Craterellus tubaeformis	suppilovahvero (fi)		2021-09-20	Iisalmi	Pohjois-Savo (PS)	Suomi	63.56837	27.19646		COMMUNITY_VERIFIED	iNaturalist Suomi Finland
suppilovahvero (fi) — Craterellus tubaeformis	suppilovahvero (fi)		2021-09-20	Vantaa	Uusimaa (U)	Suomi	60.3073	24.86038		COMMUNITY_VERIFIED	iNaturalist Suomi Finland
suppilovahvero (fi) — Craterellus tubaeformis	suppilovahvero (fi)		2021-09-19	Sodankylä	Sompion Lappi (SoL)	Suomi	67.159101	26.951658		NEUTRAL	Löydös Open Finnish Observation Database
suppilovahvero (fi) — Craterellus tubaeformis	suppilovahvero (fi)		2021-09-19	Heinävesi	Pohjois-Savo (PS)	Suomi	62.44664	28.7843	Sure	NEUTRAL	The Atlas of Finnish Fungi
suppilovahvero (fi) — Craterellus tubaeformis	suppilovahvero (fi)		2021-09-19	Nakkila	Satakunta (St)	Suomi	61.37963	21.92615		COMMUNITY_VERIFIED	iNaturalist Suomi Finland
suppilovahvero (fi) — Craterellus tubaeformis	suppilovahvero (fi)		2021-09-19	Hollola	Etelä-Häme (EH)	Suomi	61.01377	25.57437		COMMUNITY_VERIFIED	iNaturalist Suomi Finland
suppilovahvero (fi) — Craterellus tubaeformis	suppilovahvero (fi)		2021-09-19	Porvoo	Uusimaa (U)	Suomi	60.41536	25.89659		COMMUNITY_VERIFIED	iNaturalist Suomi Finland
suppilovahvero (fi) — Craterellus tubaeformis	suppilovahvero (fi)		2021-09-18	Tuusniemi	Pohjois-Savo (PS)	Suomi	62.628338	28.493789	Sure	NEUTRAL	Notebook, general observations
suppilovahvero (fi) — Craterellus tubaeformis	suppilovahvero (fi)		2021-09-18	Hämeenlinna	Etelä-Häme (EH)	Suomi	61.06791	24.11031		COMMUNITY_VERIFIED	iNaturalist Suomi Finland
suppilovahvero (fi) — Craterellus tubaeformis	suppilovahvero (fi)		2021-09-18	Kirkkonummi	Uusimaa (U)	Suomi	60.272919	24.473821	Sure	NEUTRAL	The Atlas of Finnish Fungi
suppilovahvero (fi) — Craterellus tubaeformis	suppilovahvero (fi)		2021-09-18	Espoo	Uusimaa (U)	Suomi	60.32945	24.672367	Sure	NEUTRAL	The Atlas of Finnish Fungi
suppilovahvero (fi) — Craterellus tubaeformis	suppilovahvero (fi)	Muutamia	2021-09-18 [11:58]	Rautalampi	Pohjois-Häme (PH)	Suomi	62.553757	26.640759	Sure	NEUTRAL	The Atlas of Finnish Fungi
suppilovahvero (fi) — Craterellus tubaeformis	suppilovahvero (fi)	1000	2021-09-18	Jyväskylä	Pohjois-Häme (PH)	Suomi	62.266479	25.854332	Sure	NEUTRAL	The Atlas of Finnish Fungi
suppilovahvero (fi) — Craterellus tubaeformis	suppilovahvero (fi)		2021-09-18	Espoo	Uusimaa (U)	Suomi	60.25252	24.60447		COMMUNITY_VERIFIED	iNaturalist Suomi Finland
suppilovahvero (fi) — Craterellus tubaeformis	suppilovahvero (fi)		2021-09-18			Suomi				COMMUNITY_VERIFIED	iNaturalist Suomi Finland
suppilovahvero (fi) — Craterellus tubaeformis	suppilovahvero (fi)		2021-09-17	Espoo, Helsinki, Nurmijärvi, Tuusula, Vantaa	Uusimaa (U)	Suomi	60.3	24.9		COMMUNITY_VERIFIED	iNaturalist Suomi Finland
suppilovahvero (fi) — Craterellus tubaeformis	suppilovahvero (fi)		2021-09-17	Juva, Mikkeli	Etelä-Savo (ES)	Suomi	61.7	27.5		COMMUNITY_VERIFIED	iNaturalist Suomi Finland
suppilovahvero (fi) — Craterellus tubaeformis	suppilovahvero (fi)		2021-09-17	Espoo	Uusimaa (U)	Suomi	60.236678	24.608816	Sure	NEUTRAL	The Atlas of Finnish Fungi
suppilovahvero (fi) — Craterellus tubaeformis	suppilovahvero (fi)		2021-09-17	Helsinki	Uusimaa (U)	Suomi	60.24392	25.21537		COMMUNITY_VERIFIED	iNaturalist Suomi Finland
suppilovahvero (fi) — Craterellus tubaeformis	suppilovahvero (fi)		2021-09-17	Heinävesi	Pohjois-Savo (PS)	Suomi	62.58922	28.628335	Sure	NEUTRAL	Notebook, general observations
suppilovahvero (fi) — Craterellus tubaeformis	suppilovahvero (fi)		2021-09-16	Mäntyharju	Etelä-Savo (ES)	Suomi	61.34713	27.02418		COMMUNITY_VERIFIED	iNaturalist Suomi Finland
suppilovahvero (fi) — Craterellus tubaeformis	suppilovahvero (fi)		2021-09-16	Vantaa	Uusimaa (U)	Suomi	60.31814	25.03053		COMMUNITY_VERIFIED	iNaturalist Suomi Finland
suppilovahvero (fi) — Craterellus tubaeformis	suppilovahvero (fi)		2021-09-16	Espoo	Uusimaa (U)	Suomi	60.18585	24.67094		COMMUNITY_VERIFIED	iNaturalist Suomi Finland
suppilovahvero (fi) — Craterellus tubaeformis	suppilovahvero (fi)		2021-09-16	Evijärvi	Keski-Pohjanmaa (KP)	Suomi	63.41812	23.40334		COMMUNITY_VERIFIED	iNaturalist Suomi Finland
suppilovahvero (fi) — Craterellus tubaeformis	suppilovahvero (fi)		2021-09-15	Hausjärvi, Hyvinkää, Janakkala, Loppi, Riihimäki	Etelä-Häme (EH), Uusimaa (U)	Suomi	60.7	24.7		COMMUNITY_VERIFIED	iNaturalist Suomi Finland
suppilovahvero (fi) — Craterellus tubaeformis	suppilovahvero (fi)		2021-09-15	Suomussalmi	Kainuu (Kn)	Suomi	64.870875	28.685012	Sure	EXPERT_VERIFIED	The Atlas of Finnish Fungi
suppilovahvero (fi) — Craterellus tubaeformis	suppilovahvero (fi)		2021-09-14	Saarijärvi	Pohjois-Häme (PH)	Suomi	62.851558	25.48553	Sure	NEUTRAL	The Atlas of Finnish Fungi
suppilovahvero (fi) — Craterellus tubaeformis	suppilovahvero (fi)		2021-09-14 [12:34-15:24]	Toivakka	Pohjois-Häme (PH)	Suomi	62.163074	26.208701	Sure	NEUTRAL	The Atlas of Finnish Fungi
suppilovahvero (fi) — Craterellus tubaeformis	suppilovahvero (fi)	Kymmeniä	2021-09-14	Toivakka	Pohjois-Häme (PH)	Suomi	62.165762	26.19882	Sure	NEUTRAL	The Atlas of Finnish Fungi
suppilovahvero (fi) — Craterellus tubaeformis	suppilovahvero (fi)		2021-09-14	Toivakka	Pohjois-Häme (PH)	Suomi	62.164538	26.205941	Sure	NEUTRAL	The Atlas of Finnish Fungi
suppilovahvero (fi) — Craterellus tubaeformis	suppilovahvero (fi)		2021-09-14	Askola	Uusimaa (U)	Suomi	60.57931	25.59321		COMMUNITY_VERIFIED	iNaturalist Suomi Finland
suppilovahvero (fi) — Craterellus tubaeformis	suppilovahvero (fi)		2021-09-14 [18:21]	Kaarina	Varsinais-Suomi (V)	Suomi	60.37752	22.360233	Sure	NEUTRAL	The Atlas of Finnish Fungi
suppilovahvero (fi) — Craterellus tubaeformis	suppilovahvero (fi)		2021-09-13	Kouvola	Etelä-Savo (ES)	Suomi	61.174982	26.868793	Sure	NEUTRAL	The Atlas of Finnish Fungi
suppilovahvero (fi) — Craterellus tubaeformis	suppilovahvero (fi)		2021-09-13	Koski Tl	Varsinais-Suomi (V)	Suomi	60.64816	23.18176		COMMUNITY_VERIFIED	iNaturalist Suomi Finland
suppilovahvero (fi) — Craterellus tubaeformis	suppilovahvero (fi)		2021-09-13	Janakkala	Etelä-Häme (EH)	Suomi	60.75734	24.73784		COMMUNITY_VERIFIED	iNaturalist Suomi Finland
suppilovahvero (fi) — Craterellus tubaeformis	suppilovahvero (fi)		2021-09-12	Lohja	Varsinais-Suomi (V)	Suomi	60.228993	23.862836		NEUTRAL	LajiGIS: Species mapping and surveys
suppilovahvero (fi) — Craterellus tubaeformis	suppilovahvero (fi)		2021-09-12 [15:28]	Salo	Varsinais-Suomi (V)	Suomi	60.446964	23.069833	Sure	NEUTRAL	The Atlas of Finnish Fungi
suppilovahvero (fi) — Craterellus tubaeformis	suppilovahvero (fi)		2021-09-11	Rovaniemi	Perä-Pohjanmaa (PeP)	Suomi	66.313777	25.454061	Sure	NEUTRAL	The Atlas of Finnish Fungi
suppilovahvero (fi) — Craterellus tubaeformis	suppilovahvero (fi)		2021-09-11	Ylitornio	Perä-Pohjanmaa (PeP)	Suomi	66.314461	24.638536	Sure	NEUTRAL	The Atlas of Finnish Fungi
suppilovahvero (fi) — Craterellus tubaeformis	suppilovahvero (fi)	Noin 30	2021-09-11	Rovaniemi	Perä-Pohjanmaa (PeP)	Suomi	66.31317	25.455003	Sure	NEUTRAL	The Atlas of Finnish Fungi
suppilovahvero (fi) — Craterellus tubaeformis	suppilovahvero (fi)		2021-09-11	Vantaa	Uusimaa (U)	Suomi	60.336846	25.086704	Sure	NEUTRAL	The Atlas of Finnish Fungi
suppilovahvero (fi) — Craterellus tubaeformis	suppilovahvero (fi)		2021-09-11	Helsinki	Uusimaa (U)	Suomi	60.25045	24.91323		COMMUNITY_VERIFIED	iNaturalist Suomi Finland
suppilovahvero (fi) — Craterellus tubaeformis	suppilovahvero (fi)		2021-09-10	Asikkala	Etelä-Häme (EH)	Suomi	61.230641	25.636266	Sure	EXPERT_VERIFIED	The Atlas of Finnish Fungi
suppilovahvero (fi) — Craterellus tubaeformis	suppilovahvero (fi)	10	2021-09-10	Tervola	Perä-Pohjanmaa (PeP)	Suomi	66.118307	24.713611	Sure	NEUTRAL	The Atlas of Finnish Fungi
suppilovahvero (fi) — Craterellus tubaeformis	suppilovahvero (fi)		2021-09-10	Tampere	Etelä-Häme (EH)	Suomi	61.51347	23.86404		COMMUNITY_VERIFIED	iNaturalist Suomi Finland
suppilovahvero (fi) — Craterellus tubaeformis	suppilovahvero (fi)		2021-09-08 [9:04-12:16]	Jyväskylä	Pohjois-Häme (PH)	Suomi	62.252836	25.692692	Sure	NEUTRAL	The Atlas of Finnish Fungi
suppilovahvero (fi) — Craterellus tubaeformis	suppilovahvero (fi)	Paljon	2021-09-07	Asikkala	Etelä-Häme (EH)	Suomi	61.191259	25.688106	Sure	NEUTRAL	The Atlas of Finnish Fungi
suppilovahvero (fi) — Craterellus tubaeformis	suppilovahvero (fi)		2021-09-07 [12:44-14:04]	Asikkala	Etelä-Häme (EH)	Suomi	61.197988	25.697746	Sure	NEUTRAL	The Atlas of Finnish Fungi
suppilovahvero (fi) — Craterellus tubaeformis	suppilovahvero (fi)		2021-09-07	Riihimäki	Etelä-Häme (EH)	Suomi	60.74961	24.74762		COMMUNITY_VERIFIED	iNaturalist Suomi Finland
suppilovahvero (fi) — Craterellus tubaeformis	suppilovahvero (fi)		2021-09-06 - 2021-09-09	Espoo	Uusimaa (U)	Suomi	60.324212	24.668332	Sure	NEUTRAL	The Atlas of Finnish Fungi
suppilovahvero (fi) — Craterellus tubaeformis	suppilovahvero (fi)	Yli 10	2021-09-06	Asikkala	Etelä-Häme (EH)	Suomi	61.189224	25.678825	Sure	NEUTRAL	The Atlas of Finnish Fungi
suppilovahvero (fi) — Craterellus tubaeformis	suppilovahvero (fi)		2021-09-05	Riihimäki	Etelä-Häme (EH)	Suomi	60.69831	24.67974		COMMUNITY_VERIFIED	iNaturalist Suomi Finland
suppilovahvero (fi) — Craterellus tubaeformis	suppilovahvero (fi)		2021-09-05	Vantaa	Uusimaa (U)	Suomi	60.29563	25.15708		COMMUNITY_VERIFIED	iNaturalist Suomi Finland
suppilovahvero (fi) — Craterellus tubaeformis	suppilovahvero (fi)		2021-09-05	Kangasniemi	Etelä-Savo (ES)	Suomi	62.06954	26.71497		COMMUNITY_VERIFIED	iNaturalist Suomi Finland
suppilovahvero (fi) — Craterellus tubaeformis	suppilovahvero (fi)		2021-09-05	Espoo	Uusimaa (U)	Suomi	60.35522	24.66525		COMMUNITY_VERIFIED	iNaturalist Suomi Finland
suppilovahvero (fi) — Craterellus tubaeformis	suppilovahvero (fi)	useita	2021-09-05	Uurainen	Pohjois-Häme (PH)	Suomi	62.518013	25.539449	Sure	NEUTRAL	The Atlas of Finnish Fungi
suppilovahvero (fi) — Craterellus tubaeformis	suppilovahvero (fi)		2021-09-05	Helsinki	Uusimaa (U)	Suomi	60.27778	25.20194		COMMUNITY_VERIFIED	iNaturalist Suomi Finland
suppilovahvero (fi) — Craterellus tubaeformis	suppilovahvero (fi)		2021-09-04	Vihti	Varsinais-Suomi (V)	Suomi	60.529166	24.560095	Sure	NEUTRAL	The Atlas of Finnish Fungi
suppilovahvero (fi) — Craterellus tubaeformis	suppilovahvero (fi)		2021-09-04	Espoo	Uusimaa (U)	Suomi	60.32477	24.66725		COMMUNITY_VERIFIED	iNaturalist Suomi Finland
suppilovahvero (fi) — Craterellus tubaeformis	suppilovahvero (fi)		2021-09-04	Isokyrö	Etelä-Pohjanmaa (EP)	Suomi	62.9964	22.35783		COMMUNITY_VERIFIED	iNaturalist Suomi Finland
suppilovahvero (fi) — Craterellus tubaeformis	suppilovahvero (fi)		2021-09-04	Mikkeli	Etelä-Savo (ES)	Suomi	61.67072	27.3906		COMMUNITY_VERIFIED	iNaturalist Suomi Finland
suppilovahvero (fi) — Craterellus tubaeformis	suppilovahvero (fi)		2021-09-04	Ruovesi	Etelä-Häme (EH)	Suomi	62.05786	23.85281		COMMUNITY_VERIFIED	iNaturalist Suomi Finland
suppilovahvero (fi) — Craterellus tubaeformis	suppilovahvero (fi)		2021-09-04	Jyväskylä	Pohjois-Häme (PH)	Suomi	62.252778	25.692221	Sure	NEUTRAL	Notebook, general observations
suppilovahvero (fi) — Craterellus tubaeformis	suppilovahvero (fi)		2021-09-03	Jyväskylä	Pohjois-Häme (PH)	Suomi	62.25193	25.81893		COMMUNITY_VERIFIED	iNaturalist Suomi Finland
suppilovahvero (fi) — Craterellus tubaeformis	suppilovahvero (fi)		2021-09-03 [19:09]	Ylöjärvi	Satakunta (St)	Suomi	61.705597	23.369724	Sure	NEUTRAL	The Atlas of Finnish Fungi
suppilovahvero (fi) — Craterellus tubaeformis	suppilovahvero (fi)		2021-09-02	Espoo, Vihti	Uusimaa (U), Varsinais-Suomi (V)	Suomi	60.317297	24.523639	Sure	NEUTRAL	The Atlas of Finnish Fungi
suppilovahvero (fi) — Craterellus tubaeformis	suppilovahvero (fi)		2021-09-02	Nurmijärvi	Uusimaa (U)	Suomi	60.39964	24.74778		COMMUNITY_VERIFIED	iNaturalist Suomi Finland
suppilovahvero (fi) — Craterellus tubaeformis	suppilovahvero (fi)		2021-09-01	Hämeenlinna	Etelä-Häme (EH)	Suomi	61.06726	24.11397		COMMUNITY_VERIFIED	iNaturalist Suomi Finland
suppilovahvero (fi) — Craterellus tubaeformis	suppilovahvero (fi)		2021-08-31	Hartola, Sysmä	Etelä-Häme (EH)	Suomi	61.5	25.9		COMMUNITY_VERIFIED	iNaturalist Suomi Finland
suppilovahvero (fi) — Craterellus tubaeformis	suppilovahvero (fi)		2021-08-31	Suomussalmi	Kainuu (Kn)	Suomi	65.263023	28.429303	Sure	NEUTRAL	The Atlas of Finnish Fungi
suppilovahvero (fi) — Craterellus tubaeformis	suppilovahvero (fi)		2021-08-30	Jyväskylä	Pohjois-Häme (PH)	Suomi	62.252798	25.683929	Sure	NEUTRAL	Notebook, general observations
suppilovahvero (fi) — Craterellus tubaeformis	suppilovahvero (fi)		2021-08-29	Kirkkonummi	Uusimaa (U)	Suomi	60.23877	24.34626		COMMUNITY_VERIFIED	iNaturalist Suomi Finland
suppilovahvero (fi) — Craterellus tubaeformis	suppilovahvero (fi)		2021-08-28	Lempäälä	Etelä-Häme (EH)	Suomi	61.41724	23.74573		COMMUNITY_VERIFIED	iNaturalist Suomi Finland
suppilovahvero (fi) — Craterellus tubaeformis	suppilovahvero (fi)		2021-08-28	Vöyri	Etelä-Pohjanmaa (EP)	Suomi	63.29537	22.44975		COMMUNITY_VERIFIED	iNaturalist Suomi Finland
suppilovahvero (fi) — Craterellus tubaeformis	suppilovahvero (fi)		2021-08-28	Kuopio	Pohjois-Savo (PS)	Suomi	62.90959	27.65802		COMMUNITY_VERIFIED	iNaturalist Suomi Finland
suppilovahvero (fi) — Craterellus tubaeformis	suppilovahvero (fi)		2021-08-28	Riihimäki	Etelä-Häme (EH)	Suomi	60.73611	24.74039		COMMUNITY_VERIFIED	iNaturalist Suomi Finland
suppilovahvero (fi) — Craterellus tubaeformis	suppilovahvero (fi)	Kymmeniä	2021-08-28	Oulu	Oulun Pohjanmaa (OP)	Suomi	65.035106	25.69006	Sure	NEUTRAL	The Atlas of Finnish Fungi
suppilovahvero (fi) — Craterellus tubaeformis	suppilovahvero (fi)		2021-08-28 [14:41]	Parainen	Varsinais-Suomi (V)	Suomi	60.365704	22.331231	Sure	NEUTRAL	The Atlas of Finnish Fungi
suppilovahvero (fi) — Craterellus tubaeformis	suppilovahvero (fi)		2021-08-28	Savonlinna	Etelä-Savo (ES)	Suomi	61.864722	29.209076	Sure	NEUTRAL	The Atlas of Finnish Fungi
suppilovahvero (fi) — Craterellus tubaeformis	suppilovahvero (fi)		2021-08-28	Vihti	Varsinais-Suomi (V)	Suomi	60.32444	24.53253		COMMUNITY_VERIFIED	iNaturalist Suomi Finland
suppilovahvero (fi) — Craterellus tubaeformis	suppilovahvero (fi)		2021-08-27 [16:24]	Loimaa	Satakunta (St)	Suomi	60.842039	23.020881	Sure	NEUTRAL	The Atlas of Finnish Fungi
suppilovahvero (fi) — Craterellus tubaeformis	suppilovahvero (fi)	Noin 30	2021-08-25	Rovaniemi	Perä-Pohjanmaa (PeP)	Suomi	66.49758	25.798863	Sure	NEUTRAL	The Atlas of Finnish Fungi
suppilovahvero (fi) — Craterellus tubaeformis	suppilovahvero (fi)		2021-08-22	Rautalampi	Pohjois-Häme (PH)	Suomi	62.555953	26.622512	Sure	NEUTRAL	The Atlas of Finnish Fungi
suppilovahvero (fi) — Craterellus tubaeformis	suppilovahvero (fi)		2021-08-20	Hämeenlinna	Etelä-Häme (EH)	Suomi	61.06755	24.10928		COMMUNITY_VERIFIED	iNaturalist Suomi Finland
suppilovahvero (fi) — Craterellus tubaeformis	suppilovahvero (fi)		2021-08-20	Vihti	Varsinais-Suomi (V)	Suomi	60.542288	24.486213	Sure	NEUTRAL	The Atlas of Finnish Fungi
suppilovahvero (fi) — Craterellus tubaeformis	suppilovahvero (fi)		2021-08-17	Lahti	Etelä-Häme (EH)	Suomi	61.03393	25.698878	Sure	NEUTRAL	The Atlas of Finnish Fungi
suppilovahvero (fi) — Craterellus tubaeformis	suppilovahvero (fi)	useita	2021-08-16	Somero	Etelä-Häme (EH)	Suomi	60.497154	23.650558	Sure	NEUTRAL	The Atlas of Finnish Fungi
suppilovahvero (fi) — Craterellus tubaeformis	suppilovahvero (fi)		2021-08-14	Sipoo	Uusimaa (U)	Suomi	60.463003	25.192766	Sure	NEUTRAL	The Atlas of Finnish Fungi
suppilovahvero (fi) — Craterellus tubaeformis	suppilovahvero (fi)		2021-04-02	Vehmaa	Varsinais-Suomi (V)	Suomi	60.74542	21.75615		COMMUNITY_VERIFIED	iNaturalist Suomi Finland
suppilovahvero (fi) — Craterellus tubaeformis	suppilovahvero (fi)		2021-03-31	Helsinki	Uusimaa (U)	Suomi	60.22585	25.14811		COMMUNITY_VERIFIED	iNaturalist Suomi Finland
suppilovahvero (fi) — Craterellus tubaeformis	suppilovahvero (fi)		2021-01-01	Naantali	Varsinais-Suomi (V)	Suomi	60.39952	21.89657		COMMUNITY_VERIFIED	iNaturalist Suomi Finland
suppilovahvero (fi) — Craterellus tubaeformis	suppilovahvero (fi)	100	2020-12-24	Loviisa	Uusimaa (U)	Suomi	60.454472	26.187268		NEUTRAL	Löydös Open Finnish Observation Database
suppilovahvero (fi) — Craterellus tubaeformis	suppilovahvero (fi)	useita	2020-12-23	Kustavi	Varsinais-Suomi (V)	Suomi	60.633684	21.304961	Sure	NEUTRAL	The Atlas of Finnish Fungi
suppilovahvero (fi) — Craterellus tubaeformis	suppilovahvero (fi)		2020-12-18	Espoo	Uusimaa (U)	Suomi	60.195	24.77017		COMMUNITY_VERIFIED	iNaturalist Suomi Finland
suppilovahvero (fi) — Craterellus tubaeformis	suppilovahvero (fi)		2020-12-12	Luumäki	Etelä-Savo (ES)	Suomi	60.99319	27.70807		COMMUNITY_VERIFIED	iNaturalist Suomi Finland
suppilovahvero (fi) — Craterellus tubaeformis	suppilovahvero (fi)		2020-12-10	Sysmä	Etelä-Häme (EH)	Suomi	61.536851	25.66836	Sure	NEUTRAL	The Atlas of Finnish Fungi
suppilovahvero (fi) — Craterellus tubaeformis	suppilovahvero (fi)		2020-12-09	Sysmä	Etelä-Häme (EH)	Suomi	61.445189	25.63082	Sure	NEUTRAL	The Atlas of Finnish Fungi
suppilovahvero (fi) — Craterellus tubaeformis	suppilovahvero (fi)		2020-12-07	Vantaa	Uusimaa (U)	Suomi	60.338102	25.035707	Sure	NEUTRAL	The Atlas of Finnish Fungi
suppilovahvero (fi) — Craterellus tubaeformis	suppilovahvero (fi)		2020-12-02	Helsinki	Uusimaa (U)	Suomi	60.24208	25.05285		COMMUNITY_VERIFIED	iNaturalist Suomi Finland
suppilovahvero (fi) — Craterellus tubaeformis	suppilovahvero (fi)	100	2020-11-29	Porvoo	Uusimaa (U)	Suomi	60.377029	25.742345	Sure	NEUTRAL	The Atlas of Finnish Fungi
suppilovahvero (fi) — Craterellus tubaeformis	suppilovahvero (fi)		2020-11-28	Inkoo	Uusimaa (U)	Suomi	60.04477	23.87516		COMMUNITY_VERIFIED	iNaturalist Suomi Finland
suppilovahvero (fi) — Craterellus tubaeformis	suppilovahvero (fi)		2020-11-27 [22:00]	Loviisa	Uusimaa (U)	Suomi	60.548602	26.138647	Sure	NEUTRAL	The Atlas of Finnish Fungi
suppilovahvero (fi) — Craterellus tubaeformis	suppilovahvero (fi)	useita	2020-11-27	Parainen	Varsinais-Suomi (V)	Suomi	60.26508	22.366114	Sure	NEUTRAL	The Atlas of Finnish Fungi
suppilovahvero (fi) — Craterellus tubaeformis	suppilovahvero (fi)		2020-11-23	Kirkkonummi	Uusimaa (U)	Suomi	60.152659	24.351298	Sure	NEUTRAL	Notebook, general observations
suppilovahvero (fi) — Craterellus tubaeformis	suppilovahvero (fi)	Alle kymmenen	2020-11-22 [14:00]	Helsinki, Sipoo	Uusimaa (U)	Suomi	60.173105	25.105165	Sure	NEUTRAL	The Atlas of Finnish Fungi
suppilovahvero (fi) — Craterellus tubaeformis	suppilovahvero (fi)	1000	2020-11-21	Porvoo	Uusimaa (U)	Suomi	60.469433	25.609275	Sure	NEUTRAL	The Atlas of Finnish Fungi
suppilovahvero (fi) — Craterellus tubaeformis	suppilovahvero (fi)	1000	2020-11-20	Porvoo	Uusimaa (U)	Suomi	60.377138	25.732449	Sure	NEUTRAL	The Atlas of Finnish Fungi
suppilovahvero (fi) — Craterellus tubaeformis	suppilovahvero (fi)		2020-11-18	Hyvinkää, Hämeenlinna, Janakkala, Loppi	Etelä-Häme (EH), Uusimaa (U)	Suomi	60.7	24.5		COMMUNITY_VERIFIED	iNaturalist Suomi Finland
suppilovahvero (fi) — Craterellus tubaeformis	suppilovahvero (fi)		2020-11-15	Helsinki, Porvoo, Sipoo	Uusimaa (U)	Suomi	60.3	25.3		COMMUNITY_VERIFIED	iNaturalist Suomi Finland
suppilovahvero (fi) — Craterellus tubaeformis	suppilovahvero (fi)		2020-11-15	Sipoo	Uusimaa (U)	Suomi	60.422828	25.281024	Sure	NEUTRAL	The Atlas of Finnish Fungi
suppilovahvero (fi) — Craterellus tubaeformis	suppilovahvero (fi)		2020-11-15	Lempäälä	Etelä-Häme (EH)	Suomi	61.35151	23.80891		COMMUNITY_VERIFIED	iNaturalist Suomi Finland
suppilovahvero (fi) — Craterellus tubaeformis	suppilovahvero (fi)		2020-11-15	Suonenjoki	Pohjois-Savo (PS)	Suomi	62.66753	27.52084		COMMUNITY_VERIFIED	iNaturalist Suomi Finland
suppilovahvero (fi) — Craterellus tubaeformis	suppilovahvero (fi)		2020-11-15	Helsinki	Uusimaa (U)	Suomi	60.27337	25.20509		COMMUNITY_VERIFIED	iNaturalist Suomi Finland
suppilovahvero (fi) — Craterellus tubaeformis	suppilovahvero (fi)	lukuisat	2020-11-14	Tuusula	Uusimaa (U)	Suomi	60.446896	24.984909	Sure	EXPERT_VERIFIED	The Atlas of Finnish Fungi
suppilovahvero (fi) — Craterellus tubaeformis	suppilovahvero (fi)		2020-11-14	Taivalkoski	Koillismaa (Ks)	Suomi	65.292912	28.353147	Sure	NEUTRAL	The Atlas of Finnish Fungi
suppilovahvero (fi) — Craterellus tubaeformis	suppilovahvero (fi)		2020-11-12	Vantaa	Uusimaa (U)	Suomi	60.36725	24.80464		COMMUNITY_VERIFIED	iNaturalist Suomi Finland
suppilovahvero (fi) — Craterellus tubaeformis	suppilovahvero (fi)	Runsaasti havaintoalueella	2020-11-11	Pyhtää	Uusimaa (U)	Suomi	60.58623	26.630674	Sure	NEUTRAL	The Atlas of Finnish Fungi
suppilovahvero (fi) — Craterellus tubaeformis	suppilovahvero (fi)		2020-11-08	Salo	Varsinais-Suomi (V)	Suomi	60.425561	22.89005	Sure	NEUTRAL	The Atlas of Finnish Fungi
suppilovahvero (fi) — Craterellus tubaeformis	suppilovahvero (fi)		2020-11-08	Sysmä	Etelä-Häme (EH)	Suomi	61.691498	25.690911	Sure	NEUTRAL	The Atlas of Finnish Fungi
suppilovahvero (fi) — Craterellus tubaeformis	suppilovahvero (fi)		2020-11-08	Salo	Varsinais-Suomi (V)	Suomi	60.426147	22.890395	Sure	NEUTRAL	The Atlas of Finnish Fungi
suppilovahvero (fi) — Craterellus tubaeformis	suppilovahvero (fi)		2020-11-07	Kuopio	Pohjois-Savo (PS)	Suomi	62.907621	27.663654	Sure	NEUTRAL	Notebook, general observations
suppilovahvero (fi) — Craterellus tubaeformis	suppilovahvero (fi)		2020-11-07	Masku, Mynämäki, Naantali	Varsinais-Suomi (V)	Suomi	60.5	21.9		COMMUNITY_VERIFIED	iNaturalist Suomi Finland
suppilovahvero (fi) — Craterellus tubaeformis	suppilovahvero (fi)		2020-11-07	Tuusula	Uusimaa (U)	Suomi	60.392795	25.038185	Sure	NEUTRAL	The Atlas of Finnish Fungi
suppilovahvero (fi) — Craterellus tubaeformis	suppilovahvero (fi)		2020-11-07	Tervola	Perä-Pohjanmaa (PeP)	Suomi	66.064475	24.713843	Sure	NEUTRAL	The Atlas of Finnish Fungi
suppilovahvero (fi) — Craterellus tubaeformis	suppilovahvero (fi)		2020-11-07	Asikkala	Etelä-Häme (EH)	Suomi	61.341151	25.595462	Sure	NEUTRAL	The Atlas of Finnish Fungi
suppilovahvero (fi) — Craterellus tubaeformis	suppilovahvero (fi)		2020-11-07	Kemiönsaari	Varsinais-Suomi (V)	Suomi	60.06653	22.76333		COMMUNITY_VERIFIED	iNaturalist Suomi Finland
suppilovahvero (fi) — Craterellus tubaeformis	suppilovahvero (fi)		2020-11-07	Turku	Varsinais-Suomi (V)	Suomi	60.46367	22.3245		COMMUNITY_VERIFIED	iNaturalist Suomi Finland
suppilovahvero (fi) — Craterellus tubaeformis	suppilovahvero (fi)		2020-11-07	Hartola	Etelä-Häme (EH)	Suomi	61.66933	26.04797		COMMUNITY_VERIFIED	iNaturalist Suomi Finland
suppilovahvero (fi) — Craterellus tubaeformis	suppilovahvero (fi)	100	2020-11-06	Porvoo	Uusimaa (U)	Suomi	60.367735	25.749656	Sure	NEUTRAL	The Atlas of Finnish Fungi
suppilovahvero (fi) — Craterellus tubaeformis	suppilovahvero (fi)		2020-11-06	Helsinki	Uusimaa (U)	Suomi	60.228269	24.954183	Sure	NEUTRAL	The Atlas of Finnish Fungi
suppilovahvero (fi) — Craterellus tubaeformis	suppilovahvero (fi)	yleinen havaintoalueella	2020-11-06 - 2020-11-12	Karkkila	Varsinais-Suomi (V)	Suomi	60.53855	24.3964	Sure	NEUTRAL	The Atlas of Finnish Fungi
suppilovahvero (fi) — Craterellus tubaeformis	suppilovahvero (fi)		2020-11-06	Lappeenranta	Etelä-Savo (ES)	Suomi	60.96777	28.15937		COMMUNITY_VERIFIED	iNaturalist Suomi Finland
suppilovahvero (fi) — Craterellus tubaeformis	suppilovahvero (fi)		2020-11-06	Mäntsälä	Uusimaa (U)	Suomi	60.61278	25.22306		COMMUNITY_VERIFIED	iNaturalist Suomi Finland
suppilovahvero (fi) — Craterellus tubaeformis	suppilovahvero (fi)		2020-11-05	Asikkala, Hollola, Lahti	Etelä-Häme (EH)	Suomi	61.1	25.7		COMMUNITY_VERIFIED	iNaturalist Suomi Finland
suppilovahvero (fi) — Craterellus tubaeformis	suppilovahvero (fi)	mukavasti	2020-11-03	Rovaniemi	Perä-Pohjanmaa (PeP)	Suomi	66.412643	25.16868	Sure	NEUTRAL	The Atlas of Finnish Fungi
suppilovahvero (fi) — Craterellus tubaeformis	suppilovahvero (fi)	100	2020-11-02	Porvoo	Uusimaa (U)	Suomi	60.357335	25.748078	Sure	NEUTRAL	The Atlas of Finnish Fungi
suppilovahvero (fi) — Craterellus tubaeformis	suppilovahvero (fi)		2020-11-01	Espoo	Uusimaa (U)	Suomi	60.292509	24.607046	Sure	NEUTRAL	The Atlas of Finnish Fungi
suppilovahvero (fi) — Craterellus tubaeformis	suppilovahvero (fi)		2020-11-01	Virolahti	Etelä-Karjala (EK)	Suomi	60.58779	27.41395		COMMUNITY_VERIFIED	iNaturalist Suomi Finland
suppilovahvero (fi) — Craterellus tubaeformis	suppilovahvero (fi)		2020-10-31	Sipoo	Uusimaa (U)	Suomi	60.319865	25.185361	Sure	NEUTRAL	The Atlas of Finnish Fungi
suppilovahvero (fi) — Craterellus tubaeformis	suppilovahvero (fi)	Kymmeniä	2020-10-30	Oulu	Oulun Pohjanmaa (OP)	Suomi	65.092755	25.929469	Sure	NEUTRAL	The Atlas of Finnish Fungi
suppilovahvero (fi) — Craterellus tubaeformis	suppilovahvero (fi)		2020-10-26	Alavus	Etelä-Pohjanmaa (EP)	Suomi	62.48197	23.66817		COMMUNITY_VERIFIED	iNaturalist Suomi Finland
suppilovahvero (fi) — Craterellus tubaeformis	suppilovahvero (fi)		2020-10-25	Sipoo	Uusimaa (U)	Suomi	60.3045	25.20093		COMMUNITY_VERIFIED	iNaturalist Suomi Finland
suppilovahvero (fi) — Craterellus tubaeformis	suppilovahvero (fi)		2020-10-24	Porvoo	Uusimaa (U)	Suomi	60.39319	25.66527		COMMUNITY_VERIFIED	iNaturalist Suomi Finland
suppilovahvero (fi) — Craterellus tubaeformis	suppilovahvero (fi)		2020-10-24	Ylöjärvi	Etelä-Häme (EH)	Suomi	61.87953	23.73109		COMMUNITY_VERIFIED	iNaturalist Suomi Finland
suppilovahvero (fi) — Craterellus tubaeformis	suppilovahvero (fi)		2020-10-24	Mäntsälä	Uusimaa (U)	Suomi	60.62154	25.14602		COMMUNITY_VERIFIED	iNaturalist Suomi Finland
suppilovahvero (fi) — Craterellus tubaeformis	suppilovahvero (fi)		2020-10-24	Mäntsälä	Uusimaa (U)	Suomi	60.62184	25.14867		COMMUNITY_VERIFIED	iNaturalist Suomi Finland
suppilovahvero (fi) — Craterellus tubaeformis	suppilovahvero (fi)	muutama	2020-10-24	Keuruu	Pohjois-Häme (PH)	Suomi	62.195693	24.772662	Sure	NEUTRAL	Notebook, general observations
suppilovahvero (fi) — Craterellus tubaeformis	suppilovahvero (fi)	useita	2020-10-19	Salo	Varsinais-Suomi (V)	Suomi	60.245249	23.027076	Sure	NEUTRAL	The Atlas of Finnish Fungi
suppilovahvero (fi) — Craterellus tubaeformis	suppilovahvero (fi)		2020-10-18	Hämeenlinna	Etelä-Häme (EH)	Suomi	61.06801	24.11092		COMMUNITY_VERIFIED	iNaturalist Suomi Finland
suppilovahvero (fi) — Craterellus tubaeformis	suppilovahvero (fi)		2020-10-18	Kirkkonummi	Uusimaa (U)	Suomi	59.979384	24.404742	Sure	NEUTRAL	The Atlas of Finnish Fungi
suppilovahvero (fi) — Craterellus tubaeformis	suppilovahvero (fi)		2020-10-18	Hankasalmi	Pohjois-Häme (PH)	Suomi	62.305012	26.330678	Sure	NEUTRAL	The Atlas of Finnish Fungi
suppilovahvero (fi) — Craterellus tubaeformis	suppilovahvero (fi)		2020-10-18	Helsinki	Uusimaa (U)	Suomi	60.23841	25.15822		COMMUNITY_VERIFIED	iNaturalist Suomi Finland
suppilovahvero (fi) — Craterellus tubaeformis	suppilovahvero (fi)		2020-10-18	Helsinki	Uusimaa (U)	Suomi	60.23765	25.15759		COMMUNITY_VERIFIED	iNaturalist Suomi Finland
suppilovahvero (fi) — Craterellus tubaeformis	suppilovahvero (fi)		2020-10-18	Helsinki	Uusimaa (U)	Suomi	60.23886	25.15767		COMMUNITY_VERIFIED	iNaturalist Suomi Finland
suppilovahvero (fi) — Craterellus tubaeformis	suppilovahvero (fi)		2020-10-17	Heinola	Etelä-Häme (EH)	Suomi	61.10898	25.93285		COMMUNITY_VERIFIED	iNaturalist Suomi Finland
suppilovahvero (fi) — Craterellus tubaeformis	suppilovahvero (fi)		2020-10-17	Asikkala, Sysmä	Etelä-Häme (EH)	Suomi	61.3	25.7		COMMUNITY_VERIFIED	iNaturalist Suomi Finland
suppilovahvero (fi) — Craterellus tubaeformis	suppilovahvero (fi)		2020-10-17	Sauvo	Varsinais-Suomi (V)	Suomi	60.28079	22.79809		COMMUNITY_VERIFIED	iNaturalist Suomi Finland
suppilovahvero (fi) — Craterellus tubaeformis	suppilovahvero (fi)		2020-10-17	Pöytyä	Satakunta (St)	Suomi	60.89616	22.3436		COMMUNITY_VERIFIED	iNaturalist Suomi Finland
suppilovahvero (fi) — Craterellus tubaeformis	suppilovahvero (fi)		2020-10-16	Tammela	Etelä-Häme (EH)	Suomi	60.8376	23.74266		COMMUNITY_VERIFIED	iNaturalist Suomi Finland
suppilovahvero (fi) — Craterellus tubaeformis	suppilovahvero (fi)		2020-10-16	Turku	Varsinais-Suomi (V)	Suomi	60.52477	22.36568		COMMUNITY_VERIFIED	iNaturalist Suomi Finland
suppilovahvero (fi) — Craterellus tubaeformis	suppilovahvero (fi)		2020-10-16	Lestijärvi	Keski-Pohjanmaa (KP)	Suomi	63.49528	24.71806		COMMUNITY_VERIFIED	iNaturalist Suomi Finland
suppilovahvero (fi) — Craterellus tubaeformis	suppilovahvero (fi)		2020-10-16	Karvia, Parkano	Satakunta (St)	Suomi	62.1	22.9		COMMUNITY_VERIFIED	iNaturalist Suomi Finland
suppilovahvero (fi) — Craterellus tubaeformis	suppilovahvero (fi)	3	2020-10-16 [12:00]	Helsinki, Sipoo, Vantaa	Uusimaa (U)	Suomi	60.262809	25.09998	Sure	NEUTRAL	The Atlas of Finnish Fungi
suppilovahvero (fi) — Craterellus tubaeformis	suppilovahvero (fi)	useita	2020-10-16	Turku	Varsinais-Suomi (V)	Suomi	60.367409	22.140546	Sure	NEUTRAL	The Atlas of Finnish Fungi
suppilovahvero (fi) — Craterellus tubaeformis	suppilovahvero (fi)		2020-10-16	Espoo	Uusimaa (U)	Suomi	60.31898	24.66756		COMMUNITY_VERIFIED	iNaturalist Suomi Finland
suppilovahvero (fi) — Craterellus tubaeformis	suppilovahvero (fi)		2020-10-15	Ilomantsi	Pohjois-Karjala (PK)	Suomi	62.67975	30.92027		COMMUNITY_VERIFIED	iNaturalist Suomi Finland
suppilovahvero (fi) — Craterellus tubaeformis	suppilovahvero (fi)		2020-10-15	Kouvola	Etelä-Savo (ES)	Suomi	61.19036	26.79931		COMMUNITY_VERIFIED	iNaturalist Suomi Finland
suppilovahvero (fi) — Craterellus tubaeformis	suppilovahvero (fi)		2020-10-15	Raasepori	Varsinais-Suomi (V)	Suomi	60.11575	23.79982		COMMUNITY_VERIFIED	iNaturalist Suomi Finland
suppilovahvero (fi) — Craterellus tubaeformis	suppilovahvero (fi)		2020-10-15	Heinola	Etelä-Häme (EH)	Suomi	61.229487	26.070883	Sure	NEUTRAL	The Atlas of Finnish Fungi
suppilovahvero (fi) — Craterellus tubaeformis	suppilovahvero (fi)		2020-10-14	Vantaa	Uusimaa (U)	Suomi	60.31251	25.16245		COMMUNITY_VERIFIED	iNaturalist Suomi Finland
suppilovahvero (fi) — Craterellus tubaeformis	suppilovahvero (fi)		2020-10-14	Lohja, Raasepori	Varsinais-Suomi (V)	Suomi	60.3	23.9		COMMUNITY_VERIFIED	iNaturalist Suomi Finland
suppilovahvero (fi) — Craterellus tubaeformis	suppilovahvero (fi)	satoja	2020-10-14	Kuhmoinen	Etelä-Häme (EH)	Suomi	61.692108	25.287611	Sure	NEUTRAL	The Atlas of Finnish Fungi
suppilovahvero (fi) — Craterellus tubaeformis	suppilovahvero (fi)		2020-10-14	Hyvinkää	Uusimaa (U)	Suomi	60.65003	24.83337		NEUTRAL	iNaturalist Suomi Finland
suppilovahvero (fi) — Craterellus tubaeformis	suppilovahvero (fi)		2020-10-13	Rautavaara	Pohjois-Karjala (PK)	Suomi	63.56315	28.59003		COMMUNITY_VERIFIED	iNaturalist Suomi Finland
suppilovahvero (fi) — Craterellus tubaeformis	suppilovahvero (fi)		2020-10-13	Kitee	Pohjois-Karjala (PK)	Suomi	62.14342	29.76303		EXPERT_VERIFIED	iNaturalist Suomi Finland
suppilovahvero (fi) — Craterellus tubaeformis	suppilovahvero (fi)		2020-10-12	Askola	Uusimaa (U)	Suomi	60.503	25.68216		COMMUNITY_VERIFIED	iNaturalist Suomi Finland
suppilovahvero (fi) — Craterellus tubaeformis	suppilovahvero (fi)		2020-10-12	Rovaniemi	Perä-Pohjanmaa (PeP)	Suomi	66.96172	25.80879	Sure	EXPERT_VERIFIED	The Atlas of Finnish Fungi
suppilovahvero (fi) — Craterellus tubaeformis	suppilovahvero (fi)		2020-10-12	Vihti	Varsinais-Suomi (V)	Suomi	60.49025	24.48126		COMMUNITY_VERIFIED	iNaturalist Suomi Finland
suppilovahvero (fi) — Craterellus tubaeformis	suppilovahvero (fi)		2020-10-12	Lieksa	Pohjois-Karjala (PK)	Suomi	63.21002	30.0227		COMMUNITY_VERIFIED	iNaturalist Suomi Finland
suppilovahvero (fi) — Craterellus tubaeformis	suppilovahvero (fi)		2020-10-11	Hattula	Etelä-Häme (EH)	Suomi	61.09843	24.38574		COMMUNITY_VERIFIED	iNaturalist Suomi Finland
suppilovahvero (fi) — Craterellus tubaeformis	suppilovahvero (fi)		2020-10-11	Karkkila	Varsinais-Suomi (V)	Suomi	60.52303	24.35975		COMMUNITY_VERIFIED	iNaturalist Suomi Finland
suppilovahvero (fi) — Craterellus tubaeformis	suppilovahvero (fi)		2020-10-11	Mäntsälä	Uusimaa (U)	Suomi	60.622422	25.155247	Sure	NEUTRAL	The Atlas of Finnish Fungi
suppilovahvero (fi) — Craterellus tubaeformis	suppilovahvero (fi)		2020-10-10	Muurame	Etelä-Häme (EH)	Suomi	62.21616	25.49838		COMMUNITY_VERIFIED	iNaturalist Suomi Finland
suppilovahvero (fi) — Craterellus tubaeformis	suppilovahvero (fi)		2020-10-10	Espoo, Helsinki, Kirkkonummi	Uusimaa (U)	Suomi	60.1	24.7		COMMUNITY_VERIFIED	iNaturalist Suomi Finland
suppilovahvero (fi) — Craterellus tubaeformis	suppilovahvero (fi)		2020-10-10	Eura, Harjavalta, Kokemäki, Nakkila, Säkylä	Satakunta (St)	Suomi	61.3	22.1		COMMUNITY_VERIFIED	iNaturalist Suomi Finland
suppilovahvero (fi) — Craterellus tubaeformis	suppilovahvero (fi)	Yli 100	2020-10-10	Rovaniemi	Perä-Pohjanmaa (PeP)	Suomi	66.622875	25.577265	Sure	NEUTRAL	The Atlas of Finnish Fungi
suppilovahvero (fi) — Craterellus tubaeformis	suppilovahvero (fi)		2020-10-10	Ikaalinen	Satakunta (St)	Suomi	61.904547	23.421916	Sure	NEUTRAL	The Atlas of Finnish Fungi
suppilovahvero (fi) — Craterellus tubaeformis	suppilovahvero (fi)		2020-10-10	Helsinki	Uusimaa (U)	Suomi	60.213345	24.97295	Sure	NEUTRAL	The Atlas of Finnish Fungi
suppilovahvero (fi) — Craterellus tubaeformis	suppilovahvero (fi)	3	2020-10-10	Utajärvi	Oulun Pohjanmaa (OP)	Suomi	64.952626	26.9893	Sure	NEUTRAL	The Atlas of Finnish Fungi
suppilovahvero (fi) — Craterellus tubaeformis	suppilovahvero (fi)		2020-10-10	Rovaniemi	Perä-Pohjanmaa (PeP)	Suomi	66.272948	25.134501	Sure	NEUTRAL	The Atlas of Finnish Fungi
suppilovahvero (fi) — Craterellus tubaeformis	suppilovahvero (fi)		2020-10-10	Mikkeli	Etelä-Savo (ES)	Suomi	61.66867	27.37936		COMMUNITY_VERIFIED	iNaturalist Suomi Finland
suppilovahvero (fi) — Craterellus tubaeformis	suppilovahvero (fi)		2020-10-10	Vantaa	Uusimaa (U)	Suomi	60.33917	24.84222		COMMUNITY_VERIFIED	iNaturalist Suomi Finland
suppilovahvero (fi) — Craterellus tubaeformis	suppilovahvero (fi)		2020-10-10	Vantaa	Uusimaa (U)	Suomi	60.33742	24.84813		COMMUNITY_VERIFIED	iNaturalist Suomi Finland
suppilovahvero (fi) — Craterellus tubaeformis	suppilovahvero (fi)		2020-10-10	Eura	Satakunta (St)	Suomi	61.23223	21.98973		COMMUNITY_VERIFIED	iNaturalist Suomi Finland
suppilovahvero (fi) — Craterellus tubaeformis	suppilovahvero (fi)	7 litraa	2020-10-09	Pello	Perä-Pohjanmaa (PeP)	Suomi	66.740173	24.382962		NEUTRAL	Löydös Open Finnish Observation Database
suppilovahvero (fi) — Craterellus tubaeformis	suppilovahvero (fi)	7 litraa	2020-10-09	Pello	Perä-Pohjanmaa (PeP)	Suomi	66.740173	24.382962		NEUTRAL	Löydös Open Finnish Observation Database
suppilovahvero (fi) — Craterellus tubaeformis	suppilovahvero (fi)		2020-10-08	Vihti	Varsinais-Suomi (V)	Suomi	60.45197	24.56277		COMMUNITY_VERIFIED	iNaturalist Suomi Finland
suppilovahvero (fi) — Craterellus tubaeformis	suppilovahvero (fi)		2020-10-08	Pori	Satakunta (St)	Suomi	61.61966	22.23571		NEUTRAL	iNaturalist Suomi Finland
suppilovahvero (fi) — Craterellus tubaeformis	suppilovahvero (fi)		2020-10-07	Sipoo	Uusimaa (U)	Suomi	60.28899	25.19899		COMMUNITY_VERIFIED	iNaturalist Suomi Finland
suppilovahvero (fi) — Craterellus tubaeformis	suppilovahvero (fi)	20	2020-10-07	Porvoo	Uusimaa (U)	Suomi	60.383165	25.692059	Sure	NEUTRAL	The Atlas of Finnish Fungi
suppilovahvero (fi) — Craterellus tubaeformis	suppilovahvero (fi)		2020-10-06	Helsinki	Uusimaa (U)	Suomi	60.20809	24.95585		COMMUNITY_VERIFIED	iNaturalist Suomi Finland
suppilovahvero (fi) — Craterellus tubaeformis	suppilovahvero (fi)		2020-10-05	Kuusamo	Koillismaa (Ks)	Suomi	66.13724	29.15866		COMMUNITY_VERIFIED	iNaturalist Suomi Finland
suppilovahvero (fi) — Craterellus tubaeformis	suppilovahvero (fi)		2020-10-05	Vantaa	Uusimaa (U)	Suomi	60.3052	24.95367		COMMUNITY_VERIFIED	iNaturalist Suomi Finland
suppilovahvero (fi) — Craterellus tubaeformis	suppilovahvero (fi)		2020-10-05	Vantaa	Uusimaa (U)	Suomi	60.31319	25.12488		COMMUNITY_VERIFIED	iNaturalist Suomi Finland
suppilovahvero (fi) — Craterellus tubaeformis	suppilovahvero (fi)		2020-10-04	Kirkkonummi	Uusimaa (U)	Suomi	60.238354	24.495739	Sure	NEUTRAL	The Atlas of Finnish Fungi
suppilovahvero (fi) — Craterellus tubaeformis	suppilovahvero (fi)	muutamia	2020-10-04	Kokkola	Keski-Pohjanmaa (KP)	Suomi	64.027638	23.515014	Sure	NEUTRAL	The Atlas of Finnish Fungi
suppilovahvero (fi) — Craterellus tubaeformis	suppilovahvero (fi)	satoja	2020-10-04	Kannonkoski, Kivijärvi	Pohjois-Häme (PH)	Suomi	63.02808	25.109584	Sure	NEUTRAL	The Atlas of Finnish Fungi
suppilovahvero (fi) — Craterellus tubaeformis	suppilovahvero (fi)		2020-10-04	Tammela	Etelä-Häme (EH)	Suomi	60.76478	23.88993		COMMUNITY_VERIFIED	iNaturalist Suomi Finland
suppilovahvero (fi) — Craterellus tubaeformis	suppilovahvero (fi)		2020-10-04	Espoo	Uusimaa (U)	Suomi	60.24301	24.61673		COMMUNITY_VERIFIED	iNaturalist Suomi Finland
suppilovahvero (fi) — Craterellus tubaeformis	suppilovahvero (fi)		2020-10-04	Espoo	Uusimaa (U)	Suomi	60.20601	24.6559		COMMUNITY_VERIFIED	iNaturalist Suomi Finland
suppilovahvero (fi) — Craterellus tubaeformis	suppilovahvero (fi)		2020-10-03	Vihti	Varsinais-Suomi (V)	Suomi	60.32127	24.43573		COMMUNITY_VERIFIED	iNaturalist Suomi Finland
suppilovahvero (fi) — Craterellus tubaeformis	suppilovahvero (fi)		2020-10-03	Hämeenlinna	Etelä-Häme (EH)	Suomi	61.219908	25.069511	Sure	NEUTRAL	The Atlas of Finnish Fungi
suppilovahvero (fi) — Craterellus tubaeformis	suppilovahvero (fi)	useita	2020-10-03	Uusikaupunki	Varsinais-Suomi (V)	Suomi	60.790743	21.653734	Sure	NEUTRAL	The Atlas of Finnish Fungi
suppilovahvero (fi) — Craterellus tubaeformis	suppilovahvero (fi)	Vähän	2020-10-03 [11:30]	Kangasniemi, Mikkeli	Pohjois-Savo (PS)	Suomi	61.981459	27.092114	Sure	NEUTRAL	The Atlas of Finnish Fungi
suppilovahvero (fi) — Craterellus tubaeformis	suppilovahvero (fi)		2020-10-03	Sipoo	Uusimaa (U)	Suomi	60.35882	25.28569		COMMUNITY_VERIFIED	iNaturalist Suomi Finland
suppilovahvero (fi) — Craterellus tubaeformis	suppilovahvero (fi)		2020-10-03	Kouvola	Etelä-Savo (ES)	Suomi	61.18637	26.79673		COMMUNITY_VERIFIED	iNaturalist Suomi Finland
suppilovahvero (fi) — Craterellus tubaeformis	suppilovahvero (fi)		2020-10-03	Ylöjärvi	Etelä-Häme (EH)	Suomi	61.86246	23.66201		COMMUNITY_VERIFIED	iNaturalist Suomi Finland
suppilovahvero (fi) — Craterellus tubaeformis	suppilovahvero (fi)		2020-10-03	Espoo	Uusimaa (U)	Suomi	60.31276	24.76447		COMMUNITY_VERIFIED	iNaturalist Suomi Finland
suppilovahvero (fi) — Craterellus tubaeformis	suppilovahvero (fi)		2020-10-03	Varkaus	Pohjois-Savo (PS)	Suomi	62.31417	27.84083		COMMUNITY_VERIFIED	iNaturalist Suomi Finland
suppilovahvero (fi) — Craterellus tubaeformis	suppilovahvero (fi)	kymmeniä	2020-10-02 - 2020-10-03	Kinnula	Pohjois-Häme (PH)	Suomi	63.311044	24.991711	Sure	NEUTRAL	The Atlas of Finnish Fungi
suppilovahvero (fi) — Craterellus tubaeformis	suppilovahvero (fi)	n20	2020-10-02 - 2020-11-24	Somero	Etelä-Häme (EH)	Suomi	60.665075	23.608322	Sure	NEUTRAL	Notebook, general observations
suppilovahvero (fi) — Craterellus tubaeformis	suppilovahvero (fi)	Satoja	2020-10-02	Kihniö	Satakunta (St)	Suomi	62.270332	23.222511	Sure	NEUTRAL	The Atlas of Finnish Fungi
suppilovahvero (fi) — Craterellus tubaeformis	suppilovahvero (fi)		2020-10-02	Kuhmoinen	Etelä-Häme (EH)	Suomi	61.6111	24.8717		COMMUNITY_VERIFIED	iNaturalist Suomi Finland
suppilovahvero (fi) — Craterellus tubaeformis	suppilovahvero (fi)		2020-10-02	Kihniö	Satakunta (St)	Suomi	62.26882	23.22145		COMMUNITY_VERIFIED	iNaturalist Suomi Finland
suppilovahvero (fi) — Craterellus tubaeformis	suppilovahvero (fi)		2020-10-02	Mikkeli	Etelä-Savo (ES)	Suomi	61.70858	27.24568		COMMUNITY_VERIFIED	iNaturalist Suomi Finland
suppilovahvero (fi) — Craterellus tubaeformis	suppilovahvero (fi)		2020-10-02	Lohja	Varsinais-Suomi (V)	Suomi	60.34129	23.76113		COMMUNITY_VERIFIED	iNaturalist Suomi Finland
suppilovahvero (fi) — Craterellus tubaeformis	suppilovahvero (fi)	useita	2020-09-30	Salo	Varsinais-Suomi (V)	Suomi	60.2956	23.240333	Sure	NEUTRAL	The Atlas of Finnish Fungi
suppilovahvero (fi) — Craterellus tubaeformis	suppilovahvero (fi)		2020-09-29	Espoo	Uusimaa (U)	Suomi	60.267551	24.640023	Sure	NEUTRAL	The Atlas of Finnish Fungi
suppilovahvero (fi) — Craterellus tubaeformis	suppilovahvero (fi)		2020-09-29	Saarijärvi	Pohjois-Häme (PH)	Suomi	62.85099	25.47093		COMMUNITY_VERIFIED	iNaturalist Suomi Finland
suppilovahvero (fi) — Craterellus tubaeformis	suppilovahvero (fi)		2020-09-27	Masku, Mynämäki, Naantali	Varsinais-Suomi (V)	Suomi	60.5	21.9		COMMUNITY_VERIFIED	iNaturalist Suomi Finland
suppilovahvero (fi) — Craterellus tubaeformis	suppilovahvero (fi)		2020-09-27	Helsinki	Uusimaa (U)	Suomi	60.26707	24.9315		COMMUNITY_VERIFIED	iNaturalist Suomi Finland
suppilovahvero (fi) — Craterellus tubaeformis	suppilovahvero (fi)	Kymmeniä	2020-09-27	Hämeenkyrö	Satakunta (St)	Suomi	61.554823	23.181864	Sure	NEUTRAL	The Atlas of Finnish Fungi
suppilovahvero (fi) — Craterellus tubaeformis	suppilovahvero (fi)		2020-09-27	Espoo	Uusimaa (U)	Suomi	60.30826	24.51872		COMMUNITY_VERIFIED	iNaturalist Suomi Finland
suppilovahvero (fi) — Craterellus tubaeformis	suppilovahvero (fi)		2020-09-27	Kirkkonummi	Uusimaa (U)	Suomi	60.13436	24.48386		COMMUNITY_VERIFIED	iNaturalist Suomi Finland
suppilovahvero (fi) — Craterellus tubaeformis	suppilovahvero (fi)	1	2020-09-26	Leppävirta	Pohjois-Savo (PS)	Suomi	62.681528	27.543538		NEUTRAL	Löydös Open Finnish Observation Database
suppilovahvero (fi) — Craterellus tubaeformis	suppilovahvero (fi)		2020-09-26	Hollola	Etelä-Häme (EH)	Suomi	60.955263	25.545985	Sure	NEUTRAL	The Atlas of Finnish Fungi
suppilovahvero (fi) — Craterellus tubaeformis	suppilovahvero (fi)	satoja	2020-09-26	Kalajoki	Keski-Pohjanmaa (KP)	Suomi	64.056135	23.626406	Sure	NEUTRAL	The Atlas of Finnish Fungi
suppilovahvero (fi) — Craterellus tubaeformis	suppilovahvero (fi)		2020-09-26	Mäntsälä	Uusimaa (U)	Suomi	60.723094	25.429375	Sure	NEUTRAL	The Atlas of Finnish Fungi
suppilovahvero (fi) — Craterellus tubaeformis	suppilovahvero (fi)		2020-09-26	Espoo	Uusimaa (U)	Suomi	60.317294	24.739971	Sure	NEUTRAL	The Atlas of Finnish Fungi
suppilovahvero (fi) — Craterellus tubaeformis	suppilovahvero (fi)		2020-09-26	Taivalkoski	Koillismaa (Ks)	Suomi	65.281691	28.366528	Sure	NEUTRAL	The Atlas of Finnish Fungi
suppilovahvero (fi) — Craterellus tubaeformis	suppilovahvero (fi)		2020-09-26	Sipoo	Uusimaa (U)	Suomi	60.22643	25.23333		COMMUNITY_VERIFIED	iNaturalist Suomi Finland
suppilovahvero (fi) — Craterellus tubaeformis	suppilovahvero (fi)		2020-09-25	Akaa	Etelä-Häme (EH)	Suomi	61.119744	23.817909	Sure	NEUTRAL	The Atlas of Finnish Fungi
suppilovahvero (fi) — Craterellus tubaeformis	suppilovahvero (fi)		2020-09-23	Vihti	Varsinais-Suomi (V)	Suomi	60.553824	24.470707	Sure	NEUTRAL	The Atlas of Finnish Fungi
suppilovahvero (fi) — Craterellus tubaeformis	suppilovahvero (fi)		2020-09-21	Turku	Varsinais-Suomi (V)	Suomi	60.45888	22.17014		COMMUNITY_VERIFIED	iNaturalist Suomi Finland
suppilovahvero (fi) — Craterellus tubaeformis	suppilovahvero (fi)		2020-09-20	Porvoo	Uusimaa (U)	Suomi	60.3	25.7		COMMUNITY_VERIFIED	iNaturalist Suomi Finland
suppilovahvero (fi) — Craterellus tubaeformis	suppilovahvero (fi)		2020-09-20	Sipoo	Uusimaa (U)	Suomi	60.424209	25.328487	Sure	NEUTRAL	The Atlas of Finnish Fungi
suppilovahvero (fi) — Craterellus tubaeformis	suppilovahvero (fi)	runsaasti	2020-09-20	Närpiö	Etelä-Pohjanmaa (EP)	Suomi	62.375154	21.436009	Sure	NEUTRAL	The Atlas of Finnish Fungi
suppilovahvero (fi) — Craterellus tubaeformis	suppilovahvero (fi)		2020-09-20	Vantaa	Uusimaa (U)	Suomi	60.314	25.12654		COMMUNITY_VERIFIED	iNaturalist Suomi Finland
suppilovahvero (fi) — Craterellus tubaeformis	suppilovahvero (fi)		2020-09-20	Uusikaupunki	Varsinais-Suomi (V)	Suomi	60.89713	21.4006		COMMUNITY_VERIFIED	iNaturalist Suomi Finland
suppilovahvero (fi) — Craterellus tubaeformis	suppilovahvero (fi)		2020-09-20	Lieksa	Pohjois-Karjala (PK)	Suomi	63.4492	30.33494		COMMUNITY_VERIFIED	iNaturalist Suomi Finland
suppilovahvero (fi) — Craterellus tubaeformis	suppilovahvero (fi)		2020-09-20	Tammela	Etelä-Häme (EH)	Suomi	60.6568	23.89648		COMMUNITY_VERIFIED	iNaturalist Suomi Finland
suppilovahvero (fi) — Craterellus tubaeformis	suppilovahvero (fi)		2020-09-20	Vantaa	Uusimaa (U)	Suomi	60.33487	25.08917		COMMUNITY_VERIFIED	iNaturalist Suomi Finland
suppilovahvero (fi) — Craterellus tubaeformis	suppilovahvero (fi)		2020-09-20	Hämeenkyrö, Ikaalinen	Satakunta (St)	Suomi	61.746979	23.114795	Sure	NEUTRAL	The Atlas of Finnish Fungi
suppilovahvero (fi) — Craterellus tubaeformis	suppilovahvero (fi)		2020-09-19	Vehmaa	Varsinais-Suomi (V)	Suomi	60.72653	21.71308		COMMUNITY_VERIFIED	iNaturalist Suomi Finland
suppilovahvero (fi) — Craterellus tubaeformis	suppilovahvero (fi)		2020-09-19	Kuopio, Siilinjärvi	Pohjois-Savo (PS)	Suomi	62.9	27.7		COMMUNITY_VERIFIED	iNaturalist Suomi Finland
suppilovahvero (fi) — Craterellus tubaeformis	suppilovahvero (fi)		2020-09-19	Joensuu, Kontiolahti	Pohjois-Karjala (PK)	Suomi	62.7	30.1		COMMUNITY_VERIFIED	iNaturalist Suomi Finland
suppilovahvero (fi) — Craterellus tubaeformis	suppilovahvero (fi)		2020-09-19	Rovaniemi	Perä-Pohjanmaa (PeP)	Suomi	66.380198	25.220814	Sure	NEUTRAL	The Atlas of Finnish Fungi
suppilovahvero (fi) — Craterellus tubaeformis	suppilovahvero (fi)	10	2020-09-19	Puolanka	Kainuu (Kn)	Suomi	65.15844	27.972378	Sure	EXPERT_VERIFIED	The Atlas of Finnish Fungi
suppilovahvero (fi) — Craterellus tubaeformis	suppilovahvero (fi)	runsaasti läpi alueen	2020-09-19	Sipoo	Uusimaa (U)	Suomi	60.354581	25.202718	Sure	NEUTRAL	The Atlas of Finnish Fungi
suppilovahvero (fi) — Craterellus tubaeformis	suppilovahvero (fi)		2020-09-19	Heinola	Etelä-Häme (EH)	Suomi	61.182278	25.930496	Sure	NEUTRAL	The Atlas of Finnish Fungi
suppilovahvero (fi) — Craterellus tubaeformis	suppilovahvero (fi)		2020-09-19	Urjala	Etelä-Häme (EH)	Suomi	61.04927	23.46173		COMMUNITY_VERIFIED	iNaturalist Suomi Finland
suppilovahvero (fi) — Craterellus tubaeformis	suppilovahvero (fi)		2020-09-19	Sipoo	Uusimaa (U)	Suomi	60.33001	25.15418		COMMUNITY_VERIFIED	iNaturalist Suomi Finland
suppilovahvero (fi) — Craterellus tubaeformis	suppilovahvero (fi)		2020-09-19	Nurmijärvi	Uusimaa (U)	Suomi	60.3895	24.7573		COMMUNITY_VERIFIED	iNaturalist Suomi Finland
suppilovahvero (fi) — Craterellus tubaeformis	suppilovahvero (fi)		2020-09-19	Raasepori	Uusimaa (U)	Suomi	59.96964	23.7634		COMMUNITY_VERIFIED	iNaturalist Suomi Finland
suppilovahvero (fi) — Craterellus tubaeformis	suppilovahvero (fi)		2020-09-19	Sastamala	Satakunta (St)	Suomi	61.47867	22.53315		COMMUNITY_VERIFIED	iNaturalist Suomi Finland
suppilovahvero (fi) — Craterellus tubaeformis	suppilovahvero (fi)		2020-09-19	Kirkkonummi	Uusimaa (U)	Suomi	60.14238	24.37266		COMMUNITY_VERIFIED	iNaturalist Suomi Finland
suppilovahvero (fi) — Craterellus tubaeformis	suppilovahvero (fi)		2020-09-19	Lahti	Etelä-Häme (EH)	Suomi	60.942476	25.763442	Sure	NEUTRAL	The Atlas of Finnish Fungi
suppilovahvero (fi) — Craterellus tubaeformis	suppilovahvero (fi)	Runsaasti	2020-09-18	Kitee	Pohjois-Karjala (PK)	Suomi	62.087528	30.150191	Sure	NEUTRAL	The Atlas of Finnish Fungi
suppilovahvero (fi) — Craterellus tubaeformis	suppilovahvero (fi)		2020-09-18	Kitee	Pohjois-Karjala (PK)	Suomi	62.088	30.153	Sure	NEUTRAL	The Atlas of Finnish Fungi
suppilovahvero (fi) — Craterellus tubaeformis	suppilovahvero (fi)		2020-09-18	Kitee	Pohjois-Karjala (PK)	Suomi	62.088	30.154	Sure	NEUTRAL	The Atlas of Finnish Fungi
suppilovahvero (fi) — Craterellus tubaeformis	suppilovahvero (fi)		2020-09-18	Karkkila	Varsinais-Suomi (V)	Suomi	60.53515	24.15971		COMMUNITY_VERIFIED	iNaturalist Suomi Finland
suppilovahvero (fi) — Craterellus tubaeformis	suppilovahvero (fi)		2020-09-17	Suomussalmi	Kainuu (Kn)	Suomi	65.445778	29.687517	Sure	NEUTRAL	The Atlas of Finnish Fungi
suppilovahvero (fi) — Craterellus tubaeformis	suppilovahvero (fi)	muutama kymmenen kpl	2020-09-17	Sodankylä	Sompion Lappi (SoL)	Suomi	68.177899	28.588944	Sure	EXPERT_VERIFIED	The Atlas of Finnish Fungi
suppilovahvero (fi) — Craterellus tubaeformis	suppilovahvero (fi)		2020-09-17	Kontiolahti	Pohjois-Karjala (PK)	Suomi	62.87639	29.8684		COMMUNITY_VERIFIED	iNaturalist Suomi Finland
suppilovahvero (fi) — Craterellus tubaeformis	suppilovahvero (fi)		2020-09-16	Lohja	Varsinais-Suomi (V)	Suomi	60.577754	23.982868	Sure	NEUTRAL	The Atlas of Finnish Fungi
suppilovahvero (fi) — Craterellus tubaeformis	suppilovahvero (fi)		2020-09-16	Lohja	Varsinais-Suomi (V)	Suomi	60.572943	23.964978	Sure	NEUTRAL	The Atlas of Finnish Fungi
suppilovahvero (fi) — Craterellus tubaeformis	suppilovahvero (fi)		2020-09-16	Espoo	Uusimaa (U)	Suomi	60.30507	24.72933		COMMUNITY_VERIFIED	iNaturalist Suomi Finland
suppilovahvero (fi) — Craterellus tubaeformis	suppilovahvero (fi)		2020-09-15	Puolanka	Kainuu (Kn)	Suomi	64.705361	27.975809	Sure	NEUTRAL	The Atlas of Finnish Fungi
suppilovahvero (fi) — Craterellus tubaeformis	suppilovahvero (fi)		2020-09-14	Kirkkonummi	Uusimaa (U)	Suomi	60.279962	24.489738	Sure	NEUTRAL	The Atlas of Finnish Fungi
suppilovahvero (fi) — Craterellus tubaeformis	suppilovahvero (fi)		2020-09-14	Karkkila	Varsinais-Suomi (V)	Suomi	60.53263	24.18292		COMMUNITY_VERIFIED	iNaturalist Suomi Finland
suppilovahvero (fi) — Craterellus tubaeformis	suppilovahvero (fi)		2020-09-14	Espoo	Uusimaa (U)	Suomi	60.18657	24.7044		COMMUNITY_VERIFIED	iNaturalist Suomi Finland
suppilovahvero (fi) — Craterellus tubaeformis	suppilovahvero (fi)		2020-09-14	Kontiolahti	Pohjois-Karjala (PK)	Suomi	62.77641	30.02724		COMMUNITY_VERIFIED	iNaturalist Suomi Finland
suppilovahvero (fi) — Craterellus tubaeformis	suppilovahvero (fi)		2020-09-13	Varkaus	Pohjois-Savo (PS)	Suomi	62.277068	28.146179	Sure	NEUTRAL	The Atlas of Finnish Fungi
suppilovahvero (fi) — Craterellus tubaeformis	suppilovahvero (fi)		2020-09-13	Loppi	Etelä-Häme (EH)	Suomi	60.791534	24.169418	Sure	NEUTRAL	The Atlas of Finnish Fungi
suppilovahvero (fi) — Craterellus tubaeformis	suppilovahvero (fi)		2020-09-13	Hollola	Etelä-Häme (EH)	Suomi	61.018811	25.515984	Sure	NEUTRAL	The Atlas of Finnish Fungi
suppilovahvero (fi) — Craterellus tubaeformis	suppilovahvero (fi)		2020-09-13	Iisalmi	Pohjois-Savo (PS)	Suomi	63.65312	27.19404		COMMUNITY_VERIFIED	iNaturalist Suomi Finland
suppilovahvero (fi) — Craterellus tubaeformis	suppilovahvero (fi)		2020-09-13	Sipoo	Uusimaa (U)	Suomi	60.33032	25.15024		COMMUNITY_VERIFIED	iNaturalist Suomi Finland
suppilovahvero (fi) — Craterellus tubaeformis	suppilovahvero (fi)		2020-09-13	Vantaa	Uusimaa (U)	Suomi	60.28092	25.1659		COMMUNITY_VERIFIED	iNaturalist Suomi Finland
suppilovahvero (fi) — Craterellus tubaeformis	suppilovahvero (fi)		2020-09-12	Kontiolahti	Pohjois-Karjala (PK)	Suomi	62.688461	29.790301	Sure	NEUTRAL	Notebook, general observations
suppilovahvero (fi) — Craterellus tubaeformis	suppilovahvero (fi)		2020-09-12	Asikkala	Etelä-Häme (EH)	Suomi	61.1684	25.866653	Sure	NEUTRAL	The Atlas of Finnish Fungi
suppilovahvero (fi) — Craterellus tubaeformis	suppilovahvero (fi)		2020-09-12	Siuntio	Uusimaa (U)	Suomi	60.063965	24.287689	Sure	NEUTRAL	The Atlas of Finnish Fungi
suppilovahvero (fi) — Craterellus tubaeformis	suppilovahvero (fi)	>10	2020-09-12	Vaasa	Etelä-Pohjanmaa (EP)	Suomi	63.103038	21.741121	Sure	NEUTRAL	The Atlas of Finnish Fungi
suppilovahvero (fi) — Craterellus tubaeformis	suppilovahvero (fi)	>10	2020-09-12	Vaasa	Etelä-Pohjanmaa (EP)	Suomi	63.103114	21.741012	Sure	NEUTRAL	The Atlas of Finnish Fungi
suppilovahvero (fi) — Craterellus tubaeformis	suppilovahvero (fi)		2020-09-11	Pöytyä	Varsinais-Suomi (V)	Suomi	60.771373	22.760059	Sure	NEUTRAL	The Atlas of Finnish Fungi
suppilovahvero (fi) — Craterellus tubaeformis	suppilovahvero (fi)		2020-09-11	Pyhäjärvi	Keski-Pohjanmaa (KP)	Suomi	63.79667	26.14497	Sure	NEUTRAL	The Atlas of Finnish Fungi
suppilovahvero (fi) — Craterellus tubaeformis	suppilovahvero (fi)		2020-09-11	Nurmijärvi	Uusimaa (U)	Suomi	60.40635	24.75429		COMMUNITY_VERIFIED	iNaturalist Suomi Finland
suppilovahvero (fi) — Craterellus tubaeformis	suppilovahvero (fi)	1	2020-09-11	Vaala	Kainuu (Kn), Oulun Pohjanmaa (OP)	Suomi	64.560453	26.975701	Sure	NEUTRAL	The Atlas of Finnish Fungi
suppilovahvero (fi) — Craterellus tubaeformis	suppilovahvero (fi)	runsas	2020-09-11	Toivakka	Pohjois-Häme (PH)	Suomi	62.044863	26.180572	Sure	NEUTRAL	Notebook, general observations
suppilovahvero (fi) — Craterellus tubaeformis	suppilovahvero (fi)		2020-09-10	Helsinki, Sipoo	Uusimaa (U)	Suomi	60.1	25.1		COMMUNITY_VERIFIED	iNaturalist Suomi Finland
suppilovahvero (fi) — Craterellus tubaeformis	suppilovahvero (fi)		2020-09-10	Virolahti	Etelä-Karjala (EK)	Suomi	60.529257	27.571006	Sure	NEUTRAL	The Atlas of Finnish Fungi
suppilovahvero (fi) — Craterellus tubaeformis	suppilovahvero (fi)		2020-09-10	Ylöjärvi	Etelä-Häme (EH)	Suomi	62.07224	23.68143		COMMUNITY_VERIFIED	iNaturalist Suomi Finland
suppilovahvero (fi) — Craterellus tubaeformis	suppilovahvero (fi)		2020-09-09	Miehikkälä	Etelä-Karjala (EK)	Suomi	60.740216	27.656563	Sure	NEUTRAL	The Atlas of Finnish Fungi
suppilovahvero (fi) — Craterellus tubaeformis	suppilovahvero (fi)	kymmeniä	2020-09-09	Kangasala, Pälkäne	Etelä-Häme (EH)	Suomi	61.415931	24.280836	Sure	NEUTRAL	The Atlas of Finnish Fungi
suppilovahvero (fi) — Craterellus tubaeformis	suppilovahvero (fi)		2020-09-09	Kontiolahti	Pohjois-Karjala (PK)	Suomi	62.68756	29.63943		COMMUNITY_VERIFIED	iNaturalist Suomi Finland
suppilovahvero (fi) — Craterellus tubaeformis	suppilovahvero (fi)		2020-09-08	Alavus, Seinäjoki	Etelä-Pohjanmaa (EP)	Suomi	62.7	23.1		COMMUNITY_VERIFIED	iNaturalist Suomi Finland
suppilovahvero (fi) — Craterellus tubaeformis	suppilovahvero (fi)		2020-09-08	Kolari	Kittilän Lappi (KiL)	Suomi	67.288358	24.205123		NEUTRAL	Löydös Open Finnish Observation Database
suppilovahvero (fi) — Craterellus tubaeformis	suppilovahvero (fi)		2020-09-08	Miehikkälä	Etelä-Karjala (EK)	Suomi	60.691059	27.65159	Sure	EXPERT_VERIFIED	The Atlas of Finnish Fungi
suppilovahvero (fi) — Craterellus tubaeformis	suppilovahvero (fi)	500	2020-09-07	Sotkamo	Kainuu (Kn)	Suomi	64.063053	27.931007		NEUTRAL	LajiGIS: Species mapping and surveys
suppilovahvero (fi) — Craterellus tubaeformis	suppilovahvero (fi)		2020-09-06	Rovaniemi	Perä-Pohjanmaa (PeP)	Suomi	66.419568	25.173201	Sure	EXPERT_VERIFIED	The Atlas of Finnish Fungi
suppilovahvero (fi) — Craterellus tubaeformis	suppilovahvero (fi)		2020-09-06	Nurmijärvi	Uusimaa (U)	Suomi	60.4596	24.85885		COMMUNITY_VERIFIED	iNaturalist Suomi Finland
suppilovahvero (fi) — Craterellus tubaeformis	suppilovahvero (fi)		2020-09-06	Vantaa	Uusimaa (U)	Suomi	60.35422	25.06823		COMMUNITY_VERIFIED	iNaturalist Suomi Finland
suppilovahvero (fi) — Craterellus tubaeformis	suppilovahvero (fi)		2020-09-06	Turku	Varsinais-Suomi (V)	Suomi	60.64285	22.40403		COMMUNITY_VERIFIED	iNaturalist Suomi Finland
suppilovahvero (fi) — Craterellus tubaeformis	suppilovahvero (fi)		2020-09-06	Pelkosenniemi	Sompion Lappi (SoL)	Suomi	67.01799	27.2319		NEUTRAL	Aphyllophorales Fennoscandiae orientalis
suppilovahvero (fi) — Craterellus tubaeformis	suppilovahvero (fi)	Satoja	2020-09-05	Riihimäki	Etelä-Häme (EH)	Suomi	60.721357	24.804692	Sure	NEUTRAL	The Atlas of Finnish Fungi
suppilovahvero (fi) — Craterellus tubaeformis	suppilovahvero (fi)		2020-09-05	Vantaa	Uusimaa (U)	Suomi	60.27399	25.12572		COMMUNITY_VERIFIED	iNaturalist Suomi Finland
suppilovahvero (fi) — Craterellus tubaeformis	suppilovahvero (fi)	useita	2020-09-05	Salo	Varsinais-Suomi (V)	Suomi	60.496337	23.06597	Sure	EXPERT_VERIFIED	The Atlas of Finnish Fungi
suppilovahvero (fi) — Craterellus tubaeformis	suppilovahvero (fi)		2020-09-05	Eurajoki	Satakunta (St)	Suomi	61.22297	21.73253		COMMUNITY_VERIFIED	iNaturalist Suomi Finland
suppilovahvero (fi) — Craterellus tubaeformis	suppilovahvero (fi)		2020-09-05	Helsinki	Uusimaa (U)	Suomi	60.22944	25.05021		COMMUNITY_VERIFIED	iNaturalist Suomi Finland
suppilovahvero (fi) — Craterellus tubaeformis	suppilovahvero (fi)		2020-09-05	Nokia	Etelä-Häme (EH)	Suomi	61.47512	23.3445		COMMUNITY_VERIFIED	iNaturalist Suomi Finland
suppilovahvero (fi) — Craterellus tubaeformis	suppilovahvero (fi)		2020-09-05	Sastamala	Satakunta (St)	Suomi	61.52205	22.61835		COMMUNITY_VERIFIED	iNaturalist Suomi Finland
suppilovahvero (fi) — Craterellus tubaeformis	suppilovahvero (fi)		2020-09-05	Helsinki	Uusimaa (U)	Suomi	60.19691	25.01619		COMMUNITY_VERIFIED	iNaturalist Suomi Finland
suppilovahvero (fi) — Craterellus tubaeformis	suppilovahvero (fi)		2020-09-04	Alavus	Etelä-Pohjanmaa (EP)	Suomi	62.49361	23.68911		COMMUNITY_VERIFIED	iNaturalist Suomi Finland
suppilovahvero (fi) — Craterellus tubaeformis	suppilovahvero (fi)		2020-09-04	Mäntsälä	Uusimaa (U)	Suomi	60.61278	25.22305		COMMUNITY_VERIFIED	iNaturalist Suomi Finland
suppilovahvero (fi) — Craterellus tubaeformis	suppilovahvero (fi)	40	2020-09-03	Oulu	Oulun Pohjanmaa (OP)	Suomi	65.016504	25.817062	Sure	NEUTRAL	The Atlas of Finnish Fungi
suppilovahvero (fi) — Craterellus tubaeformis	suppilovahvero (fi)	500	2020-09-03	Sotkamo	Kainuu (Kn)	Suomi	64.061879	27.924582		NEUTRAL	LajiGIS: Species mapping and surveys
suppilovahvero (fi) — Craterellus tubaeformis	suppilovahvero (fi)		2020-09-02	Helsinki	Uusimaa (U)	Suomi	60.25646	25.16641		COMMUNITY_VERIFIED	iNaturalist Suomi Finland
suppilovahvero (fi) — Craterellus tubaeformis	suppilovahvero (fi)	100	2020-09-02	Sotkamo	Kainuu (Kn)	Suomi	64.068399	27.921869		NEUTRAL	LajiGIS: Species mapping and surveys
suppilovahvero (fi) — Craterellus tubaeformis	suppilovahvero (fi)		2020-09-01	Helsinki	Uusimaa (U)	Suomi	60.24322	25.06165		COMMUNITY_VERIFIED	iNaturalist Suomi Finland
suppilovahvero (fi) — Craterellus tubaeformis	suppilovahvero (fi)		2020-09-01	Helsinki	Uusimaa (U)	Suomi	60.26237	24.9149		COMMUNITY_VERIFIED	iNaturalist Suomi Finland
suppilovahvero (fi) — Craterellus tubaeformis	suppilovahvero (fi)		2020-08-31	Mikkeli	Etelä-Savo (ES)	Suomi	61.69965	27.30954		NEUTRAL	iNaturalist Suomi Finland
suppilovahvero (fi) — Craterellus tubaeformis	suppilovahvero (fi)		2020-08-31	Vihti	Varsinais-Suomi (V)	Suomi	60.529462	24.560224	Sure	NEUTRAL	The Atlas of Finnish Fungi
suppilovahvero (fi) — Craterellus tubaeformis	suppilovahvero (fi)		2020-08-31	Mikkeli	Etelä-Savo (ES)	Suomi	61.69934	27.30908		COMMUNITY_VERIFIED	iNaturalist Suomi Finland
suppilovahvero (fi) — Craterellus tubaeformis	suppilovahvero (fi)		2020-08-30	Vehmaa	Varsinais-Suomi (V)	Suomi	60.74542	21.75615		COMMUNITY_VERIFIED	iNaturalist Suomi Finland
suppilovahvero (fi) — Craterellus tubaeformis	suppilovahvero (fi)		2020-08-30	Suomussalmi, Taivalkoski	Kainuu (Kn), Koillismaa (Ks)	Suomi	65.274154	28.442002	Sure	NEUTRAL	The Atlas of Finnish Fungi
suppilovahvero (fi) — Craterellus tubaeformis	suppilovahvero (fi)		2020-08-30	Vantaa	Uusimaa (U)	Suomi	60.31081	25.05854		COMMUNITY_VERIFIED	iNaturalist Suomi Finland
suppilovahvero (fi) — Craterellus tubaeformis	suppilovahvero (fi)		2020-08-28	Vehmaa	Varsinais-Suomi (V)	Suomi	60.74542	21.75615		COMMUNITY_VERIFIED	iNaturalist Suomi Finland
suppilovahvero (fi) — Craterellus tubaeformis	suppilovahvero (fi)		2020-08-28	Kuopio, Siilinjärvi	Pohjois-Savo (PS)	Suomi	62.9	27.5		COMMUNITY_VERIFIED	iNaturalist Suomi Finland
suppilovahvero (fi) — Craterellus tubaeformis	suppilovahvero (fi)	useita	2020-08-28	Salo	Varsinais-Suomi (V)	Suomi	60.202134	22.935072	Sure	NEUTRAL	The Atlas of Finnish Fungi
suppilovahvero (fi) — Craterellus tubaeformis	suppilovahvero (fi)		2020-08-28	Sipoo	Uusimaa (U)	Suomi	60.34281	25.21157		COMMUNITY_VERIFIED	iNaturalist Suomi Finland
suppilovahvero (fi) — Craterellus tubaeformis	suppilovahvero (fi)		2020-08-28	Helsinki	Uusimaa (U)	Suomi	60.23008	25.14694		COMMUNITY_VERIFIED	iNaturalist Suomi Finland
suppilovahvero (fi) — Craterellus tubaeformis	suppilovahvero (fi)		2020-08-27	Helsinki	Uusimaa (U)	Suomi	60.23722	25.11408		COMMUNITY_VERIFIED	iNaturalist Suomi Finland
suppilovahvero (fi) — Craterellus tubaeformis	suppilovahvero (fi)		2020-08-26	Vihti	Varsinais-Suomi (V)	Suomi	60.524964	24.470068	Sure	NEUTRAL	The Atlas of Finnish Fungi
suppilovahvero (fi) — Craterellus tubaeformis	suppilovahvero (fi)		2020-08-26	Espoo	Uusimaa (U)	Suomi	60.24094	24.81834		COMMUNITY_VERIFIED	iNaturalist Suomi Finland
suppilovahvero (fi) — Craterellus tubaeformis	suppilovahvero (fi)	2 pientä ryhmää	2020-08-26	Salo	Varsinais-Suomi (V)	Suomi	60.496386	23.066482	Sure	NEUTRAL	The Atlas of Finnish Fungi
suppilovahvero (fi) — Craterellus tubaeformis	suppilovahvero (fi)	lukuisia	2020-08-25	Tuusula	Uusimaa (U)	Suomi	60.446081	24.986013	Sure	NEUTRAL	The Atlas of Finnish Fungi
suppilovahvero (fi) — Craterellus tubaeformis	suppilovahvero (fi)		2020-08-25	Tuusula	Uusimaa (U)	Suomi	60.445902	24.986486	Sure	NEUTRAL	The Atlas of Finnish Fungi
suppilovahvero (fi) — Craterellus tubaeformis	suppilovahvero (fi)		2020-08-24	Helsinki, Porvoo, Sipoo	Uusimaa (U)	Suomi	60.3	25.3		NEUTRAL	iNaturalist Suomi Finland
suppilovahvero (fi) — Craterellus tubaeformis	suppilovahvero (fi)		2020-08-23	Riihimäki	Etelä-Häme (EH)	Suomi	60.76051	24.79718		COMMUNITY_VERIFIED	iNaturalist Suomi Finland
suppilovahvero (fi) — Craterellus tubaeformis	suppilovahvero (fi)		2020-08-23	Helsinki	Uusimaa (U)	Suomi	60.236088	25.180431	Sure	NEUTRAL	The Atlas of Finnish Fungi
suppilovahvero (fi) — Craterellus tubaeformis	suppilovahvero (fi)		2020-08-23	Hämeenlinna	Etelä-Häme (EH)	Suomi	60.83377	24.41749		COMMUNITY_VERIFIED	iNaturalist Suomi Finland
suppilovahvero (fi) — Craterellus tubaeformis	suppilovahvero (fi)		2020-08-19	Helsinki	Uusimaa (U)	Suomi	60.23463	25.14209		COMMUNITY_VERIFIED	iNaturalist Suomi Finland
suppilovahvero (fi) — Craterellus tubaeformis	suppilovahvero (fi)		2020-08-15	Helsinki	Uusimaa (U)	Suomi	60.23533	25.13873		COMMUNITY_VERIFIED	iNaturalist Suomi Finland
suppilovahvero (fi) — Craterellus tubaeformis	suppilovahvero (fi)		2020-08-08	Helsinki, Porvoo, Sipoo	Uusimaa (U)	Suomi	60.3	25.3		COMMUNITY_VERIFIED	iNaturalist Suomi Finland
suppilovahvero (fi) — Craterellus tubaeformis	suppilovahvero (fi)		2020-08-08	Kotka, Pyhtää	Etelä-Karjala (EK), Uusimaa (U)	Suomi	60.5	26.9		COMMUNITY_VERIFIED	iNaturalist Suomi Finland
suppilovahvero (fi) — Craterellus tubaeformis	suppilovahvero (fi)		2020-08-04	Hanko	Uusimaa (U)	Suomi	59.854871	23.071391	Sure	NEUTRAL	The Atlas of Finnish Fungi
suppilovahvero (fi) — Craterellus tubaeformis	suppilovahvero (fi)	N. 30	2020-08-03	Kaarina	Varsinais-Suomi (V)	Suomi	60.40357	22.284015	Sure	NEUTRAL	The Atlas of Finnish Fungi
suppilovahvero (fi) — Craterellus tubaeformis	suppilovahvero (fi)		2020-08-01	Kauniainen	Uusimaa (U)	Suomi	60.213593	24.682613	Sure	NEUTRAL	The Atlas of Finnish Fungi
suppilovahvero (fi) — Craterellus tubaeformis	suppilovahvero (fi)		2020-08-01	Vihti	Varsinais-Suomi (V)	Suomi	60.36291	24.483474	Sure	EXPERT_VERIFIED	The Atlas of Finnish Fungi
suppilovahvero (fi) — Craterellus tubaeformis	suppilovahvero (fi)		2020-02-16	Hollola	Etelä-Häme (EH)	Suomi	60.98721	25.49587		COMMUNITY_VERIFIED	iNaturalist Suomi Finland
suppilovahvero (fi) — Craterellus tubaeformis	suppilovahvero (fi)		2020-02-02	Helsinki	Uusimaa (U)	Suomi	60.28289	25.213245	Sure	NEUTRAL	The Atlas of Finnish Fungi
suppilovahvero (fi) — Craterellus tubaeformis	suppilovahvero (fi)	1	2020-02-02	Espoo	Uusimaa (U)	Suomi	60.285948	24.716438	Sure	NEUTRAL	Notebook, general observations
suppilovahvero (fi) — Craterellus tubaeformis	suppilovahvero (fi)	5	2020-02-01	Porvoo	Uusimaa (U)	Suomi	60.272153	25.760909	Sure	NEUTRAL	The Atlas of Finnish Fungi
suppilovahvero (fi) — Craterellus tubaeformis	suppilovahvero (fi)		2020-02-01	Porvoo	Uusimaa (U)	Suomi	60.363671	25.881003		NEUTRAL	Aphyllophorales Fennoscandiae orientalis
suppilovahvero (fi) — Craterellus tubaeformis	suppilovahvero (fi)	>5	2020-01-19	Hämeenlinna	Etelä-Häme (EH)	Suomi	60.941481	24.359187	Sure	EXPERT_VERIFIED	The Atlas of Finnish Fungi
suppilovahvero (fi) — Craterellus tubaeformis	suppilovahvero (fi)		2020-01-18	Hämeenkyrö, Nokia, Sastamala	Satakunta (St)	Suomi	61.478416	23.14849	Sure	NEUTRAL	The Atlas of Finnish Fungi
suppilovahvero (fi) — Craterellus tubaeformis	suppilovahvero (fi)		2020-01-10	Espoo, Kauniainen, Nurmijärvi, Vantaa, Vihti	Uusimaa (U), Varsinais-Suomi (V)	Suomi	60.3	24.7		NEUTRAL	iNaturalist Suomi Finland
suppilovahvero (fi) — Craterellus tubaeformis	suppilovahvero (fi)		2020-01-05	Sipoo	Uusimaa (U)	Suomi	60.302922	25.186399	Sure	NEUTRAL	The Atlas of Finnish Fungi
suppilovahvero (fi) — Craterellus tubaeformis	suppilovahvero (fi)		2020-01-04	Padasjoki	Etelä-Häme (EH)	Suomi	61.32202	24.95052		COMMUNITY_VERIFIED	iNaturalist Suomi Finland
suppilovahvero (fi) — Craterellus tubaeformis	suppilovahvero (fi)	kymmeniä	2019-12-26	Espoo	Uusimaa (U)	Suomi	60.167696	24.828279	Sure	NEUTRAL	The Atlas of Finnish Fungi
suppilovahvero (fi) — Craterellus tubaeformis	suppilovahvero (fi)		2019-12-26	Sipoo	Uusimaa (U)	Suomi	60.342791	25.214913	Sure	NEUTRAL	Notebook, general observations
suppilovahvero (fi) — Craterellus tubaeformis	suppilovahvero (fi)	n10	2019-12-18 [11:05-17:29]	Somero	Etelä-Häme (EH)	Suomi	60.665075	23.608322	Sure	NEUTRAL	Notebook, general observations
suppilovahvero (fi) — Craterellus tubaeformis	suppilovahvero (fi)	20	2019-12-13	Mäntsälä	Uusimaa (U)	Suomi	60.622494	25.303976	Sure	NEUTRAL	The Atlas of Finnish Fungi
suppilovahvero (fi) — Craterellus tubaeformis	suppilovahvero (fi)	Yksi esiintymä	2019-12-06 [14:00]	Helsinki, Sipoo	Uusimaa (U)	Suomi	60.173105	25.105165	Sure	NEUTRAL	The Atlas of Finnish Fungi
suppilovahvero (fi) — Craterellus tubaeformis	suppilovahvero (fi)		2019-11-16	Vantaa	Uusimaa (U)	Suomi	60.337631	25.036626	Sure	NEUTRAL	The Atlas of Finnish Fungi
suppilovahvero (fi) — Craterellus tubaeformis	suppilovahvero (fi)	30	2019-11-09	Kokemäki, Sastamala	Satakunta (St)	Suomi	61.371899	22.599805	Sure	NEUTRAL	Notebook, general observations
suppilovahvero (fi) — Craterellus tubaeformis	suppilovahvero (fi)		2019-11-03	Vantaa	Uusimaa (U)	Suomi	60.274775	24.834885	Sure	NEUTRAL	The Atlas of Finnish Fungi
suppilovahvero (fi) — Craterellus tubaeformis	suppilovahvero (fi)	20	2019-10-29	Porvoo	Uusimaa (U)	Suomi	60.352841	25.735146	Sure	NEUTRAL	The Atlas of Finnish Fungi
suppilovahvero (fi) — Craterellus tubaeformis	suppilovahvero (fi)	20+	2019-10-27	Ruovesi	Etelä-Häme (EH)	Suomi	62.058115	23.934917	Sure	NEUTRAL	The Atlas of Finnish Fungi
suppilovahvero (fi) — Craterellus tubaeformis	suppilovahvero (fi)		2019-10-26	Vantaa	Uusimaa (U)	Suomi	60.249152	25.158016	Sure	NEUTRAL	The Atlas of Finnish Fungi
suppilovahvero (fi) — Craterellus tubaeformis	suppilovahvero (fi)		2019-10-26	Karkkila	Varsinais-Suomi (V)	Suomi	60.537329	24.395581	Sure	NEUTRAL	The Atlas of Finnish Fungi
suppilovahvero (fi) — Craterellus tubaeformis	suppilovahvero (fi)		2019-10-26	Nurmijärvi	Uusimaa (U)	Suomi	60.37204	24.77343		COMMUNITY_VERIFIED	iNaturalist Suomi Finland
suppilovahvero (fi) — Craterellus tubaeformis	suppilovahvero (fi)		2019-10-24	Kurikka	Etelä-Pohjanmaa (EP)	Suomi	62.7709	21.8883	Sure	NEUTRAL	The Atlas of Finnish Fungi
suppilovahvero (fi) — Craterellus tubaeformis	suppilovahvero (fi)	100	2019-10-23	Porvoo	Uusimaa (U)	Suomi	60.360849	25.789988	Sure	NEUTRAL	The Atlas of Finnish Fungi
suppilovahvero (fi) — Craterellus tubaeformis	suppilovahvero (fi)	10	2019-10-22	Porvoo	Uusimaa (U)	Suomi	60.35504	25.669615	Sure	NEUTRAL	The Atlas of Finnish Fungi
suppilovahvero (fi) — Craterellus tubaeformis	suppilovahvero (fi)	muutama	2019-10-22	Kustavi	Varsinais-Suomi (V)	Suomi	60.593712	21.385452	Sure	NEUTRAL	The Atlas of Finnish Fungi
suppilovahvero (fi) — Craterellus tubaeformis	suppilovahvero (fi)		2019-10-21	Pyhtää	Uusimaa (U)	Suomi	60.593811	26.626305	Sure	NEUTRAL	The Atlas of Finnish Fungi
suppilovahvero (fi) — Craterellus tubaeformis	suppilovahvero (fi)		2019-10-20	Helsinki	Uusimaa (U)	Suomi	60.270291	25.230698	Sure	NEUTRAL	The Atlas of Finnish Fungi
suppilovahvero (fi) — Craterellus tubaeformis	suppilovahvero (fi)		2019-10-20	Helsinki	Uusimaa (U)	Suomi	60.184039	25.07723	Sure	EXPERT_VERIFIED	The Atlas of Finnish Fungi
suppilovahvero (fi) — Craterellus tubaeformis	suppilovahvero (fi)		2019-10-20	Sipoo	Uusimaa (U)	Suomi	60.3	25.34		COMMUNITY_VERIFIED	iNaturalist Suomi Finland
suppilovahvero (fi) — Craterellus tubaeformis	suppilovahvero (fi)		2019-10-19	Porvoo	Uusimaa (U)	Suomi	60.471763	25.776941	Sure	NEUTRAL	The Atlas of Finnish Fungi
suppilovahvero (fi) — Craterellus tubaeformis	suppilovahvero (fi)	runsas	2019-10-19 [12:27] - 2019-10-20 [16:05]	Somero	Etelä-Häme (EH)	Suomi	60.665075	23.608322	Sure	NEUTRAL	Notebook, general observations
suppilovahvero (fi) — Craterellus tubaeformis	suppilovahvero (fi)		2019-10-19	Helsinki, Sipoo, Vantaa	Uusimaa (U)	Suomi	60.265271	25.280542	Sure	NEUTRAL	The Atlas of Finnish Fungi
suppilovahvero (fi) — Craterellus tubaeformis	suppilovahvero (fi)	muutama	2019-10-16	Turku	Varsinais-Suomi (V)	Suomi	60.431694	22.155473	Sure	NEUTRAL	The Atlas of Finnish Fungi
suppilovahvero (fi) — Craterellus tubaeformis	suppilovahvero (fi)	>50	2019-10-15	Mustasaari	Etelä-Pohjanmaa (EP)	Suomi	63.2428	21.5693	Sure	NEUTRAL	The Atlas of Finnish Fungi
suppilovahvero (fi) — Craterellus tubaeformis	suppilovahvero (fi)		2019-10-15	Loppi	Etelä-Häme (EH)	Suomi	60.567308	24.469874	Sure	NEUTRAL	The Atlas of Finnish Fungi
suppilovahvero (fi) — Craterellus tubaeformis	suppilovahvero (fi)		2019-10-14	Sastamala	Satakunta (St)	Suomi	61.375607	23.118252	Sure	NEUTRAL	The Atlas of Finnish Fungi
suppilovahvero (fi) — Craterellus tubaeformis	suppilovahvero (fi)	runsas	2019-10-13 [12:50-15:32]	Somero	Etelä-Häme (EH)	Suomi	60.665075	23.608322	Sure	NEUTRAL	Notebook, general observations
suppilovahvero (fi) — Craterellus tubaeformis	suppilovahvero (fi)	Runsaasti	2019-10-12	Espoo	Uusimaa (U)	Suomi	60.200592	24.644779	Sure	NEUTRAL	The Atlas of Finnish Fungi
suppilovahvero (fi) — Craterellus tubaeformis	suppilovahvero (fi)		2019-10-12	Jyväskylä	Etelä-Häme (EH)	Suomi	61.933916	25.710771	Sure	NEUTRAL	Notebook, general observations
suppilovahvero (fi) — Craterellus tubaeformis	suppilovahvero (fi)		2019-10-11	Maalahti	Etelä-Pohjanmaa (EP)	Suomi	62.7843	21.6233	Sure	NEUTRAL	The Atlas of Finnish Fungi
suppilovahvero (fi) — Craterellus tubaeformis	suppilovahvero (fi)	Monta yhdessä paikassa	2019-10-11 [12:30]	Helsinki, Sipoo	Uusimaa (U)	Suomi	60.173105	25.105165	Sure	NEUTRAL	The Atlas of Finnish Fungi
suppilovahvero (fi) — Craterellus tubaeformis	suppilovahvero (fi)	Siellä täällä suurehkoja ryhmiä, ei kuitenkaan niin paljon, kuin joinakin muina vuosina.	2019-10-10	Salo	Varsinais-Suomi (V)	Suomi	60.10704	22.928557	Sure	NEUTRAL	The Atlas of Finnish Fungi
suppilovahvero (fi) — Craterellus tubaeformis	suppilovahvero (fi)	useita kymmeniä	2019-10-09	Jyväskylä	Pohjois-Häme (PH)	Suomi	62.188876	25.877277	Sure	NEUTRAL	The Atlas of Finnish Fungi
suppilovahvero (fi) — Craterellus tubaeformis	suppilovahvero (fi)	paljon	2019-10-09 [15:00-18:00]	Jyväskylä	Pohjois-Häme (PH)	Suomi	62.187194	25.875452	Sure	NEUTRAL	The Atlas of Finnish Fungi
suppilovahvero (fi) — Craterellus tubaeformis	suppilovahvero (fi)		2019-10-06	Raasepori	Varsinais-Suomi (V)	Suomi	60.04093	23.016151	Sure	NEUTRAL	The Atlas of Finnish Fungi
suppilovahvero (fi) — Craterellus tubaeformis	suppilovahvero (fi)	kymmeniä	2019-10-06	Hämeenkyrö	Satakunta (St)	Suomi	61.573201	23.178517	Sure	NEUTRAL	The Atlas of Finnish Fungi
suppilovahvero (fi) — Craterellus tubaeformis	suppilovahvero (fi)		2019-10-06	Kaarina	Varsinais-Suomi (V)	Suomi	60.40165	22.31538		COMMUNITY_VERIFIED	iNaturalist Suomi Finland
suppilovahvero (fi) — Craterellus tubaeformis	suppilovahvero (fi)		2019-10-05	Asikkala	Etelä-Häme (EH)	Suomi	61.169428	25.868662	Sure	NEUTRAL	Notebook, general observations
suppilovahvero (fi) — Craterellus tubaeformis	suppilovahvero (fi)	niukka	2019-10-05	Asikkala	Etelä-Häme (EH)	Suomi	61.169428	25.868662	Sure	NEUTRAL	Notebook, general observations
suppilovahvero (fi) — Craterellus tubaeformis	suppilovahvero (fi)		2019-10-05	Espoo	Uusimaa (U)	Suomi	60.19475	24.6986		COMMUNITY_VERIFIED	iNaturalist Suomi Finland
suppilovahvero (fi) — Craterellus tubaeformis	suppilovahvero (fi)		2019-10-05	Forssa	Etelä-Häme (EH)	Suomi	60.97825	23.7244		COMMUNITY_VERIFIED	iNaturalist Suomi Finland
suppilovahvero (fi) — Craterellus tubaeformis	suppilovahvero (fi)		2019-10-05	Loviisa	Uusimaa (U)	Suomi	60.446283	26.253546	Sure	NEUTRAL	The Atlas of Finnish Fungi
suppilovahvero (fi) — Craterellus tubaeformis	suppilovahvero (fi)		2019-10-05	Rovaniemi	Perä-Pohjanmaa (PeP)	Suomi	66.482989	25.704527	Sure	NEUTRAL	The Atlas of Finnish Fungi
suppilovahvero (fi) — Craterellus tubaeformis	suppilovahvero (fi)	10	2019-10-04	Lohja	Varsinais-Suomi (V)	Suomi	60.149476	24.016043	Sure	NEUTRAL	The Atlas of Finnish Fungi
suppilovahvero (fi) — Craterellus tubaeformis	suppilovahvero (fi)		2019-10-04	Kirkkonummi	Uusimaa (U)	Suomi	60.28828	24.42167		COMMUNITY_VERIFIED	iNaturalist Suomi Finland
suppilovahvero (fi) — Craterellus tubaeformis	suppilovahvero (fi)		2019-10-02	Vihti	Varsinais-Suomi (V)	Suomi	60.331194	24.495518	Sure	NEUTRAL	The Atlas of Finnish Fungi
suppilovahvero (fi) — Craterellus tubaeformis	suppilovahvero (fi)	1,5 litraa	2019-09-29 [16:50] - 2019-09-30	Somero	Etelä-Häme (EH)	Suomi	60.665075	23.608322	Sure	NEUTRAL	Notebook, general observations
suppilovahvero (fi) — Craterellus tubaeformis	suppilovahvero (fi)		2019-09-28	Suomussalmi, Taivalkoski	Kainuu (Kn), Koillismaa (Ks)	Suomi	65.265811	28.451199	Sure	NEUTRAL	The Atlas of Finnish Fungi
suppilovahvero (fi) — Craterellus tubaeformis	suppilovahvero (fi)		2019-09-28	Espoo	Uusimaa (U)	Suomi	60.32113	24.60528		COMMUNITY_VERIFIED	iNaturalist Suomi Finland
suppilovahvero (fi) — Craterellus tubaeformis	suppilovahvero (fi)		2019-09-28	Espoo	Uusimaa (U)	Suomi	60.32028	24.60449		COMMUNITY_VERIFIED	iNaturalist Suomi Finland
suppilovahvero (fi) — Craterellus tubaeformis	suppilovahvero (fi)		2019-09-28	Espoo	Uusimaa (U)	Suomi	60.31313	24.59635		COMMUNITY_VERIFIED	iNaturalist Suomi Finland
suppilovahvero (fi) — Craterellus tubaeformis	suppilovahvero (fi)		2019-09-28	Espoo	Uusimaa (U)	Suomi	60.31362	24.597		COMMUNITY_VERIFIED	iNaturalist Suomi Finland
suppilovahvero (fi) — Craterellus tubaeformis	suppilovahvero (fi)		2019-09-28	Vantaa	Uusimaa (U)	Suomi	60.27419	24.89907		COMMUNITY_VERIFIED	iNaturalist Suomi Finland
suppilovahvero (fi) — Craterellus tubaeformis	suppilovahvero (fi)	suuria ryhmiä	2019-09-26	Mikkeli	Etelä-Savo (ES)	Suomi	61.367572	27.40358	Sure	NEUTRAL	The Atlas of Finnish Fungi
suppilovahvero (fi) — Craterellus tubaeformis	suppilovahvero (fi)		2019-09-25	Mikkeli	Etelä-Savo (ES)	Suomi	61.706672	27.332155	Sure	NEUTRAL	The Atlas of Finnish Fungi
suppilovahvero (fi) — Craterellus tubaeformis	suppilovahvero (fi)		2019-09-25	Vantaa	Uusimaa (U)	Suomi	60.31222	25.1175		COMMUNITY_VERIFIED	iNaturalist Suomi Finland
suppilovahvero (fi) — Craterellus tubaeformis	suppilovahvero (fi)	useita	2019-09-24	Mikkeli	Etelä-Savo (ES)	Suomi	61.487373	27.279315	Sure	NEUTRAL	The Atlas of Finnish Fungi
suppilovahvero (fi) — Craterellus tubaeformis	suppilovahvero (fi)		2019-09-23	Loimaa	Satakunta (St)	Suomi	60.843185	23.029433	Sure	NEUTRAL	The Atlas of Finnish Fungi
suppilovahvero (fi) — Craterellus tubaeformis	suppilovahvero (fi)		2019-09-22	Janakkala	Etelä-Häme (EH)	Suomi	60.828983	24.582345	Sure	NEUTRAL	Notebook, general observations
suppilovahvero (fi) — Craterellus tubaeformis	suppilovahvero (fi)	Runsaasti	2019-09-22	Kurikka	Etelä-Pohjanmaa (EP)	Suomi	62.596612	22.427327	Sure	EXPERT_VERIFIED	The Atlas of Finnish Fungi
suppilovahvero (fi) — Craterellus tubaeformis	suppilovahvero (fi)		2019-09-21	Kirkkonummi	Uusimaa (U)	Suomi	59.98781	24.4452	Sure	NEUTRAL	Notebook, general observations
suppilovahvero (fi) — Craterellus tubaeformis	suppilovahvero (fi)		2019-09-21 - 2019-10-02	Kauniainen	Uusimaa (U)	Suomi	60.212966	24.682636	Sure	NEUTRAL	The Atlas of Finnish Fungi
suppilovahvero (fi) — Craterellus tubaeformis	suppilovahvero (fi)	10	2019-09-21	Ilmajoki	Etelä-Pohjanmaa (EP)	Suomi	62.741365	22.182823	Sure	NEUTRAL	The Atlas of Finnish Fungi
suppilovahvero (fi) — Craterellus tubaeformis	suppilovahvero (fi)	kymmeniä	2019-09-21	Ilmajoki, Kurikka	Etelä-Pohjanmaa (EP)	Suomi	62.743219	22.186315	Sure	EXPERT_VERIFIED	The Atlas of Finnish Fungi
suppilovahvero (fi) — Craterellus tubaeformis	suppilovahvero (fi)		2019-09-21	Kirkkonummi	Uusimaa (U)	Suomi	59.982699	24.439034	Sure	NEUTRAL	Notebook, general observations
suppilovahvero (fi) — Craterellus tubaeformis	suppilovahvero (fi)		2019-09-21	Kuopio	Pohjois-Savo (PS)	Suomi	62.877887	27.487955	Sure	NEUTRAL	Notebook, general observations
suppilovahvero (fi) — Craterellus tubaeformis	suppilovahvero (fi)	muutama	2019-09-20	Jyväskylä	Pohjois-Häme (PH)	Suomi	62.253022	25.682648	Sure	NEUTRAL	Notebook, general observations
suppilovahvero (fi) — Craterellus tubaeformis	suppilovahvero (fi)		2019-09-19	Vantaa	Uusimaa (U)	Suomi	60.282675	25.167721	Sure	NEUTRAL	The Atlas of Finnish Fungi
suppilovahvero (fi) — Craterellus tubaeformis	suppilovahvero (fi)	4 rykelmää	2019-09-19	Tuusula	Uusimaa (U)	Suomi	60.364804	24.995398	Sure	NEUTRAL	The Atlas of Finnish Fungi
suppilovahvero (fi) — Craterellus tubaeformis	suppilovahvero (fi)		2019-09-18	Espoo	Uusimaa (U)	Suomi	60.31869	24.520916	Sure	NEUTRAL	The Atlas of Finnish Fungi
suppilovahvero (fi) — Craterellus tubaeformis	suppilovahvero (fi)		2019-09-18	Lohja	Varsinais-Suomi (V)	Suomi	60.228915	23.864288	Sure	NEUTRAL	The Atlas of Finnish Fungi
suppilovahvero (fi) — Craterellus tubaeformis	suppilovahvero (fi)		2019-09-17	Loimaa	Satakunta (St)	Suomi	60.930599	23.124483	Sure	NEUTRAL	The Atlas of Finnish Fungi
suppilovahvero (fi) — Craterellus tubaeformis	suppilovahvero (fi)		2019-09-14	Sipoo	Uusimaa (U)	Suomi	60.418908	25.209479	Sure	NEUTRAL	The Atlas of Finnish Fungi
suppilovahvero (fi) — Craterellus tubaeformis	suppilovahvero (fi)		2019-09-14	Kirkkonummi	Uusimaa (U)	Suomi	60.27255	24.49576		COMMUNITY_VERIFIED	iNaturalist Suomi Finland
suppilovahvero (fi) — Craterellus tubaeformis	suppilovahvero (fi)		2019-09-14	Vantaa	Uusimaa (U)	Suomi	60.3106	25.11171		COMMUNITY_VERIFIED	iNaturalist Suomi Finland
suppilovahvero (fi) — Craterellus tubaeformis	suppilovahvero (fi)		2019-09-14	Kirkkonummi	Uusimaa (U)	Suomi	60.2616	24.49549		COMMUNITY_VERIFIED	iNaturalist Suomi Finland
suppilovahvero (fi) — Craterellus tubaeformis	suppilovahvero (fi)	melko runsas	2019-09-13 [9:00-14:00]	Helsinki, Vantaa	Uusimaa (U)	Suomi	60.275456	25.161291	Sure	NEUTRAL	Notebook, general observations
suppilovahvero (fi) — Craterellus tubaeformis	suppilovahvero (fi)	Useita satoja	2019-09-13 [11:21]	Espoo	Uusimaa (U)	Suomi	60.324214	24.679281		NEUTRAL	Notebook, general observations
suppilovahvero (fi) — Craterellus tubaeformis	suppilovahvero (fi)		2019-09-04	Hollola	Etelä-Häme (EH)	Suomi	60.98727	25.49581		COMMUNITY_VERIFIED	iNaturalist Suomi Finland
suppilovahvero (fi) — Craterellus tubaeformis	suppilovahvero (fi)		2019-09-01	Espoo	Uusimaa (U)	Suomi	60.317366	24.667769	Sure	NEUTRAL	Notebook, general observations
suppilovahvero (fi) — Craterellus tubaeformis	suppilovahvero (fi)		2019-08-17	Tampere	Etelä-Häme (EH)	Suomi	61.458	23.808	Sure	NEUTRAL	The Atlas of Finnish Fungi
suppilovahvero (fi) — Craterellus tubaeformis	suppilovahvero (fi)	useita	2018-11-24	Parainen	Varsinais-Suomi (V)	Suomi	60.297914	22.387349	Sure	NEUTRAL	The Atlas of Finnish Fungi
suppilovahvero (fi) — Craterellus tubaeformis	suppilovahvero (fi)	runsaasti	2018-11-18	Hankasalmi	Pohjois-Häme (PH)	Suomi	62.225828	26.34865	Sure	NEUTRAL	The Atlas of Finnish Fungi
suppilovahvero (fi) — Craterellus tubaeformis	suppilovahvero (fi)	runsaasti	2018-11-18	Hankasalmi	Pohjois-Häme (PH)	Suomi	62.226412	26.352325	Sure	NEUTRAL	The Atlas of Finnish Fungi
suppilovahvero (fi) — Craterellus tubaeformis	suppilovahvero (fi)		2018-11-17	Sipoo	Uusimaa (U)	Suomi	60.311657	25.216953	Sure	EXPERT_VERIFIED	The Atlas of Finnish Fungi
suppilovahvero (fi) — Craterellus tubaeformis	suppilovahvero (fi)		2018-11-14	Helsinki	Uusimaa (U)	Suomi	60.23028	24.98287		COMMUNITY_VERIFIED	iNaturalist Suomi Finland
suppilovahvero (fi) — Craterellus tubaeformis	suppilovahvero (fi)	muutama	2018-11-10	Kaarina	Varsinais-Suomi (V)	Suomi	60.386989	22.528659	Sure	EXPERT_VERIFIED	The Atlas of Finnish Fungi
suppilovahvero (fi) — Craterellus tubaeformis	suppilovahvero (fi)	5l	2018-11-10	Siilinjärvi	Pohjois-Savo (PS)	Suomi	63.140995	27.619144	Sure	EXPERT_VERIFIED	The Atlas of Finnish Fungi
suppilovahvero (fi) — Craterellus tubaeformis	suppilovahvero (fi)	muutama litra	2018-11-03	Hankasalmi	Pohjois-Häme (PH)	Suomi	62.317388	26.356489	Sure	NEUTRAL	The Atlas of Finnish Fungi
suppilovahvero (fi) — Craterellus tubaeformis	suppilovahvero (fi)		2018-11-03	Sipoo	Uusimaa (U)	Suomi	60.323427	25.183226	Sure	EXPERT_VERIFIED	The Atlas of Finnish Fungi
suppilovahvero (fi) — Craterellus tubaeformis	suppilovahvero (fi)		2018-11-03	Helsinki	Uusimaa (U)	Suomi	60.270838	25.147798	Sure	EXPERT_VERIFIED	The Atlas of Finnish Fungi
suppilovahvero (fi) — Craterellus tubaeformis	suppilovahvero (fi)		2018-10-25	Kirkkonummi	Uusimaa (U)	Suomi	60.09185	24.3929		COMMUNITY_VERIFIED	iNaturalist Suomi Finland
suppilovahvero (fi) — Craterellus tubaeformis	suppilovahvero (fi)	10 litraa	2018-10-24	Espoo, Kirkkonummi, Vihti	Uusimaa (U)	Suomi	60.253924	24.55838	Sure	NEUTRAL	The Atlas of Finnish Fungi
suppilovahvero (fi) — Craterellus tubaeformis	suppilovahvero (fi)	Runsaasti havaintoalueella	2018-10-22	Espoo, Vihti	Uusimaa (U), Varsinais-Suomi (V)	Suomi	60.325937	24.514238	Sure	NEUTRAL	The Atlas of Finnish Fungi
suppilovahvero (fi) — Craterellus tubaeformis	suppilovahvero (fi)		2018-10-22	Heinävesi	Pohjois-Savo (PS)	Suomi	62.39476	28.81419	Sure	EXPERT_VERIFIED	The Atlas of Finnish Fungi
suppilovahvero (fi) — Craterellus tubaeformis	suppilovahvero (fi)	Suppilovahveroiden tapaan satoja itiöemiä.	2018-10-20	Salo	Varsinais-Suomi (V)	Suomi	60.335671	23.206244	Sure	EXPERT_VERIFIED	The Atlas of Finnish Fungi
suppilovahvero (fi) — Craterellus tubaeformis	suppilovahvero (fi)		2018-10-20	Sipoo	Uusimaa (U)	Suomi	60.304548	25.179554	Sure	EXPERT_VERIFIED	The Atlas of Finnish Fungi
suppilovahvero (fi) — Craterellus tubaeformis	suppilovahvero (fi)		2018-10-20	Pyhäjärvi	Keski-Pohjanmaa (KP)	Suomi	63.76767	26.07323	Sure	EXPERT_VERIFIED	The Atlas of Finnish Fungi
suppilovahvero (fi) — Craterellus tubaeformis	suppilovahvero (fi)		2018-10-20	Pyhäjärvi	Keski-Pohjanmaa (KP)	Suomi	63.81621	26.17036	Sure	EXPERT_VERIFIED	The Atlas of Finnish Fungi
suppilovahvero (fi) — Craterellus tubaeformis	suppilovahvero (fi)		2018-10-20	Helsinki, Sipoo, Vantaa	Uusimaa (U)	Suomi	60.265271	25.280542	Sure	NEUTRAL	Notebook, general observations
suppilovahvero (fi) — Craterellus tubaeformis	suppilovahvero (fi)		2018-10-20	Helsinki, Sipoo, Vantaa	Uusimaa (U)	Suomi	60.265271	25.280542	Sure	NEUTRAL	Notebook, general observations
suppilovahvero (fi) — Craterellus tubaeformis	suppilovahvero (fi)	kahdessa paikassa useita	2018-10-19 [14:21-16:59]	Somero	Etelä-Häme (EH)	Suomi	60.667055	23.606325	Sure	EXPERT_VERIFIED	Notebook, general observations
suppilovahvero (fi) — Craterellus tubaeformis	suppilovahvero (fi)		2018-10-19 - 2018-10-21	Pieksämäki	Pohjois-Savo (PS)	Suomi	62.249853	27.47778	Sure	NEUTRAL	Notebook, general observations
suppilovahvero (fi) — Craterellus tubaeformis	suppilovahvero (fi)	runsaasti	2018-10-17	Lappeenranta	Etelä-Karjala (EK)	Suomi	60.85183	28.101295	Sure	EXPERT_VERIFIED	The Atlas of Finnish Fungi
suppilovahvero (fi) — Craterellus tubaeformis	suppilovahvero (fi)		2018-10-17	Lappeenranta	Etelä-Karjala (EK)	Suomi	60.854379	28.107153	Sure	EXPERT_VERIFIED	The Atlas of Finnish Fungi
suppilovahvero (fi) — Craterellus tubaeformis	suppilovahvero (fi)	30 yks	2018-10-16	Kouvola	Etelä-Häme (EH)	Suomi	61.071152	26.452796	Sure	EXPERT_VERIFIED	The Atlas of Finnish Fungi
suppilovahvero (fi) — Craterellus tubaeformis	suppilovahvero (fi)	Yleinen havaintoalueella	2018-10-16 - 2018-10-21	Espoo	Uusimaa (U)	Suomi	60.25687	24.605044	Sure	NEUTRAL	The Atlas of Finnish Fungi
suppilovahvero (fi) — Craterellus tubaeformis	suppilovahvero (fi)	n 50 yks	2018-10-14	Kouvola	Uusimaa (U)	Suomi	60.729638	26.417298	Sure	EXPERT_VERIFIED	The Atlas of Finnish Fungi
suppilovahvero (fi) — Craterellus tubaeformis	suppilovahvero (fi)		2018-10-14	Sipoo	Uusimaa (U)	Suomi	60.32337	25.150365	Sure	EXPERT_VERIFIED	The Atlas of Finnish Fungi
suppilovahvero (fi) — Craterellus tubaeformis	suppilovahvero (fi)		2018-10-13	Jyväskylä	Pohjois-Häme (PH)	Suomi	62.269798	25.874668	Sure	EXPERT_VERIFIED	The Atlas of Finnish Fungi
suppilovahvero (fi) — Craterellus tubaeformis	suppilovahvero (fi)		2018-10-10	Mikkeli	Etelä-Savo (ES)	Suomi	61.668852	27.378545	Sure	EXPERT_VERIFIED	The Atlas of Finnish Fungi
suppilovahvero (fi) — Craterellus tubaeformis	suppilovahvero (fi)	useita	2018-10-08	Hankasalmi	Pohjois-Häme (PH)	Suomi	62.320349	26.322113	Sure	NEUTRAL	The Atlas of Finnish Fungi
suppilovahvero (fi) — Craterellus tubaeformis	suppilovahvero (fi)	2	2018-10-08	Hämeenlinna, Pälkäne	Etelä-Häme (EH)	Suomi	61.240238	24.48236	Sure	NEUTRAL	The Atlas of Finnish Fungi
suppilovahvero (fi) — Craterellus tubaeformis	suppilovahvero (fi)		2018-10-07	Sipoo	Uusimaa (U)	Suomi	60.315232	25.43338	Sure	EXPERT_VERIFIED	The Atlas of Finnish Fungi
suppilovahvero (fi) — Craterellus tubaeformis	suppilovahvero (fi)	n20	2018-10-05 [15:46-18:23]	Somero	Etelä-Häme (EH)	Suomi	60.665555	23.60491	Sure	EXPERT_VERIFIED	Notebook, general observations
suppilovahvero (fi) — Craterellus tubaeformis	suppilovahvero (fi)		2018-10-04	Salo	Varsinais-Suomi (V)	Suomi	60.313952	23.567693		NEUTRAL	LajiGIS: Species mapping and surveys
suppilovahvero (fi) — Craterellus tubaeformis	suppilovahvero (fi)	useita	2018-10-03	Jyväskylä	Pohjois-Häme (PH)	Suomi	62.253595	25.693014	Sure	NEUTRAL	The Atlas of Finnish Fungi
suppilovahvero (fi) — Craterellus tubaeformis	suppilovahvero (fi)	40	2018-10-02	Kaarina, Lieto, Turku	Varsinais-Suomi (V)	Suomi	60.464862	22.359115	Sure	NEUTRAL	The Atlas of Finnish Fungi
suppilovahvero (fi) — Craterellus tubaeformis	suppilovahvero (fi)	>100	2018-09-30	Mustasaari	Etelä-Pohjanmaa (EP)	Suomi	63.0158	21.7644	Sure	NEUTRAL	The Atlas of Finnish Fungi
suppilovahvero (fi) — Craterellus tubaeformis	suppilovahvero (fi)		2018-09-30	Espoo	Uusimaa (U)	Suomi	60.18828	24.702094	Sure	EXPERT_VERIFIED	The Atlas of Finnish Fungi
suppilovahvero (fi) — Craterellus tubaeformis	suppilovahvero (fi)	useita	2018-09-30	Hankasalmi	Pohjois-Häme (PH)	Suomi	62.504125	26.405554	Sure	NEUTRAL	The Atlas of Finnish Fungi
suppilovahvero (fi) — Craterellus tubaeformis	suppilovahvero (fi)		2018-09-30	Helsinki	Uusimaa (U)	Suomi	60.283385	25.213715	Sure	EXPERT_VERIFIED	The Atlas of Finnish Fungi
suppilovahvero (fi) — Craterellus tubaeformis	suppilovahvero (fi)		2018-09-30	Helsinki	Uusimaa (U)	Suomi	60.20351	25.16266		COMMUNITY_VERIFIED	iNaturalist Suomi Finland
suppilovahvero (fi) — Craterellus tubaeformis	suppilovahvero (fi)		2018-09-29	Helsinki, Sipoo, Vantaa	Uusimaa (U)	Suomi	60.265271	25.280542	Sure	NEUTRAL	Notebook, general observations
suppilovahvero (fi) — Craterellus tubaeformis	suppilovahvero (fi)	runsaasti	2018-09-29	Hankasalmi	Pohjois-Häme (PH)	Suomi	62.226412	26.352325	Sure	NEUTRAL	The Atlas of Finnish Fungi
suppilovahvero (fi) — Craterellus tubaeformis	suppilovahvero (fi)		2018-09-29	Lohja	Varsinais-Suomi (V)	Suomi	60.228838	23.877283		NEUTRAL	LajiGIS: Species mapping and surveys
suppilovahvero (fi) — Craterellus tubaeformis	suppilovahvero (fi)		2018-09-27	Raasepori	Varsinais-Suomi (V)	Suomi	60.114087	23.526262	Sure	NEUTRAL	Notebook, general observations
suppilovahvero (fi) — Craterellus tubaeformis	suppilovahvero (fi)	40	2018-09-27	Petäjävesi	Pohjois-Häme (PH)	Suomi	62.348968	25.077706	Sure	NEUTRAL	The Atlas of Finnish Fungi
suppilovahvero (fi) — Craterellus tubaeformis	suppilovahvero (fi)	iso ryhmä	2018-09-26	Forssa	Etelä-Häme (EH)	Suomi	60.977979	23.726768	Sure	EXPERT_VERIFIED	The Atlas of Finnish Fungi
suppilovahvero (fi) — Craterellus tubaeformis	suppilovahvero (fi)		2018-09-25	Mustasaari, Vaasa	Etelä-Pohjanmaa (EP)	Suomi	63.050684	21.753593	Sure	NEUTRAL	The Atlas of Finnish Fungi
suppilovahvero (fi) — Craterellus tubaeformis	suppilovahvero (fi)	erittäin runsaasti	2018-09-24	Loviisa	Uusimaa (U)	Suomi	60.386811	26.008361	Sure	NEUTRAL	The Atlas of Finnish Fungi
suppilovahvero (fi) — Craterellus tubaeformis	suppilovahvero (fi)		2018-09-24	Karkkila	Varsinais-Suomi (V)	Suomi	60.531645	24.398615	Sure	EXPERT_VERIFIED	The Atlas of Finnish Fungi
suppilovahvero (fi) — Craterellus tubaeformis	suppilovahvero (fi)		2018-09-24	Mikkeli	Etelä-Savo (ES)	Suomi	61.702917	27.411118	Sure	EXPERT_VERIFIED	The Atlas of Finnish Fungi
suppilovahvero (fi) — Craterellus tubaeformis	suppilovahvero (fi)	vähän	2018-09-23	Ylöjärvi	Etelä-Häme (EH)	Suomi	61.545642	23.551938	Sure	NEUTRAL	Notebook, general observations
suppilovahvero (fi) — Craterellus tubaeformis	suppilovahvero (fi)		2018-09-23	Hartola, Sysmä	Etelä-Häme (EH)	Suomi	61.618573	25.959908	Sure	NEUTRAL	The Atlas of Finnish Fungi
suppilovahvero (fi) — Craterellus tubaeformis	suppilovahvero (fi)		2018-09-22	Ylöjärvi	Etelä-Häme (EH)	Suomi	61.549	23.548	Sure	NEUTRAL	The Atlas of Finnish Fungi
suppilovahvero (fi) — Craterellus tubaeformis	suppilovahvero (fi)		2018-09-22	Karkkila	Varsinais-Suomi (V)	Suomi	60.535035	24.396603	Sure	EXPERT_VERIFIED	The Atlas of Finnish Fungi
suppilovahvero (fi) — Craterellus tubaeformis	suppilovahvero (fi)		2018-09-22	Liperi	Pohjois-Karjala (PK)	Suomi	62.663278	29.558078	Sure	NEUTRAL	The Atlas of Finnish Fungi
suppilovahvero (fi) — Craterellus tubaeformis	suppilovahvero (fi)		2018-09-22	Hämeenkyrö	Satakunta (St)	Suomi	61.581627	23.429281	Sure	NEUTRAL	The Atlas of Finnish Fungi
suppilovahvero (fi) — Craterellus tubaeformis	suppilovahvero (fi)	useita	2018-09-21	Loppi	Etelä-Häme (EH)	Suomi	60.766659	24.065846	Sure	NEUTRAL	The Atlas of Finnish Fungi
suppilovahvero (fi) — Craterellus tubaeformis	suppilovahvero (fi)		2018-09-21	Loppi	Etelä-Häme (EH)	Suomi	60.765364	24.065911	Sure	EXPERT_VERIFIED	The Atlas of Finnish Fungi
suppilovahvero (fi) — Craterellus tubaeformis	suppilovahvero (fi)		2018-09-21	Tammela	Etelä-Häme (EH)	Suomi	60.775902	23.839476	Sure	EXPERT_VERIFIED	The Atlas of Finnish Fungi
suppilovahvero (fi) — Craterellus tubaeformis	suppilovahvero (fi)		2018-09-20	Tammela	Etelä-Häme (EH)	Suomi	60.702372	23.926247	Sure	NEUTRAL	The Atlas of Finnish Fungi
suppilovahvero (fi) — Craterellus tubaeformis	suppilovahvero (fi)		2018-09-19	Porvoo	Uusimaa (U)	Suomi	60.379104	25.672434	Sure	EXPERT_VERIFIED	The Atlas of Finnish Fungi
suppilovahvero (fi) — Craterellus tubaeformis	suppilovahvero (fi)	50-60	2018-09-18	Kouvola	Etelä-Savo (ES)	Suomi	60.81461	26.721258	Sure	EXPERT_VERIFIED	The Atlas of Finnish Fungi
suppilovahvero (fi) — Craterellus tubaeformis	suppilovahvero (fi)		2018-09-17	Kirkkonummi	Uusimaa (U)	Suomi	60.145771	24.372083	Sure	EXPERT_VERIFIED	The Atlas of Finnish Fungi
suppilovahvero (fi) — Craterellus tubaeformis	suppilovahvero (fi)		2018-09-17	Mikkeli	Etelä-Savo (ES)	Suomi	61.705764	27.330017	Sure	EXPERT_VERIFIED	The Atlas of Finnish Fungi
suppilovahvero (fi) — Craterellus tubaeformis	suppilovahvero (fi)		2018-09-16	Helsinki	Uusimaa (U)	Suomi	60.259104	24.925649	Sure	NEUTRAL	Notebook, general observations
suppilovahvero (fi) — Craterellus tubaeformis	suppilovahvero (fi)	200	2018-09-16	Pori	Satakunta (St)	Suomi	61.592361	21.900355	Sure	NEUTRAL	The Atlas of Finnish Fungi
suppilovahvero (fi) — Craterellus tubaeformis	suppilovahvero (fi)	2	2018-09-16	Helsinki	Uusimaa (U)	Suomi	60.266951	25.220695	Sure	NEUTRAL	The Atlas of Finnish Fungi
suppilovahvero (fi) — Craterellus tubaeformis	suppilovahvero (fi)		2018-09-16	Hämeenkyrö	Satakunta (St)	Suomi	61.628317	22.897464	Sure	NEUTRAL	Notebook, general observations
suppilovahvero (fi) — Craterellus tubaeformis	suppilovahvero (fi)		2018-09-13	Lappeenranta	Etelä-Savo (ES)	Suomi	60.915885	28.006839	Sure	EXPERT_VERIFIED	The Atlas of Finnish Fungi
suppilovahvero (fi) — Craterellus tubaeformis	suppilovahvero (fi)	runsaasti	2018-09-13 - 2018-09-15	Pelkosenniemi	Sompion Lappi (SoL)	Suomi	67.017123	27.229421	Sure	EXPERT_VERIFIED	The Atlas of Finnish Fungi
suppilovahvero (fi) — Craterellus tubaeformis	suppilovahvero (fi)	esiintymä	2018-09-11	Ylöjärvi	Satakunta (St)	Suomi	61.673119	23.369031	Sure	NEUTRAL	The Atlas of Finnish Fungi
suppilovahvero (fi) — Craterellus tubaeformis	suppilovahvero (fi)		2018-09-09	Sastamala	Satakunta (St)	Suomi	61.467309	22.774197	Sure	NEUTRAL	Notebook, general observations
suppilovahvero (fi) — Craterellus tubaeformis	suppilovahvero (fi)		2018-09-09	Rovaniemi	Perä-Pohjanmaa (PeP)	Suomi	66.290237	25.11288		NEUTRAL	LajiGIS: Species mapping and surveys
suppilovahvero (fi) — Craterellus tubaeformis	suppilovahvero (fi)	muutamia ryppäitä	2018-09-08	Laukaa	Pohjois-Häme (PH)	Suomi	62.464316	26.176138	Sure	NEUTRAL	The Atlas of Finnish Fungi
suppilovahvero (fi) — Craterellus tubaeformis	suppilovahvero (fi)	useita	2018-09-06	Toivakka	Pohjois-Häme (PH)	Suomi	62.2225	26.22	Sure	NEUTRAL	The Atlas of Finnish Fungi
suppilovahvero (fi) — Craterellus tubaeformis	suppilovahvero (fi)		2018-09-02	Sipoo	Uusimaa (U)	Suomi	60.347482	25.183212	Sure	EXPERT_VERIFIED	The Atlas of Finnish Fungi
suppilovahvero (fi) — Craterellus tubaeformis	suppilovahvero (fi)		2018-08-29	Espoo	Uusimaa (U)	Suomi	60.254597	24.630792	Sure	EXPERT_VERIFIED	The Atlas of Finnish Fungi
suppilovahvero (fi) — Craterellus tubaeformis	suppilovahvero (fi)	tusina	2018-08-28	Tuusula	Uusimaa (U)	Suomi	60.443313	24.98762	Sure	EXPERT_VERIFIED	The Atlas of Finnish Fungi
suppilovahvero (fi) — Craterellus tubaeformis	suppilovahvero (fi)	useita	2018-01-03	Turku	Varsinais-Suomi (V)	Suomi	60.416014	22.16762		NEUTRAL	Hatikka.fi observations
suppilovahvero (fi) — Craterellus tubaeformis	suppilovahvero (fi)		2017-12-30	Helsinki	Uusimaa (U)	Suomi	60.285392	25.204839	Sure	EXPERT_VERIFIED	The Atlas of Finnish Fungi
suppilovahvero (fi) — Craterellus tubaeformis	suppilovahvero (fi)	useita	2017-12-22	Ulvila	Satakunta (St)	Suomi	61.450952	21.885912	Sure	EXPERT_VERIFIED	The Atlas of Finnish Fungi
suppilovahvero (fi) — Craterellus tubaeformis	suppilovahvero (fi)		2017-11-18	Sastamala	Satakunta (St)	Suomi	61.40367	22.65553		COMMUNITY_VERIFIED	iNaturalist Suomi Finland
suppilovahvero (fi) — Craterellus tubaeformis	suppilovahvero (fi)	muutama	2017-11-16	Turku	Varsinais-Suomi (V)	Suomi	60.426832	22.202665	Sure	NEUTRAL	Hatikka.fi observations
suppilovahvero (fi) — Craterellus tubaeformis	suppilovahvero (fi)	10+	2017-11-14	Helsinki	Uusimaa (U)	Suomi	60.262111	24.924949	Sure	EXPERT_VERIFIED	The Atlas of Finnish Fungi
suppilovahvero (fi) — Craterellus tubaeformis	suppilovahvero (fi)	50	2017-11-11	Oulu	Oulun Pohjanmaa (OP)	Suomi	65.081923	25.955808	Sure	EXPERT_VERIFIED	The Atlas of Finnish Fungi
suppilovahvero (fi) — Craterellus tubaeformis	suppilovahvero (fi)	runsas	2017-11-09	Orivesi	Etelä-Häme (EH)	Suomi	61.681504	24.444267	Sure	EXPERT_VERIFIED	The Atlas of Finnish Fungi
suppilovahvero (fi) — Craterellus tubaeformis	suppilovahvero (fi)	6	2017-11-05	Helsinki	Uusimaa (U)	Suomi	60.261107	24.93369	Sure	EXPERT_VERIFIED	The Atlas of Finnish Fungi
suppilovahvero (fi) — Craterellus tubaeformis	suppilovahvero (fi)	runsas	2017-11-04	Orivesi	Etelä-Häme (EH)	Suomi	61.684265	24.47688	Sure	EXPERT_VERIFIED	The Atlas of Finnish Fungi
suppilovahvero (fi) — Craterellus tubaeformis	suppilovahvero (fi)	runsas	2017-11-04	Orivesi	Etelä-Häme (EH)	Suomi	61.676573	24.453426	Sure	EXPERT_VERIFIED	The Atlas of Finnish Fungi
suppilovahvero (fi) — Craterellus tubaeformis	suppilovahvero (fi)		2017-10-27	Pieksämäki	Pohjois-Savo (PS)	Suomi	62.420253	27.283098	Sure	NEUTRAL	The Atlas of Finnish Fungi
suppilovahvero (fi) — Craterellus tubaeformis	suppilovahvero (fi)		2017-10-24	Parainen	Varsinais-Suomi (V)	Suomi	60.235083	21.962517	Sure	EXPERT_VERIFIED	The Atlas of Finnish Fungi
suppilovahvero (fi) — Craterellus tubaeformis	suppilovahvero (fi)	10 litraa	2017-10-24	Espoo, Kirkkonummi, Vihti	Uusimaa (U), Varsinais-Suomi (V)	Suomi	60.253952	24.558504	Sure	NEUTRAL	Notebook, general observations
suppilovahvero (fi) — Craterellus tubaeformis	suppilovahvero (fi)	20 litraa	2017-10-24	Espoo, Kirkkonummi, Vihti	Uusimaa (U), Varsinais-Suomi (V)	Suomi	60.253952	24.558504	Sure	NEUTRAL	Notebook, general observations
suppilovahvero (fi) — Craterellus tubaeformis	suppilovahvero (fi)	3	2017-10-24	Ylöjärvi	Etelä-Häme (EH)	Suomi	61.630141	23.581396	Sure	NEUTRAL	The Atlas of Finnish Fungi
suppilovahvero (fi) — Craterellus tubaeformis	suppilovahvero (fi)		2017-10-23	Helsinki	Uusimaa (U)	Suomi	60.195526	24.915363	Sure	EXPERT_VERIFIED	The Atlas of Finnish Fungi
suppilovahvero (fi) — Craterellus tubaeformis	suppilovahvero (fi)	500	2017-10-21 - 2017-10-22	Hämeenlinna	Etelä-Häme (EH)	Suomi	60.993716	24.420144	Sure	EXPERT_VERIFIED	The Atlas of Finnish Fungi
suppilovahvero (fi) — Craterellus tubaeformis	suppilovahvero (fi)		2017-10-21	Joutsa	Etelä-Savo (ES)	Suomi	61.76024	26.32791		COMMUNITY_VERIFIED	iNaturalist Suomi Finland
suppilovahvero (fi) — Craterellus tubaeformis	suppilovahvero (fi)		2017-10-20	Helsinki	Uusimaa (U)	Suomi	60.23043	24.982894	Sure	NEUTRAL	The Atlas of Finnish Fungi
suppilovahvero (fi) — Craterellus tubaeformis	suppilovahvero (fi)		2017-10-20	Salo	Varsinais-Suomi (V)	Suomi	60.20934	22.962699	Sure	EXPERT_VERIFIED	The Atlas of Finnish Fungi
suppilovahvero (fi) — Craterellus tubaeformis	suppilovahvero (fi)	runsas	2017-10-19	Orivesi	Etelä-Häme (EH)	Suomi	61.678016	24.455689	Sure	EXPERT_VERIFIED	The Atlas of Finnish Fungi
suppilovahvero (fi) — Craterellus tubaeformis	suppilovahvero (fi)	n.20	2017-10-19	Espoo	Uusimaa (U)	Suomi	60.170492	24.821201	Sure	EXPERT_VERIFIED	The Atlas of Finnish Fungi
suppilovahvero (fi) — Craterellus tubaeformis	suppilovahvero (fi)	aika paljon	2017-10-18 [15:48-17:40]	Somero	Etelä-Häme (EH)	Suomi	60.66337	23.612719	Sure	NEUTRAL	Hatikka.fi observations
suppilovahvero (fi) — Craterellus tubaeformis	suppilovahvero (fi)		2017-10-17	Lohja	Varsinais-Suomi (V)	Suomi	60.227311	23.864425		NEUTRAL	LajiGIS: Species mapping and surveys
suppilovahvero (fi) — Craterellus tubaeformis	suppilovahvero (fi)		2017-10-15	Puolanka	Kainuu (Kn)	Suomi	64.704643	27.979681	Sure	NEUTRAL	The Atlas of Finnish Fungi
suppilovahvero (fi) — Craterellus tubaeformis	suppilovahvero (fi)	runsaasti	2017-10-15	Tuusula	Uusimaa (U)	Suomi	60.448972	24.983436	Sure	EXPERT_VERIFIED	The Atlas of Finnish Fungi
suppilovahvero (fi) — Craterellus tubaeformis	suppilovahvero (fi)	Harvalukuinen	2017-10-15	Suomussalmi	Kainuu (Kn)	Suomi	64.746194	29.201745	Sure	NEUTRAL	The Atlas of Finnish Fungi
suppilovahvero (fi) — Craterellus tubaeformis	suppilovahvero (fi)	runsas	2017-10-14	Puolanka	Kainuu (Kn)	Suomi	64.766351	27.532548	Sure	EXPERT_VERIFIED	The Atlas of Finnish Fungi
suppilovahvero (fi) — Craterellus tubaeformis	suppilovahvero (fi)	muutamia	2017-10-13	Vihti	Varsinais-Suomi (V)	Suomi	60.286268	24.489713	Sure	EXPERT_VERIFIED	The Atlas of Finnish Fungi
suppilovahvero (fi) — Craterellus tubaeformis	suppilovahvero (fi)		2017-10-07	Vihti	Varsinais-Suomi (V)	Suomi	60.31526	24.50183	Sure	EXPERT_VERIFIED	The Atlas of Finnish Fungi
suppilovahvero (fi) — Craterellus tubaeformis	suppilovahvero (fi)	10+	2017-10-06	Nurmijärvi	Uusimaa (U)	Suomi	60.498636	24.691983	Sure	EXPERT_VERIFIED	The Atlas of Finnish Fungi
suppilovahvero (fi) — Craterellus tubaeformis	suppilovahvero (fi)	10+	2017-10-06	Nurmijärvi	Uusimaa (U)	Suomi	60.498636	24.691983	Sure	EXPERT_VERIFIED	The Atlas of Finnish Fungi
suppilovahvero (fi) — Craterellus tubaeformis	suppilovahvero (fi)		2017-10-02	Mikkeli	Etelä-Savo (ES)	Suomi	61.670036	27.381658	Sure	EXPERT_VERIFIED	The Atlas of Finnish Fungi
suppilovahvero (fi) — Craterellus tubaeformis	suppilovahvero (fi)		2017-10-01 [18:00]	Kokemäki, Sastamala	Satakunta (St)	Suomi	61.461371	22.587169	Sure	NEUTRAL	The Atlas of Finnish Fungi
suppilovahvero (fi) — Craterellus tubaeformis	suppilovahvero (fi)		2017-10-01 [18:00]	Kokemäki, Sastamala	Satakunta (St)	Suomi	61.371899	22.599805	Sure	NEUTRAL	The Atlas of Finnish Fungi
suppilovahvero (fi) — Craterellus tubaeformis	suppilovahvero (fi)		2017-10-01 [18:00]	Sastamala	Satakunta (St)	Suomi	61.467309	22.774197	Sure	NEUTRAL	The Atlas of Finnish Fungi
suppilovahvero (fi) — Craterellus tubaeformis	suppilovahvero (fi)		2017-09-30	Rovaniemi	Perä-Pohjanmaa (PeP)	Suomi	66.502341	25.808627	Sure	EXPERT_VERIFIED	The Atlas of Finnish Fungi
suppilovahvero (fi) — Craterellus tubaeformis	suppilovahvero (fi)		2017-09-29	Sodankylä	Sompion Lappi (SoL)	Suomi	68.18475	28.535739	Sure	NEUTRAL	The Atlas of Finnish Fungi
suppilovahvero (fi) — Craterellus tubaeformis	suppilovahvero (fi)	10+	2017-09-28	Helsinki	Uusimaa (U)	Suomi	60.259135	24.927632	Sure	EXPERT_VERIFIED	The Atlas of Finnish Fungi
suppilovahvero (fi) — Craterellus tubaeformis	suppilovahvero (fi)		2017-09-27	Espoo	Uusimaa (U)	Suomi	60.304818	24.614	Sure	EXPERT_VERIFIED	The Atlas of Finnish Fungi
suppilovahvero (fi) — Craterellus tubaeformis	suppilovahvero (fi)		2017-09-25	Kangasniemi	Etelä-Savo (ES)	Suomi	61.944744	26.873632	Sure	EXPERT_VERIFIED	The Atlas of Finnish Fungi
suppilovahvero (fi) — Craterellus tubaeformis	suppilovahvero (fi)	runsaasti	2017-09-24	Hankasalmi	Pohjois-Häme (PH)	Suomi	62.294197	26.319769	Sure	NEUTRAL	The Atlas of Finnish Fungi
suppilovahvero (fi) — Craterellus tubaeformis	suppilovahvero (fi)		2017-09-24	Espoo	Uusimaa (U)	Suomi	60.323705	24.687465	Sure	EXPERT_VERIFIED	The Atlas of Finnish Fungi
suppilovahvero (fi) — Craterellus tubaeformis	suppilovahvero (fi)	50	2017-09-24	Rusko	Varsinais-Suomi (V)	Suomi	60.608474	22.353221		NEUTRAL	Hatikka.fi observations
suppilovahvero (fi) — Craterellus tubaeformis	suppilovahvero (fi)		2017-09-23	Pori, Sastamala	Satakunta (St)	Suomi	61.5	22.7		COMMUNITY_VERIFIED	iNaturalist Suomi Finland
suppilovahvero (fi) — Craterellus tubaeformis	suppilovahvero (fi)	n30	2017-09-23 [17:24-19:14]	Somero	Etelä-Häme (EH)	Suomi	60.660813	23.59937		EXPERT_VERIFIED	Hatikka.fi observations
suppilovahvero (fi) — Craterellus tubaeformis	suppilovahvero (fi)		2017-09-23	Kokemäki, Sastamala	Satakunta (St)	Suomi	61.461371	22.587169	Sure	NEUTRAL	The Atlas of Finnish Fungi
suppilovahvero (fi) — Craterellus tubaeformis	suppilovahvero (fi)	Useita	2017-09-23	Joensuu	Pohjois-Karjala (PK)	Suomi	62.540668	30.060687	Sure	EXPERT_VERIFIED	The Atlas of Finnish Fungi
suppilovahvero (fi) — Craterellus tubaeformis	suppilovahvero (fi)		2017-09-23	Kokemäki, Sastamala	Satakunta (St)	Suomi	61.371899	22.599805	Sure	EXPERT_VERIFIED	The Atlas of Finnish Fungi
suppilovahvero (fi) — Craterellus tubaeformis	suppilovahvero (fi)	10	2017-09-23	Ylitornio	Perä-Pohjanmaa (PeP)	Suomi	66.313875	23.702974	Sure	EXPERT_VERIFIED	The Atlas of Finnish Fungi
suppilovahvero (fi) — Craterellus tubaeformis	suppilovahvero (fi)	Runsaasti	2017-09-23 [14:00-17:00]	Porvoo	Uusimaa (U)	Suomi	60.377922	25.71631	Sure	EXPERT_VERIFIED	The Atlas of Finnish Fungi
suppilovahvero (fi) — Craterellus tubaeformis	suppilovahvero (fi)	14	2017-09-23	Hämeenkyrö	Satakunta (St)	Suomi	61.645	23.434	Sure	EXPERT_VERIFIED	The Atlas of Finnish Fungi
suppilovahvero (fi) — Craterellus tubaeformis	suppilovahvero (fi)	8	2017-09-23	Masku	Varsinais-Suomi (V)	Suomi	60.595721	22.178432		NEUTRAL	Hatikka.fi observations
suppilovahvero (fi) — Craterellus tubaeformis	suppilovahvero (fi)		2017-09-22	Helsinki	Uusimaa (U)	Suomi	60.205893	25.172157	Sure	EXPERT_VERIFIED	The Atlas of Finnish Fungi
suppilovahvero (fi) — Craterellus tubaeformis	suppilovahvero (fi)	n.1l	2017-09-18	Hyrynsalmi, Kuhmo, Suomussalmi	Kainuu (Kn)	Suomi	64.6498	29.612465	Subspecies unsure	EXPERT_VERIFIED	The Atlas of Finnish Fungi
suppilovahvero (fi) — Craterellus tubaeformis	suppilovahvero (fi)	puolikoria	2017-09-18	Kitee	Pohjois-Karjala (PK)	Suomi	62.087377	30.152645	Sure	EXPERT_VERIFIED	The Atlas of Finnish Fungi
suppilovahvero (fi) — Craterellus tubaeformis	suppilovahvero (fi)	yksi ryhmä	2017-09-18	Heinävesi	Pohjois-Savo (PS)	Suomi	62.45123	28.76703	Sure	EXPERT_VERIFIED	The Atlas of Finnish Fungi
suppilovahvero (fi) — Craterellus tubaeformis	suppilovahvero (fi)	Runsas	2017-09-17	Ulvila	Satakunta (St)	Suomi	61.493716	21.929468	Sure	EXPERT_VERIFIED	The Atlas of Finnish Fungi
suppilovahvero (fi) — Craterellus tubaeformis	suppilovahvero (fi)	kolme ryhmää	2017-09-17	Rautalampi	Pohjois-Häme (PH)	Suomi	62.582771	26.704392	Sure	EXPERT_VERIFIED	The Atlas of Finnish Fungi
suppilovahvero (fi) — Craterellus tubaeformis	suppilovahvero (fi)		2017-09-16	Raisio	Varsinais-Suomi (V)	Suomi	60.459051	22.087976	Sure	EXPERT_VERIFIED	The Atlas of Finnish Fungi
suppilovahvero (fi) — Craterellus tubaeformis	suppilovahvero (fi)	Vähäinen	2017-09-16	Pori	Satakunta (St)	Suomi	61.620553	21.751591	Sure	EXPERT_VERIFIED	The Atlas of Finnish Fungi
suppilovahvero (fi) — Craterellus tubaeformis	suppilovahvero (fi)		2017-09-15 - 2017-09-24	Suomussalmi	Kainuu (Kn)	Suomi	64.679739	29.095788	Sure	EXPERT_VERIFIED	The Atlas of Finnish Fungi
suppilovahvero (fi) — Craterellus tubaeformis	suppilovahvero (fi)	Paikoin runsas	2017-09-14	Tampere	Etelä-Häme (EH)	Suomi	61.499864	23.611825	Sure	EXPERT_VERIFIED	The Atlas of Finnish Fungi
suppilovahvero (fi) — Craterellus tubaeformis	suppilovahvero (fi)	muutamia isoja ryhmiä	2017-09-11	Salo	Varsinais-Suomi (V)	Suomi	60.472938	23.088518	Sure	NEUTRAL	The Atlas of Finnish Fungi
suppilovahvero (fi) — Craterellus tubaeformis	suppilovahvero (fi)		2017-09-11	Hyvinkää	Uusimaa (U)	Suomi	60.545303	24.647091		NEUTRAL	LajiGIS: Species mapping and surveys
suppilovahvero (fi) — Craterellus tubaeformis	suppilovahvero (fi)	7	2017-09-11	Raisio	Varsinais-Suomi (V)	Suomi	60.497916	22.20841		NEUTRAL	Hatikka.fi observations
suppilovahvero (fi) — Craterellus tubaeformis	suppilovahvero (fi)	15	2017-09-11	Nurmijärvi	Uusimaa (U)	Suomi	60.557292	24.754281	Sure	NEUTRAL	The Atlas of Finnish Fungi
suppilovahvero (fi) — Craterellus tubaeformis	suppilovahvero (fi)		2017-09-08	Kuopio	Pohjois-Savo (PS)	Suomi	62.9059	27.65928		COMMUNITY_VERIFIED	iNaturalist Suomi Finland
suppilovahvero (fi) — Craterellus tubaeformis	suppilovahvero (fi)	1 kasvupaikka	2017-09-07 [13:00] - 2017-09-09 [13:00]	Kuopio	Pohjois-Savo (PS)	Suomi	62.915275	27.656858	Sure	EXPERT_VERIFIED	The Atlas of Finnish Fungi
suppilovahvero (fi) — Craterellus tubaeformis	suppilovahvero (fi)	50	2017-09-07	Lohja	Varsinais-Suomi (V)	Suomi	60.320195	24.038856	Sure	NEUTRAL	The Atlas of Finnish Fungi
suppilovahvero (fi) — Craterellus tubaeformis	suppilovahvero (fi)		2017-09-03	Rovaniemi	Perä-Pohjanmaa (PeP)	Suomi	66.501775	25.785874		NEUTRAL	Fungal collection of the Botanical Museum, University of Oulu (OULU)
suppilovahvero (fi) — Craterellus tubaeformis	suppilovahvero (fi)	20	2017-09-02	Kokemäki, Sastamala	Satakunta (St)	Suomi	61.371899	22.599805	Sure	NEUTRAL	The Atlas of Finnish Fungi
suppilovahvero (fi) — Craterellus tubaeformis	suppilovahvero (fi)		2017-08-31	Vantaa	Uusimaa (U)	Suomi	60.241701	25.121946	Sure	EXPERT_VERIFIED	The Atlas of Finnish Fungi
suppilovahvero (fi) — Craterellus tubaeformis	suppilovahvero (fi)	useita	2017-08-30	Tuusula	Uusimaa (U)	Suomi	60.443819	24.987242	Sure	EXPERT_VERIFIED	The Atlas of Finnish Fungi
suppilovahvero (fi) — Craterellus tubaeformis	suppilovahvero (fi)		2017-08-27	Porvoo, Sipoo	Uusimaa (U)	Suomi	60.354983	25.275819	Sure	NEUTRAL	The Atlas of Finnish Fungi
suppilovahvero (fi) — Craterellus tubaeformis	suppilovahvero (fi)		2017-08-25	Kauniainen	Uusimaa (U)	Suomi	60.213818	24.697322	Sure	NEUTRAL	The Atlas of Finnish Fungi
suppilovahvero (fi) — Craterellus tubaeformis	suppilovahvero (fi)		2017-08-23	Porvoo	Uusimaa (U)	Suomi	60.36018	25.744087	Sure	EXPERT_VERIFIED	The Atlas of Finnish Fungi
suppilovahvero (fi) — Craterellus tubaeformis	suppilovahvero (fi)		2017-08-19	Espoo	Uusimaa (U)	Suomi	60.295699	24.682299	Sure	EXPERT_VERIFIED	The Atlas of Finnish Fungi
suppilovahvero (fi) — Craterellus tubaeformis	suppilovahvero (fi)		2017-08-11	Sipoo	Uusimaa (U)	Suomi	60.345113	25.20192	Sure	EXPERT_VERIFIED	The Atlas of Finnish Fungi
suppilovahvero (fi) — Craterellus tubaeformis	suppilovahvero (fi)	10-15	2016-09-28	Espoo	Uusimaa (U)	Suomi	60.167781	24.827864	Sure	EXPERT_VERIFIED	The Atlas of Finnish Fungi
suppilovahvero (fi) — Craterellus tubaeformis	suppilovahvero (fi)	50	2016-09-24	Pudasjärvi	Oulun Pohjanmaa (OP)	Suomi	65.680961	27.529209		NEUTRAL	Hatikka.fi observations
suppilovahvero (fi) — Craterellus tubaeformis	suppilovahvero (fi)	useita	2016-09-20	Kuopio	Pohjois-Savo (PS)	Suomi	62.790434	27.643216	Sure	NEUTRAL	The Atlas of Finnish Fungi
suppilovahvero (fi) — Craterellus tubaeformis	suppilovahvero (fi)	runsas	2016-09-19 [14:01-15:24]	Somero	Etelä-Häme (EH)	Suomi	60.620744	23.53757		EXPERT_VERIFIED	Hatikka.fi observations
suppilovahvero (fi) — Craterellus tubaeformis	suppilovahvero (fi)		2016-09-18	Espoo	Uusimaa (U)	Suomi	60.325707	24.690004	Sure	EXPERT_VERIFIED	Notebook, general observations
suppilovahvero (fi) — Craterellus tubaeformis	suppilovahvero (fi)	6 litraa	2016-09-17 [14:00] - 2016-09-18	Ylitornio	Perä-Pohjanmaa (PeP)	Suomi	66.479177	24.064831	Sure	NEUTRAL	The Atlas of Finnish Fungi
suppilovahvero (fi) — Craterellus tubaeformis	suppilovahvero (fi)	useita	2016-09-16 [13:43] - 2016-09-17 [17:05]	Somero	Etelä-Häme (EH)	Suomi	60.662719	23.610426		NEUTRAL	Hatikka.fi observations
suppilovahvero (fi) — Craterellus tubaeformis	suppilovahvero (fi)		2016-09-16	Posio	Koillismaa (Ks)	Suomi	66.13944	28.08418		COMMUNITY_VERIFIED	iNaturalist Suomi Finland
suppilovahvero (fi) — Craterellus tubaeformis	suppilovahvero (fi)	n7	2016-09-14 [16:28-19:14]	Somero	Etelä-Häme (EH)	Suomi	60.663089	23.60766	Sure	EXPERT_VERIFIED	Hatikka.fi observations
suppilovahvero (fi) — Craterellus tubaeformis	suppilovahvero (fi)		2016-09-12	Virolahti	Etelä-Karjala (EK)	Suomi	60.543389	27.49707		NEUTRAL	Fungus observations of Turku university Herbarium
suppilovahvero (fi) — Craterellus tubaeformis	suppilovahvero (fi)		2016-09-11	Sotkamo	Kainuu (Kn)	Suomi	63.930842	28.157066	Sure	EXPERT_VERIFIED	The Atlas of Finnish Fungi
suppilovahvero (fi) — Craterellus tubaeformis	suppilovahvero (fi)	Runsaasti	2016-09-11 - 2016-09-21	Rovaniemi	Perä-Pohjanmaa (PeP)	Suomi	66.26778	26.132068	Sure	NEUTRAL	The Atlas of Finnish Fungi
suppilovahvero (fi) — Craterellus tubaeformis	suppilovahvero (fi)	useita	2016-09-11 [16:33-18:32]	Somero	Etelä-Häme (EH)	Suomi	60.668456	23.610298		EXPERT_VERIFIED	Hatikka.fi observations
suppilovahvero (fi) — Craterellus tubaeformis	suppilovahvero (fi)		2016-09-10	Miehikkälä	Etelä-Karjala (EK)	Suomi	60.741941	27.657804		NEUTRAL	Fungus observations of Turku university Herbarium
suppilovahvero (fi) — Craterellus tubaeformis	suppilovahvero (fi)		2016-09-08	Kajaani	Kainuu (Kn)	Suomi	64.08214	27.687313	Sure	EXPERT_VERIFIED	The Atlas of Finnish Fungi
suppilovahvero (fi) — Craterellus tubaeformis	suppilovahvero (fi)		2016-09-04	Kontiolahti	Pohjois-Karjala (PK)	Suomi	62.69194	29.6375		COMMUNITY_VERIFIED	iNaturalist Suomi Finland
suppilovahvero (fi) — Craterellus tubaeformis	suppilovahvero (fi)	100	2016-09-03	Espoo	Uusimaa (U)	Suomi	60.22259	24.79278		NEUTRAL	Hatikka.fi observations
suppilovahvero (fi) — Craterellus tubaeformis	suppilovahvero (fi)	10	2016-09-02	Espoo	Uusimaa (U)	Suomi	60.204173	24.819272		NEUTRAL	Hatikka.fi observations
suppilovahvero (fi) — Craterellus tubaeformis	suppilovahvero (fi)	100	2016-08-31	Espoo	Uusimaa (U)	Suomi	60.219142	24.753141		NEUTRAL	Löydös Open Finnish Observation Database
suppilovahvero (fi) — Craterellus tubaeformis	suppilovahvero (fi)		2016-08-27	Espoo	Uusimaa (U)	Suomi	60.18847	24.70831		COMMUNITY_VERIFIED	iNaturalist Suomi Finland
suppilovahvero (fi) — Craterellus tubaeformis	suppilovahvero (fi)		2016-08-19	Rovaniemi	Perä-Pohjanmaa (PeP)	Suomi	66.309054	25.129006		NEUTRAL	LajiGIS: Species mapping and surveys
suppilovahvero (fi) — Craterellus tubaeformis	suppilovahvero (fi)		2016-08-19	Rovaniemi	Perä-Pohjanmaa (PeP)	Suomi	66.305156	25.113212		NEUTRAL	LajiGIS: Species mapping and surveys
suppilovahvero (fi) — Craterellus tubaeformis	suppilovahvero (fi)	n10	2016-08-15 [14:03-16:57]	Somero	Etelä-Häme (EH)	Suomi	60.664687	23.602677	Sure	NEUTRAL	Hatikka.fi observations
suppilovahvero (fi) — Craterellus tubaeformis	suppilovahvero (fi)		2016-08-14	Helsinki	Uusimaa (U)	Suomi	60.277177	25.224386	Sure	EXPERT_VERIFIED	The Atlas of Finnish Fungi
suppilovahvero (fi) — Craterellus tubaeformis	suppilovahvero (fi)		2016-08-08	Joensuu	Pohjois-Karjala (PK)	Suomi	62.542348	30.184438	Sure	NEUTRAL	The Atlas of Finnish Fungi
suppilovahvero (fi) — Craterellus tubaeformis	suppilovahvero (fi)		2016-08-07	Espoo	Uusimaa (U)	Suomi	60.240974	24.653264	Sure	EXPERT_VERIFIED	The Atlas of Finnish Fungi
suppilovahvero (fi) — Craterellus tubaeformis	suppilovahvero (fi)		2015-12-24	Ikaalinen	Satakunta (St)	Suomi	61.8105	23.34129		COMMUNITY_VERIFIED	iNaturalist Suomi Finland
suppilovahvero (fi) — Craterellus tubaeformis	suppilovahvero (fi)	n30	2015-11-09 [9:57-11:26]	Somero	Etelä-Häme (EH)	Suomi	60.676787	23.604422		EXPERT_VERIFIED	Hatikka.fi observations
suppilovahvero (fi) — Craterellus tubaeformis	suppilovahvero (fi)	40	2015-10-23	Turku	Varsinais-Suomi (V)	Suomi	60.486356	22.228113		EXPERT_VERIFIED	Hatikka.fi observations
suppilovahvero (fi) — Craterellus tubaeformis	suppilovahvero (fi)		2015-10-01	Raasepori	Varsinais-Suomi (V)	Suomi	60.041289	23.017311	Sure	EXPERT_VERIFIED	The Atlas of Finnish Fungi
suppilovahvero (fi) — Craterellus tubaeformis	suppilovahvero (fi)	n10	2015-09-20 [14:36-16:22]	Somero	Etelä-Häme (EH)	Suomi	60.676418	23.607922	Sure	EXPERT_VERIFIED	Hatikka.fi observations
suppilovahvero (fi) — Craterellus tubaeformis	suppilovahvero (fi)		2015-09-05	Helsinki	Uusimaa (U)	Suomi	60.234379	25.142214	Sure	EXPERT_VERIFIED	The Atlas of Finnish Fungi
