Species	Vernacular name	Number	Time	Municipality	Biogeographical Province	Country	WGS84 N	WGS84 E	The stated certainty of the observation	Observation Reliability	Collection
vaaleaorakas (fi) — Hydnum repandum	vaaleaorakas (fi)		2026-09-15	Savonlinna	Pohjois-Savo (PS)	Suomi	62.22467	29.0517		COMMUNITY_VERIFIED	iNaturalist Suomi Finland
vaaleaorakas (fi) — Hydnum repandum	vaaleaorakas (fi)		2026-09-13 [15:19-16:52]	Tampere	Etelä-Häme (EH)	Suomi	61.470378	23.811411	Sure	NEUTRAL	The Atlas of Finnish Fungi
vaaleaorakas (fi) — Hydnum repandum	vaaleaorakas (fi)		2026-09-11	Lempäälä	Etelä-Häme (EH)	Suomi	61.35094	23.80329		COMMUNITY_VERIFIED	iNaturalist Suomi Finland
vaaleaorakas (fi) — Hydnum repandum	vaaleaorakas (fi)		2026-09-10	Espoo	Uusimaa (U)	Suomi	60.19318	24.78189		NEUTRAL	iNaturalist Suomi Finland
vaaleaorakas (fi) — Hydnum repandum	vaaleaorakas (fi)		2026-09-08	Heinävesi	Pohjois-Savo (PS)	Suomi	62.40648	28.772586	Sure	NEUTRAL	The Atlas of Finnish Fungi
vaaleaorakas (fi) — Hydnum repandum	vaaleaorakas (fi)		2026-09-06	Espoo	Uusimaa (U)	Suomi	60.19668	24.75939		NEUTRAL	iNaturalist Suomi Finland
vaaleaorakas (fi) — Hydnum repandum	vaaleaorakas (fi)		2026-09-06 [12:55]	Tampere	Etelä-Häme (EH)	Suomi	61.468525	23.814743	Sure	NEUTRAL	The Atlas of Finnish Fungi
vaaleaorakas (fi) — Hydnum repandum	vaaleaorakas (fi)		2026-09-05	Parainen	Varsinais-Suomi (V)	Suomi	60.292892	22.322114	Sure	NEUTRAL	The Atlas of Finnish Fungi
vaaleaorakas (fi) — Hydnum repandum	vaaleaorakas (fi)		2026-09-05	Helsinki	Uusimaa (U)	Suomi	60.22912	25.14554		COMMUNITY_VERIFIED	iNaturalist Suomi Finland
vaaleaorakas (fi) — Hydnum repandum	vaaleaorakas (fi)		2026-09-04	Turku	Varsinais-Suomi (V)	Suomi	60.412244	22.114963	Sure	NEUTRAL	The Atlas of Finnish Fungi
vaaleaorakas (fi) — Hydnum repandum	vaaleaorakas (fi)		2026-09-04	Salo	Varsinais-Suomi (V)	Suomi	60.36765	23.377152	Sure	NEUTRAL	The Atlas of Finnish Fungi
vaaleaorakas (fi) — Hydnum repandum	vaaleaorakas (fi)		2026-09-01	Tuusula	Uusimaa (U)	Suomi	60.39355	25.04284		NEUTRAL	iNaturalist Suomi Finland
vaaleaorakas (fi) — Hydnum repandum	vaaleaorakas (fi)		2026-08-29	Espoo	Uusimaa (U)	Suomi	60.266506	24.646683	Sure	NEUTRAL	The Atlas of Finnish Fungi
vaaleaorakas (fi) — Hydnum repandum	vaaleaorakas (fi)		2026-08-28	Hyvinkää	Uusimaa (U)	Suomi	60.584905	24.723428	Sure	NEUTRAL	The Atlas of Finnish Fungi
vaaleaorakas (fi) — Hydnum repandum	vaaleaorakas (fi)		2026-08-26	Lempäälä	Etelä-Häme (EH)	Suomi	61.3511	23.80256		NEUTRAL	iNaturalist Suomi Finland
vaaleaorakas (fi) — Hydnum repandum	vaaleaorakas (fi)		2026-08-24	Espoo	Uusimaa (U)	Suomi	60.250833	24.604221	Sure	NEUTRAL	The Atlas of Finnish Fungi
vaaleaorakas (fi) — Hydnum repandum	vaaleaorakas (fi)		2026-08-24	Hirvensalmi	Etelä-Savo (ES)	Suomi	61.79405	26.63333		NEUTRAL	iNaturalist Suomi Finland
vaaleaorakas (fi) — Hydnum repandum	vaaleaorakas (fi)		2026-08-24 [9:50-10:42]	Sysmä	Etelä-Häme (EH)	Suomi	61.496293	25.683056	Sure	NEUTRAL	The Atlas of Finnish Fungi
vaaleaorakas (fi) — Hydnum repandum	vaaleaorakas (fi)		2026-08-23	Kemiönsaari	Varsinais-Suomi (V)	Suomi	60.2343	22.7066		NEUTRAL	iNaturalist Suomi Finland
vaaleaorakas (fi) — Hydnum repandum	vaaleaorakas (fi)		2026-08-22	Kokemäki	Satakunta (St)	Suomi	61.19898	22.36329		NEUTRAL	iNaturalist Suomi Finland
vaaleaorakas (fi) — Hydnum repandum	vaaleaorakas (fi)		2026-08-22	Turku	Varsinais-Suomi (V)	Suomi	60.58168	22.36525		COMMUNITY_VERIFIED	iNaturalist Suomi Finland
vaaleaorakas (fi) — Hydnum repandum	vaaleaorakas (fi)		2026-08-22 [10:00-11:00]	Sysmä	Etelä-Häme (EH)	Suomi	61.42188	25.740367	Sure	NEUTRAL	The Atlas of Finnish Fungi
vaaleaorakas (fi) — Hydnum repandum	vaaleaorakas (fi)		2026-08-20	Utsjoki	Inarin Lappi (InL)	Suomi	69.75589	27.0058		NEUTRAL	iNaturalist Suomi Finland
vaaleaorakas (fi) — Hydnum repandum	vaaleaorakas (fi)		2026-08-18	Vihti	Varsinais-Suomi (V)	Suomi	60.31209	24.44983		NEUTRAL	iNaturalist Suomi Finland
vaaleaorakas (fi) — Hydnum repandum	vaaleaorakas (fi)		2026-08-18	Vihti	Varsinais-Suomi (V)	Suomi	60.31337	24.45178		NEUTRAL	iNaturalist Suomi Finland
vaaleaorakas (fi) — Hydnum repandum	vaaleaorakas (fi)		2026-08-18	Vihti	Varsinais-Suomi (V)	Suomi	60.31342	24.45176		NEUTRAL	iNaturalist Suomi Finland
vaaleaorakas (fi) — Hydnum repandum	vaaleaorakas (fi)		2026-08-18	Vihti	Varsinais-Suomi (V)	Suomi	60.31269	24.45135		NEUTRAL	iNaturalist Suomi Finland
vaaleaorakas (fi) — Hydnum repandum	vaaleaorakas (fi)		2026-08-17	Turku	Varsinais-Suomi (V)	Suomi	60.42374	22.26835		COMMUNITY_VERIFIED	iNaturalist Suomi Finland
vaaleaorakas (fi) — Hydnum repandum	vaaleaorakas (fi)		2026-08-17	Kirkkonummi	Uusimaa (U)	Suomi	60.15272	24.56472		NEUTRAL	iNaturalist Suomi Finland
vaaleaorakas (fi) — Hydnum repandum	vaaleaorakas (fi)		2026-08-15	Jyväskylä	Pohjois-Häme (PH)	Suomi	62.35391	25.69603		COMMUNITY_VERIFIED	iNaturalist Suomi Finland
vaaleaorakas (fi) — Hydnum repandum	vaaleaorakas (fi)		2026-08-15	Turku	Varsinais-Suomi (V)	Suomi	60.42535	22.2794		NEUTRAL	iNaturalist Suomi Finland
vaaleaorakas (fi) — Hydnum repandum	vaaleaorakas (fi)		2026-08-15	Aura, Lieto, Loimaa, Pöytyä	Satakunta (St), Varsinais-Suomi (V)	Suomi	60.7	22.7		NEUTRAL	iNaturalist Suomi Finland
vaaleaorakas (fi) — Hydnum repandum	vaaleaorakas (fi)		2026-08-15	Reisjärvi	Keski-Pohjanmaa (KP)	Suomi	63.6797	25.14741		NEUTRAL	iNaturalist Suomi Finland
vaaleaorakas (fi) — Hydnum repandum	vaaleaorakas (fi)		2026-08-14	Taivalkoski	Koillismaa (Ks)	Suomi	65.70461	27.98019	Sure	NEUTRAL	The Atlas of Finnish Fungi
vaaleaorakas (fi) — Hydnum repandum	vaaleaorakas (fi)		2026-08-14	Porvoo	Uusimaa (U)	Suomi	60.401712	25.74719	Sure	NEUTRAL	The Atlas of Finnish Fungi
vaaleaorakas (fi) — Hydnum repandum	vaaleaorakas (fi)		2026-08-13	Iisalmi	Pohjois-Savo (PS)	Suomi	63.54024	27.46894		COMMUNITY_VERIFIED	iNaturalist Suomi Finland
vaaleaorakas (fi) — Hydnum repandum	vaaleaorakas (fi)		2026-08-13	Turku	Varsinais-Suomi (V)	Suomi	60.55535	22.31013		COMMUNITY_VERIFIED	iNaturalist Suomi Finland
vaaleaorakas (fi) — Hydnum repandum	vaaleaorakas (fi)		2026-08-09	Saarijärvi	Pohjois-Häme (PH)	Suomi	62.78758	24.84002		COMMUNITY_VERIFIED	iNaturalist Suomi Finland
vaaleaorakas (fi) — Hydnum repandum	vaaleaorakas (fi)		2026-08-07	Helsinki	Uusimaa (U)	Suomi	60.17587	25.02748		COMMUNITY_VERIFIED	iNaturalist Suomi Finland
vaaleaorakas (fi) — Hydnum repandum	vaaleaorakas (fi)		2026-08-06	Jyväskylä	Pohjois-Häme (PH)	Suomi	62.24672	25.66215		NEUTRAL	iNaturalist Suomi Finland
vaaleaorakas (fi) — Hydnum repandum	vaaleaorakas (fi)		2026-08-05	Asikkala	Etelä-Häme (EH)	Suomi	61.28258	25.76595		COMMUNITY_VERIFIED	iNaturalist Suomi Finland
vaaleaorakas (fi) — Hydnum repandum	vaaleaorakas (fi)		2026-08-05	Turku	Varsinais-Suomi (V)	Suomi	60.43565	22.17942		COMMUNITY_VERIFIED	iNaturalist Suomi Finland
vaaleaorakas (fi) — Hydnum repandum	vaaleaorakas (fi)		2026-08-04	Vihti	Varsinais-Suomi (V)	Suomi	60.32935	24.5455		COMMUNITY_VERIFIED	iNaturalist Suomi Finland
vaaleaorakas (fi) — Hydnum repandum	vaaleaorakas (fi)	20	2026-08-04	Joensuu	Pohjois-Karjala (PK)	Suomi	62.581705	29.820889	Sure	NEUTRAL	Notebook, general observations
vaaleaorakas (fi) — Hydnum repandum	vaaleaorakas (fi)		2026-08-04	Äänekoski	Pohjois-Häme (PH)	Suomi	62.61152	25.97299		NEUTRAL	iNaturalist Suomi Finland
vaaleaorakas (fi) — Hydnum repandum	vaaleaorakas (fi)		2026-08-04	Kuhmoinen	Etelä-Häme (EH)	Suomi	61.5841	24.96738		NEUTRAL	iNaturalist Suomi Finland
vaaleaorakas (fi) — Hydnum repandum	vaaleaorakas (fi)		2026-08-03 [14:26-17:38]	Salo	Varsinais-Suomi (V)	Suomi	60.398651	23.095319	Sure	NEUTRAL	The Atlas of Finnish Fungi
vaaleaorakas (fi) — Hydnum repandum	vaaleaorakas (fi)		2026-08-01	Espoo	Uusimaa (U)	Suomi	60.194286	24.689724	Sure	NEUTRAL	The Atlas of Finnish Fungi
vaaleaorakas (fi) — Hydnum repandum	vaaleaorakas (fi)		2026-07-30	Tampere	Etelä-Häme (EH)	Suomi	61.5097	23.81999		NEUTRAL	iNaturalist Suomi Finland
vaaleaorakas (fi) — Hydnum repandum	vaaleaorakas (fi)		2026-07-30	Vaasa	Etelä-Pohjanmaa (EP)	Suomi	63.08418	21.62483		COMMUNITY_VERIFIED	iNaturalist Suomi Finland
vaaleaorakas (fi) — Hydnum repandum	vaaleaorakas (fi)		2026-07-28	Hyvinkää, Nurmijärvi, Tuusula, Vantaa	Uusimaa (U)	Suomi	60.5	24.9		COMMUNITY_VERIFIED	iNaturalist Suomi Finland
vaaleaorakas (fi) — Hydnum repandum	vaaleaorakas (fi)		2026-07-28	Kirkkonummi	Uusimaa (U)	Suomi	60.15244	24.55694		COMMUNITY_VERIFIED	iNaturalist Suomi Finland
vaaleaorakas (fi) — Hydnum repandum	vaaleaorakas (fi)		2026-07-26	Puolanka	Kainuu (Kn)	Suomi	64.70552	27.31864		COMMUNITY_VERIFIED	iNaturalist Suomi Finland
vaaleaorakas (fi) — Hydnum repandum	vaaleaorakas (fi)		2026-07-26	Mänttä-Vilppula	Etelä-Häme (EH)	Suomi	61.99816	24.32116		NEUTRAL	iNaturalist Suomi Finland
vaaleaorakas (fi) — Hydnum repandum	vaaleaorakas (fi)	15	2026-07-26 [10:00-12:00]	Parikkala	Laatokan Karjala (LK)	Suomi	61.618867	29.474582	Sure	NEUTRAL	Notebook, general observations
vaaleaorakas (fi) — Hydnum repandum	vaaleaorakas (fi)		2026-07-25 - 2026-07-29	Espoo	Uusimaa (U)	Suomi	60.292403	24.572999	Sure	NEUTRAL	The Atlas of Finnish Fungi
vaaleaorakas (fi) — Hydnum repandum	vaaleaorakas (fi)		2026-07-25	Helsinki	Uusimaa (U)	Suomi	60.23933	24.90725		NEUTRAL	iNaturalist Suomi Finland
vaaleaorakas (fi) — Hydnum repandum	vaaleaorakas (fi)	3	2026-07-24	Turku	Varsinais-Suomi (V)	Suomi	60.491	22.297	Sure	NEUTRAL	The Atlas of Finnish Fungi
vaaleaorakas (fi) — Hydnum repandum	vaaleaorakas (fi)		2026-07-24	Rusko	Varsinais-Suomi (V)	Suomi	60.53202	22.23601		NEUTRAL	iNaturalist Suomi Finland
vaaleaorakas (fi) — Hydnum repandum	vaaleaorakas (fi)		2026-07-23	Tampere	Etelä-Häme (EH)	Suomi	61.51353	23.66251		NEUTRAL	iNaturalist Suomi Finland
vaaleaorakas (fi) — Hydnum repandum	vaaleaorakas (fi)		2026-07-22	Saarijärvi	Pohjois-Häme (PH)	Suomi	62.84811	25.48284		NEUTRAL	iNaturalist Suomi Finland
vaaleaorakas (fi) — Hydnum repandum	vaaleaorakas (fi)	10	2026-07-21 [9:30-12:30]	Kontiolahti	Pohjois-Karjala (PK)	Suomi	62.85298	29.980425	Sure	NEUTRAL	Notebook, general observations
vaaleaorakas (fi) — Hydnum repandum	vaaleaorakas (fi)		2026-07-20 [15:28-17:57]	Salo	Varsinais-Suomi (V)	Suomi	60.33205	23.221354	Sure	NEUTRAL	The Atlas of Finnish Fungi
vaaleaorakas (fi) — Hydnum repandum	vaaleaorakas (fi)		2026-07-20	Masku, Mynämäki, Nousiainen	Varsinais-Suomi (V)	Suomi	60.7	22.1		NEUTRAL	iNaturalist Suomi Finland
vaaleaorakas (fi) — Hydnum repandum	vaaleaorakas (fi)	15	2026-07-19 [12:00-13:20]	Joensuu	Pohjois-Karjala (PK)	Suomi	62.581109	29.822454	Sure	NEUTRAL	Notebook, general observations
vaaleaorakas (fi) — Hydnum repandum	vaaleaorakas (fi)		2026-07-18	Rovaniemi	Perä-Pohjanmaa (PeP)	Suomi	66.58624	25.68491	Sure	NEUTRAL	The Atlas of Finnish Fungi
vaaleaorakas (fi) — Hydnum repandum	vaaleaorakas (fi)	Runsaasti	2026-07-16	Tuusula	Uusimaa (U)	Suomi	60.36387	25.026432	Sure	NEUTRAL	Notebook, general observations
vaaleaorakas (fi) — Hydnum repandum	vaaleaorakas (fi)		2026-07-13	Mikkeli	Etelä-Savo (ES)	Suomi	61.7	27.3		COMMUNITY_VERIFIED	iNaturalist Suomi Finland
vaaleaorakas (fi) — Hydnum repandum	vaaleaorakas (fi)		2026-07-13	Turku	Varsinais-Suomi (V)	Suomi	60.48513	22.22837		COMMUNITY_VERIFIED	iNaturalist Suomi Finland
vaaleaorakas (fi) — Hydnum repandum	vaaleaorakas (fi)	40	2026-07-06 [17:50-18:50]	Joensuu	Pohjois-Karjala (PK)	Suomi	62.579803	29.821309	Sure	NEUTRAL	Notebook, general observations
vaaleaorakas (fi) — Hydnum repandum	vaaleaorakas (fi)		2026-07-05	Vaasa	Etelä-Pohjanmaa (EP)	Suomi	63.09685	21.74372		NEUTRAL	iNaturalist Suomi Finland
vaaleaorakas (fi) — Hydnum repandum	vaaleaorakas (fi)	30	2026-07-01 [16:45-18:00]	Joensuu	Pohjois-Karjala (PK)	Suomi	62.580933	29.819884	Sure	NEUTRAL	Notebook, general observations
vaaleaorakas (fi) — Hydnum repandum	vaaleaorakas (fi)		2026-05-24	Vaasa	Etelä-Pohjanmaa (EP)	Suomi	63.09348	21.70834		NEUTRAL	iNaturalist Suomi Finland
vaaleaorakas (fi) — Hydnum repandum	vaaleaorakas (fi)		2025-11-15	Pirkkala	Etelä-Häme (EH)	Suomi	61.46921	23.6965		NEUTRAL	iNaturalist Suomi Finland
vaaleaorakas (fi) — Hydnum repandum	vaaleaorakas (fi)		2025-11-11	Lappeenranta	Etelä-Savo (ES)	Suomi	61.098203	28.225241	Sure	NEUTRAL	Notebook, general observations
vaaleaorakas (fi) — Hydnum repandum	vaaleaorakas (fi)		2025-11-09	Vaasa	Etelä-Pohjanmaa (EP)	Suomi	63.08586	21.76284		COMMUNITY_VERIFIED	iNaturalist Suomi Finland
vaaleaorakas (fi) — Hydnum repandum	vaaleaorakas (fi)		2025-11-09	Kirkkonummi	Uusimaa (U)	Suomi	60.15223	24.56213		COMMUNITY_VERIFIED	iNaturalist Suomi Finland
vaaleaorakas (fi) — Hydnum repandum	vaaleaorakas (fi)		2025-11-09	Savonlinna	Etelä-Savo (ES)	Suomi	61.83675	28.73674		NEUTRAL	iNaturalist Suomi Finland
vaaleaorakas (fi) — Hydnum repandum	vaaleaorakas (fi)	2	2025-11-08	Asikkala	Etelä-Häme (EH)	Suomi	61.176919	25.553261	Sure	NEUTRAL	Notebook, general observations
vaaleaorakas (fi) — Hydnum repandum	vaaleaorakas (fi)		2025-11-08	Imatra	Etelä-Savo (ES)	Suomi	61.20959	28.74641		NEUTRAL	iNaturalist Suomi Finland
vaaleaorakas (fi) — Hydnum repandum	vaaleaorakas (fi)		2025-11-05	Eurajoki	Satakunta (St)	Suomi	61.18666	21.6177		NEUTRAL	iNaturalist Suomi Finland
vaaleaorakas (fi) — Hydnum repandum	vaaleaorakas (fi)		2025-11-04	Turku	Varsinais-Suomi (V)	Suomi	60.43329	22.32867		COMMUNITY_VERIFIED	iNaturalist Suomi Finland
vaaleaorakas (fi) — Hydnum repandum	vaaleaorakas (fi)		2025-11-03	Nurmijärvi	Uusimaa (U)	Suomi	60.39049	24.75478		NEUTRAL	iNaturalist Suomi Finland
vaaleaorakas (fi) — Hydnum repandum	vaaleaorakas (fi)		2025-11-01	Hattula, Hämeenlinna, Janakkala	Etelä-Häme (EH)	Suomi	61.1	24.7		COMMUNITY_VERIFIED	iNaturalist Suomi Finland
vaaleaorakas (fi) — Hydnum repandum	vaaleaorakas (fi)		2025-10-26	Heinävesi, Kuopio, Leppävirta	Pohjois-Savo (PS)	Suomi	62.5	28.3		NEUTRAL	iNaturalist Suomi Finland
vaaleaorakas (fi) — Hydnum repandum	vaaleaorakas (fi)		2025-10-25	Laukaa	Pohjois-Häme (PH)	Suomi	62.23774	26.09219		COMMUNITY_VERIFIED	iNaturalist Suomi Finland
vaaleaorakas (fi) — Hydnum repandum	vaaleaorakas (fi)		2025-10-25 [11:00-11:48]	Sysmä	Etelä-Häme (EH)	Suomi	61.527506	25.669435	Sure	NEUTRAL	Fourth Finnish Bird Atlas 2022–2025, observations from FinBIF Notebook
vaaleaorakas (fi) — Hydnum repandum	vaaleaorakas (fi)		2025-10-19	Espoo	Uusimaa (U)	Suomi	60.29267	24.57926		NEUTRAL	iNaturalist Suomi Finland
vaaleaorakas (fi) — Hydnum repandum	vaaleaorakas (fi)		2025-10-19	Espoo	Uusimaa (U)	Suomi	60.28647	24.57829		NEUTRAL	iNaturalist Suomi Finland
vaaleaorakas (fi) — Hydnum repandum	vaaleaorakas (fi)		2025-10-19 [12:42-16:50]	Espoo	Uusimaa (U)	Suomi	60.253819	24.621457	Sure	NEUTRAL	Notebook, general observations
vaaleaorakas (fi) — Hydnum repandum	vaaleaorakas (fi)		2025-10-15	Vihti	Varsinais-Suomi (V)	Suomi	60.49053	24.48506		NEUTRAL	iNaturalist Suomi Finland
vaaleaorakas (fi) — Hydnum repandum	vaaleaorakas (fi)		2025-10-14	Porvoo	Uusimaa (U)	Suomi	60.36404	25.7238		COMMUNITY_VERIFIED	iNaturalist Suomi Finland
vaaleaorakas (fi) — Hydnum repandum	vaaleaorakas (fi)		2025-10-13	Hanko	Uusimaa (U)	Suomi	59.854356	23.070115	Sure	NEUTRAL	The Atlas of Finnish Fungi
vaaleaorakas (fi) — Hydnum repandum	vaaleaorakas (fi)		2025-10-12	Jyväskylä	Pohjois-Häme (PH)	Suomi	62.23993	25.84699		COMMUNITY_VERIFIED	iNaturalist Suomi Finland
vaaleaorakas (fi) — Hydnum repandum	vaaleaorakas (fi)		2025-10-11	Espoo	Uusimaa (U)	Suomi	60.33823	24.687668	Sure	NEUTRAL	The Atlas of Finnish Fungi
vaaleaorakas (fi) — Hydnum repandum	vaaleaorakas (fi)		2025-10-11	Espoo	Uusimaa (U)	Suomi	60.332394	24.695324	Sure	NEUTRAL	The Atlas of Finnish Fungi
vaaleaorakas (fi) — Hydnum repandum	vaaleaorakas (fi)		2025-10-11	Heinola	Etelä-Häme (EH)	Suomi	61.3399	26.18306		NEUTRAL	iNaturalist Suomi Finland
vaaleaorakas (fi) — Hydnum repandum	vaaleaorakas (fi)		2025-10-11 [10:41]	Tampere	Etelä-Häme (EH)	Suomi	61.468154	23.815984	Sure	NEUTRAL	Notebook, general observations
vaaleaorakas (fi) — Hydnum repandum	vaaleaorakas (fi)		2025-10-10	Lieto	Varsinais-Suomi (V)	Suomi	60.62318	22.65928		COMMUNITY_VERIFIED	iNaturalist Suomi Finland
vaaleaorakas (fi) — Hydnum repandum	vaaleaorakas (fi)		2025-10-09 [14:52-14:53]	Salo	Varsinais-Suomi (V)	Suomi	60.473243	23.091876	Sure	NEUTRAL	The Atlas of Finnish Fungi
vaaleaorakas (fi) — Hydnum repandum	vaaleaorakas (fi)		2025-10-07	Espoo	Uusimaa (U)	Suomi	60.180279	24.574571	Sure	NEUTRAL	The Atlas of Finnish Fungi
vaaleaorakas (fi) — Hydnum repandum	vaaleaorakas (fi)		2025-10-06	Turku	Varsinais-Suomi (V)	Suomi	60.43268	22.15841		NEUTRAL	iNaturalist Suomi Finland
vaaleaorakas (fi) — Hydnum repandum	vaaleaorakas (fi)		2025-10-03	Rautjärvi	Etelä-Savo (ES)	Suomi	61.38438	29.29149		NEUTRAL	iNaturalist Suomi Finland
vaaleaorakas (fi) — Hydnum repandum	vaaleaorakas (fi)		2025-10-02	Raasepori	Uusimaa (U)	Suomi	59.943998	23.509586	Sure	NEUTRAL	The Atlas of Finnish Fungi
vaaleaorakas (fi) — Hydnum repandum	vaaleaorakas (fi)		2025-10-01	Raasepori	Uusimaa (U), Varsinais-Suomi (V)	Suomi	60.008326	23.494959	Sure	NEUTRAL	The Atlas of Finnish Fungi
vaaleaorakas (fi) — Hydnum repandum	vaaleaorakas (fi)		2025-10-01	Kirkkonummi	Uusimaa (U)	Suomi	60.1544	24.5612		COMMUNITY_VERIFIED	iNaturalist Suomi Finland
vaaleaorakas (fi) — Hydnum repandum	vaaleaorakas (fi)		2025-09-30 [11:30-14:06]	Raasepori	Uusimaa (U)	Suomi	59.939677	23.497865	Sure	NEUTRAL	The Atlas of Finnish Fungi
vaaleaorakas (fi) — Hydnum repandum	vaaleaorakas (fi)		2025-09-29	Helsinki, Kerava, Sipoo, Tuusula, Vantaa	Uusimaa (U)	Suomi	60.3	25.1		COMMUNITY_VERIFIED	iNaturalist Suomi Finland
vaaleaorakas (fi) — Hydnum repandum	vaaleaorakas (fi)		2025-09-29	Raasepori	Uusimaa (U), Varsinais-Suomi (V)	Suomi	60.006156	23.492708	Sure	NEUTRAL	The Atlas of Finnish Fungi
vaaleaorakas (fi) — Hydnum repandum	vaaleaorakas (fi)	5	2025-09-29	Tornio	Perä-Pohjanmaa (PeP)	Suomi	66.041491	24.286289	Subspecies unsure	NEUTRAL	The Atlas of Finnish Fungi
vaaleaorakas (fi) — Hydnum repandum	vaaleaorakas (fi)		2025-09-28	Espoo	Uusimaa (U)	Suomi	60.29138	24.57317		COMMUNITY_VERIFIED	iNaturalist Suomi Finland
vaaleaorakas (fi) — Hydnum repandum	vaaleaorakas (fi)		2025-09-28	Joensuu	Pohjois-Karjala (PK)	Suomi	62.6211	29.8182		COMMUNITY_VERIFIED	iNaturalist Suomi Finland
vaaleaorakas (fi) — Hydnum repandum	vaaleaorakas (fi)		2025-09-28	Kangasala	Etelä-Häme (EH)	Suomi	61.50222	24.34282		NEUTRAL	iNaturalist Suomi Finland
vaaleaorakas (fi) — Hydnum repandum	vaaleaorakas (fi)		2025-09-27	Helsinki	Uusimaa (U)	Suomi	60.23491	25.14583		NEUTRAL	iNaturalist Suomi Finland
vaaleaorakas (fi) — Hydnum repandum	vaaleaorakas (fi)		2025-09-27	Espoo	Uusimaa (U)	Suomi	60.30469	24.51982		COMMUNITY_VERIFIED	iNaturalist Suomi Finland
vaaleaorakas (fi) — Hydnum repandum	vaaleaorakas (fi)		2025-09-26	Vihti	Varsinais-Suomi (V)	Suomi	60.544104	24.555926	Sure	NEUTRAL	The Atlas of Finnish Fungi
vaaleaorakas (fi) — Hydnum repandum	vaaleaorakas (fi)		2025-09-26 [14:14-14:24]	Salo	Varsinais-Suomi (V)	Suomi	60.252809	22.967889	Sure	NEUTRAL	The Atlas of Finnish Fungi
vaaleaorakas (fi) — Hydnum repandum	vaaleaorakas (fi)		2025-09-26	Kotka	Etelä-Karjala (EK)	Suomi	60.41374	26.98552		COMMUNITY_VERIFIED	iNaturalist Suomi Finland
vaaleaorakas (fi) — Hydnum repandum	vaaleaorakas (fi)		2025-09-26	Mikkeli	Etelä-Savo (ES)	Suomi	61.45321	27.40411		COMMUNITY_VERIFIED	iNaturalist Suomi Finland
vaaleaorakas (fi) — Hydnum repandum	vaaleaorakas (fi)		2025-09-26	Kirkkonummi	Uusimaa (U)	Suomi	60.15542	24.56341		NEUTRAL	iNaturalist Suomi Finland
vaaleaorakas (fi) — Hydnum repandum	vaaleaorakas (fi)		2025-09-26 [15:37-15:38]	Salo	Varsinais-Suomi (V)	Suomi	60.207954	22.942817	Sure	NEUTRAL	The Atlas of Finnish Fungi
vaaleaorakas (fi) — Hydnum repandum	vaaleaorakas (fi)		2025-09-25	Turku	Varsinais-Suomi (V)	Suomi	60.392	22.22002		COMMUNITY_VERIFIED	iNaturalist Suomi Finland
vaaleaorakas (fi) — Hydnum repandum	vaaleaorakas (fi)		2025-09-25	Helsinki	Uusimaa (U)	Suomi	60.23343	25.13834		COMMUNITY_VERIFIED	iNaturalist Suomi Finland
vaaleaorakas (fi) — Hydnum repandum	vaaleaorakas (fi)		2025-09-21	Sotkamo	Kainuu (Kn)	Suomi	64.198012	28.235613	Sure	NEUTRAL	Notebook, general observations
vaaleaorakas (fi) — Hydnum repandum	vaaleaorakas (fi)		2025-09-21	Lohja, Salo	Varsinais-Suomi (V)	Suomi	60.3	23.7		COMMUNITY_VERIFIED	iNaturalist Suomi Finland
vaaleaorakas (fi) — Hydnum repandum	vaaleaorakas (fi)		2025-09-21 [13:54-13:56]	Tammela	Etelä-Häme (EH)	Suomi	60.654981	23.896597	Sure	NEUTRAL	The Atlas of Finnish Fungi
vaaleaorakas (fi) — Hydnum repandum	vaaleaorakas (fi)		2025-09-21	Turku	Varsinais-Suomi (V)	Suomi	60.42933	22.34922		COMMUNITY_VERIFIED	iNaturalist Suomi Finland
vaaleaorakas (fi) — Hydnum repandum	vaaleaorakas (fi)		2025-09-21	Pello	Perä-Pohjanmaa (PeP)	Suomi	66.80236	24.32745		NEUTRAL	iNaturalist Suomi Finland
vaaleaorakas (fi) — Hydnum repandum	vaaleaorakas (fi)		2025-09-20	Raasepori	Varsinais-Suomi (V)	Suomi	60.06788	23.54187		COMMUNITY_VERIFIED	iNaturalist Suomi Finland
vaaleaorakas (fi) — Hydnum repandum	vaaleaorakas (fi)		2025-09-19	Espoo	Uusimaa (U)	Suomi	60.18021	24.73182		COMMUNITY_VERIFIED	iNaturalist Suomi Finland
vaaleaorakas (fi) — Hydnum repandum	vaaleaorakas (fi)	80	2025-09-19	Pyhtää	Uusimaa (U)	Suomi	60.536451	26.606788	Sure	NEUTRAL	The Atlas of Finnish Fungi
vaaleaorakas (fi) — Hydnum repandum	vaaleaorakas (fi)		2025-09-19	Kirkkonummi	Uusimaa (U)	Suomi	60.15474	24.36366		NEUTRAL	iNaturalist Suomi Finland
vaaleaorakas (fi) — Hydnum repandum	vaaleaorakas (fi)		2025-09-18 [16:22-16:26]	Salo	Varsinais-Suomi (V)	Suomi	60.431184	23.02102	Sure	NEUTRAL	The Atlas of Finnish Fungi
vaaleaorakas (fi) — Hydnum repandum	vaaleaorakas (fi)	7-10	2025-09-18 [12:50]	Lumparland	Ahvenanmaa (A)	Suomi	60.086008	20.253408	Sure	NEUTRAL	Notebook, general observations
vaaleaorakas (fi) — Hydnum repandum	vaaleaorakas (fi)		2025-09-18	Lohja	Varsinais-Suomi (V)	Suomi	60.21356	23.77088		COMMUNITY_VERIFIED	iNaturalist Suomi Finland
vaaleaorakas (fi) — Hydnum repandum	vaaleaorakas (fi)		2025-09-15	Parainen	Varsinais-Suomi (V)	Suomi	60.2526	22.10662		COMMUNITY_VERIFIED	iNaturalist Suomi Finland
vaaleaorakas (fi) — Hydnum repandum	vaaleaorakas (fi)		2025-09-13 [10:10]	Tampere	Etelä-Häme (EH)	Suomi	61.468482	23.814795	Sure	NEUTRAL	Notebook, general observations
vaaleaorakas (fi) — Hydnum repandum	vaaleaorakas (fi)	Kymmeniä	2025-09-12 [10:07-15:03]	Hämeenlinna	Etelä-Häme (EH)	Suomi	61.107574	24.956509	Sure	NEUTRAL	The Atlas of Finnish Fungi
vaaleaorakas (fi) — Hydnum repandum	vaaleaorakas (fi)		2025-09-10 [10:56-12:59]	Hämeenlinna	Etelä-Häme (EH)	Suomi	61.089511	25.00405	Sure	NEUTRAL	The Atlas of Finnish Fungi
vaaleaorakas (fi) — Hydnum repandum	vaaleaorakas (fi)	6	2025-09-09	Hämeenlinna	Etelä-Häme (EH)	Suomi	61.063387	25.035266	Sure	NEUTRAL	The Atlas of Finnish Fungi
vaaleaorakas (fi) — Hydnum repandum	vaaleaorakas (fi)		2025-09-09	Hämeenlinna	Etelä-Häme (EH)	Suomi	61.089742	25.004751	Sure	NEUTRAL	The Atlas of Finnish Fungi
vaaleaorakas (fi) — Hydnum repandum	vaaleaorakas (fi)		2025-09-09	Vaasa	Etelä-Pohjanmaa (EP)	Suomi	63.05838	21.696365	Sure	NEUTRAL	Notebook, general observations
vaaleaorakas (fi) — Hydnum repandum	vaaleaorakas (fi)		2025-09-08	Tammela	Etelä-Häme (EH)	Suomi	60.778474	23.629551	Sure	NEUTRAL	The Atlas of Finnish Fungi
vaaleaorakas (fi) — Hydnum repandum	vaaleaorakas (fi)		2025-09-08	Kuopio	Pohjois-Savo (PS)	Suomi	62.924277	27.66293	Sure	NEUTRAL	The Atlas of Finnish Fungi
vaaleaorakas (fi) — Hydnum repandum	vaaleaorakas (fi)		2025-09-08	Lohja	Uusimaa (U)	Suomi	60.29927	24.22939		COMMUNITY_VERIFIED	iNaturalist Suomi Finland
vaaleaorakas (fi) — Hydnum repandum	vaaleaorakas (fi)		2025-09-08	Parainen	Varsinais-Suomi (V)	Suomi	60.32013	22.30897		NEUTRAL	iNaturalist Suomi Finland
vaaleaorakas (fi) — Hydnum repandum	vaaleaorakas (fi)		2025-09-07	Finström	Ahvenanmaa (A)	Suomi	60.35655	19.89829		NEUTRAL	iNaturalist Suomi Finland
vaaleaorakas (fi) — Hydnum repandum	vaaleaorakas (fi)		2025-09-06 [10:02]	Tampere	Etelä-Häme (EH)	Suomi	61.468507	23.814758	Sure	NEUTRAL	Notebook, general observations
vaaleaorakas (fi) — Hydnum repandum	vaaleaorakas (fi)		2025-09-04 - 2025-09-06	Vantaa	Uusimaa (U)	Suomi	60.292442	24.820996	Sure	NEUTRAL	The Atlas of Finnish Fungi
vaaleaorakas (fi) — Hydnum repandum	vaaleaorakas (fi)		2025-09-02	Hanko	Uusimaa (U)	Suomi	59.855919	23.073768	Sure	NEUTRAL	The Atlas of Finnish Fungi
vaaleaorakas (fi) — Hydnum repandum	vaaleaorakas (fi)		2025-09-02	Turku	Varsinais-Suomi (V)	Suomi	60.46824	22.32019		NEUTRAL	iNaturalist Suomi Finland
vaaleaorakas (fi) — Hydnum repandum	vaaleaorakas (fi)		2025-09-02	Mustasaari	Etelä-Pohjanmaa (EP)	Suomi	63.29121	21.77177		COMMUNITY_VERIFIED	iNaturalist Suomi Finland
vaaleaorakas (fi) — Hydnum repandum	vaaleaorakas (fi)		2025-08-27	Hyvinkää	Uusimaa (U)	Suomi	60.65776	24.89679		NEUTRAL	iNaturalist Suomi Finland
vaaleaorakas (fi) — Hydnum repandum	vaaleaorakas (fi)		2025-08-27	Vihti	Varsinais-Suomi (V)	Suomi	60.31493	24.45191		COMMUNITY_VERIFIED	iNaturalist Suomi Finland
vaaleaorakas (fi) — Hydnum repandum	vaaleaorakas (fi)		2025-08-23	Aura, Lieto, Masku, Mynämäki, Nousiainen, Pöytyä, Rusko, Turku	Satakunta (St), Varsinais-Suomi (V)	Suomi	60.7	22.5		COMMUNITY_VERIFIED	iNaturalist Suomi Finland
vaaleaorakas (fi) — Hydnum repandum	vaaleaorakas (fi)		2025-08-23	Vaasa	Etelä-Pohjanmaa (EP)	Suomi	63.056787	21.703817	Sure	NEUTRAL	Notebook, general observations
vaaleaorakas (fi) — Hydnum repandum	vaaleaorakas (fi)		2025-08-23 [9:01-11:08]	Tampere	Etelä-Häme (EH)	Suomi	61.468525	23.814664	Sure	NEUTRAL	Notebook, general observations
vaaleaorakas (fi) — Hydnum repandum	vaaleaorakas (fi)	Muutamia	2025-08-22 - 2025-08-24	Sodankylä	Sompion Lappi (SoL)	Suomi	68.131053	28.448382	Sure	NEUTRAL	The Atlas of Finnish Fungi
vaaleaorakas (fi) — Hydnum repandum	vaaleaorakas (fi)		2025-08-20	Jokioinen	Etelä-Häme (EH)	Suomi	60.79819	23.49391		NEUTRAL	iNaturalist Suomi Finland
vaaleaorakas (fi) — Hydnum repandum	vaaleaorakas (fi)	Esiintymä	2025-08-17	Ylöjärvi	Satakunta (St)	Suomi	61.70007	23.251145	Sure	NEUTRAL	The Atlas of Finnish Fungi
vaaleaorakas (fi) — Hydnum repandum	vaaleaorakas (fi)		2025-08-17	Espoo	Uusimaa (U)	Suomi	60.199489	24.795974	Sure	NEUTRAL	The Atlas of Finnish Fungi
vaaleaorakas (fi) — Hydnum repandum	vaaleaorakas (fi)		2025-08-16 [9:47]	Tampere	Etelä-Häme (EH)	Suomi	61.468449	23.815455	Subspecies unsure	NEUTRAL	Notebook, general observations
vaaleaorakas (fi) — Hydnum repandum	vaaleaorakas (fi)		2025-08-15	Lempäälä	Etelä-Häme (EH)	Suomi	61.35111	23.80284		COMMUNITY_VERIFIED	iNaturalist Suomi Finland
vaaleaorakas (fi) — Hydnum repandum	vaaleaorakas (fi)		2025-08-12	Jämsä	Etelä-Häme (EH)	Suomi	61.84241	25.39569		NEUTRAL	iNaturalist Suomi Finland
vaaleaorakas (fi) — Hydnum repandum	vaaleaorakas (fi)		2025-08-10	Vihti	Varsinais-Suomi (V)	Suomi	60.33816	24.20992		COMMUNITY_VERIFIED	iNaturalist Suomi Finland
vaaleaorakas (fi) — Hydnum repandum	vaaleaorakas (fi)		2025-08-10	Porvoo	Uusimaa (U)	Suomi	60.36542	25.82981		COMMUNITY_VERIFIED	iNaturalist Suomi Finland
vaaleaorakas (fi) — Hydnum repandum	vaaleaorakas (fi)		2025-08-10	Eurajoki	Satakunta (St)	Suomi	61.18518	21.60178		COMMUNITY_VERIFIED	iNaturalist Suomi Finland
vaaleaorakas (fi) — Hydnum repandum	vaaleaorakas (fi)		2025-08-08	Porvoo	Uusimaa (U)	Suomi	60.38292	25.66619		COMMUNITY_VERIFIED	iNaturalist Suomi Finland
vaaleaorakas (fi) — Hydnum repandum	vaaleaorakas (fi)		2025-08-08	Tammela	Etelä-Häme (EH)	Suomi	60.87184	23.74543		COMMUNITY_VERIFIED	iNaturalist Suomi Finland
vaaleaorakas (fi) — Hydnum repandum	vaaleaorakas (fi)		2025-08-07	Helsinki	Uusimaa (U)	Suomi	60.2706	24.93		COMMUNITY_VERIFIED	iNaturalist Suomi Finland
vaaleaorakas (fi) — Hydnum repandum	vaaleaorakas (fi)		2025-08-07	Helsinki, Kerava, Sipoo, Tuusula, Vantaa	Uusimaa (U)	Suomi	60.3	25.1		COMMUNITY_VERIFIED	iNaturalist Suomi Finland
vaaleaorakas (fi) — Hydnum repandum	vaaleaorakas (fi)		2025-08-06	Espoo	Uusimaa (U)	Suomi	60.268342	24.650354	Sure	NEUTRAL	The Atlas of Finnish Fungi
vaaleaorakas (fi) — Hydnum repandum	vaaleaorakas (fi)		2025-07-29	Porvoo	Uusimaa (U)	Suomi	60.401932	25.744928	Sure	NEUTRAL	The Atlas of Finnish Fungi
vaaleaorakas (fi) — Hydnum repandum	vaaleaorakas (fi)		2025-07-28	Parainen	Varsinais-Suomi (V)	Suomi	60.17535	21.56885		NEUTRAL	iNaturalist Suomi Finland
vaaleaorakas (fi) — Hydnum repandum	vaaleaorakas (fi)		2025-07-24	Espoo	Uusimaa (U)	Suomi	60.319393	24.52207	Sure	NEUTRAL	The Atlas of Finnish Fungi
vaaleaorakas (fi) — Hydnum repandum	vaaleaorakas (fi)		2025-07-20	Kauniainen	Uusimaa (U)	Suomi	60.212966	24.682636	Sure	NEUTRAL	The Atlas of Finnish Fungi
vaaleaorakas (fi) — Hydnum repandum	vaaleaorakas (fi)		2025-07-17	Hämeenlinna, Pälkäne	Etelä-Häme (EH)	Suomi	61.3	24.7		COMMUNITY_VERIFIED	iNaturalist Suomi Finland
vaaleaorakas (fi) — Hydnum repandum	vaaleaorakas (fi)		2025-07-13	Turku	Varsinais-Suomi (V)	Suomi	60.54352	22.33377		COMMUNITY_VERIFIED	iNaturalist Suomi Finland
vaaleaorakas (fi) — Hydnum repandum	vaaleaorakas (fi)		2025-07-13	Sastamala	Satakunta (St)	Suomi	61.377842	23.130363	Sure	NEUTRAL	The Atlas of Finnish Fungi
vaaleaorakas (fi) — Hydnum repandum	vaaleaorakas (fi)		2025-07-12	Vantaa	Uusimaa (U)	Suomi	60.28951	25.14562		COMMUNITY_VERIFIED	iNaturalist Suomi Finland
vaaleaorakas (fi) — Hydnum repandum	vaaleaorakas (fi)		2025-07-10	Hollola	Etelä-Häme (EH)	Suomi	60.98785	25.5007		COMMUNITY_VERIFIED	iNaturalist Suomi Finland
vaaleaorakas (fi) — Hydnum repandum	vaaleaorakas (fi)		2025-07-07	Hämeenlinna	Etelä-Häme (EH)	Suomi	61.02035	24.46823		COMMUNITY_VERIFIED	iNaturalist Suomi Finland
vaaleaorakas (fi) — Hydnum repandum	vaaleaorakas (fi)		2025-07-04 [13:44-15:56]	Salo	Varsinais-Suomi (V)	Suomi	60.33476	23.205855	Sure	NEUTRAL	The Atlas of Finnish Fungi
vaaleaorakas (fi) — Hydnum repandum	vaaleaorakas (fi)		2025-06-28	Espoo	Uusimaa (U)	Suomi	60.241676	24.669056	Sure	NEUTRAL	The Atlas of Finnish Fungi
vaaleaorakas (fi) — Hydnum repandum	vaaleaorakas (fi)		2025-06-24 [11:09-21:15]	Turku	Varsinais-Suomi (V)	Suomi	60.469013	22.333315	Sure	NEUTRAL	The Atlas of Finnish Fungi
vaaleaorakas (fi) — Hydnum repandum	vaaleaorakas (fi)	3	2025-06-22	Kaarina	Varsinais-Suomi (V)	Suomi	60.469562	22.335278	Sure	NEUTRAL	The Atlas of Finnish Fungi
vaaleaorakas (fi) — Hydnum repandum	vaaleaorakas (fi)		2024-12-26	Helsinki	Uusimaa (U)	Suomi	60.18702	24.9906		NEUTRAL	iNaturalist Suomi Finland
vaaleaorakas (fi) — Hydnum repandum	vaaleaorakas (fi)	useita	2024-11-26 [12:29]	Akaa	Etelä-Häme (EH)	Suomi	61.173923	23.838586	Sure	NEUTRAL	Notebook, general observations
vaaleaorakas (fi) — Hydnum repandum	vaaleaorakas (fi)		2024-11-17	Helsinki	Uusimaa (U)	Suomi	60.24292	25.21113		NEUTRAL	iNaturalist Suomi Finland
vaaleaorakas (fi) — Hydnum repandum	vaaleaorakas (fi)		2024-11-08	Virolahti	Etelä-Karjala (EK)	Suomi	60.611067	27.476422		NEUTRAL	LajiGIS: Miscellaneous occurrences
vaaleaorakas (fi) — Hydnum repandum	vaaleaorakas (fi)		2024-11-04 [8:59-13:20]	Kirkkonummi	Uusimaa (U)	Suomi	60.139682	24.35195	Sure	NEUTRAL	Notebook, general observations
vaaleaorakas (fi) — Hydnum repandum	vaaleaorakas (fi)		2024-11-02	Jyväskylä	Etelä-Häme (EH)	Suomi	62.13693	25.73222		COMMUNITY_VERIFIED	iNaturalist Suomi Finland
vaaleaorakas (fi) — Hydnum repandum	vaaleaorakas (fi)		2024-11-02 [11:56-17:00]	Parainen	Varsinais-Suomi (V)	Suomi	60.243518	22.214065	Sure	NEUTRAL	The Atlas of Finnish Fungi
vaaleaorakas (fi) — Hydnum repandum	vaaleaorakas (fi)		2024-11-01	Mikkeli	Etelä-Savo (ES)	Suomi	61.7039	27.3226		COMMUNITY_VERIFIED	iNaturalist Suomi Finland
vaaleaorakas (fi) — Hydnum repandum	vaaleaorakas (fi)		2024-10-31	Asikkala	Etelä-Häme (EH)	Suomi	61.28159	25.69204		NEUTRAL	iNaturalist Suomi Finland
vaaleaorakas (fi) — Hydnum repandum	vaaleaorakas (fi)		2024-10-29 [16:00-16:01]	Salo	Varsinais-Suomi (V)	Suomi	60.435975	23.113479	Sure	NEUTRAL	The Atlas of Finnish Fungi
vaaleaorakas (fi) — Hydnum repandum	vaaleaorakas (fi)		2024-10-27	Vantaa	Uusimaa (U)	Suomi	60.31216	25.12475		NEUTRAL	iNaturalist Suomi Finland
vaaleaorakas (fi) — Hydnum repandum	vaaleaorakas (fi)		2024-10-27 [13:42-15:21]	Tampere	Etelä-Häme (EH)	Suomi	61.468299	23.815976	Sure	NEUTRAL	The Atlas of Finnish Fungi
vaaleaorakas (fi) — Hydnum repandum	vaaleaorakas (fi)		2024-10-26	Mikkeli	Etelä-Savo (ES)	Suomi	61.4527	27.40434		NEUTRAL	iNaturalist Suomi Finland
vaaleaorakas (fi) — Hydnum repandum	vaaleaorakas (fi)		2024-10-20 [12:25]	Turku	Varsinais-Suomi (V)	Suomi	60.430028	22.282435	Sure	NEUTRAL	The Atlas of Finnish Fungi
vaaleaorakas (fi) — Hydnum repandum	vaaleaorakas (fi)		2024-10-19	Hanko	Uusimaa (U)	Suomi	59.854711	23.069499	Sure	NEUTRAL	The Atlas of Finnish Fungi
vaaleaorakas (fi) — Hydnum repandum	vaaleaorakas (fi)		2024-10-19	Hanko	Uusimaa (U)	Suomi	59.85598	23.072707	Sure	NEUTRAL	The Atlas of Finnish Fungi
vaaleaorakas (fi) — Hydnum repandum	vaaleaorakas (fi)		2024-10-13	Sipoo	Uusimaa (U)	Suomi	60.30192	25.2019		COMMUNITY_VERIFIED	iNaturalist Suomi Finland
vaaleaorakas (fi) — Hydnum repandum	vaaleaorakas (fi)		2024-10-13 [14:32-15:37]	Salo	Varsinais-Suomi (V)	Suomi	60.25301	22.971679	Sure	NEUTRAL	Notebook, general observations
vaaleaorakas (fi) — Hydnum repandum	vaaleaorakas (fi)		2024-10-13 [15:09-17:23]	Tampere	Etelä-Häme (EH)	Suomi	61.470413	23.811455	Sure	NEUTRAL	The Atlas of Finnish Fungi
vaaleaorakas (fi) — Hydnum repandum	vaaleaorakas (fi)		2024-10-12	Espoo	Uusimaa (U)	Suomi	60.2478	24.82715		COMMUNITY_VERIFIED	iNaturalist Suomi Finland
vaaleaorakas (fi) — Hydnum repandum	vaaleaorakas (fi)		2024-10-06	Sipoo	Uusimaa (U)	Suomi	60.35184	25.18442		NEUTRAL	iNaturalist Suomi Finland
vaaleaorakas (fi) — Hydnum repandum	vaaleaorakas (fi)		2024-10-05 [14:39-17:06]	Tampere	Etelä-Häme (EH)	Suomi	61.468489	23.81464	Sure	NEUTRAL	The Atlas of Finnish Fungi
vaaleaorakas (fi) — Hydnum repandum	vaaleaorakas (fi)		2024-10-05 [14:51]	Lohja	Varsinais-Suomi (V)	Suomi	60.243404	23.756657	Sure	NEUTRAL	Notebook, general observations
vaaleaorakas (fi) — Hydnum repandum	vaaleaorakas (fi)		2024-09-30	Närpiö	Etelä-Pohjanmaa (EP)	Suomi	62.47284	21.33715		COMMUNITY_VERIFIED	iNaturalist Suomi Finland
vaaleaorakas (fi) — Hydnum repandum	vaaleaorakas (fi)		2024-09-26	Porvoo	Uusimaa (U)	Suomi	60.274305	25.794519	Sure	NEUTRAL	The Atlas of Finnish Fungi
vaaleaorakas (fi) — Hydnum repandum	vaaleaorakas (fi)		2024-09-24	Tampere	Etelä-Häme (EH)	Suomi	61.51124	23.91425		COMMUNITY_VERIFIED	iNaturalist Suomi Finland
vaaleaorakas (fi) — Hydnum repandum	vaaleaorakas (fi)		2024-09-23	Lieto	Varsinais-Suomi (V)	Suomi	60.50251	22.46638		COMMUNITY_VERIFIED	iNaturalist Suomi Finland
vaaleaorakas (fi) — Hydnum repandum	vaaleaorakas (fi)	X	2024-09-22 [12:53-14:14]	Raasepori	Varsinais-Suomi (V)	Suomi	60.041902	23.708689	Sure	NEUTRAL	Noteworthy macrofungi - complete lists
vaaleaorakas (fi) — Hydnum repandum	vaaleaorakas (fi)		2024-09-19	Helsinki	Uusimaa (U)	Suomi	60.26999	25.23041		COMMUNITY_VERIFIED	iNaturalist Suomi Finland
vaaleaorakas (fi) — Hydnum repandum	vaaleaorakas (fi)	7	2024-09-16	Ylitornio	Perä-Pohjanmaa (PeP)	Suomi	66.313785	23.714031	Sure	NEUTRAL	The Atlas of Finnish Fungi
vaaleaorakas (fi) — Hydnum repandum	vaaleaorakas (fi)		2024-09-15 [13:51-15:53]	Tampere	Etelä-Häme (EH)	Suomi	61.468553	23.814833	Sure	NEUTRAL	The Atlas of Finnish Fungi
vaaleaorakas (fi) — Hydnum repandum	vaaleaorakas (fi)	X	2024-09-14 [8:04-9:22]	Raasepori	Varsinais-Suomi (V)	Suomi	60.041719	23.708709	Sure	NEUTRAL	Noteworthy macrofungi - complete lists
vaaleaorakas (fi) — Hydnum repandum	vaaleaorakas (fi)		2024-09-13 [17:15-19:22]	Salo	Varsinais-Suomi (V)	Suomi	60.36014	23.502442	Sure	NEUTRAL	The Atlas of Finnish Fungi
vaaleaorakas (fi) — Hydnum repandum	vaaleaorakas (fi)		2024-09-13	Eura	Satakunta (St)	Suomi	61.2617	22.10828		COMMUNITY_VERIFIED	iNaturalist Suomi Finland
vaaleaorakas (fi) — Hydnum repandum	vaaleaorakas (fi)		2024-09-12	Taipalsaari	Etelä-Savo (ES)	Suomi	61.114937	27.983286	Sure	NEUTRAL	Notebook, general observations
vaaleaorakas (fi) — Hydnum repandum	vaaleaorakas (fi)		2024-09-12 [17:16-19:05]	Salo	Varsinais-Suomi (V)	Suomi	60.381782	23.172184	Sure	NEUTRAL	The Atlas of Finnish Fungi
vaaleaorakas (fi) — Hydnum repandum	vaaleaorakas (fi)		2024-09-12	Rovaniemi	Perä-Pohjanmaa (PeP)	Suomi	66.62083	25.57437	Sure	NEUTRAL	The Atlas of Finnish Fungi
vaaleaorakas (fi) — Hydnum repandum	vaaleaorakas (fi)		2024-09-11 [16:37-19:35]	Salo	Varsinais-Suomi (V)	Suomi	60.431767	23.019743	Sure	NEUTRAL	The Atlas of Finnish Fungi
vaaleaorakas (fi) — Hydnum repandum	vaaleaorakas (fi)		2024-09-09	Imatra	Etelä-Savo (ES)	Suomi	61.267091	28.859088	Sure	NEUTRAL	Notebook, general observations
vaaleaorakas (fi) — Hydnum repandum	vaaleaorakas (fi)		2024-09-07	Iitti, Lahti, Orimattila	Etelä-Häme (EH), Uusimaa (U)	Suomi	60.9	26.1		COMMUNITY_VERIFIED	iNaturalist Suomi Finland
vaaleaorakas (fi) — Hydnum repandum	vaaleaorakas (fi)		2024-09-07	Kitee	Pohjois-Karjala (PK)	Suomi	62.15678	29.98822		COMMUNITY_VERIFIED	iNaturalist Suomi Finland
vaaleaorakas (fi) — Hydnum repandum	vaaleaorakas (fi)		2024-09-04	Tuusula	Uusimaa (U)	Suomi	60.49264	25.04639		COMMUNITY_VERIFIED	iNaturalist Suomi Finland
vaaleaorakas (fi) — Hydnum repandum	vaaleaorakas (fi)		2024-09-03	Lieto	Varsinais-Suomi (V)	Suomi	60.49977	22.46139		COMMUNITY_VERIFIED	iNaturalist Suomi Finland
vaaleaorakas (fi) — Hydnum repandum	vaaleaorakas (fi)		2024-09-01	Kitee	Pohjois-Karjala (PK)	Suomi	62.213126	29.443652	Sure	NEUTRAL	The Atlas of Finnish Fungi
vaaleaorakas (fi) — Hydnum repandum	vaaleaorakas (fi)		2024-09-01	Masku, Mynämäki, Naantali	Varsinais-Suomi (V)	Suomi	60.5	21.9		COMMUNITY_VERIFIED	iNaturalist Suomi Finland
vaaleaorakas (fi) — Hydnum repandum	vaaleaorakas (fi)		2024-08-31	Alavus	Etelä-Pohjanmaa (EP)	Suomi	62.6126	23.90205		NEUTRAL	iNaturalist Suomi Finland
vaaleaorakas (fi) — Hydnum repandum	vaaleaorakas (fi)		2024-08-31 [14:30-16:56]	Tampere	Etelä-Häme (EH)	Suomi	61.468527	23.814798	Sure	NEUTRAL	The Atlas of Finnish Fungi
vaaleaorakas (fi) — Hydnum repandum	vaaleaorakas (fi)		2024-08-30 - 2024-09-11	Hyvinkää	Uusimaa (U)	Suomi	60.538962	24.678603	Sure	NEUTRAL	The Atlas of Finnish Fungi
vaaleaorakas (fi) — Hydnum repandum	vaaleaorakas (fi)		2024-08-30	Hämeenlinna	Etelä-Häme (EH)	Suomi	61.0389	23.98171		COMMUNITY_VERIFIED	iNaturalist Suomi Finland
vaaleaorakas (fi) — Hydnum repandum	vaaleaorakas (fi)		2024-08-26	Hyvinkää	Uusimaa (U)	Suomi	60.597513	24.791601	Sure	NEUTRAL	The Atlas of Finnish Fungi
vaaleaorakas (fi) — Hydnum repandum	vaaleaorakas (fi)		2024-08-26	Kemiönsaari, Paimio, Salo, Sauvo	Varsinais-Suomi (V)	Suomi	60.3	22.9		NEUTRAL	iNaturalist Suomi Finland
vaaleaorakas (fi) — Hydnum repandum	vaaleaorakas (fi)		2024-08-22	Heinola	Etelä-Häme (EH)	Suomi	61.37375	26.19552		COMMUNITY_VERIFIED	iNaturalist Suomi Finland
vaaleaorakas (fi) — Hydnum repandum	vaaleaorakas (fi)		2024-08-22	Padasjoki	Etelä-Häme (EH)	Suomi	61.418622	25.017719		NEUTRAL	LajiGIS: Miscellaneous occurrences
vaaleaorakas (fi) — Hydnum repandum	vaaleaorakas (fi)	X	2024-08-22 [18:29-20:31]	Raasepori	Varsinais-Suomi (V)	Suomi	60.041482	23.709086	Sure	NEUTRAL	Noteworthy macrofungi - complete lists
vaaleaorakas (fi) — Hydnum repandum	vaaleaorakas (fi)		2024-08-21	Porvoo	Uusimaa (U)	Suomi	60.276878	25.747156	Sure	NEUTRAL	The Atlas of Finnish Fungi
vaaleaorakas (fi) — Hydnum repandum	vaaleaorakas (fi)		2024-08-21	Loimaa	Satakunta (St)	Suomi	60.84703	23.0489		NEUTRAL	iNaturalist Suomi Finland
vaaleaorakas (fi) — Hydnum repandum	vaaleaorakas (fi)		2024-08-20	Hollola	Etelä-Häme (EH)	Suomi	60.98682	25.49498		COMMUNITY_VERIFIED	iNaturalist Suomi Finland
vaaleaorakas (fi) — Hydnum repandum	vaaleaorakas (fi)	X	2024-08-18 [10:08-11:46]	Hausjärvi	Etelä-Häme (EH)	Suomi	60.733816	24.866093	Sure	NEUTRAL	Noteworthy macrofungi - complete lists
vaaleaorakas (fi) — Hydnum repandum	vaaleaorakas (fi)		2024-08-18 [16:48-17:58]	Salo	Varsinais-Suomi (V)	Suomi	60.44731	23.070907	Sure	NEUTRAL	The Atlas of Finnish Fungi
vaaleaorakas (fi) — Hydnum repandum	vaaleaorakas (fi)		2024-08-18	Tammela	Etelä-Häme (EH)	Suomi	60.72259	23.62183		NEUTRAL	iNaturalist Suomi Finland
vaaleaorakas (fi) — Hydnum repandum	vaaleaorakas (fi)		2024-08-18	Tampere	Etelä-Häme (EH)	Suomi	61.51012	23.92515		NEUTRAL	iNaturalist Suomi Finland
vaaleaorakas (fi) — Hydnum repandum	vaaleaorakas (fi)	X	2024-08-18 [14:41-14:47]	Sysmä	Etelä-Häme (EH)	Suomi	61.497026	25.666124	Sure	NEUTRAL	Noteworthy macrofungi - complete lists
vaaleaorakas (fi) — Hydnum repandum	vaaleaorakas (fi)		2024-08-17	Kuhmoinen	Etelä-Häme (EH)	Suomi	61.6456	24.99729		COMMUNITY_VERIFIED	iNaturalist Suomi Finland
vaaleaorakas (fi) — Hydnum repandum	vaaleaorakas (fi)	X	2024-08-17 [11:31-14:19]	Sysmä	Etelä-Häme (EH)	Suomi	61.533615	25.670302	Sure	NEUTRAL	Noteworthy macrofungi - complete lists
vaaleaorakas (fi) — Hydnum repandum	vaaleaorakas (fi)		2024-08-16	Loimaa	Satakunta (St)	Suomi	60.87005	22.97658		NEUTRAL	iNaturalist Suomi Finland
vaaleaorakas (fi) — Hydnum repandum	vaaleaorakas (fi)		2024-08-15	Kitee	Pohjois-Karjala (PK)	Suomi	61.93431	30.19025		NEUTRAL	iNaturalist Suomi Finland
vaaleaorakas (fi) — Hydnum repandum	vaaleaorakas (fi)	X	2024-08-15 [13:59-19:25]	Tornio, Ylitornio	Perä-Pohjanmaa (PeP)	Suomi	66.168524	24.002248	Sure	NEUTRAL	Noteworthy macrofungi - complete lists
vaaleaorakas (fi) — Hydnum repandum	vaaleaorakas (fi)		2024-08-13	Tampere	Etelä-Häme (EH)	Suomi	61.44683	23.82041		NEUTRAL	iNaturalist Suomi Finland
vaaleaorakas (fi) — Hydnum repandum	vaaleaorakas (fi)		2024-08-13	Rovaniemi	Perä-Pohjanmaa (PeP)	Suomi	66.54928	25.72431	Sure	NEUTRAL	The Atlas of Finnish Fungi
vaaleaorakas (fi) — Hydnum repandum	vaaleaorakas (fi)		2024-08-12	Orimattila	Uusimaa (U)	Suomi	60.87734	25.67718		NEUTRAL	iNaturalist Suomi Finland
vaaleaorakas (fi) — Hydnum repandum	vaaleaorakas (fi)		2024-08-12	Rovaniemi	Perä-Pohjanmaa (PeP)	Suomi	66.58775	25.69821	Sure	NEUTRAL	The Atlas of Finnish Fungi
vaaleaorakas (fi) — Hydnum repandum	vaaleaorakas (fi)		2024-08-11	Tampere	Etelä-Häme (EH)	Suomi	61.44853	23.74349		NEUTRAL	iNaturalist Suomi Finland
vaaleaorakas (fi) — Hydnum repandum	vaaleaorakas (fi)		2024-08-10	Jokioinen	Etelä-Häme (EH)	Suomi	60.80171	23.48132		COMMUNITY_VERIFIED	iNaturalist Suomi Finland
vaaleaorakas (fi) — Hydnum repandum	vaaleaorakas (fi)		2024-08-10	Paimio	Varsinais-Suomi (V)	Suomi	60.50825	22.7687		NEUTRAL	iNaturalist Suomi Finland
vaaleaorakas (fi) — Hydnum repandum	vaaleaorakas (fi)		2024-08-09	Joutsa	Etelä-Savo (ES)	Suomi	61.798	26.15789		COMMUNITY_VERIFIED	iNaturalist Suomi Finland
vaaleaorakas (fi) — Hydnum repandum	vaaleaorakas (fi)		2024-08-09	Somero	Etelä-Häme (EH)	Suomi	60.591262	23.664321	Sure	NEUTRAL	The Atlas of Finnish Fungi
vaaleaorakas (fi) — Hydnum repandum	vaaleaorakas (fi)	X	2024-08-09 [11:04-12:00]	Sysmä	Etelä-Häme (EH)	Suomi	61.538663	25.669308	Sure	NEUTRAL	Noteworthy macrofungi - complete lists
vaaleaorakas (fi) — Hydnum repandum	vaaleaorakas (fi)		2024-08-08	Myrskylä	Uusimaa (U)	Suomi	60.57067	25.81929		COMMUNITY_VERIFIED	iNaturalist Suomi Finland
vaaleaorakas (fi) — Hydnum repandum	vaaleaorakas (fi)		2024-08-08 [17:15]	Turku	Varsinais-Suomi (V)	Suomi	60.520556	22.365885	Sure	NEUTRAL	The Atlas of Finnish Fungi
vaaleaorakas (fi) — Hydnum repandum	vaaleaorakas (fi)	10	2024-08-07	Rovaniemi	Perä-Pohjanmaa (PeP)	Suomi	66.501253	25.783437	Sure	NEUTRAL	The Atlas of Finnish Fungi
vaaleaorakas (fi) — Hydnum repandum	vaaleaorakas (fi)	Muutamia havaintoalueella	2024-08-06 - 2024-08-12	Espoo	Uusimaa (U)	Suomi	60.32823	24.657203	Sure	NEUTRAL	The Atlas of Finnish Fungi
vaaleaorakas (fi) — Hydnum repandum	vaaleaorakas (fi)		2024-08-06	Helsinki	Uusimaa (U)	Suomi	60.25406	24.83771		NEUTRAL	iNaturalist Suomi Finland
vaaleaorakas (fi) — Hydnum repandum	vaaleaorakas (fi)		2024-08-05	Sastamala	Satakunta (St)	Suomi	61.36277	22.95045		COMMUNITY_VERIFIED	iNaturalist Suomi Finland
vaaleaorakas (fi) — Hydnum repandum	vaaleaorakas (fi)		2024-08-05	Turku	Varsinais-Suomi (V)	Suomi	60.46992	22.32111		NEUTRAL	iNaturalist Suomi Finland
vaaleaorakas (fi) — Hydnum repandum	vaaleaorakas (fi)		2024-08-03	Lieksa	Pohjois-Karjala (PK)	Suomi	63.38832	30.45793		COMMUNITY_VERIFIED	iNaturalist Suomi Finland
vaaleaorakas (fi) — Hydnum repandum	vaaleaorakas (fi)		2024-08-03 [15:11]	Jyväskylä	Pohjois-Häme (PH)	Suomi	62.22729	25.741119	Sure	NEUTRAL	The Atlas of Finnish Fungi
vaaleaorakas (fi) — Hydnum repandum	vaaleaorakas (fi)		2024-08-03 [16:27]	Jyväskylä	Pohjois-Häme (PH)	Suomi	62.22347	25.747246	Sure	NEUTRAL	The Atlas of Finnish Fungi
vaaleaorakas (fi) — Hydnum repandum	vaaleaorakas (fi)		2024-08-03	Vehmaa	Varsinais-Suomi (V)	Suomi	60.6565	21.70158		NEUTRAL	iNaturalist Suomi Finland
vaaleaorakas (fi) — Hydnum repandum	vaaleaorakas (fi)		2024-08-02	Lappeenranta	Etelä-Savo (ES)	Suomi	61.102261	28.216122	Sure	NEUTRAL	Notebook, general observations
vaaleaorakas (fi) — Hydnum repandum	vaaleaorakas (fi)		2024-08-02	Mustasaari, Uusikaarlepyy, Vöyri	Etelä-Pohjanmaa (EP), Keski-Pohjanmaa (KP)	Suomi	63.3	22.1		NEUTRAL	iNaturalist Suomi Finland
vaaleaorakas (fi) — Hydnum repandum	vaaleaorakas (fi)		2024-07-31	Hämeenkyrö	Satakunta (St)	Suomi	61.661237	23.463932	Sure	NEUTRAL	The Atlas of Finnish Fungi
vaaleaorakas (fi) — Hydnum repandum	vaaleaorakas (fi)	2	2024-07-28 [15:00-18:00]	Tampere	Etelä-Häme (EH)	Suomi	61.508977	23.790123	Sure	NEUTRAL	Notebook, general observations
vaaleaorakas (fi) — Hydnum repandum	vaaleaorakas (fi)	X	2024-07-27 [14:01-15:40]	Tampere	Etelä-Häme (EH)	Suomi	61.467195	23.813893	Sure	NEUTRAL	Noteworthy macrofungi - complete lists
vaaleaorakas (fi) — Hydnum repandum	vaaleaorakas (fi)		2024-07-26	Mustasaari	Etelä-Pohjanmaa (EP)	Suomi	63.15703	21.64446		NEUTRAL	iNaturalist Suomi Finland
vaaleaorakas (fi) — Hydnum repandum	vaaleaorakas (fi)		2024-07-25	Espoo	Uusimaa (U)	Suomi	60.242461	24.635783	Subspecies unsure	NEUTRAL	The Atlas of Finnish Fungi
vaaleaorakas (fi) — Hydnum repandum	vaaleaorakas (fi)		2024-07-24	Parikkala	Laatokan Karjala (LK)	Suomi	61.667326	29.734518	Sure	NEUTRAL	Notebook, general observations
vaaleaorakas (fi) — Hydnum repandum	vaaleaorakas (fi)		2024-07-23	Pirkkala	Etelä-Häme (EH)	Suomi	61.45149	23.67402		NEUTRAL	iNaturalist Suomi Finland
vaaleaorakas (fi) — Hydnum repandum	vaaleaorakas (fi)		2024-07-23	Nousiainen	Varsinais-Suomi (V)	Suomi	60.62224	22.15368		COMMUNITY_VERIFIED	iNaturalist Suomi Finland
vaaleaorakas (fi) — Hydnum repandum	vaaleaorakas (fi)	8	2024-07-22	Kuusamo	Koillismaa (Ks)	Suomi	66.301808	28.801236	Sure	NEUTRAL	The Atlas of Finnish Fungi
vaaleaorakas (fi) — Hydnum repandum	vaaleaorakas (fi)	2	2024-07-21	Jyväskylä	Pohjois-Häme (PH)	Suomi	62.286201	25.669337	Sure	NEUTRAL	The Atlas of Finnish Fungi
vaaleaorakas (fi) — Hydnum repandum	vaaleaorakas (fi)	n. 5.	2024-07-21	Jyväskylä	Pohjois-Häme (PH)	Suomi	62.287127	25.67411	Sure	NEUTRAL	The Atlas of Finnish Fungi
vaaleaorakas (fi) — Hydnum repandum	vaaleaorakas (fi)	X	2024-07-19 [13:09-14:00]	Espoo	Uusimaa (U)	Suomi	60.213909	24.594201	Sure	NEUTRAL	Noteworthy macrofungi - complete lists
vaaleaorakas (fi) — Hydnum repandum	vaaleaorakas (fi)		2024-07-17	Lohja	Varsinais-Suomi (V)	Suomi	60.24697	23.81801		NEUTRAL	iNaturalist Suomi Finland
vaaleaorakas (fi) — Hydnum repandum	vaaleaorakas (fi)		2024-07-17	Rovaniemi	Perä-Pohjanmaa (PeP)	Suomi	66.19297	25.96042	Sure	NEUTRAL	The Atlas of Finnish Fungi
vaaleaorakas (fi) — Hydnum repandum	vaaleaorakas (fi)		2024-07-16	Hyvinkää	Uusimaa (U)	Suomi	60.62116	24.75311		NEUTRAL	iNaturalist Suomi Finland
vaaleaorakas (fi) — Hydnum repandum	vaaleaorakas (fi)		2024-07-15	Kemijärvi	Perä-Pohjanmaa (PeP)	Suomi	67.006377	27.20513	Sure	NEUTRAL	The Atlas of Finnish Fungi
vaaleaorakas (fi) — Hydnum repandum	vaaleaorakas (fi)		2024-07-15	Lohja, Raasepori, Salo	Varsinais-Suomi (V)	Suomi	60.3	23.5		COMMUNITY_VERIFIED	iNaturalist Suomi Finland
vaaleaorakas (fi) — Hydnum repandum	vaaleaorakas (fi)	Muutama	2023-11-06	Turku	Varsinais-Suomi (V)	Suomi	60.411278	22.169374	Sure	NEUTRAL	Notebook, general observations
vaaleaorakas (fi) — Hydnum repandum	vaaleaorakas (fi)	useita	2023-11-05	Salo	Varsinais-Suomi (V)	Suomi	60.248275	23.02137	Sure	NEUTRAL	The Atlas of Finnish Fungi
vaaleaorakas (fi) — Hydnum repandum	vaaleaorakas (fi)		2023-10-25	Espoo	Uusimaa (U)	Suomi	60.20157	24.81554		COMMUNITY_VERIFIED	iNaturalist Suomi Finland
vaaleaorakas (fi) — Hydnum repandum	vaaleaorakas (fi)		2023-10-22	Espoo	Uusimaa (U)	Suomi	60.22855	24.68326		COMMUNITY_VERIFIED	iNaturalist Suomi Finland
vaaleaorakas (fi) — Hydnum repandum	vaaleaorakas (fi)	3	2023-10-22	Porvoo	Uusimaa (U)	Suomi	60.401908	25.748713	Sure	NEUTRAL	The Atlas of Finnish Fungi
vaaleaorakas (fi) — Hydnum repandum	vaaleaorakas (fi)		2023-10-21	Espoo	Uusimaa (U)	Suomi	60.31903	24.65746		COMMUNITY_VERIFIED	iNaturalist Suomi Finland
vaaleaorakas (fi) — Hydnum repandum	vaaleaorakas (fi)	X	2023-10-20 [17:27-18:13]	Raasepori	Varsinais-Suomi (V)	Suomi	60.061459	23.690233	Sure	NEUTRAL	Noteworthy macrofungi - complete lists
vaaleaorakas (fi) — Hydnum repandum	vaaleaorakas (fi)		2023-10-15	Helsinki	Uusimaa (U)	Suomi	60.194156	25.098796	Sure	NEUTRAL	Species Observations from Helsinki Nature Surveys
vaaleaorakas (fi) — Hydnum repandum	vaaleaorakas (fi)		2023-10-15	Hankasalmi, Pieksämäki, Rautalampi	Pohjois-Häme (PH), Pohjois-Savo (PS)	Suomi	62.5	26.7		COMMUNITY_VERIFIED	iNaturalist Suomi Finland
vaaleaorakas (fi) — Hydnum repandum	vaaleaorakas (fi)		2023-10-14	Espoo	Uusimaa (U)	Suomi	60.18301	24.67557		COMMUNITY_VERIFIED	iNaturalist Suomi Finland
vaaleaorakas (fi) — Hydnum repandum	vaaleaorakas (fi)		2023-10-08	Espoo	Uusimaa (U)	Suomi	60.29273	24.55651		NEUTRAL	iNaturalist Suomi Finland
vaaleaorakas (fi) — Hydnum repandum	vaaleaorakas (fi)	X	2023-10-08 [13:28-15:33]	Vantaa	Uusimaa (U)	Suomi	60.305284	25.1497	Sure	NEUTRAL	Noteworthy macrofungi - complete lists
vaaleaorakas (fi) — Hydnum repandum	vaaleaorakas (fi)		2023-10-04 [18:04-18:40]	Salo	Varsinais-Suomi (V)	Suomi	60.379835	23.17153	Sure	NEUTRAL	The Atlas of Finnish Fungi
vaaleaorakas (fi) — Hydnum repandum	vaaleaorakas (fi)		2023-10-03	Turku	Varsinais-Suomi (V)	Suomi	60.44496	22.33951		COMMUNITY_VERIFIED	iNaturalist Suomi Finland
vaaleaorakas (fi) — Hydnum repandum	vaaleaorakas (fi)		2023-10-03	Somero	Etelä-Häme (EH)	Suomi	60.501423	23.663282	Sure	NEUTRAL	The Atlas of Finnish Fungi
vaaleaorakas (fi) — Hydnum repandum	vaaleaorakas (fi)		2023-10-03	Alavus	Etelä-Pohjanmaa (EP)	Suomi	62.48429	23.67915		NEUTRAL	iNaturalist Suomi Finland
vaaleaorakas (fi) — Hydnum repandum	vaaleaorakas (fi)		2023-10-01 [12:16]	Kangasala, Tampere	Etelä-Häme (EH)	Suomi	61.497546	23.897924	Sure	NEUTRAL	The Atlas of Finnish Fungi
vaaleaorakas (fi) — Hydnum repandum	vaaleaorakas (fi)		2023-10-01	Pori	Satakunta (St)	Suomi	61.62054	21.76951		COMMUNITY_VERIFIED	iNaturalist Suomi Finland
vaaleaorakas (fi) — Hydnum repandum	vaaleaorakas (fi)	X	2023-10-01 [10:18-11:51]	Raasepori	Varsinais-Suomi (V)	Suomi	60.038236	23.72329	Sure	NEUTRAL	Noteworthy macrofungi - complete lists
vaaleaorakas (fi) — Hydnum repandum	vaaleaorakas (fi)		2023-09-30	Heinävesi	Pohjois-Savo (PS)	Suomi	62.4435	28.77428	Sure	NEUTRAL	The Atlas of Finnish Fungi
vaaleaorakas (fi) — Hydnum repandum	vaaleaorakas (fi)		2023-09-28	Jyväskylä	Pohjois-Häme (PH)	Suomi	62.226344	25.757171	Sure	NEUTRAL	Notebook, general observations
vaaleaorakas (fi) — Hydnum repandum	vaaleaorakas (fi)	X	2023-09-28 [17:59-18:40]	Inkoo, Raasepori	Uusimaa (U), Varsinais-Suomi (V)	Suomi	60.055086	23.675094	Sure	NEUTRAL	Noteworthy macrofungi - complete lists
vaaleaorakas (fi) — Hydnum repandum	vaaleaorakas (fi)	X	2023-09-27 [9:46-11:31]	Espoo, Vihti	Uusimaa (U), Varsinais-Suomi (V)	Suomi	60.32343	24.525371	Sure	NEUTRAL	Noteworthy macrofungi - complete lists
vaaleaorakas (fi) — Hydnum repandum	vaaleaorakas (fi)	X	2023-09-27 [12:18-13:11]	Espoo, Vihti	Uusimaa (U), Varsinais-Suomi (V)	Suomi	60.320566	24.530471	Sure	NEUTRAL	Noteworthy macrofungi - complete lists
vaaleaorakas (fi) — Hydnum repandum	vaaleaorakas (fi)		2023-09-26	Orimattila	Uusimaa (U)	Suomi	60.85548	25.41275		NEUTRAL	iNaturalist Suomi Finland
vaaleaorakas (fi) — Hydnum repandum	vaaleaorakas (fi)	X	2023-09-24 [15:32-16:36]	Vihti	Varsinais-Suomi (V)	Suomi	60.4369	24.31486	Sure	NEUTRAL	Noteworthy macrofungi - complete lists
vaaleaorakas (fi) — Hydnum repandum	vaaleaorakas (fi)		2023-09-24	Vantaa	Uusimaa (U)	Suomi	60.31348	25.13145		COMMUNITY_VERIFIED	iNaturalist Suomi Finland
vaaleaorakas (fi) — Hydnum repandum	vaaleaorakas (fi)		2023-09-23 [16:38]	Tampere	Etelä-Häme (EH)	Suomi	61.463482	23.80262	Sure	NEUTRAL	The Atlas of Finnish Fungi
vaaleaorakas (fi) — Hydnum repandum	vaaleaorakas (fi)		2023-09-23	Lieto	Varsinais-Suomi (V)	Suomi	60.508831	22.406667	Sure	NEUTRAL	The Atlas of Finnish Fungi
vaaleaorakas (fi) — Hydnum repandum	vaaleaorakas (fi)		2023-09-23	Lieto	Varsinais-Suomi (V)	Suomi	60.508	22.407367	Sure	NEUTRAL	The Atlas of Finnish Fungi
vaaleaorakas (fi) — Hydnum repandum	vaaleaorakas (fi)		2023-09-23	Lieto	Varsinais-Suomi (V)	Suomi	60.512856	22.410819	Sure	NEUTRAL	The Atlas of Finnish Fungi
vaaleaorakas (fi) — Hydnum repandum	vaaleaorakas (fi)		2023-09-22	Joensuu	Pohjois-Karjala (PK)	Suomi	62.58032	29.73175		NEUTRAL	iNaturalist Suomi Finland
vaaleaorakas (fi) — Hydnum repandum	vaaleaorakas (fi)	X	2023-09-22 [17:45-19:02]	Inkoo, Raasepori	Uusimaa (U), Varsinais-Suomi (V)	Suomi	60.055086	23.675094	Sure	NEUTRAL	Noteworthy macrofungi - complete lists
vaaleaorakas (fi) — Hydnum repandum	vaaleaorakas (fi)	Runsaasti	2023-09-21 [12:18]	Jyväskylä	Pohjois-Häme (PH)	Suomi	62.228619	25.844647	Sure	NEUTRAL	The Atlas of Finnish Fungi
vaaleaorakas (fi) — Hydnum repandum	vaaleaorakas (fi)		2023-09-21	Pälkäne	Etelä-Häme (EH)	Suomi	61.37537	24.6552		NEUTRAL	iNaturalist Suomi Finland
vaaleaorakas (fi) — Hydnum repandum	vaaleaorakas (fi)		2023-09-20	Jyväskylä	Pohjois-Häme (PH)	Suomi	62.23875	25.89721		COMMUNITY_VERIFIED	iNaturalist Suomi Finland
vaaleaorakas (fi) — Hydnum repandum	vaaleaorakas (fi)		2023-09-18	Turku	Varsinais-Suomi (V)	Suomi	60.452553	22.338781	Sure	NEUTRAL	The Atlas of Finnish Fungi
vaaleaorakas (fi) — Hydnum repandum	vaaleaorakas (fi)		2023-09-17	Uusikaupunki	Varsinais-Suomi (V)	Suomi	60.73521	21.46627		COMMUNITY_VERIFIED	iNaturalist Suomi Finland
vaaleaorakas (fi) — Hydnum repandum	vaaleaorakas (fi)		2023-09-17	Parainen	Varsinais-Suomi (V)	Suomi	60.22152	22.26321		COMMUNITY_VERIFIED	iNaturalist Suomi Finland
vaaleaorakas (fi) — Hydnum repandum	vaaleaorakas (fi)		2023-09-17	Asikkala	Etelä-Häme (EH)	Suomi	61.21566	25.7112		COMMUNITY_VERIFIED	iNaturalist Suomi Finland
vaaleaorakas (fi) — Hydnum repandum	vaaleaorakas (fi)		2023-09-17	Kirkkonummi	Uusimaa (U)	Suomi	59.993774	24.437295	Sure	NEUTRAL	Notebook, general observations
vaaleaorakas (fi) — Hydnum repandum	vaaleaorakas (fi)		2023-09-16	Savonlinna	Etelä-Savo (ES)	Suomi	61.74467	29.27802		COMMUNITY_VERIFIED	iNaturalist Suomi Finland
vaaleaorakas (fi) — Hydnum repandum	vaaleaorakas (fi)		2023-09-16	Aura, Lieto, Loimaa, Pöytyä	Satakunta (St), Varsinais-Suomi (V)	Suomi	60.7	22.7		NEUTRAL	iNaturalist Suomi Finland
vaaleaorakas (fi) — Hydnum repandum	vaaleaorakas (fi)		2023-09-16	Masku, Mynämäki, Naantali	Varsinais-Suomi (V)	Suomi	60.5	21.9		COMMUNITY_VERIFIED	iNaturalist Suomi Finland
vaaleaorakas (fi) — Hydnum repandum	vaaleaorakas (fi)		2023-09-16	Helsinki	Uusimaa (U)	Suomi	60.26621	24.92459		NEUTRAL	iNaturalist Suomi Finland
vaaleaorakas (fi) — Hydnum repandum	vaaleaorakas (fi)		2023-09-16	Tampere	Etelä-Häme (EH)	Suomi	61.456867	23.8853	Sure	NEUTRAL	The Atlas of Finnish Fungi
vaaleaorakas (fi) — Hydnum repandum	vaaleaorakas (fi)		2023-09-16	Nousiainen	Varsinais-Suomi (V)	Suomi	60.73522	22.34316		NEUTRAL	iNaturalist Suomi Finland
vaaleaorakas (fi) — Hydnum repandum	vaaleaorakas (fi)		2023-09-15	Kirkkonummi	Uusimaa (U)	Suomi	59.989571	24.436611	Sure	NEUTRAL	Notebook, general observations
vaaleaorakas (fi) — Hydnum repandum	vaaleaorakas (fi)		2023-09-14 [19:59]	Tampere	Etelä-Häme (EH)	Suomi	61.470683	23.825629	Sure	NEUTRAL	The Atlas of Finnish Fungi
vaaleaorakas (fi) — Hydnum repandum	vaaleaorakas (fi)		2023-09-14	Enontekiö	Enontekiön Lappi (EnL)	Suomi	69.07551	20.73125		NEUTRAL	iNaturalist Suomi Finland
vaaleaorakas (fi) — Hydnum repandum	vaaleaorakas (fi)		2023-09-14	Parainen	Varsinais-Suomi (V)	Suomi	60.20973	22.28028		COMMUNITY_VERIFIED	iNaturalist Suomi Finland
vaaleaorakas (fi) — Hydnum repandum	vaaleaorakas (fi)		2023-09-14	Inkoo	Uusimaa (U)	Suomi	60.070232	23.858483	Sure	NEUTRAL	Notebook, general observations
vaaleaorakas (fi) — Hydnum repandum	vaaleaorakas (fi)		2023-09-12 - 2023-09-14	Espoo	Uusimaa (U)	Suomi	60.334937	24.687604	Sure	NEUTRAL	The Atlas of Finnish Fungi
vaaleaorakas (fi) — Hydnum repandum	vaaleaorakas (fi)		2023-09-12	Espoo	Uusimaa (U)	Suomi	60.20223	24.82048		NEUTRAL	iNaturalist Suomi Finland
vaaleaorakas (fi) — Hydnum repandum	vaaleaorakas (fi)		2023-09-10	Pyhäjärvi	Keski-Pohjanmaa (KP)	Suomi	63.77383	26.06649	Sure	NEUTRAL	The Atlas of Finnish Fungi
vaaleaorakas (fi) — Hydnum repandum	vaaleaorakas (fi)		2023-09-10	Lempäälä	Etelä-Häme (EH)	Suomi	61.35146	23.80228		COMMUNITY_VERIFIED	iNaturalist Suomi Finland
vaaleaorakas (fi) — Hydnum repandum	vaaleaorakas (fi)		2023-09-10	Tuusula	Uusimaa (U)	Suomi	60.47263	24.98122		COMMUNITY_VERIFIED	iNaturalist Suomi Finland
vaaleaorakas (fi) — Hydnum repandum	vaaleaorakas (fi)		2023-09-10	Pertunmaa	Etelä-Savo (ES)	Suomi	61.41357	26.37425		COMMUNITY_VERIFIED	iNaturalist Suomi Finland
vaaleaorakas (fi) — Hydnum repandum	vaaleaorakas (fi)		2023-09-09	Kuhmo	Kainuu (Kn)	Suomi	64.193943	29.981313	Sure	NEUTRAL	Notebook, general observations
vaaleaorakas (fi) — Hydnum repandum	vaaleaorakas (fi)		2023-09-09	Akaa, Hämeenlinna, Urjala, Valkeakoski	Etelä-Häme (EH)	Suomi	61.1	23.9		NEUTRAL	iNaturalist Suomi Finland
vaaleaorakas (fi) — Hydnum repandum	vaaleaorakas (fi)		2023-09-09	Hyrynsalmi	Kainuu (Kn)	Suomi	64.732501	28.258823	Sure	NEUTRAL	The Atlas of Finnish Fungi
vaaleaorakas (fi) — Hydnum repandum	vaaleaorakas (fi)		2023-09-09	Helsinki	Uusimaa (U)	Suomi	60.1799	24.99243		COMMUNITY_VERIFIED	iNaturalist Suomi Finland
vaaleaorakas (fi) — Hydnum repandum	vaaleaorakas (fi)		2023-09-09	Parkano	Satakunta (St)	Suomi	61.96508	23.01866		COMMUNITY_VERIFIED	iNaturalist Suomi Finland
vaaleaorakas (fi) — Hydnum repandum	vaaleaorakas (fi)		2023-09-09 [8:46-11:08]	Tampere	Etelä-Häme (EH)	Suomi	61.468525	23.814308	Sure	NEUTRAL	The Atlas of Finnish Fungi
vaaleaorakas (fi) — Hydnum repandum	vaaleaorakas (fi)		2023-09-07 - 2023-09-09	Helsinki, Vantaa	Uusimaa (U)	Suomi	60.274847	25.160767	Sure	NEUTRAL	The Atlas of Finnish Fungi
vaaleaorakas (fi) — Hydnum repandum	vaaleaorakas (fi)		2023-09-06	Espoo	Uusimaa (U)	Suomi	60.329735	24.670755	Sure	NEUTRAL	The Atlas of Finnish Fungi
vaaleaorakas (fi) — Hydnum repandum	vaaleaorakas (fi)		2023-09-06 [14:50-14:51]	Ikaalinen	Satakunta (St)	Suomi	61.747836	23.113447	Sure	NEUTRAL	The Atlas of Finnish Fungi
vaaleaorakas (fi) — Hydnum repandum	vaaleaorakas (fi)		2023-09-04	Vehmaa	Varsinais-Suomi (V)	Suomi	60.74542	21.75615		NEUTRAL	iNaturalist Suomi Finland
vaaleaorakas (fi) — Hydnum repandum	vaaleaorakas (fi)		2023-09-04	Ylöjärvi	Etelä-Häme (EH)	Suomi	61.569707	23.474676	Sure	NEUTRAL	Notebook, general observations
vaaleaorakas (fi) — Hydnum repandum	vaaleaorakas (fi)		2023-09-04	Helsinki	Uusimaa (U)	Suomi	60.28541	25.21082		NEUTRAL	iNaturalist Suomi Finland
vaaleaorakas (fi) — Hydnum repandum	vaaleaorakas (fi)	2	2023-09-03	Nokia	Etelä-Häme (EH)	Suomi	61.467543	23.373766	Sure	NEUTRAL	The Atlas of Finnish Fungi
vaaleaorakas (fi) — Hydnum repandum	vaaleaorakas (fi)		2023-09-03	Valkeakoski	Etelä-Häme (EH)	Suomi	61.22318	23.8291		NEUTRAL	iNaturalist Suomi Finland
vaaleaorakas (fi) — Hydnum repandum	vaaleaorakas (fi)		2023-09-03	Lahti	Etelä-Häme (EH)	Suomi	60.98278	25.83684		NEUTRAL	iNaturalist Suomi Finland
vaaleaorakas (fi) — Hydnum repandum	vaaleaorakas (fi)		2023-09-03	Parainen	Varsinais-Suomi (V)	Suomi	60.23374	22.26535		NEUTRAL	iNaturalist Suomi Finland
vaaleaorakas (fi) — Hydnum repandum	vaaleaorakas (fi)	2	2023-09-02	Rovaniemi	Perä-Pohjanmaa (PeP)	Suomi	66.697282	26.605323	Sure	NEUTRAL	The Atlas of Finnish Fungi
vaaleaorakas (fi) — Hydnum repandum	vaaleaorakas (fi)	1	2023-09-02 [17:22-22:13]	Asikkala	Etelä-Häme (EH)	Suomi	61.169117	25.865272	Sure	NEUTRAL	Notebook, general observations
vaaleaorakas (fi) — Hydnum repandum	vaaleaorakas (fi)	23	2023-09-02 [12:56]	Valkeakoski	Etelä-Häme (EH)	Suomi	61.279459	24.031068	Sure	NEUTRAL	Notebook, general observations
vaaleaorakas (fi) — Hydnum repandum	vaaleaorakas (fi)		2023-09-01	Nokia	Etelä-Häme (EH)	Suomi	61.480927	23.541686	Sure	NEUTRAL	The Atlas of Finnish Fungi
vaaleaorakas (fi) — Hydnum repandum	vaaleaorakas (fi)		2023-09-01	Jämsä	Etelä-Häme (EH)	Suomi	62.205235	24.982882	Sure	NEUTRAL	Notebook, general observations
vaaleaorakas (fi) — Hydnum repandum	vaaleaorakas (fi)		2023-09-01	Seinäjoki	Etelä-Pohjanmaa (EP)	Suomi	62.7616	23.06001		COMMUNITY_VERIFIED	iNaturalist Suomi Finland
vaaleaorakas (fi) — Hydnum repandum	vaaleaorakas (fi)		2023-08-30	Mikkeli	Etelä-Savo (ES)	Suomi	61.67804	27.19736		COMMUNITY_VERIFIED	iNaturalist Suomi Finland
vaaleaorakas (fi) — Hydnum repandum	vaaleaorakas (fi)		2023-08-27 [14:07]	Toivakka	Pohjois-Häme (PH)	Suomi	62.04379	26.144942	Sure	NEUTRAL	The Atlas of Finnish Fungi
vaaleaorakas (fi) — Hydnum repandum	vaaleaorakas (fi)		2023-08-27 [16:59]	Ruovesi	Etelä-Häme (EH)	Suomi	62.057909	23.936091	Sure	NEUTRAL	The Atlas of Finnish Fungi
vaaleaorakas (fi) — Hydnum repandum	vaaleaorakas (fi)		2023-08-27	Iisalmi	Pohjois-Savo (PS)	Suomi	63.62651	27.17353		COMMUNITY_VERIFIED	iNaturalist Suomi Finland
vaaleaorakas (fi) — Hydnum repandum	vaaleaorakas (fi)		2023-08-26	Muurame	Etelä-Häme (EH)	Suomi	62.1813	25.57248		COMMUNITY_VERIFIED	iNaturalist Suomi Finland
vaaleaorakas (fi) — Hydnum repandum	vaaleaorakas (fi)	1	2023-08-26	Loppi	Etelä-Häme (EH)	Suomi	60.672015	24.396221	Sure	NEUTRAL	The Atlas of Finnish Fungi
vaaleaorakas (fi) — Hydnum repandum	vaaleaorakas (fi)		2023-08-26	Hartola	Etelä-Häme (EH)	Suomi	61.65434	26.05556		COMMUNITY_VERIFIED	iNaturalist Suomi Finland
vaaleaorakas (fi) — Hydnum repandum	vaaleaorakas (fi)		2023-08-26	Hartola	Etelä-Häme (EH)	Suomi	61.65308	26.06834		NEUTRAL	iNaturalist Suomi Finland
vaaleaorakas (fi) — Hydnum repandum	vaaleaorakas (fi)		2023-08-25	Sipoo	Uusimaa (U)	Suomi	60.21158	25.26943		COMMUNITY_VERIFIED	iNaturalist Suomi Finland
vaaleaorakas (fi) — Hydnum repandum	vaaleaorakas (fi)		2023-08-24	Lahti	Etelä-Häme (EH)	Suomi	60.97959	25.57203		NEUTRAL	iNaturalist Suomi Finland
vaaleaorakas (fi) — Hydnum repandum	vaaleaorakas (fi)	5	2023-08-23 [13:22]	Lempäälä	Etelä-Häme (EH)	Suomi	61.360065	23.834125	Sure	NEUTRAL	Notebook, general observations
vaaleaorakas (fi) — Hydnum repandum	vaaleaorakas (fi)		2023-08-23	Keminmaa	Perä-Pohjanmaa (PeP)	Suomi	65.90923	24.74862		NEUTRAL	iNaturalist Suomi Finland
vaaleaorakas (fi) — Hydnum repandum	vaaleaorakas (fi)		2023-08-22	Jämsä	Etelä-Häme (EH)	Suomi	61.843137	24.926732	Sure	NEUTRAL	Notebook, general observations
vaaleaorakas (fi) — Hydnum repandum	vaaleaorakas (fi)		2023-08-21 [14:51-17:27]	Salo	Varsinais-Suomi (V)	Suomi	60.252696	22.968273	Sure	NEUTRAL	The Atlas of Finnish Fungi
vaaleaorakas (fi) — Hydnum repandum	vaaleaorakas (fi)		2023-08-21	Mänttä-Vilppula	Etelä-Häme (EH)	Suomi	62.20779	24.22869		NEUTRAL	iNaturalist Suomi Finland
vaaleaorakas (fi) — Hydnum repandum	vaaleaorakas (fi)		2023-08-20	Inkoo, Lohja, Raasepori, Salo	Uusimaa (U), Varsinais-Suomi (V)	Suomi	60.1	23.7		NEUTRAL	iNaturalist Suomi Finland
vaaleaorakas (fi) — Hydnum repandum	vaaleaorakas (fi)		2023-08-20	Tampere	Etelä-Häme (EH)	Suomi	61.50971	23.63619		COMMUNITY_VERIFIED	iNaturalist Suomi Finland
vaaleaorakas (fi) — Hydnum repandum	vaaleaorakas (fi)		2023-08-20 [14:21]	Tampere	Etelä-Häme (EH)	Suomi	61.46808	23.816166	Sure	NEUTRAL	The Atlas of Finnish Fungi
vaaleaorakas (fi) — Hydnum repandum	vaaleaorakas (fi)		2023-08-20 [13:50]	Tampere	Etelä-Häme (EH)	Suomi	61.468642	23.811267	Sure	NEUTRAL	The Atlas of Finnish Fungi
vaaleaorakas (fi) — Hydnum repandum	vaaleaorakas (fi)		2023-08-19 [13:35-18:41]	Salo	Varsinais-Suomi (V)	Suomi	60.43201	23.07719	Sure	NEUTRAL	The Atlas of Finnish Fungi
vaaleaorakas (fi) — Hydnum repandum	vaaleaorakas (fi)	5	2023-08-19	Kemijärvi	Perä-Pohjanmaa (PeP)	Suomi	66.648292	27.47811	Sure	NEUTRAL	The Atlas of Finnish Fungi
vaaleaorakas (fi) — Hydnum repandum	vaaleaorakas (fi)	19	2023-08-18 [0:00-0:00]	Pirkkala	Etelä-Häme (EH)	Suomi	61.393867	23.508953	Sure	NEUTRAL	Notebook, general observations
vaaleaorakas (fi) — Hydnum repandum	vaaleaorakas (fi)		2023-08-15	Lieksa	Pohjois-Karjala (PK)	Suomi	63.082655	29.839045	Sure	NEUTRAL	Notebook, general observations
vaaleaorakas (fi) — Hydnum repandum	vaaleaorakas (fi)		2023-08-15	Tampere	Etelä-Häme (EH)	Suomi	61.43338	23.87246		NEUTRAL	iNaturalist Suomi Finland
vaaleaorakas (fi) — Hydnum repandum	vaaleaorakas (fi)		2023-08-15	Haapavesi	Keski-Pohjanmaa (KP)	Suomi	64.11573	25.25075		NEUTRAL	iNaturalist Suomi Finland
vaaleaorakas (fi) — Hydnum repandum	vaaleaorakas (fi)		2023-08-15	Haapavesi	Keski-Pohjanmaa (KP)	Suomi	64.11948	25.24161		NEUTRAL	iNaturalist Suomi Finland
vaaleaorakas (fi) — Hydnum repandum	vaaleaorakas (fi)		2023-08-15	Jyväskylä	Pohjois-Häme (PH)	Suomi	62.243662	25.637776	Sure	NEUTRAL	Notebook, general observations
vaaleaorakas (fi) — Hydnum repandum	vaaleaorakas (fi)		2023-08-13	Simo	Perä-Pohjanmaa (PeP)	Suomi	65.83622	25.00167		COMMUNITY_VERIFIED	iNaturalist Suomi Finland
vaaleaorakas (fi) — Hydnum repandum	vaaleaorakas (fi)		2023-08-13 [14:44-20:06]	Lohja, Salo	Varsinais-Suomi (V)	Suomi	60.323891	23.647768	Sure	NEUTRAL	The Atlas of Finnish Fungi
vaaleaorakas (fi) — Hydnum repandum	vaaleaorakas (fi)		2023-08-13 - 2023-08-17	Lieksa	Pohjois-Karjala (PK)	Suomi	63.113641	29.777157	Sure	NEUTRAL	The Atlas of Finnish Fungi
vaaleaorakas (fi) — Hydnum repandum	vaaleaorakas (fi)		2023-08-13	Hämeenlinna	Etelä-Häme (EH)	Suomi	61.04097	23.98395		NEUTRAL	iNaturalist Suomi Finland
vaaleaorakas (fi) — Hydnum repandum	vaaleaorakas (fi)		2023-08-13	Helsinki	Uusimaa (U)	Suomi	60.27149	25.22666		COMMUNITY_VERIFIED	iNaturalist Suomi Finland
vaaleaorakas (fi) — Hydnum repandum	vaaleaorakas (fi)		2023-08-12	Vantaa	Uusimaa (U)	Suomi	60.30995	25.16893		NEUTRAL	iNaturalist Suomi Finland
vaaleaorakas (fi) — Hydnum repandum	vaaleaorakas (fi)		2023-08-12	Mikkeli	Etelä-Savo (ES)	Suomi	61.47805	27.50014		NEUTRAL	iNaturalist Suomi Finland
vaaleaorakas (fi) — Hydnum repandum	vaaleaorakas (fi)		2023-08-11	Espoo	Uusimaa (U)	Suomi	60.317025	24.535067	Sure	NEUTRAL	Notebook, general observations
vaaleaorakas (fi) — Hydnum repandum	vaaleaorakas (fi)	runsaasti	2023-08-09	Vaasa	Etelä-Pohjanmaa (EP)	Suomi	63.078358	21.701686	Sure	NEUTRAL	The Atlas of Finnish Fungi
vaaleaorakas (fi) — Hydnum repandum	vaaleaorakas (fi)		2023-08-09	Vaasa	Etelä-Pohjanmaa (EP)	Suomi	63.078383	21.691011	Sure	NEUTRAL	The Atlas of Finnish Fungi
vaaleaorakas (fi) — Hydnum repandum	vaaleaorakas (fi)		2023-08-09	Vaasa	Etelä-Pohjanmaa (EP)	Suomi	63.08075	21.693053	Sure	NEUTRAL	The Atlas of Finnish Fungi
vaaleaorakas (fi) — Hydnum repandum	vaaleaorakas (fi)		2023-08-09	Ylöjärvi	Etelä-Häme (EH)	Suomi	61.573195	23.654446	Sure	NEUTRAL	The Atlas of Finnish Fungi
vaaleaorakas (fi) — Hydnum repandum	vaaleaorakas (fi)		2023-08-09	Joensuu	Pohjois-Karjala (PK)	Suomi	62.57834	29.86992		COMMUNITY_VERIFIED	iNaturalist Suomi Finland
vaaleaorakas (fi) — Hydnum repandum	vaaleaorakas (fi)		2023-08-08	Viitasaari	Pohjois-Häme (PH)	Suomi	63.090015	25.703287	Sure	NEUTRAL	Notebook, general observations
vaaleaorakas (fi) — Hydnum repandum	vaaleaorakas (fi)		2023-08-08	Salo	Varsinais-Suomi (V)	Suomi	60.51715	23.12865		NEUTRAL	iNaturalist Suomi Finland
vaaleaorakas (fi) — Hydnum repandum	vaaleaorakas (fi)		2023-08-08	Mikkeli	Etelä-Savo (ES)	Suomi	61.69421	27.40985		COMMUNITY_VERIFIED	iNaturalist Suomi Finland
vaaleaorakas (fi) — Hydnum repandum	vaaleaorakas (fi)		2023-08-06	Hämeenlinna, Pälkäne	Etelä-Häme (EH)	Suomi	61.3	24.7		COMMUNITY_VERIFIED	iNaturalist Suomi Finland
vaaleaorakas (fi) — Hydnum repandum	vaaleaorakas (fi)		2023-08-06	Rovaniemi	Perä-Pohjanmaa (PeP)	Suomi	66.19301	25.96055	Sure	NEUTRAL	The Atlas of Finnish Fungi
vaaleaorakas (fi) — Hydnum repandum	vaaleaorakas (fi)	4	2023-08-03 [13:40]	Hamina	Etelä-Karjala (EK)	Suomi	60.648055	27.38538	Sure	NEUTRAL	Notebook, general observations
vaaleaorakas (fi) — Hydnum repandum	vaaleaorakas (fi)		2023-08-01	Kouvola	Etelä-Häme (EH)	Suomi	61.05145	26.4693		NEUTRAL	iNaturalist Suomi Finland
vaaleaorakas (fi) — Hydnum repandum	vaaleaorakas (fi)		2023-07-30	Hollola	Etelä-Häme (EH)	Suomi	60.98718	25.49981		COMMUNITY_VERIFIED	iNaturalist Suomi Finland
vaaleaorakas (fi) — Hydnum repandum	vaaleaorakas (fi)		2023-07-29	Lappeenranta	Etelä-Savo (ES)	Suomi	61.1253	28.4428		NEUTRAL	iNaturalist Suomi Finland
vaaleaorakas (fi) — Hydnum repandum	vaaleaorakas (fi)		2022-11-12	Espoo	Uusimaa (U)	Suomi	60.293205	24.580907	Sure	NEUTRAL	The Atlas of Finnish Fungi
vaaleaorakas (fi) — Hydnum repandum	vaaleaorakas (fi)		2022-10-30	Masku, Mynämäki, Naantali	Varsinais-Suomi (V)	Suomi	60.5	21.9		COMMUNITY_VERIFIED	iNaturalist Suomi Finland
vaaleaorakas (fi) — Hydnum repandum	vaaleaorakas (fi)		2022-10-30	Lohja	Varsinais-Suomi (V)	Suomi	60.43235	23.86189		NEUTRAL	iNaturalist Suomi Finland
vaaleaorakas (fi) — Hydnum repandum	vaaleaorakas (fi)		2022-10-16	Vaasa	Etelä-Pohjanmaa (EP)	Suomi	63.08696	21.64471		COMMUNITY_VERIFIED	iNaturalist Suomi Finland
vaaleaorakas (fi) — Hydnum repandum	vaaleaorakas (fi)		2022-10-15	Kuhmo	Kainuu (Kn)	Suomi	63.888931	30.130295	Sure	NEUTRAL	Notebook, general observations
vaaleaorakas (fi) — Hydnum repandum	vaaleaorakas (fi)		2022-10-15	Uusikaupunki	Varsinais-Suomi (V)	Suomi	60.83939	21.24671		COMMUNITY_VERIFIED	iNaturalist Suomi Finland
vaaleaorakas (fi) — Hydnum repandum	vaaleaorakas (fi)		2022-10-11	Salla	Koillismaa (Ks)	Suomi	66.56581	28.73583		COMMUNITY_VERIFIED	iNaturalist Suomi Finland
vaaleaorakas (fi) — Hydnum repandum	vaaleaorakas (fi)		2022-10-09	Tampere	Etelä-Häme (EH)	Suomi	61.49868	23.6321		NEUTRAL	iNaturalist Suomi Finland
vaaleaorakas (fi) — Hydnum repandum	vaaleaorakas (fi)		2022-10-02	Vihti	Varsinais-Suomi (V)	Suomi	60.369604	24.488785	Sure	NEUTRAL	The Atlas of Finnish Fungi
vaaleaorakas (fi) — Hydnum repandum	vaaleaorakas (fi)		2022-10-01	Puolanka	Kainuu (Kn)	Suomi	65.121485	27.958008	Sure	NEUTRAL	Notebook, general observations
vaaleaorakas (fi) — Hydnum repandum	vaaleaorakas (fi)		2022-09-25	Hanko	Uusimaa (U)	Suomi	59.903999	23.193349	Sure	NEUTRAL	The Atlas of Finnish Fungi
vaaleaorakas (fi) — Hydnum repandum	vaaleaorakas (fi)		2022-09-25	Raasepori	Varsinais-Suomi (V)	Suomi	60.11119	23.40364		COMMUNITY_VERIFIED	iNaturalist Suomi Finland
vaaleaorakas (fi) — Hydnum repandum	vaaleaorakas (fi)		2022-09-19 [15:00-17:06]	Salo	Varsinais-Suomi (V)	Suomi	60.252995	22.97118	Sure	NEUTRAL	The Atlas of Finnish Fungi
vaaleaorakas (fi) — Hydnum repandum	vaaleaorakas (fi)		2022-09-18	Jyväskylä, Laukaa	Pohjois-Häme (PH)	Suomi	62.3	25.9		COMMUNITY_VERIFIED	iNaturalist Suomi Finland
vaaleaorakas (fi) — Hydnum repandum	vaaleaorakas (fi)	Muutama	2022-09-18	Rovaniemi	Perä-Pohjanmaa (PeP)	Suomi	66.323433	26.257977	Sure	NEUTRAL	The Atlas of Finnish Fungi
vaaleaorakas (fi) — Hydnum repandum	vaaleaorakas (fi)		2022-09-14	Inari	Inarin Lappi (InL)	Suomi	68.63507	28.43149	Sure	NEUTRAL	The Atlas of Finnish Fungi
vaaleaorakas (fi) — Hydnum repandum	vaaleaorakas (fi)		2022-09-13	Pyhäjärvi	Keski-Pohjanmaa (KP)	Suomi	63.779872	26.107302	Sure	NEUTRAL	The Atlas of Finnish Fungi
vaaleaorakas (fi) — Hydnum repandum	vaaleaorakas (fi)		2022-09-10	Ranua	Perä-Pohjanmaa (PeP)	Suomi	66.02124	26.56793		COMMUNITY_VERIFIED	iNaturalist Suomi Finland
vaaleaorakas (fi) — Hydnum repandum	vaaleaorakas (fi)	1	2022-09-08	Hämeenlinna	Etelä-Häme (EH)	Suomi	61.055876	25.046899	Sure	NEUTRAL	The Atlas of Finnish Fungi
vaaleaorakas (fi) — Hydnum repandum	vaaleaorakas (fi)		2022-09-07 [10:39-12:56]	Hämeenlinna	Etelä-Häme (EH)	Suomi	61.236022	25.066455	Sure	NEUTRAL	The Atlas of Finnish Fungi
vaaleaorakas (fi) — Hydnum repandum	vaaleaorakas (fi)	useita	2022-09-06	Hämeenlinna	Etelä-Häme (EH)	Suomi	61.227466	25.141655	Sure	NEUTRAL	The Atlas of Finnish Fungi
vaaleaorakas (fi) — Hydnum repandum	vaaleaorakas (fi)		2022-09-04	Kaarina	Varsinais-Suomi (V)	Suomi	60.40035	22.31155		NEUTRAL	iNaturalist Suomi Finland
vaaleaorakas (fi) — Hydnum repandum	vaaleaorakas (fi)	1	2022-09-04	Turku	Varsinais-Suomi (V)	Suomi	60.426763	22.206345	Sure	NEUTRAL	Notebook, general observations
vaaleaorakas (fi) — Hydnum repandum	vaaleaorakas (fi)		2022-09-03	Inkoo, Lohja, Raasepori, Salo	Uusimaa (U), Varsinais-Suomi (V)	Suomi	60.1	23.7		COMMUNITY_VERIFIED	iNaturalist Suomi Finland
vaaleaorakas (fi) — Hydnum repandum	vaaleaorakas (fi)		2022-09-03	Kokemäki	Satakunta (St)	Suomi	61.40197	22.23844		COMMUNITY_VERIFIED	iNaturalist Suomi Finland
vaaleaorakas (fi) — Hydnum repandum	vaaleaorakas (fi)		2022-09-02	Jyväskylä	Pohjois-Häme (PH)	Suomi	62.20739	25.58869		COMMUNITY_VERIFIED	iNaturalist Suomi Finland
vaaleaorakas (fi) — Hydnum repandum	vaaleaorakas (fi)		2022-08-31	Turku	Varsinais-Suomi (V)	Suomi	60.48191	22.22305		COMMUNITY_VERIFIED	iNaturalist Suomi Finland
vaaleaorakas (fi) — Hydnum repandum	vaaleaorakas (fi)		2022-08-30	Lappeenranta	Etelä-Karjala (EK)	Suomi	60.76755	28.11568		NEUTRAL	iNaturalist Suomi Finland
vaaleaorakas (fi) — Hydnum repandum	vaaleaorakas (fi)		2022-08-29	Joensuu	Pohjois-Karjala (PK)	Suomi	62.60366	29.73904		NEUTRAL	iNaturalist Suomi Finland
vaaleaorakas (fi) — Hydnum repandum	vaaleaorakas (fi)	Rutkasti	2022-08-28	Inari	Inarin Lappi (InL)	Suomi	69.568029	29.225234		NEUTRAL	Löydös Open Finnish Observation Database
vaaleaorakas (fi) — Hydnum repandum	vaaleaorakas (fi)		2022-08-28	Turku	Varsinais-Suomi (V)	Suomi	60.53804	22.32137		NEUTRAL	iNaturalist Suomi Finland
vaaleaorakas (fi) — Hydnum repandum	vaaleaorakas (fi)		2022-08-23	Riihimäki	Etelä-Häme (EH)	Suomi	60.74386	24.76747		COMMUNITY_VERIFIED	iNaturalist Suomi Finland
vaaleaorakas (fi) — Hydnum repandum	vaaleaorakas (fi)		2022-08-23	Varkaus	Pohjois-Savo (PS)	Suomi	62.30351	27.80898		COMMUNITY_VERIFIED	iNaturalist Suomi Finland
vaaleaorakas (fi) — Hydnum repandum	vaaleaorakas (fi)		2022-08-21	Kuhmo	Kainuu (Kn)	Suomi	64.462313	28.850909	Sure	NEUTRAL	Notebook, general observations
vaaleaorakas (fi) — Hydnum repandum	vaaleaorakas (fi)		2022-08-14	Tampere	Etelä-Häme (EH)	Suomi	61.486	23.694	Sure	NEUTRAL	The Atlas of Finnish Fungi
vaaleaorakas (fi) — Hydnum repandum	vaaleaorakas (fi)		2022-08-12	Heinävesi	Pohjois-Savo (PS)	Suomi	62.451	28.7692	Sure	NEUTRAL	The Atlas of Finnish Fungi
vaaleaorakas (fi) — Hydnum repandum	vaaleaorakas (fi)		2022-08-12 [14:39-17:07]	Salo	Varsinais-Suomi (V)	Suomi	60.208087	22.94447	Sure	NEUTRAL	The Atlas of Finnish Fungi
vaaleaorakas (fi) — Hydnum repandum	vaaleaorakas (fi)		2022-08-11	Juva, Mikkeli	Etelä-Savo (ES)	Suomi	61.7	27.5		COMMUNITY_VERIFIED	iNaturalist Suomi Finland
vaaleaorakas (fi) — Hydnum repandum	vaaleaorakas (fi)	2	2022-08-10	Pyhäjärvi	Keski-Pohjanmaa (KP)	Suomi	63.773664	26.065937	Sure	NEUTRAL	The Atlas of Finnish Fungi
vaaleaorakas (fi) — Hydnum repandum	vaaleaorakas (fi)		2022-08-10	Loppi	Etelä-Häme (EH)	Suomi	60.73887	24.67477		NEUTRAL	iNaturalist Suomi Finland
vaaleaorakas (fi) — Hydnum repandum	vaaleaorakas (fi)		2022-08-10	Jyväskylä	Pohjois-Häme (PH)	Suomi	62.24	25.68078		COMMUNITY_VERIFIED	iNaturalist Suomi Finland
vaaleaorakas (fi) — Hydnum repandum	vaaleaorakas (fi)		2022-08-10	Lahti	Etelä-Häme (EH)	Suomi	60.99624	25.54954		COMMUNITY_VERIFIED	iNaturalist Suomi Finland
vaaleaorakas (fi) — Hydnum repandum	vaaleaorakas (fi)		2022-08-10	Mynämäki	Varsinais-Suomi (V)	Suomi	60.70063	21.99093		NEUTRAL	iNaturalist Suomi Finland
vaaleaorakas (fi) — Hydnum repandum	vaaleaorakas (fi)	5	2022-08-09	Kemijärvi	Perä-Pohjanmaa (PeP)	Suomi	66.709278	27.106335	Sure	NEUTRAL	The Atlas of Finnish Fungi
vaaleaorakas (fi) — Hydnum repandum	vaaleaorakas (fi)	Kymmenkunta	2022-08-06	Rovaniemi	Perä-Pohjanmaa (PeP)	Suomi	66.41615	25.655093	Sure	NEUTRAL	The Atlas of Finnish Fungi
vaaleaorakas (fi) — Hydnum repandum	vaaleaorakas (fi)		2022-08-06	Iisalmi	Pohjois-Savo (PS)	Suomi	63.65279	27.18455		COMMUNITY_VERIFIED	iNaturalist Suomi Finland
vaaleaorakas (fi) — Hydnum repandum	vaaleaorakas (fi)		2022-08-03	Sastamala	Satakunta (St)	Suomi	61.375968	23.11907	Sure	NEUTRAL	The Atlas of Finnish Fungi
vaaleaorakas (fi) — Hydnum repandum	vaaleaorakas (fi)		2022-08-03	Mikkeli	Etelä-Savo (ES)	Suomi	61.68884	27.30932		COMMUNITY_VERIFIED	iNaturalist Suomi Finland
vaaleaorakas (fi) — Hydnum repandum	vaaleaorakas (fi)		2022-08-03	Turku	Varsinais-Suomi (V)	Suomi	60.41877	22.11489		COMMUNITY_VERIFIED	iNaturalist Suomi Finland
vaaleaorakas (fi) — Hydnum repandum	vaaleaorakas (fi)		2022-07-30	Heinävesi, Liperi, Savonlinna	Pohjois-Karjala (PK), Pohjois-Savo (PS)	Suomi	62.3	29.1		NEUTRAL	iNaturalist Suomi Finland
vaaleaorakas (fi) — Hydnum repandum	vaaleaorakas (fi)	3	2022-07-30 - 2022-07-31	Inari	Inarin Lappi (InL)	Suomi	68.935656	27.088238	Sure	NEUTRAL	The Atlas of Finnish Fungi
vaaleaorakas (fi) — Hydnum repandum	vaaleaorakas (fi)		2022-07-29	Vesilahti	Etelä-Häme (EH)	Suomi	61.315188	23.402704	Sure	NEUTRAL	The Atlas of Finnish Fungi
vaaleaorakas (fi) — Hydnum repandum	vaaleaorakas (fi)	Muutamia	2022-07-29	Vihti	Varsinais-Suomi (V)	Suomi	60.525487	24.49933	Sure	NEUTRAL	The Atlas of Finnish Fungi
vaaleaorakas (fi) — Hydnum repandum	vaaleaorakas (fi)	7	2022-07-28 [13:37]	Rautalampi	Pohjois-Häme (PH)	Suomi	62.554884	26.632628	Sure	NEUTRAL	The Atlas of Finnish Fungi
vaaleaorakas (fi) — Hydnum repandum	vaaleaorakas (fi)		2022-07-25	Espoo	Uusimaa (U)	Suomi	60.298074	24.570307	Subspecies unsure	NEUTRAL	The Atlas of Finnish Fungi
vaaleaorakas (fi) — Hydnum repandum	vaaleaorakas (fi)		2022-07-25	Iisalmi	Pohjois-Savo (PS)	Suomi	63.63441	27.16357		COMMUNITY_VERIFIED	iNaturalist Suomi Finland
vaaleaorakas (fi) — Hydnum repandum	vaaleaorakas (fi)		2022-07-24	Hämeenkyrö, Nokia, Sastamala	Etelä-Häme (EH), Satakunta (St)	Suomi	61.5	23.3		COMMUNITY_VERIFIED	iNaturalist Suomi Finland
vaaleaorakas (fi) — Hydnum repandum	vaaleaorakas (fi)		2022-07-24	Kuopio	Pohjois-Savo (PS)	Suomi	62.90556	27.64099		NEUTRAL	iNaturalist Suomi Finland
vaaleaorakas (fi) — Hydnum repandum	vaaleaorakas (fi)		2022-07-14 [17:15-17:45]	Lohja	Varsinais-Suomi (V)	Suomi	60.212832	23.787348	Sure	NEUTRAL	The Atlas of Finnish Fungi
vaaleaorakas (fi) — Hydnum repandum	vaaleaorakas (fi)		2022-06-25 [20:45-20:45]	Kustavi, Parainen	Varsinais-Suomi (V)	Suomi	60.511863	21.257991	Sure	NEUTRAL	The Atlas of Finnish Fungi
vaaleaorakas (fi) — Hydnum repandum	vaaleaorakas (fi)		2021-11-07	Siuntio	Uusimaa (U)	Suomi	60.13869	24.22701		COMMUNITY_VERIFIED	iNaturalist Suomi Finland
vaaleaorakas (fi) — Hydnum repandum	vaaleaorakas (fi)		2021-10-30	Mäntsälä	Uusimaa (U)	Suomi	60.543356	25.190901	Sure	NEUTRAL	The Atlas of Finnish Fungi
vaaleaorakas (fi) — Hydnum repandum	vaaleaorakas (fi)	1	2021-10-25	Pirkkala	Etelä-Häme (EH)	Suomi	61.465065	23.681439	Sure	NEUTRAL	The Atlas of Finnish Fungi
vaaleaorakas (fi) — Hydnum repandum	vaaleaorakas (fi)	2	2021-10-25	Heinävesi	Pohjois-Savo (PS)	Suomi	62.406387	28.772774	Sure	NEUTRAL	The Atlas of Finnish Fungi
vaaleaorakas (fi) — Hydnum repandum	vaaleaorakas (fi)		2021-10-23	Sastamala	Satakunta (St)	Suomi	61.3376	22.9185		COMMUNITY_VERIFIED	iNaturalist Suomi Finland
vaaleaorakas (fi) — Hydnum repandum	vaaleaorakas (fi)		2021-10-17	Kirkkonummi	Uusimaa (U)	Suomi	60.14988	24.37439		NEUTRAL	iNaturalist Suomi Finland
vaaleaorakas (fi) — Hydnum repandum	vaaleaorakas (fi)		2021-10-16	Masku, Mynämäki, Naantali	Varsinais-Suomi (V)	Suomi	60.5	21.9		COMMUNITY_VERIFIED	iNaturalist Suomi Finland
vaaleaorakas (fi) — Hydnum repandum	vaaleaorakas (fi)		2021-10-10	Espoo	Uusimaa (U)	Suomi	60.291084	24.516309	Sure	NEUTRAL	The Atlas of Finnish Fungi
vaaleaorakas (fi) — Hydnum repandum	vaaleaorakas (fi)		2021-10-10	Espoo	Uusimaa (U)	Suomi	60.29273	24.55651		NEUTRAL	iNaturalist Suomi Finland
vaaleaorakas (fi) — Hydnum repandum	vaaleaorakas (fi)		2021-10-10	Lohja	Varsinais-Suomi (V)	Suomi	60.53123	24.07243		COMMUNITY_VERIFIED	iNaturalist Suomi Finland
vaaleaorakas (fi) — Hydnum repandum	vaaleaorakas (fi)		2021-10-09	Tuusula	Uusimaa (U)	Suomi	60.54715	25.08271		COMMUNITY_VERIFIED	iNaturalist Suomi Finland
vaaleaorakas (fi) — Hydnum repandum	vaaleaorakas (fi)		2021-10-07 [14:29]	Kaarina	Varsinais-Suomi (V)	Suomi	60.426744	22.364787	Sure	NEUTRAL	The Atlas of Finnish Fungi
vaaleaorakas (fi) — Hydnum repandum	vaaleaorakas (fi)		2021-10-06	Saltvik	Ahvenanmaa (A)	Suomi	60.36762	20.03645		COMMUNITY_VERIFIED	iNaturalist Suomi Finland
vaaleaorakas (fi) — Hydnum repandum	vaaleaorakas (fi)	1	2021-10-04	Iisalmi	Pohjois-Savo (PS)	Suomi	63.552778	27.269167	Sure	NEUTRAL	The Atlas of Finnish Fungi
vaaleaorakas (fi) — Hydnum repandum	vaaleaorakas (fi)		2021-10-04	Iisalmi	Pohjois-Savo (PS)	Suomi	63.552777	27.269166		NEUTRAL	Fungal collection of the Botanical Museum, University of Oulu (OULU)
vaaleaorakas (fi) — Hydnum repandum	vaaleaorakas (fi)		2021-10-03 [14:09]	Jyväskylä	Pohjois-Häme (PH)	Suomi	62.246119	25.663338	Sure	NEUTRAL	The Atlas of Finnish Fungi
vaaleaorakas (fi) — Hydnum repandum	vaaleaorakas (fi)		2021-10-03	Alavus	Etelä-Pohjanmaa (EP)	Suomi	62.4895	23.68274		COMMUNITY_VERIFIED	iNaturalist Suomi Finland
vaaleaorakas (fi) — Hydnum repandum	vaaleaorakas (fi)		2021-10-03	Nousiainen	Varsinais-Suomi (V)	Suomi	60.60065	22.24507		COMMUNITY_VERIFIED	iNaturalist Suomi Finland
vaaleaorakas (fi) — Hydnum repandum	vaaleaorakas (fi)		2021-10-03	Espoo	Uusimaa (U)	Suomi	60.33843	24.63265		COMMUNITY_VERIFIED	iNaturalist Suomi Finland
vaaleaorakas (fi) — Hydnum repandum	vaaleaorakas (fi)	Muutama	2021-10-03	Kustavi	Varsinais-Suomi (V)	Suomi	60.65017	21.286007	Sure	NEUTRAL	Notebook, general observations
vaaleaorakas (fi) — Hydnum repandum	vaaleaorakas (fi)		2021-10-02	Lohja	Varsinais-Suomi (V)	Suomi	60.240678	23.800127	Sure	NEUTRAL	The Atlas of Finnish Fungi
vaaleaorakas (fi) — Hydnum repandum	vaaleaorakas (fi)	5	2021-10-02	Espoo, Helsinki, Vantaa	Uusimaa (U)	Suomi	60.260102	24.91945	Sure	NEUTRAL	The Atlas of Finnish Fungi
vaaleaorakas (fi) — Hydnum repandum	vaaleaorakas (fi)	1	2021-10-02	Salo	Varsinais-Suomi (V)	Suomi	60.312463	23.56299	Sure	NEUTRAL	The Atlas of Finnish Fungi
vaaleaorakas (fi) — Hydnum repandum	vaaleaorakas (fi)		2021-10-02	Raasepori	Varsinais-Suomi (V)	Suomi	60.039961	23.019238	Sure	NEUTRAL	The Atlas of Finnish Fungi
vaaleaorakas (fi) — Hydnum repandum	vaaleaorakas (fi)		2021-10-02	Raasepori	Varsinais-Suomi (V)	Suomi	60.043557	23.044933	Sure	NEUTRAL	The Atlas of Finnish Fungi
vaaleaorakas (fi) — Hydnum repandum	vaaleaorakas (fi)	muutamia	2021-10-02	Lohja	Varsinais-Suomi (V)	Suomi	60.240201	23.799165	Sure	NEUTRAL	The Atlas of Finnish Fungi
vaaleaorakas (fi) — Hydnum repandum	vaaleaorakas (fi)		2021-10-02	Salo	Varsinais-Suomi (V)	Suomi	60.31115	23.542074	Sure	NEUTRAL	The Atlas of Finnish Fungi
vaaleaorakas (fi) — Hydnum repandum	vaaleaorakas (fi)		2021-10-02	Porvoo	Uusimaa (U)	Suomi	60.50804	25.76857		COMMUNITY_VERIFIED	iNaturalist Suomi Finland
vaaleaorakas (fi) — Hydnum repandum	vaaleaorakas (fi)		2021-10-01	Salo	Varsinais-Suomi (V)	Suomi	60.555478	23.049692	Sure	NEUTRAL	The Atlas of Finnish Fungi
vaaleaorakas (fi) — Hydnum repandum	vaaleaorakas (fi)		2021-10-01	Lohja	Varsinais-Suomi (V)	Suomi	60.19854	23.984093	Sure	NEUTRAL	The Atlas of Finnish Fungi
vaaleaorakas (fi) — Hydnum repandum	vaaleaorakas (fi)		2021-10-01	Salo	Varsinais-Suomi (V)	Suomi	60.438895	23.057969	Sure	NEUTRAL	The Atlas of Finnish Fungi
vaaleaorakas (fi) — Hydnum repandum	vaaleaorakas (fi)		2021-10-01	Salo	Varsinais-Suomi (V)	Suomi	60.438464	23.056222	Sure	NEUTRAL	The Atlas of Finnish Fungi
vaaleaorakas (fi) — Hydnum repandum	vaaleaorakas (fi)	6	2021-10-01 [16:05]	Taipalsaari	Etelä-Savo (ES)	Suomi	61.180355	27.955812	Sure	NEUTRAL	Notebook, general observations
vaaleaorakas (fi) — Hydnum repandum	vaaleaorakas (fi)		2021-09-30	Mikkeli	Etelä-Savo (ES)	Suomi	61.49414	27.29639		COMMUNITY_VERIFIED	iNaturalist Suomi Finland
vaaleaorakas (fi) — Hydnum repandum	vaaleaorakas (fi)		2021-09-30	Rusko	Varsinais-Suomi (V)	Suomi	60.61843	22.30828		COMMUNITY_VERIFIED	iNaturalist Suomi Finland
vaaleaorakas (fi) — Hydnum repandum	vaaleaorakas (fi)		2021-09-29	Lohja	Varsinais-Suomi (V)	Suomi	60.245035	23.810977		NEUTRAL	LajiGIS: Species mapping and surveys
vaaleaorakas (fi) — Hydnum repandum	vaaleaorakas (fi)		2021-09-29	Lohja	Varsinais-Suomi (V)	Suomi	60.252649	23.85739		NEUTRAL	LajiGIS: Species mapping and surveys
vaaleaorakas (fi) — Hydnum repandum	vaaleaorakas (fi)		2021-09-28	Lohja	Varsinais-Suomi (V)	Suomi	60.246088	23.81364		NEUTRAL	LajiGIS: Species mapping and surveys
vaaleaorakas (fi) — Hydnum repandum	vaaleaorakas (fi)		2021-09-28	Lohja	Varsinais-Suomi (V)	Suomi	60.247364	23.817384		NEUTRAL	LajiGIS: Species mapping and surveys
vaaleaorakas (fi) — Hydnum repandum	vaaleaorakas (fi)		2021-09-28	Espoo	Uusimaa (U)	Suomi	60.17472	24.65472		COMMUNITY_VERIFIED	iNaturalist Suomi Finland
vaaleaorakas (fi) — Hydnum repandum	vaaleaorakas (fi)	1	2021-09-27	Laihia	Etelä-Pohjanmaa (EP)	Suomi	62.802023	21.966124	Sure	NEUTRAL	The Atlas of Finnish Fungi
vaaleaorakas (fi) — Hydnum repandum	vaaleaorakas (fi)		2021-09-27	Lieto	Varsinais-Suomi (V)	Suomi	60.5009	22.44746		COMMUNITY_VERIFIED	iNaturalist Suomi Finland
vaaleaorakas (fi) — Hydnum repandum	vaaleaorakas (fi)		2021-09-26	Vihti	Varsinais-Suomi (V)	Suomi	60.293906	24.504086	Sure	NEUTRAL	The Atlas of Finnish Fungi
vaaleaorakas (fi) — Hydnum repandum	vaaleaorakas (fi)		2021-09-25	Mikkeli	Etelä-Savo (ES)	Suomi	61.50668	27.2846		COMMUNITY_VERIFIED	iNaturalist Suomi Finland
vaaleaorakas (fi) — Hydnum repandum	vaaleaorakas (fi)	10	2021-09-25	Salo	Varsinais-Suomi (V)	Suomi	60.458534	23.226578	Sure	NEUTRAL	The Atlas of Finnish Fungi
vaaleaorakas (fi) — Hydnum repandum	vaaleaorakas (fi)	esiintymä	2021-09-25 [10:47-10:51]	Ylöjärvi	Satakunta (St)	Suomi	61.66853	23.222514	Sure	NEUTRAL	The Atlas of Finnish Fungi
vaaleaorakas (fi) — Hydnum repandum	vaaleaorakas (fi)		2021-09-25	Luumäki	Etelä-Savo (ES)	Suomi	60.96015	27.24346		COMMUNITY_VERIFIED	iNaturalist Suomi Finland
vaaleaorakas (fi) — Hydnum repandum	vaaleaorakas (fi)		2021-09-24	Raasepori	Varsinais-Suomi (V)	Suomi	60.117851	23.531341	Sure	NEUTRAL	Notebook, general observations
vaaleaorakas (fi) — Hydnum repandum	vaaleaorakas (fi)		2021-09-24	Lohja	Varsinais-Suomi (V)	Suomi	60.24633	23.819962		NEUTRAL	LajiGIS: Species mapping and surveys
vaaleaorakas (fi) — Hydnum repandum	vaaleaorakas (fi)		2021-09-23	Kuopio, Siilinjärvi	Pohjois-Savo (PS)	Suomi	62.9	27.7		COMMUNITY_VERIFIED	iNaturalist Suomi Finland
vaaleaorakas (fi) — Hydnum repandum	vaaleaorakas (fi)	Muutamia	2021-09-22	Nokia	Etelä-Häme (EH)	Suomi	61.48807	23.468503	Sure	NEUTRAL	The Atlas of Finnish Fungi
vaaleaorakas (fi) — Hydnum repandum	vaaleaorakas (fi)		2021-09-22 - 2021-09-30	Inkoo	Uusimaa (U)	Suomi	60.022738	23.761361	Sure	NEUTRAL	Notebook, general observations
vaaleaorakas (fi) — Hydnum repandum	vaaleaorakas (fi)		2021-09-21	Espoo	Uusimaa (U)	Suomi	60.24675	24.82658		COMMUNITY_VERIFIED	iNaturalist Suomi Finland
vaaleaorakas (fi) — Hydnum repandum	vaaleaorakas (fi)	2	2021-09-20	Vaasa	Etelä-Pohjanmaa (EP)	Suomi	63.103541	21.735191	Sure	NEUTRAL	The Atlas of Finnish Fungi
vaaleaorakas (fi) — Hydnum repandum	vaaleaorakas (fi)		2021-09-20	Heinävesi	Pohjois-Savo (PS)	Suomi	62.44421	28.83185	Sure	NEUTRAL	The Atlas of Finnish Fungi
vaaleaorakas (fi) — Hydnum repandum	vaaleaorakas (fi)		2021-09-19	Espoo	Uusimaa (U)	Suomi	60.32637	24.70901		COMMUNITY_VERIFIED	iNaturalist Suomi Finland
vaaleaorakas (fi) — Hydnum repandum	vaaleaorakas (fi)		2021-09-18	Tuusniemi	Pohjois-Savo (PS)	Suomi	62.628338	28.493789	Sure	NEUTRAL	Notebook, general observations
vaaleaorakas (fi) — Hydnum repandum	vaaleaorakas (fi)		2021-09-18	Kirkkonummi	Uusimaa (U)	Suomi	60.272919	24.473821	Sure	NEUTRAL	The Atlas of Finnish Fungi
vaaleaorakas (fi) — Hydnum repandum	vaaleaorakas (fi)		2021-09-18 [13:27]	Rautalampi	Pohjois-Häme (PH)	Suomi	62.554469	26.64071	Sure	NEUTRAL	The Atlas of Finnish Fungi
vaaleaorakas (fi) — Hydnum repandum	vaaleaorakas (fi)		2021-09-18	Tammela	Etelä-Häme (EH)	Suomi	60.73079	23.56853		NEUTRAL	iNaturalist Suomi Finland
vaaleaorakas (fi) — Hydnum repandum	vaaleaorakas (fi)		2021-09-18	Helsinki	Uusimaa (U)	Suomi	60.18123	24.99567		COMMUNITY_VERIFIED	iNaturalist Suomi Finland
vaaleaorakas (fi) — Hydnum repandum	vaaleaorakas (fi)		2021-09-18	Tampere	Etelä-Häme (EH)	Suomi	61.54308	23.87682		COMMUNITY_VERIFIED	iNaturalist Suomi Finland
vaaleaorakas (fi) — Hydnum repandum	vaaleaorakas (fi)		2021-09-17	Helsinki	Uusimaa (U)	Suomi	60.17944	24.98812		COMMUNITY_VERIFIED	iNaturalist Suomi Finland
vaaleaorakas (fi) — Hydnum repandum	vaaleaorakas (fi)		2021-09-17	Keminmaa, Tervola	Perä-Pohjanmaa (PeP)	Suomi	65.965473	25.130467	Sure	NEUTRAL	The Atlas of Finnish Fungi
vaaleaorakas (fi) — Hydnum repandum	vaaleaorakas (fi)		2021-09-16	Mikkeli	Etelä-Savo (ES)	Suomi	61.70339	27.38261		COMMUNITY_VERIFIED	iNaturalist Suomi Finland
vaaleaorakas (fi) — Hydnum repandum	vaaleaorakas (fi)		2021-09-14	Lohja	Varsinais-Suomi (V)	Suomi	60.22728	23.870587		NEUTRAL	LajiGIS: Species mapping and surveys
vaaleaorakas (fi) — Hydnum repandum	vaaleaorakas (fi)		2021-09-14	Virrat	Pohjois-Häme (PH)	Suomi	62.26491	23.71674		COMMUNITY_VERIFIED	iNaturalist Suomi Finland
vaaleaorakas (fi) — Hydnum repandum	vaaleaorakas (fi)		2021-09-14	Orivesi	Etelä-Häme (EH)	Suomi	61.61768	24.22695		COMMUNITY_VERIFIED	iNaturalist Suomi Finland
vaaleaorakas (fi) — Hydnum repandum	vaaleaorakas (fi)		2021-09-14	Tammela	Etelä-Häme (EH)	Suomi	60.77077	23.86648		COMMUNITY_VERIFIED	iNaturalist Suomi Finland
vaaleaorakas (fi) — Hydnum repandum	vaaleaorakas (fi)		2021-09-12	Lohja	Varsinais-Suomi (V)	Suomi	60.229214	23.862327		NEUTRAL	LajiGIS: Species mapping and surveys
vaaleaorakas (fi) — Hydnum repandum	vaaleaorakas (fi)		2021-09-12	Espoo	Uusimaa (U)	Suomi	60.23088	24.75553	Sure	NEUTRAL	The Atlas of Finnish Fungi
vaaleaorakas (fi) — Hydnum repandum	vaaleaorakas (fi)		2021-09-12 [15:31]	Salo	Varsinais-Suomi (V)	Suomi	60.446705	23.069734	Sure	NEUTRAL	The Atlas of Finnish Fungi
vaaleaorakas (fi) — Hydnum repandum	vaaleaorakas (fi)		2021-09-11	Vantaa	Uusimaa (U)	Suomi	60.338824	25.087943	Sure	NEUTRAL	The Atlas of Finnish Fungi
vaaleaorakas (fi) — Hydnum repandum	vaaleaorakas (fi)		2021-09-11	Ylitornio	Perä-Pohjanmaa (PeP)	Suomi	66.313116	24.642223	Sure	NEUTRAL	The Atlas of Finnish Fungi
vaaleaorakas (fi) — Hydnum repandum	vaaleaorakas (fi)	2	2021-09-11	Tornio, Ylitornio	Perä-Pohjanmaa (PeP)	Suomi	66.306017	24.618518	Sure	NEUTRAL	The Atlas of Finnish Fungi
vaaleaorakas (fi) — Hydnum repandum	vaaleaorakas (fi)		2021-09-10	Tornio	Perä-Pohjanmaa (PeP)	Suomi	66.253871	24.565391	Sure	NEUTRAL	The Atlas of Finnish Fungi
vaaleaorakas (fi) — Hydnum repandum	vaaleaorakas (fi)		2021-09-10	Kirkkonummi	Uusimaa (U)	Suomi	60.2861	24.44918		COMMUNITY_VERIFIED	iNaturalist Suomi Finland
vaaleaorakas (fi) — Hydnum repandum	vaaleaorakas (fi)		2021-09-10	Tampere	Etelä-Häme (EH)	Suomi	61.5034	23.86353		COMMUNITY_VERIFIED	iNaturalist Suomi Finland
vaaleaorakas (fi) — Hydnum repandum	vaaleaorakas (fi)		2021-09-10 - 2021-09-12	Puolanka	Kainuu (Kn)	Suomi	64.979987	27.959875		NEUTRAL	LajiGIS: Species mapping and surveys
vaaleaorakas (fi) — Hydnum repandum	vaaleaorakas (fi)	muutama	2021-09-09	Helsinki	Uusimaa (U)	Suomi	60.23788	24.95678	Sure	NEUTRAL	The Atlas of Finnish Fungi
vaaleaorakas (fi) — Hydnum repandum	vaaleaorakas (fi)	useita	2021-09-09	Asikkala	Etelä-Häme (EH)	Suomi	61.220228	25.77244	Sure	NEUTRAL	The Atlas of Finnish Fungi
vaaleaorakas (fi) — Hydnum repandum	vaaleaorakas (fi)	3	2021-09-08	Ruovesi	Etelä-Häme (EH)	Suomi	62.049664	23.984094	Sure	NEUTRAL	The Atlas of Finnish Fungi
vaaleaorakas (fi) — Hydnum repandum	vaaleaorakas (fi)		2021-09-08 [9:58-10:44]	Asikkala	Etelä-Häme (EH)	Suomi	61.210694	25.731448	Sure	NEUTRAL	The Atlas of Finnish Fungi
vaaleaorakas (fi) — Hydnum repandum	vaaleaorakas (fi)		2021-09-08	Iisalmi	Pohjois-Savo (PS)	Suomi	63.65008	27.18674		COMMUNITY_VERIFIED	iNaturalist Suomi Finland
vaaleaorakas (fi) — Hydnum repandum	vaaleaorakas (fi)	1	2021-09-07	Asikkala	Etelä-Häme (EH)	Suomi	61.191259	25.688106	Sure	NEUTRAL	The Atlas of Finnish Fungi
vaaleaorakas (fi) — Hydnum repandum	vaaleaorakas (fi)		2021-09-07 [13:43]	Asikkala	Etelä-Häme (EH)	Suomi	61.178917	25.65434	Sure	NEUTRAL	The Atlas of Finnish Fungi
vaaleaorakas (fi) — Hydnum repandum	vaaleaorakas (fi)		2021-09-07 [9:32-10:34]	Asikkala	Etelä-Häme (EH)	Suomi	61.198268	25.691035	Sure	NEUTRAL	The Atlas of Finnish Fungi
vaaleaorakas (fi) — Hydnum repandum	vaaleaorakas (fi)		2021-09-07 [19:20-19:38]	Asikkala	Etelä-Häme (EH)	Suomi	61.188906	25.671189	Sure	NEUTRAL	The Atlas of Finnish Fungi
vaaleaorakas (fi) — Hydnum repandum	vaaleaorakas (fi)		2021-09-06	Kontiolahti	Pohjois-Karjala (PK)	Suomi	62.97712	29.915883	Sure	NEUTRAL	Notebook, general observations
vaaleaorakas (fi) — Hydnum repandum	vaaleaorakas (fi)		2021-09-04	Helsinki	Uusimaa (U)	Suomi	60.252166	25.062649	Sure	NEUTRAL	The Atlas of Finnish Fungi
vaaleaorakas (fi) — Hydnum repandum	vaaleaorakas (fi)		2021-09-04	Espoo	Uusimaa (U)	Suomi	60.289085	24.600995	Sure	NEUTRAL	The Atlas of Finnish Fungi
vaaleaorakas (fi) — Hydnum repandum	vaaleaorakas (fi)		2021-09-04	Raasepori	Uusimaa (U)	Suomi	59.98622	23.74212		COMMUNITY_VERIFIED	iNaturalist Suomi Finland
vaaleaorakas (fi) — Hydnum repandum	vaaleaorakas (fi)		2021-09-03	Kuusamo	Koillismaa (Ks)	Suomi	66.125815	29.29739		NEUTRAL	LajiGIS: Species mapping and surveys
vaaleaorakas (fi) — Hydnum repandum	vaaleaorakas (fi)		2021-09-02	Espoo, Vihti	Uusimaa (U), Varsinais-Suomi (V)	Suomi	60.317297	24.523639	Sure	NEUTRAL	The Atlas of Finnish Fungi
vaaleaorakas (fi) — Hydnum repandum	vaaleaorakas (fi)		2021-09-02	Taivalkoski	Koillismaa (Ks)	Suomi	65.29759	28.421043	Sure	NEUTRAL	The Atlas of Finnish Fungi
vaaleaorakas (fi) — Hydnum repandum	vaaleaorakas (fi)		2021-08-31	Kuopio	Pohjois-Savo (PS)	Suomi	62.86788	27.6538		COMMUNITY_VERIFIED	iNaturalist Suomi Finland
vaaleaorakas (fi) — Hydnum repandum	vaaleaorakas (fi)		2021-08-31	Kuusamo	Koillismaa (Ks)	Suomi	66.186521	29.650275		NEUTRAL	LajiGIS: Species mapping and surveys
vaaleaorakas (fi) — Hydnum repandum	vaaleaorakas (fi)		2021-08-29	Imatra	Etelä-Savo (ES)	Suomi	61.22351	28.7739		COMMUNITY_VERIFIED	iNaturalist Suomi Finland
vaaleaorakas (fi) — Hydnum repandum	vaaleaorakas (fi)		2021-08-27	Juuka	Pohjois-Karjala (PK)	Suomi	63.091099	29.546998	Sure	NEUTRAL	Notebook, general observations
vaaleaorakas (fi) — Hydnum repandum	vaaleaorakas (fi)		2021-08-27 [16:16]	Loimaa	Satakunta (St)	Suomi	60.845217	23.022223	Sure	NEUTRAL	The Atlas of Finnish Fungi
vaaleaorakas (fi) — Hydnum repandum	vaaleaorakas (fi)		2021-08-27	Kuusamo	Koillismaa (Ks)	Suomi	66.056449	28.842296		NEUTRAL	LajiGIS: Species mapping and surveys
vaaleaorakas (fi) — Hydnum repandum	vaaleaorakas (fi)		2021-08-24	Hartola, Sysmä	Etelä-Häme (EH)	Suomi	61.5	25.9		COMMUNITY_VERIFIED	iNaturalist Suomi Finland
vaaleaorakas (fi) — Hydnum repandum	vaaleaorakas (fi)		2021-08-20	Sotkamo	Kainuu (Kn)	Suomi	64.141203	27.881576		NEUTRAL	LajiGIS: Species mapping and surveys
vaaleaorakas (fi) — Hydnum repandum	vaaleaorakas (fi)		2021-08-19 [20:25]	Jyväskylä	Pohjois-Häme (PH)	Suomi	62.249701	25.723221	Sure	NEUTRAL	The Atlas of Finnish Fungi
vaaleaorakas (fi) — Hydnum repandum	vaaleaorakas (fi)	3	2021-08-16	Iisalmi	Pohjois-Savo (PS)	Suomi	63.5575	27.247778	Sure	NEUTRAL	The Atlas of Finnish Fungi
vaaleaorakas (fi) — Hydnum repandum	vaaleaorakas (fi)		2021-08-16	Asikkala	Etelä-Häme (EH)	Suomi	61.20205	25.7095		COMMUNITY_VERIFIED	iNaturalist Suomi Finland
vaaleaorakas (fi) — Hydnum repandum	vaaleaorakas (fi)		2021-08-16	Iisalmi	Pohjois-Savo (PS)	Suomi	63.5575	27.247777		NEUTRAL	Fungal collection of the Botanical Museum, University of Oulu (OULU)
vaaleaorakas (fi) — Hydnum repandum	vaaleaorakas (fi)		2021-08-15	Hämeenlinna	Etelä-Häme (EH)	Suomi	61.06934	24.11182		COMMUNITY_VERIFIED	iNaturalist Suomi Finland
vaaleaorakas (fi) — Hydnum repandum	vaaleaorakas (fi)		2021-08-14	Sipoo	Uusimaa (U)	Suomi	60.460451	25.191713	Sure	NEUTRAL	The Atlas of Finnish Fungi
vaaleaorakas (fi) — Hydnum repandum	vaaleaorakas (fi)		2021-08-14	Inari	Inarin Lappi (InL)	Suomi	68.65768	27.53971		COMMUNITY_VERIFIED	iNaturalist Suomi Finland
vaaleaorakas (fi) — Hydnum repandum	vaaleaorakas (fi)		2021-08-13	Posio	Koillismaa (Ks)	Suomi	66.218165	28.570907	Sure	NEUTRAL	Notebook, general observations
vaaleaorakas (fi) — Hydnum repandum	vaaleaorakas (fi)		2021-08-13	Sotkamo	Kainuu (Kn)	Suomi	64.16207	27.884418		NEUTRAL	LajiGIS: Species mapping and surveys
vaaleaorakas (fi) — Hydnum repandum	vaaleaorakas (fi)	useita	2021-08-12	Salo	Varsinais-Suomi (V)	Suomi	60.336352	23.206766	Sure	NEUTRAL	The Atlas of Finnish Fungi
vaaleaorakas (fi) — Hydnum repandum	vaaleaorakas (fi)		2021-08-09	Muurame	Etelä-Häme (EH)	Suomi	62.21509	25.50247		COMMUNITY_VERIFIED	iNaturalist Suomi Finland
vaaleaorakas (fi) — Hydnum repandum	vaaleaorakas (fi)		2021-08-08	Juva, Mikkeli	Etelä-Savo (ES)	Suomi	61.7	27.5		COMMUNITY_VERIFIED	iNaturalist Suomi Finland
vaaleaorakas (fi) — Hydnum repandum	vaaleaorakas (fi)		2021-08-08	Keuruu	Pohjois-Häme (PH)	Suomi	62.181208	24.814802	Sure	NEUTRAL	Notebook, general observations
vaaleaorakas (fi) — Hydnum repandum	vaaleaorakas (fi)		2021-08-08	Keuruu	Pohjois-Häme (PH)	Suomi	62.13467	24.817638	Sure	NEUTRAL	Notebook, general observations
vaaleaorakas (fi) — Hydnum repandum	vaaleaorakas (fi)	3	2021-08-07	Salo	Varsinais-Suomi (V)	Suomi	60.251701	22.982153	Sure	NEUTRAL	The Atlas of Finnish Fungi
vaaleaorakas (fi) — Hydnum repandum	vaaleaorakas (fi)		2021-08-06	Taivalkoski	Koillismaa (Ks)	Suomi	65.284369	28.367788	Sure	NEUTRAL	The Atlas of Finnish Fungi
vaaleaorakas (fi) — Hydnum repandum	vaaleaorakas (fi)		2021-08-03	Savonlinna	Etelä-Savo (ES)	Suomi	61.88577	29.20155		COMMUNITY_VERIFIED	iNaturalist Suomi Finland
vaaleaorakas (fi) — Hydnum repandum	vaaleaorakas (fi)		2021-08-02	Sastamala	Satakunta (St)	Suomi	61.37145	23.208225	Sure	NEUTRAL	The Atlas of Finnish Fungi
vaaleaorakas (fi) — Hydnum repandum	vaaleaorakas (fi)		2021-08-01	Vihti	Varsinais-Suomi (V)	Suomi	60.52374	24.501457	Sure	NEUTRAL	The Atlas of Finnish Fungi
vaaleaorakas (fi) — Hydnum repandum	vaaleaorakas (fi)		2021-07-31	Vihti	Varsinais-Suomi (V)	Suomi	60.268346	24.340154	Sure	NEUTRAL	The Atlas of Finnish Fungi
vaaleaorakas (fi) — Hydnum repandum	vaaleaorakas (fi)		2021-07-24	Helsinki	Uusimaa (U)	Suomi	60.287859	25.213427	Sure	NEUTRAL	The Atlas of Finnish Fungi
vaaleaorakas (fi) — Hydnum repandum	vaaleaorakas (fi)		2021-07-23	Kuopio	Pohjois-Savo (PS)	Suomi	62.90468	27.66445		COMMUNITY_VERIFIED	iNaturalist Suomi Finland
vaaleaorakas (fi) — Hydnum repandum	vaaleaorakas (fi)		2021-07-22	Tampere	Etelä-Häme (EH)	Suomi	61.53267	23.93845		COMMUNITY_VERIFIED	iNaturalist Suomi Finland
vaaleaorakas (fi) — Hydnum repandum	vaaleaorakas (fi)		2020-12-10	Sysmä	Etelä-Häme (EH)	Suomi	61.536851	25.66836	Sure	NEUTRAL	The Atlas of Finnish Fungi
vaaleaorakas (fi) — Hydnum repandum	vaaleaorakas (fi)	Melko yleinen havaintoalueella	2020-11-23	Espoo	Uusimaa (U)	Suomi	60.196785	24.681767	Sure	NEUTRAL	The Atlas of Finnish Fungi
vaaleaorakas (fi) — Hydnum repandum	vaaleaorakas (fi)		2020-11-23	Kirkkonummi	Uusimaa (U)	Suomi	60.152659	24.351298	Sure	NEUTRAL	Notebook, general observations
vaaleaorakas (fi) — Hydnum repandum	vaaleaorakas (fi)		2020-11-22	Imatra	Etelä-Savo (ES)	Suomi	61.17942	28.75411		COMMUNITY_VERIFIED	iNaturalist Suomi Finland
vaaleaorakas (fi) — Hydnum repandum	vaaleaorakas (fi)		2020-11-21	Helsinki	Uusimaa (U)	Suomi	60.231721	25.140162	Sure	NEUTRAL	The Atlas of Finnish Fungi
vaaleaorakas (fi) — Hydnum repandum	vaaleaorakas (fi)	8	2020-11-12	Heinola	Etelä-Häme (EH)	Suomi	61.193385	26.053701	Sure	NEUTRAL	The Atlas of Finnish Fungi
vaaleaorakas (fi) — Hydnum repandum	vaaleaorakas (fi)		2020-11-07	Masku, Mynämäki, Naantali	Varsinais-Suomi (V)	Suomi	60.5	21.9		COMMUNITY_VERIFIED	iNaturalist Suomi Finland
vaaleaorakas (fi) — Hydnum repandum	vaaleaorakas (fi)		2020-11-07	Hankasalmi	Pohjois-Häme (PH)	Suomi	62.315559	26.389062	Sure	NEUTRAL	The Atlas of Finnish Fungi
vaaleaorakas (fi) — Hydnum repandum	vaaleaorakas (fi)		2020-11-07	Kemiönsaari	Varsinais-Suomi (V)	Suomi	60.06624	22.76125		COMMUNITY_VERIFIED	iNaturalist Suomi Finland
vaaleaorakas (fi) — Hydnum repandum	vaaleaorakas (fi)		2020-11-03	Juva, Mikkeli	Etelä-Savo (ES)	Suomi	61.7	27.5		COMMUNITY_VERIFIED	iNaturalist Suomi Finland
vaaleaorakas (fi) — Hydnum repandum	vaaleaorakas (fi)		2020-10-24	Mäntsälä	Uusimaa (U)	Suomi	60.62306	25.15574		COMMUNITY_VERIFIED	iNaturalist Suomi Finland
vaaleaorakas (fi) — Hydnum repandum	vaaleaorakas (fi)		2020-10-15	Raasepori	Varsinais-Suomi (V)	Suomi	60.1159	23.79972		NEUTRAL	iNaturalist Suomi Finland
vaaleaorakas (fi) — Hydnum repandum	vaaleaorakas (fi)	Yksi	2020-10-13	Kittilä	Kittilän Lappi (KiL)	Suomi	67.811284	24.811018	Sure	NEUTRAL	The Atlas of Finnish Fungi
vaaleaorakas (fi) — Hydnum repandum	vaaleaorakas (fi)		2020-10-11	Vantaa	Uusimaa (U)	Suomi	60.30603	25.01376		NEUTRAL	iNaturalist Suomi Finland
vaaleaorakas (fi) — Hydnum repandum	vaaleaorakas (fi)		2020-10-11	Pori	Satakunta (St)	Suomi	61.67246	21.74412		NEUTRAL	iNaturalist Suomi Finland
vaaleaorakas (fi) — Hydnum repandum	vaaleaorakas (fi)		2020-10-10	Helsinki	Uusimaa (U)	Suomi	60.213172	24.973059	Sure	NEUTRAL	The Atlas of Finnish Fungi
vaaleaorakas (fi) — Hydnum repandum	vaaleaorakas (fi)		2020-10-09	Jyväskylä	Pohjois-Häme (PH)	Suomi	62.25832	25.71055		COMMUNITY_VERIFIED	iNaturalist Suomi Finland
vaaleaorakas (fi) — Hydnum repandum	vaaleaorakas (fi)		2020-10-07	Iisalmi	Pohjois-Savo (PS)	Suomi	63.65295	27.19442		COMMUNITY_VERIFIED	iNaturalist Suomi Finland
vaaleaorakas (fi) — Hydnum repandum	vaaleaorakas (fi)		2020-10-05	Vantaa	Uusimaa (U)	Suomi	60.31338	25.12474		COMMUNITY_VERIFIED	iNaturalist Suomi Finland
vaaleaorakas (fi) — Hydnum repandum	vaaleaorakas (fi)		2020-10-04	Kirkkonummi	Uusimaa (U)	Suomi	60.236531	24.497338	Subspecies unsure	NEUTRAL	The Atlas of Finnish Fungi
vaaleaorakas (fi) — Hydnum repandum	vaaleaorakas (fi)		2020-10-04	Jyväskylä	Etelä-Häme (EH)	Suomi	61.96573	25.69208		COMMUNITY_VERIFIED	iNaturalist Suomi Finland
vaaleaorakas (fi) — Hydnum repandum	vaaleaorakas (fi)	Lukuisia	2020-10-03	Jämsä	Etelä-Häme (EH)	Suomi	61.99185	24.628664	Sure	NEUTRAL	The Atlas of Finnish Fungi
vaaleaorakas (fi) — Hydnum repandum	vaaleaorakas (fi)	useita	2020-10-02 - 2020-11-24	Somero	Etelä-Häme (EH)	Suomi	60.665075	23.608322	Sure	NEUTRAL	Notebook, general observations
vaaleaorakas (fi) — Hydnum repandum	vaaleaorakas (fi)		2020-10-02	Lohja	Varsinais-Suomi (V)	Suomi	60.24351	24.04683	Sure	NEUTRAL	The Atlas of Finnish Fungi
vaaleaorakas (fi) — Hydnum repandum	vaaleaorakas (fi)	Muutamia	2020-10-02	Kihniö	Satakunta (St)	Suomi	62.270332	23.222511	Sure	NEUTRAL	The Atlas of Finnish Fungi
vaaleaorakas (fi) — Hydnum repandum	vaaleaorakas (fi)		2020-10-02	Helsinki	Uusimaa (U)	Suomi	60.21222	25.02055		NEUTRAL	iNaturalist Suomi Finland
vaaleaorakas (fi) — Hydnum repandum	vaaleaorakas (fi)		2020-10-02	Kihniö	Satakunta (St)	Suomi	62.28128	23.22029		COMMUNITY_VERIFIED	iNaturalist Suomi Finland
vaaleaorakas (fi) — Hydnum repandum	vaaleaorakas (fi)		2020-10-01	Sipoo	Uusimaa (U)	Suomi	60.34314	25.18503		NEUTRAL	iNaturalist Suomi Finland
vaaleaorakas (fi) — Hydnum repandum	vaaleaorakas (fi)		2020-10-01	Siikalatva	Oulun Pohjanmaa (OP)	Suomi	64.51346	25.99446		COMMUNITY_VERIFIED	iNaturalist Suomi Finland
vaaleaorakas (fi) — Hydnum repandum	vaaleaorakas (fi)	7	2020-09-29	Oulu	Oulun Pohjanmaa (OP)	Suomi	65.018436	25.838002	Sure	NEUTRAL	The Atlas of Finnish Fungi
vaaleaorakas (fi) — Hydnum repandum	vaaleaorakas (fi)		2020-09-28	Raasepori	Varsinais-Suomi (V)	Suomi	60.09587	23.66201		COMMUNITY_VERIFIED	iNaturalist Suomi Finland
vaaleaorakas (fi) — Hydnum repandum	vaaleaorakas (fi)		2020-09-28	Raasepori	Varsinais-Suomi (V)	Suomi	60.09587	23.66201		COMMUNITY_VERIFIED	iNaturalist Suomi Finland
vaaleaorakas (fi) — Hydnum repandum	vaaleaorakas (fi)		2020-09-26	Hausjärvi	Etelä-Häme (EH)	Suomi	60.713533	24.852509	Sure	NEUTRAL	The Atlas of Finnish Fungi
vaaleaorakas (fi) — Hydnum repandum	vaaleaorakas (fi)		2020-09-26	Espoo	Uusimaa (U)	Suomi	60.34189	24.63028		COMMUNITY_VERIFIED	iNaturalist Suomi Finland
vaaleaorakas (fi) — Hydnum repandum	vaaleaorakas (fi)		2020-09-24	Taivalkoski	Koillismaa (Ks)	Suomi	65.288864	28.377423	Sure	NEUTRAL	The Atlas of Finnish Fungi
vaaleaorakas (fi) — Hydnum repandum	vaaleaorakas (fi)		2020-09-23	Oulu	Oulun Pohjanmaa (OP)	Suomi	64.981256	25.711383	Sure	NEUTRAL	The Atlas of Finnish Fungi
vaaleaorakas (fi) — Hydnum repandum	vaaleaorakas (fi)		2020-09-22	Turku	Varsinais-Suomi (V)	Suomi	60.47864	22.23329		NEUTRAL	iNaturalist Suomi Finland
vaaleaorakas (fi) — Hydnum repandum	vaaleaorakas (fi)		2020-09-20	Mikkeli	Etelä-Savo (ES)	Suomi	61.50384	27.27383		COMMUNITY_VERIFIED	iNaturalist Suomi Finland
vaaleaorakas (fi) — Hydnum repandum	vaaleaorakas (fi)		2020-09-20	Mikkeli	Etelä-Savo (ES)	Suomi	61.50845	27.28777		COMMUNITY_VERIFIED	iNaturalist Suomi Finland
vaaleaorakas (fi) — Hydnum repandum	vaaleaorakas (fi)		2020-09-20	Tammela	Etelä-Häme (EH)	Suomi	60.65624	23.89689		COMMUNITY_VERIFIED	iNaturalist Suomi Finland
vaaleaorakas (fi) — Hydnum repandum	vaaleaorakas (fi)		2020-09-20	Naantali	Varsinais-Suomi (V)	Suomi	60.54693	21.77386		NEUTRAL	iNaturalist Suomi Finland
vaaleaorakas (fi) — Hydnum repandum	vaaleaorakas (fi)	Muutamia	2020-09-19	Kitee	Pohjois-Karjala (PK)	Suomi	62.048437	30.254787	Sure	NEUTRAL	The Atlas of Finnish Fungi
vaaleaorakas (fi) — Hydnum repandum	vaaleaorakas (fi)		2020-09-19	Hämeenlinna	Etelä-Häme (EH)	Suomi	61.06244	24.18173		NEUTRAL	iNaturalist Suomi Finland
vaaleaorakas (fi) — Hydnum repandum	vaaleaorakas (fi)		2020-09-19	Ulvila	Satakunta (St)	Suomi	61.43799	22.13023		COMMUNITY_VERIFIED	iNaturalist Suomi Finland
vaaleaorakas (fi) — Hydnum repandum	vaaleaorakas (fi)		2020-09-19	Raasepori	Uusimaa (U)	Suomi	59.96965	23.76339		NEUTRAL	iNaturalist Suomi Finland
vaaleaorakas (fi) — Hydnum repandum	vaaleaorakas (fi)		2020-09-19	Hämeenlinna	Etelä-Häme (EH)	Suomi	61.06243	24.18173		NEUTRAL	iNaturalist Suomi Finland
vaaleaorakas (fi) — Hydnum repandum	vaaleaorakas (fi)		2020-09-19	Sastamala	Satakunta (St)	Suomi	61.47924	22.53156		COMMUNITY_VERIFIED	iNaturalist Suomi Finland
vaaleaorakas (fi) — Hydnum repandum	vaaleaorakas (fi)		2020-09-18	Kitee	Pohjois-Karjala (PK)	Suomi	62.087516	30.148943	Sure	NEUTRAL	The Atlas of Finnish Fungi
vaaleaorakas (fi) — Hydnum repandum	vaaleaorakas (fi)		2020-09-18	Kitee	Pohjois-Karjala (PK)	Suomi	62.088	30.151	Sure	NEUTRAL	The Atlas of Finnish Fungi
vaaleaorakas (fi) — Hydnum repandum	vaaleaorakas (fi)	2	2020-09-18	Kitee	Pohjois-Karjala (PK)	Suomi	62.086056	30.151309	Sure	NEUTRAL	The Atlas of Finnish Fungi
vaaleaorakas (fi) — Hydnum repandum	vaaleaorakas (fi)		2020-09-15	Espoo	Uusimaa (U)	Suomi	60.24596	24.82625		NEUTRAL	iNaturalist Suomi Finland
vaaleaorakas (fi) — Hydnum repandum	vaaleaorakas (fi)		2020-09-15	Kitee	Pohjois-Karjala (PK)	Suomi	62.08091	30.142735	Sure	NEUTRAL	The Atlas of Finnish Fungi
vaaleaorakas (fi) — Hydnum repandum	vaaleaorakas (fi)		2020-09-15	Espoo	Uusimaa (U)	Suomi	60.24586	24.82636		COMMUNITY_VERIFIED	iNaturalist Suomi Finland
vaaleaorakas (fi) — Hydnum repandum	vaaleaorakas (fi)		2020-09-14	Kirkkonummi	Uusimaa (U)	Suomi	60.279962	24.489738	Sure	NEUTRAL	The Atlas of Finnish Fungi
vaaleaorakas (fi) — Hydnum repandum	vaaleaorakas (fi)		2020-09-14	Mikkeli	Etelä-Savo (ES)	Suomi	61.69822	27.41255		COMMUNITY_VERIFIED	iNaturalist Suomi Finland
vaaleaorakas (fi) — Hydnum repandum	vaaleaorakas (fi)		2020-09-13	Varkaus	Pohjois-Savo (PS)	Suomi	62.277068	28.146179	Sure	NEUTRAL	The Atlas of Finnish Fungi
vaaleaorakas (fi) — Hydnum repandum	vaaleaorakas (fi)		2020-09-13	Mikkeli	Pohjois-Savo (PS)	Suomi	62.063204	26.979462	Sure	NEUTRAL	The Atlas of Finnish Fungi
vaaleaorakas (fi) — Hydnum repandum	vaaleaorakas (fi)		2020-09-13	Taipalsaari	Etelä-Savo (ES)	Suomi	61.15215	28.07395		NEUTRAL	iNaturalist Suomi Finland
vaaleaorakas (fi) — Hydnum repandum	vaaleaorakas (fi)		2020-09-13	Parainen	Varsinais-Suomi (V)	Suomi	60.17958	21.94533		COMMUNITY_VERIFIED	iNaturalist Suomi Finland
vaaleaorakas (fi) — Hydnum repandum	vaaleaorakas (fi)		2020-09-13	Helsinki	Uusimaa (U)	Suomi	60.27376	25.16904		NEUTRAL	iNaturalist Suomi Finland
vaaleaorakas (fi) — Hydnum repandum	vaaleaorakas (fi)		2020-09-13	Helsinki	Uusimaa (U)	Suomi	60.24335	25.17061		COMMUNITY_VERIFIED	iNaturalist Suomi Finland
vaaleaorakas (fi) — Hydnum repandum	vaaleaorakas (fi)	8	2020-09-12	Kolari	Kittilän Lappi (KiL)	Suomi	67.541475	24.19982		NEUTRAL	Löydös Open Finnish Observation Database
vaaleaorakas (fi) — Hydnum repandum	vaaleaorakas (fi)		2020-09-12	Asikkala	Etelä-Häme (EH)	Suomi	61.169404	25.86646	Sure	NEUTRAL	The Atlas of Finnish Fungi
vaaleaorakas (fi) — Hydnum repandum	vaaleaorakas (fi)		2020-09-11	Pöytyä	Varsinais-Suomi (V)	Suomi	60.771373	22.760059	Sure	NEUTRAL	The Atlas of Finnish Fungi
vaaleaorakas (fi) — Hydnum repandum	vaaleaorakas (fi)		2020-09-10	Virolahti	Etelä-Karjala (EK)	Suomi	60.530084	27.572414	Sure	NEUTRAL	The Atlas of Finnish Fungi
vaaleaorakas (fi) — Hydnum repandum	vaaleaorakas (fi)	kymmeniä	2020-09-09	Kangasala, Pälkäne	Etelä-Häme (EH)	Suomi	61.415931	24.280836	Sure	NEUTRAL	The Atlas of Finnish Fungi
vaaleaorakas (fi) — Hydnum repandum	vaaleaorakas (fi)		2020-09-09	Miehikkälä	Etelä-Karjala (EK)	Suomi	60.657518	27.802572	Sure	NEUTRAL	The Atlas of Finnish Fungi
vaaleaorakas (fi) — Hydnum repandum	vaaleaorakas (fi)		2020-09-08	Miehikkälä	Etelä-Karjala (EK)	Suomi	60.69059	27.649555	Sure	NEUTRAL	The Atlas of Finnish Fungi
vaaleaorakas (fi) — Hydnum repandum	vaaleaorakas (fi)	Useita	2020-09-08 [16:29]	Salo	Varsinais-Suomi (V)	Suomi	60.108053	22.928897		NEUTRAL	Notebook, general observations
vaaleaorakas (fi) — Hydnum repandum	vaaleaorakas (fi)		2020-09-08	Virolahti	Etelä-Karjala (EK)	Suomi	60.565808	27.390482	Sure	NEUTRAL	The Atlas of Finnish Fungi
vaaleaorakas (fi) — Hydnum repandum	vaaleaorakas (fi)		2020-09-07	Espoo	Uusimaa (U)	Suomi	60.17472	24.655		COMMUNITY_VERIFIED	iNaturalist Suomi Finland
vaaleaorakas (fi) — Hydnum repandum	vaaleaorakas (fi)		2020-09-06	Joutsa	Etelä-Savo (ES)	Suomi	61.72811	26.13001		COMMUNITY_VERIFIED	iNaturalist Suomi Finland
vaaleaorakas (fi) — Hydnum repandum	vaaleaorakas (fi)	Lukuisia	2020-09-05	Riihimäki	Etelä-Häme (EH)	Suomi	60.721357	24.804692	Sure	NEUTRAL	The Atlas of Finnish Fungi
vaaleaorakas (fi) — Hydnum repandum	vaaleaorakas (fi)	2	2020-09-05	Ylitornio	Perä-Pohjanmaa (PeP)	Suomi	66.313139	23.711223	Sure	NEUTRAL	The Atlas of Finnish Fungi
vaaleaorakas (fi) — Hydnum repandum	vaaleaorakas (fi)	2	2020-09-05	Riihimäki	Etelä-Häme (EH)	Suomi	60.72286	24.812046	Sure	NEUTRAL	The Atlas of Finnish Fungi
vaaleaorakas (fi) — Hydnum repandum	vaaleaorakas (fi)		2020-09-05	Salo	Varsinais-Suomi (V)	Suomi	60.22016	23.59624		COMMUNITY_VERIFIED	iNaturalist Suomi Finland
vaaleaorakas (fi) — Hydnum repandum	vaaleaorakas (fi)		2020-09-05	Inkoo	Uusimaa (U)	Suomi	60.02325	24.04376		COMMUNITY_VERIFIED	iNaturalist Suomi Finland
vaaleaorakas (fi) — Hydnum repandum	vaaleaorakas (fi)		2020-09-05	Eurajoki	Satakunta (St)	Suomi	61.22391	21.72879		COMMUNITY_VERIFIED	iNaturalist Suomi Finland
vaaleaorakas (fi) — Hydnum repandum	vaaleaorakas (fi)		2020-09-05	Hartola	Etelä-Häme (EH)	Suomi	61.66551	26.04126		COMMUNITY_VERIFIED	iNaturalist Suomi Finland
vaaleaorakas (fi) — Hydnum repandum	vaaleaorakas (fi)	3	2020-09-03	Oulu	Oulun Pohjanmaa (OP)	Suomi	65.016111	25.818191	Sure	NEUTRAL	The Atlas of Finnish Fungi
vaaleaorakas (fi) — Hydnum repandum	vaaleaorakas (fi)		2020-09-02	Tuusula	Uusimaa (U)	Suomi	60.4945	25.02121		NEUTRAL	iNaturalist Suomi Finland
vaaleaorakas (fi) — Hydnum repandum	vaaleaorakas (fi)		2020-09-01	Kontiolahti	Pohjois-Karjala (PK)	Suomi	62.705957	29.745996	Sure	NEUTRAL	Notebook, general observations
vaaleaorakas (fi) — Hydnum repandum	vaaleaorakas (fi)	5	2020-08-30	Vaasa	Etelä-Pohjanmaa (EP)	Suomi	63.078694	21.694731	Sure	NEUTRAL	The Atlas of Finnish Fungi
vaaleaorakas (fi) — Hydnum repandum	vaaleaorakas (fi)		2020-08-30	Rovaniemi	Perä-Pohjanmaa (PeP)	Suomi	66.5842	25.69584	Sure	NEUTRAL	The Atlas of Finnish Fungi
vaaleaorakas (fi) — Hydnum repandum	vaaleaorakas (fi)		2020-08-30	Suomussalmi, Taivalkoski	Kainuu (Kn), Koillismaa (Ks)	Suomi	65.274154	28.442002	Sure	NEUTRAL	The Atlas of Finnish Fungi
vaaleaorakas (fi) — Hydnum repandum	vaaleaorakas (fi)		2020-08-30	Nokia	Etelä-Häme (EH)	Suomi	61.46854	23.37331		COMMUNITY_VERIFIED	iNaturalist Suomi Finland
vaaleaorakas (fi) — Hydnum repandum	vaaleaorakas (fi)		2020-08-29	Nousiainen	Varsinais-Suomi (V)	Suomi	60.73572	22.40909		NEUTRAL	iNaturalist Suomi Finland
vaaleaorakas (fi) — Hydnum repandum	vaaleaorakas (fi)		2020-08-29	Vehmaa	Varsinais-Suomi (V)	Suomi	60.74542	21.75615		COMMUNITY_VERIFIED	iNaturalist Suomi Finland
vaaleaorakas (fi) — Hydnum repandum	vaaleaorakas (fi)		2020-08-29	Siuntio	Uusimaa (U)	Suomi	60.24103	24.30934		COMMUNITY_VERIFIED	iNaturalist Suomi Finland
vaaleaorakas (fi) — Hydnum repandum	vaaleaorakas (fi)		2020-08-28	Rovaniemi	Perä-Pohjanmaa (PeP)	Suomi	66.59531	25.66937	Sure	NEUTRAL	The Atlas of Finnish Fungi
vaaleaorakas (fi) — Hydnum repandum	vaaleaorakas (fi)		2020-08-28	Sipoo	Uusimaa (U)	Suomi	60.34705	25.21077		COMMUNITY_VERIFIED	iNaturalist Suomi Finland
vaaleaorakas (fi) — Hydnum repandum	vaaleaorakas (fi)		2020-08-26	Varkaus	Pohjois-Savo (PS)	Suomi	62.291477	28.104613	Sure	NEUTRAL	The Atlas of Finnish Fungi
vaaleaorakas (fi) — Hydnum repandum	vaaleaorakas (fi)		2020-08-26	Urjala	Etelä-Häme (EH)	Suomi	61.07903	23.56741		NEUTRAL	iNaturalist Suomi Finland
vaaleaorakas (fi) — Hydnum repandum	vaaleaorakas (fi)		2020-08-25	Kustavi	Varsinais-Suomi (V)	Suomi	60.5932	21.3885		NEUTRAL	TUR-A Fungus collections of the the Åbo Akademi
vaaleaorakas (fi) — Hydnum repandum	vaaleaorakas (fi)	n. 10	2020-08-25	Vaasa	Etelä-Pohjanmaa (EP)	Suomi	63.097704	21.742183	Sure	NEUTRAL	The Atlas of Finnish Fungi
vaaleaorakas (fi) — Hydnum repandum	vaaleaorakas (fi)	5	2020-08-23	Kokkola	Keski-Pohjanmaa (KP)	Suomi	64.027638	23.515014	Sure	NEUTRAL	The Atlas of Finnish Fungi
vaaleaorakas (fi) — Hydnum repandum	vaaleaorakas (fi)		2020-08-22	Alavus, Seinäjoki	Etelä-Pohjanmaa (EP)	Suomi	62.7	23.1		COMMUNITY_VERIFIED	iNaturalist Suomi Finland
vaaleaorakas (fi) — Hydnum repandum	vaaleaorakas (fi)		2020-08-22	Jyväskylä, Muurame	Etelä-Häme (EH), Pohjois-Häme (PH)	Suomi	62.182414	25.74731	Sure	NEUTRAL	The Atlas of Finnish Fungi
vaaleaorakas (fi) — Hydnum repandum	vaaleaorakas (fi)		2020-08-22	Rautalampi	Pohjois-Häme (PH)	Suomi	62.70756	26.89757		COMMUNITY_VERIFIED	iNaturalist Suomi Finland
vaaleaorakas (fi) — Hydnum repandum	vaaleaorakas (fi)		2020-08-22	Nurmijärvi	Uusimaa (U)	Suomi	60.40515	24.75846		COMMUNITY_VERIFIED	iNaturalist Suomi Finland
vaaleaorakas (fi) — Hydnum repandum	vaaleaorakas (fi)		2020-08-21	Leppävirta	Pohjois-Savo (PS)	Suomi	62.478546	27.815244	Sure	NEUTRAL	The Atlas of Finnish Fungi
vaaleaorakas (fi) — Hydnum repandum	vaaleaorakas (fi)		2020-08-21 - 2020-08-23	Asikkala	Etelä-Häme (EH)	Suomi	61.169428	25.868662	Sure	NEUTRAL	Notebook, general observations
vaaleaorakas (fi) — Hydnum repandum	vaaleaorakas (fi)		2020-08-19	Alavus, Seinäjoki	Etelä-Pohjanmaa (EP)	Suomi	62.7	23.1		NEUTRAL	iNaturalist Suomi Finland
vaaleaorakas (fi) — Hydnum repandum	vaaleaorakas (fi)		2020-08-16	Rantasalmi	Etelä-Savo (ES)	Suomi	62.14115	28.19359		NEUTRAL	iNaturalist Suomi Finland
vaaleaorakas (fi) — Hydnum repandum	vaaleaorakas (fi)	2	2020-08-16	Rovaniemi	Perä-Pohjanmaa (PeP)	Suomi	66.46352	25.570788	Sure	NEUTRAL	The Atlas of Finnish Fungi
vaaleaorakas (fi) — Hydnum repandum	vaaleaorakas (fi)		2020-08-16	Helsinki	Uusimaa (U)	Suomi	60.233972	25.160847	Sure	NEUTRAL	The Atlas of Finnish Fungi
vaaleaorakas (fi) — Hydnum repandum	vaaleaorakas (fi)		2020-08-15	Vesanto	Pohjois-Häme (PH)	Suomi	62.92189	26.41172		NEUTRAL	iNaturalist Suomi Finland
vaaleaorakas (fi) — Hydnum repandum	vaaleaorakas (fi)		2020-08-15	Joensuu	Pohjois-Karjala (PK)	Suomi	62.58049	29.73045		COMMUNITY_VERIFIED	iNaturalist Suomi Finland
vaaleaorakas (fi) — Hydnum repandum	vaaleaorakas (fi)		2020-08-15	Helsinki	Uusimaa (U)	Suomi	60.23559	25.13966		NEUTRAL	iNaturalist Suomi Finland
vaaleaorakas (fi) — Hydnum repandum	vaaleaorakas (fi)		2020-08-15	Asikkala	Etelä-Häme (EH)	Suomi	61.14861	25.2825		COMMUNITY_VERIFIED	iNaturalist Suomi Finland
vaaleaorakas (fi) — Hydnum repandum	vaaleaorakas (fi)		2020-08-13	Kirkkonummi	Uusimaa (U)	Suomi	60.160603	24.389032	Sure	NEUTRAL	The Atlas of Finnish Fungi
vaaleaorakas (fi) — Hydnum repandum	vaaleaorakas (fi)	10	2020-08-13	Jyväskylä	Pohjois-Häme (PH)	Suomi	62.251751	25.691888	Sure	NEUTRAL	The Atlas of Finnish Fungi
vaaleaorakas (fi) — Hydnum repandum	vaaleaorakas (fi)		2020-08-12	Inkoo, Raasepori	Uusimaa (U)	Suomi	59.965481	23.684088	Sure	NEUTRAL	The Atlas of Finnish Fungi
vaaleaorakas (fi) — Hydnum repandum	vaaleaorakas (fi)		2020-08-12	Espoo	Uusimaa (U)	Suomi	60.32667	24.65333		COMMUNITY_VERIFIED	iNaturalist Suomi Finland
vaaleaorakas (fi) — Hydnum repandum	vaaleaorakas (fi)		2020-08-11	Helsinki, Kerava, Sipoo, Tuusula, Vantaa	Uusimaa (U)	Suomi	60.3	25.1		COMMUNITY_VERIFIED	iNaturalist Suomi Finland
vaaleaorakas (fi) — Hydnum repandum	vaaleaorakas (fi)	7	2020-08-11	Somero	Etelä-Häme (EH)	Suomi	60.50178	23.663143		NEUTRAL	Fungal collection of the Botanical Museum, University of Oulu (OULU)
vaaleaorakas (fi) — Hydnum repandum	vaaleaorakas (fi)	7	2020-08-11	Somero	Etelä-Häme (EH)	Suomi	60.50178	23.663136	Sure	NEUTRAL	The Atlas of Finnish Fungi
vaaleaorakas (fi) — Hydnum repandum	vaaleaorakas (fi)		2020-08-11	Laukaa	Pohjois-Häme (PH)	Suomi	62.448006	25.927059	Sure	NEUTRAL	The Atlas of Finnish Fungi
vaaleaorakas (fi) — Hydnum repandum	vaaleaorakas (fi)		2020-08-11	Joensuu	Pohjois-Karjala (PK)	Suomi	62.6187	29.70204		COMMUNITY_VERIFIED	iNaturalist Suomi Finland
vaaleaorakas (fi) — Hydnum repandum	vaaleaorakas (fi)		2020-08-11	Kuopio	Pohjois-Savo (PS)	Suomi	62.729	27.96896		COMMUNITY_VERIFIED	iNaturalist Suomi Finland
vaaleaorakas (fi) — Hydnum repandum	vaaleaorakas (fi)		2020-08-11	Mikkeli	Etelä-Savo (ES)	Suomi	61.7076	27.40657		COMMUNITY_VERIFIED	iNaturalist Suomi Finland
vaaleaorakas (fi) — Hydnum repandum	vaaleaorakas (fi)	10	2020-08-10	Pello	Perä-Pohjanmaa (PeP)	Suomi	66.791917	24.173803	Sure	NEUTRAL	Notebook, general observations
vaaleaorakas (fi) — Hydnum repandum	vaaleaorakas (fi)	50	2020-08-09	Mikkeli	Etelä-Savo (ES)	Suomi	61.688992	27.562043	Sure	NEUTRAL	The Atlas of Finnish Fungi
vaaleaorakas (fi) — Hydnum repandum	vaaleaorakas (fi)		2020-08-09	Heinävesi	Pohjois-Savo (PS)	Suomi	62.44357	28.82978	Sure	NEUTRAL	The Atlas of Finnish Fungi
vaaleaorakas (fi) — Hydnum repandum	vaaleaorakas (fi)		2020-08-09	Kirkkonummi	Uusimaa (U)	Suomi	60.124	24.43111		COMMUNITY_VERIFIED	iNaturalist Suomi Finland
vaaleaorakas (fi) — Hydnum repandum	vaaleaorakas (fi)		2020-08-09	Jyväskylä	Pohjois-Häme (PH)	Suomi	62.25459	25.65718		EXPERT_VERIFIED	iNaturalist Suomi Finland
vaaleaorakas (fi) — Hydnum repandum	vaaleaorakas (fi)		2020-08-09	Lohja	Varsinais-Suomi (V)	Suomi	60.27886	23.82638		COMMUNITY_VERIFIED	iNaturalist Suomi Finland
vaaleaorakas (fi) — Hydnum repandum	vaaleaorakas (fi)		2020-08-09	Sysmä	Etelä-Häme (EH)	Suomi	61.52809	25.58151		COMMUNITY_VERIFIED	iNaturalist Suomi Finland
vaaleaorakas (fi) — Hydnum repandum	vaaleaorakas (fi)		2020-08-08 [17:31]	Jyväskylä	Etelä-Häme (EH)	Suomi	61.965299	25.689644		NEUTRAL	Notebook, general observations
vaaleaorakas (fi) — Hydnum repandum	vaaleaorakas (fi)		2020-08-08	Vihti	Varsinais-Suomi (V)	Suomi	60.45224	24.56278		COMMUNITY_VERIFIED	iNaturalist Suomi Finland
vaaleaorakas (fi) — Hydnum repandum	vaaleaorakas (fi)		2020-08-06	Helsinki, Porvoo, Sipoo	Uusimaa (U)	Suomi	60.3	25.3		COMMUNITY_VERIFIED	iNaturalist Suomi Finland
vaaleaorakas (fi) — Hydnum repandum	vaaleaorakas (fi)		2020-08-06	Taivalkoski	Koillismaa (Ks)	Suomi	65.289532	28.376519	Sure	NEUTRAL	The Atlas of Finnish Fungi
vaaleaorakas (fi) — Hydnum repandum	vaaleaorakas (fi)		2020-08-06	Hämeenlinna	Etelä-Häme (EH)	Suomi	60.83989	24.40257		COMMUNITY_VERIFIED	iNaturalist Suomi Finland
vaaleaorakas (fi) — Hydnum repandum	vaaleaorakas (fi)	5	2020-08-05	Heinävesi	Pohjois-Savo (PS)	Suomi	62.561577	28.633693	Sure	NEUTRAL	Notebook, general observations
vaaleaorakas (fi) — Hydnum repandum	vaaleaorakas (fi)		2020-08-03	Eurajoki	Satakunta (St)	Suomi	61.40404	21.63236		NEUTRAL	iNaturalist Suomi Finland
vaaleaorakas (fi) — Hydnum repandum	vaaleaorakas (fi)		2020-08-02	Vesilahti	Etelä-Häme (EH)	Suomi	61.339157	23.554507	Sure	NEUTRAL	The Atlas of Finnish Fungi
vaaleaorakas (fi) — Hydnum repandum	vaaleaorakas (fi)	2	2020-08-02	Ylöjärvi	Etelä-Häme (EH)	Suomi	61.548178	23.542522	Sure	NEUTRAL	The Atlas of Finnish Fungi
vaaleaorakas (fi) — Hydnum repandum	vaaleaorakas (fi)	siellä täällä muutamia	2020-08-02	Helsinki	Uusimaa (U)	Suomi	60.212985	24.973695	Sure	NEUTRAL	The Atlas of Finnish Fungi
vaaleaorakas (fi) — Hydnum repandum	vaaleaorakas (fi)		2020-08-02	Kuopio	Pohjois-Savo (PS)	Suomi	62.91655	27.67219		COMMUNITY_VERIFIED	iNaturalist Suomi Finland
vaaleaorakas (fi) — Hydnum repandum	vaaleaorakas (fi)		2020-07-31	Espoo	Uusimaa (U)	Suomi	60.316934	24.51963	Sure	NEUTRAL	The Atlas of Finnish Fungi
vaaleaorakas (fi) — Hydnum repandum	vaaleaorakas (fi)		2020-07-31	Helsinki	Uusimaa (U)	Suomi	60.25313	25.07419		COMMUNITY_VERIFIED	iNaturalist Suomi Finland
vaaleaorakas (fi) — Hydnum repandum	vaaleaorakas (fi)		2020-07-30	Karkkila	Varsinais-Suomi (V)	Suomi	60.535682	24.396779	Sure	NEUTRAL	The Atlas of Finnish Fungi
vaaleaorakas (fi) — Hydnum repandum	vaaleaorakas (fi)		2020-07-29	Masku, Mynämäki, Naantali	Varsinais-Suomi (V)	Suomi	60.5	21.9		NEUTRAL	iNaturalist Suomi Finland
vaaleaorakas (fi) — Hydnum repandum	vaaleaorakas (fi)		2020-07-28	Vihti	Varsinais-Suomi (V)	Suomi	60.525961	24.473915	Sure	NEUTRAL	The Atlas of Finnish Fungi
vaaleaorakas (fi) — Hydnum repandum	vaaleaorakas (fi)		2020-07-28	Sastamala	Satakunta (St)	Suomi	61.41943	22.63966		COMMUNITY_VERIFIED	iNaturalist Suomi Finland
vaaleaorakas (fi) — Hydnum repandum	vaaleaorakas (fi)		2020-07-28	Puumala	Etelä-Savo (ES)	Suomi	61.52385	28.17775		NEUTRAL	iNaturalist Suomi Finland
vaaleaorakas (fi) — Hydnum repandum	vaaleaorakas (fi)	1	2020-07-26	Masku	Varsinais-Suomi (V)	Suomi	60.524948	22.100841	Sure	NEUTRAL	The Atlas of Finnish Fungi
vaaleaorakas (fi) — Hydnum repandum	vaaleaorakas (fi)		2020-07-25	Hämeenlinna	Etelä-Häme (EH)	Suomi	61.16349	24.8029		COMMUNITY_VERIFIED	iNaturalist Suomi Finland
vaaleaorakas (fi) — Hydnum repandum	vaaleaorakas (fi)		2020-07-24	Hausjärvi, Hyvinkää, Riihimäki	Etelä-Häme (EH), Uusimaa (U)	Suomi	60.7	24.9		COMMUNITY_VERIFIED	iNaturalist Suomi Finland
vaaleaorakas (fi) — Hydnum repandum	vaaleaorakas (fi)		2020-07-23	Hämeenlinna	Etelä-Häme (EH)	Suomi	60.84126	24.40552		COMMUNITY_VERIFIED	iNaturalist Suomi Finland
vaaleaorakas (fi) — Hydnum repandum	vaaleaorakas (fi)		2020-07-23	Lahti	Etelä-Häme (EH)	Suomi	60.99844	25.55093		COMMUNITY_VERIFIED	iNaturalist Suomi Finland
vaaleaorakas (fi) — Hydnum repandum	vaaleaorakas (fi)		2020-07-22	Vihti	Varsinais-Suomi (V)	Suomi	60.33527	24.47087		COMMUNITY_VERIFIED	iNaturalist Suomi Finland
vaaleaorakas (fi) — Hydnum repandum	vaaleaorakas (fi)		2020-07-21	Helsinki	Uusimaa (U)	Suomi	60.17033	25.02536		COMMUNITY_VERIFIED	iNaturalist Suomi Finland
vaaleaorakas (fi) — Hydnum repandum	vaaleaorakas (fi)		2020-07-18	Hollola	Etelä-Häme (EH)	Suomi	60.98694	25.49942		COMMUNITY_VERIFIED	iNaturalist Suomi Finland
vaaleaorakas (fi) — Hydnum repandum	vaaleaorakas (fi)		2020-07-14	Helsinki	Uusimaa (U)	Suomi	60.227306	25.172214	Sure	NEUTRAL	The Atlas of Finnish Fungi
vaaleaorakas (fi) — Hydnum repandum	vaaleaorakas (fi)		2020-07-11 - 2020-08-12	Tampere	Etelä-Häme (EH)	Suomi	61.461	23.803	Sure	NEUTRAL	The Atlas of Finnish Fungi
vaaleaorakas (fi) — Hydnum repandum	vaaleaorakas (fi)	4	2020-07-06	Porvoo	Uusimaa (U)	Suomi	60.375941	25.732676	Sure	NEUTRAL	The Atlas of Finnish Fungi
vaaleaorakas (fi) — Hydnum repandum	vaaleaorakas (fi)		2020-02-01	Porvoo	Uusimaa (U)	Suomi	60.363671	25.881003		NEUTRAL	Aphyllophorales Fennoscandiae orientalis
vaaleaorakas (fi) — Hydnum repandum	vaaleaorakas (fi)		2019-11-03	Hämeenlinna	Etelä-Häme (EH)	Suomi	61.149536	25.082409	Sure	NEUTRAL	The Atlas of Finnish Fungi
vaaleaorakas (fi) — Hydnum repandum	vaaleaorakas (fi)	3	2019-10-24	Pertunmaa	Etelä-Savo (ES)	Suomi	61.528582	26.651153	Sure	NEUTRAL	The Atlas of Finnish Fungi
vaaleaorakas (fi) — Hydnum repandum	vaaleaorakas (fi)		2019-10-23	Lohja	Varsinais-Suomi (V)	Suomi	60.207926	23.704051		NEUTRAL	LajiGIS: Species mapping and surveys
vaaleaorakas (fi) — Hydnum repandum	vaaleaorakas (fi)		2019-10-19	Helsinki, Sipoo, Vantaa	Uusimaa (U)	Suomi	60.265271	25.280542	Sure	NEUTRAL	The Atlas of Finnish Fungi
vaaleaorakas (fi) — Hydnum repandum	vaaleaorakas (fi)		2019-10-16	Salo	Varsinais-Suomi (V)	Suomi	60.432841	23.064479		NEUTRAL	LajiGIS: Species mapping and surveys
vaaleaorakas (fi) — Hydnum repandum	vaaleaorakas (fi)	n10	2019-10-13 [12:50-15:32]	Somero	Etelä-Häme (EH)	Suomi	60.665075	23.608322	Sure	NEUTRAL	Notebook, general observations
vaaleaorakas (fi) — Hydnum repandum	vaaleaorakas (fi)		2019-10-11	Sysmä	Etelä-Häme (EH)	Suomi	61.483359	25.586778	Sure	NEUTRAL	The Atlas of Finnish Fungi
vaaleaorakas (fi) — Hydnum repandum	vaaleaorakas (fi)		2019-10-11	Sysmä	Etelä-Häme (EH)	Suomi	61.521541	25.531846	Sure	NEUTRAL	The Atlas of Finnish Fungi
vaaleaorakas (fi) — Hydnum repandum	vaaleaorakas (fi)		2019-10-10	Parainen	Varsinais-Suomi (V)	Suomi	60.286918	21.325393		NEUTRAL	LajiGIS: Species mapping and surveys
vaaleaorakas (fi) — Hydnum repandum	vaaleaorakas (fi)	12	2019-10-08	Kangasniemi	Etelä-Savo (ES)	Suomi	62.059393	26.738088	Sure	NEUTRAL	The Atlas of Finnish Fungi
vaaleaorakas (fi) — Hydnum repandum	vaaleaorakas (fi)		2019-10-05	Helsinki	Uusimaa (U)	Suomi	60.26973	25.17432		COMMUNITY_VERIFIED	iNaturalist Suomi Finland
vaaleaorakas (fi) — Hydnum repandum	vaaleaorakas (fi)		2019-10-03	Laitila	Varsinais-Suomi (V)	Suomi	60.919785	21.630944		NEUTRAL	LajiGIS: Species mapping and surveys
vaaleaorakas (fi) — Hydnum repandum	vaaleaorakas (fi)		2019-09-28	Salo	Varsinais-Suomi (V)	Suomi	60.40934	22.914511	Sure	NEUTRAL	The Atlas of Finnish Fungi
vaaleaorakas (fi) — Hydnum repandum	vaaleaorakas (fi)		2019-09-27	Lohja	Varsinais-Suomi (V)	Suomi	60.197891	23.664211		NEUTRAL	LajiGIS: Species mapping and surveys
vaaleaorakas (fi) — Hydnum repandum	vaaleaorakas (fi)	5	2019-09-25	Vaasa	Etelä-Pohjanmaa (EP)	Suomi	63.097	21.6442	Sure	NEUTRAL	The Atlas of Finnish Fungi
vaaleaorakas (fi) — Hydnum repandum	vaaleaorakas (fi)		2019-09-25	Savitaipale	Etelä-Savo (ES)	Suomi	61.259108	27.711827	Sure	EXPERT_VERIFIED	The Atlas of Finnish Fungi
vaaleaorakas (fi) — Hydnum repandum	vaaleaorakas (fi)	ryhmä	2019-09-25	Loppi	Etelä-Häme (EH)	Suomi	60.666459	24.388932	Sure	NEUTRAL	The Atlas of Finnish Fungi
vaaleaorakas (fi) — Hydnum repandum	vaaleaorakas (fi)	Runsaasti	2019-09-23	Jyväskylä	Pohjois-Häme (PH)	Suomi	62.16876	25.862195	Sure	NEUTRAL	The Atlas of Finnish Fungi
vaaleaorakas (fi) — Hydnum repandum	vaaleaorakas (fi)	1	2019-09-21	Kalajoki	Keski-Pohjanmaa (KP)	Suomi	64.021004	23.730867	Sure	NEUTRAL	The Atlas of Finnish Fungi
vaaleaorakas (fi) — Hydnum repandum	vaaleaorakas (fi)		2019-09-20	Lohja	Varsinais-Suomi (V)	Suomi	60.205652	23.70159		NEUTRAL	LajiGIS: Species mapping and surveys
vaaleaorakas (fi) — Hydnum repandum	vaaleaorakas (fi)	1	2019-09-17	Jyväskylä	Pohjois-Häme (PH)	Suomi	62.261094	25.70113	Sure	NEUTRAL	Notebook, general observations
vaaleaorakas (fi) — Hydnum repandum	vaaleaorakas (fi)		2019-09-14	Kirkkonummi	Uusimaa (U)	Suomi	60.26786	24.49159		COMMUNITY_VERIFIED	iNaturalist Suomi Finland
vaaleaorakas (fi) — Hydnum repandum	vaaleaorakas (fi)	muutamia	2019-09-11	Nokia	Etelä-Häme (EH)	Suomi	61.466811	23.46125	Sure	NEUTRAL	The Atlas of Finnish Fungi
vaaleaorakas (fi) — Hydnum repandum	vaaleaorakas (fi)		2019-09-06 - 2019-10-10	Inkoo	Uusimaa (U)	Suomi	60.07033	23.857508	Sure	NEUTRAL	Notebook, general observations
vaaleaorakas (fi) — Hydnum repandum	vaaleaorakas (fi)		2019-09-04	Mikkeli	Etelä-Savo (ES)	Suomi	61.695414	27.408046	Sure	NEUTRAL	The Atlas of Finnish Fungi
vaaleaorakas (fi) — Hydnum repandum	vaaleaorakas (fi)		2019-08-26	Savonlinna	Etelä-Savo (ES)	Suomi	61.729771	29.357355	Sure	NEUTRAL	The Atlas of Finnish Fungi
vaaleaorakas (fi) — Hydnum repandum	vaaleaorakas (fi)	1	2019-08-25	Savonlinna	Etelä-Savo (ES)	Suomi	61.803062	29.193852	Sure	NEUTRAL	The Atlas of Finnish Fungi
vaaleaorakas (fi) — Hydnum repandum	vaaleaorakas (fi)	2	2019-08-24	Posio	Koillismaa (Ks)	Suomi	66.119095	27.604365	Sure	NEUTRAL	The Atlas of Finnish Fungi
vaaleaorakas (fi) — Hydnum repandum	vaaleaorakas (fi)		2019-08-24	Savonlinna	Etelä-Savo (ES)	Suomi	61.737617	29.489358	Sure	NEUTRAL	The Atlas of Finnish Fungi
vaaleaorakas (fi) — Hydnum repandum	vaaleaorakas (fi)		2019-08-23	Savonlinna	Etelä-Savo (ES)	Suomi	61.751409	28.655797	Sure	NEUTRAL	The Atlas of Finnish Fungi
vaaleaorakas (fi) — Hydnum repandum	vaaleaorakas (fi)		2019-07-21	Sipoo	Uusimaa (U)	Suomi	60.345502	25.192825	Sure	NEUTRAL	The Atlas of Finnish Fungi
vaaleaorakas (fi) — Hydnum repandum	vaaleaorakas (fi)		2019-07-15	Tampere	Etelä-Häme (EH)	Suomi	61.516654	23.970746		NEUTRAL	Notebook, general observations
vaaleaorakas (fi) — Hydnum repandum	vaaleaorakas (fi)		2019-07-13	Helsinki	Uusimaa (U)	Suomi	60.282706	25.218608	Sure	NEUTRAL	The Atlas of Finnish Fungi
vaaleaorakas (fi) — Hydnum repandum	vaaleaorakas (fi)		2019-07-12	Humppila	Etelä-Häme (EH)	Suomi	60.927568	23.451526	Sure	NEUTRAL	The Atlas of Finnish Fungi
vaaleaorakas (fi) — Hydnum repandum	vaaleaorakas (fi)		2018-11-17	Jyväskylä	Etelä-Häme (EH)	Suomi	61.932479	25.700785	Sure	NEUTRAL	Notebook, general observations
vaaleaorakas (fi) — Hydnum repandum	vaaleaorakas (fi)		2018-11-17	Sipoo	Uusimaa (U)	Suomi	60.314299	25.215977	Sure	NEUTRAL	The Atlas of Finnish Fungi
vaaleaorakas (fi) — Hydnum repandum	vaaleaorakas (fi)		2018-11-10	Jyväskylä	Pohjois-Häme (PH)	Suomi	62.25832	25.71055		COMMUNITY_VERIFIED	iNaturalist Suomi Finland
vaaleaorakas (fi) — Hydnum repandum	vaaleaorakas (fi)	3	2018-11-04	Lappeenranta	Etelä-Karjala (EK)	Suomi	60.821353	28.170214	Sure	EXPERT_VERIFIED	The Atlas of Finnish Fungi
vaaleaorakas (fi) — Hydnum repandum	vaaleaorakas (fi)		2018-11-03	Sipoo	Uusimaa (U)	Suomi	60.322372	25.180612	Sure	NEUTRAL	The Atlas of Finnish Fungi
vaaleaorakas (fi) — Hydnum repandum	vaaleaorakas (fi)	5	2018-10-20	Salo	Varsinais-Suomi (V)	Suomi	60.33582	23.206955	Sure	NEUTRAL	The Atlas of Finnish Fungi
vaaleaorakas (fi) — Hydnum repandum	vaaleaorakas (fi)	n. 10	2018-10-19	Espoo	Uusimaa (U)	Suomi	60.318417	24.613799	Sure	NEUTRAL	The Atlas of Finnish Fungi
vaaleaorakas (fi) — Hydnum repandum	vaaleaorakas (fi)		2018-10-06	Mikkeli	Etelä-Savo (ES)	Suomi	61.447794	27.54598	Sure	NEUTRAL	The Atlas of Finnish Fungi
vaaleaorakas (fi) — Hydnum repandum	vaaleaorakas (fi)	2	2018-10-05 [15:46-18:23]	Somero	Etelä-Häme (EH)	Suomi	60.665555	23.60491	Sure	NEUTRAL	Notebook, general observations
vaaleaorakas (fi) — Hydnum repandum	vaaleaorakas (fi)		2018-10-04	Salo	Varsinais-Suomi (V)	Suomi	60.313952	23.567693		NEUTRAL	LajiGIS: Species mapping and surveys
vaaleaorakas (fi) — Hydnum repandum	vaaleaorakas (fi)		2018-09-27	Kemi	Perä-Pohjanmaa (PeP)	Suomi	65.6626	24.58213	Sure	NEUTRAL	The Atlas of Finnish Fungi
vaaleaorakas (fi) — Hydnum repandum	vaaleaorakas (fi)		2018-09-23	Hartola, Sysmä	Etelä-Häme (EH)	Suomi	61.618573	25.959908	Sure	NEUTRAL	The Atlas of Finnish Fungi
vaaleaorakas (fi) — Hydnum repandum	vaaleaorakas (fi)		2018-09-19	Rovaniemi	Perä-Pohjanmaa (PeP)	Suomi	66.92681	25.85366	Sure	NEUTRAL	The Atlas of Finnish Fungi
vaaleaorakas (fi) — Hydnum repandum	vaaleaorakas (fi)		2018-09-17	Mikkeli	Etelä-Savo (ES)	Suomi	61.705764	27.330017	Sure	NEUTRAL	The Atlas of Finnish Fungi
vaaleaorakas (fi) — Hydnum repandum	vaaleaorakas (fi)	10	2018-09-16	Pori	Satakunta (St)	Suomi	61.592361	21.900355	Sure	NEUTRAL	The Atlas of Finnish Fungi
vaaleaorakas (fi) — Hydnum repandum	vaaleaorakas (fi)		2018-09-16	Jyväskylä	Pohjois-Häme (PH)	Suomi	62.25014	25.72282		COMMUNITY_VERIFIED	iNaturalist Suomi Finland
vaaleaorakas (fi) — Hydnum repandum	vaaleaorakas (fi)		2018-09-13	Lappeenranta	Etelä-Savo (ES)	Suomi	60.915885	28.006839	Sure	NEUTRAL	The Atlas of Finnish Fungi
vaaleaorakas (fi) — Hydnum repandum	vaaleaorakas (fi)		2018-09-12	Hämeenkyrö, Ylöjärvi	Etelä-Häme (EH), Satakunta (St)	Suomi	61.602616	23.536289	Sure	NEUTRAL	The Atlas of Finnish Fungi
vaaleaorakas (fi) — Hydnum repandum	vaaleaorakas (fi)	vähän	2018-09-11 - 2018-09-13	Hausjärvi	Etelä-Häme (EH)	Suomi	60.670231	24.914988	Sure	NEUTRAL	The Atlas of Finnish Fungi
vaaleaorakas (fi) — Hydnum repandum	vaaleaorakas (fi)	5	2018-09-10	Tampere	Etelä-Häme (EH)	Suomi	61.461	23.803	Sure	NEUTRAL	The Atlas of Finnish Fungi
vaaleaorakas (fi) — Hydnum repandum	vaaleaorakas (fi)		2018-09-09	Rovaniemi	Perä-Pohjanmaa (PeP)	Suomi	66.289541	25.111409	Subspecies unsure	NEUTRAL	The Atlas of Finnish Fungi
vaaleaorakas (fi) — Hydnum repandum	vaaleaorakas (fi)		2018-09-08	Heinävesi	Pohjois-Savo (PS)	Suomi	62.4362	28.82348	Sure	NEUTRAL	The Atlas of Finnish Fungi
vaaleaorakas (fi) — Hydnum repandum	vaaleaorakas (fi)	15	2018-08-25	Hausjärvi	Etelä-Häme (EH)	Suomi	60.713128	24.831442	Sure	NEUTRAL	The Atlas of Finnish Fungi
vaaleaorakas (fi) — Hydnum repandum	vaaleaorakas (fi)		2018-08-22 [14:30-16:00]	Hämeenlinna	Etelä-Häme (EH)	Suomi	61.241575	25.066139	Sure	NEUTRAL	The Atlas of Finnish Fungi
vaaleaorakas (fi) — Hydnum repandum	vaaleaorakas (fi)	Muutama	2018-08-21	Rovaniemi	Perä-Pohjanmaa (PeP)	Suomi	66.500266	25.77561	Sure	NEUTRAL	The Atlas of Finnish Fungi
vaaleaorakas (fi) — Hydnum repandum	vaaleaorakas (fi)	Pieni	2018-08-18	Virrat	Pohjois-Häme (PH)	Suomi	62.30391	23.815098	Sure	NEUTRAL	The Atlas of Finnish Fungi
vaaleaorakas (fi) — Hydnum repandum	vaaleaorakas (fi)	1	2018-08-15	Puolanka	Kainuu (Kn)	Suomi	65.125541	27.964249	Sure	NEUTRAL	The Atlas of Finnish Fungi
vaaleaorakas (fi) — Hydnum repandum	vaaleaorakas (fi)	2	2018-07-17 [17:54-19:57]	Somero	Etelä-Häme (EH)	Suomi	60.667675	23.60163	Sure	NEUTRAL	Notebook, general observations
vaaleaorakas (fi) — Hydnum repandum	vaaleaorakas (fi)		2017-11-18	Parainen	Varsinais-Suomi (V)	Suomi	60.1986	22.261	Sure	NEUTRAL	The Atlas of Finnish Fungi
vaaleaorakas (fi) — Hydnum repandum	vaaleaorakas (fi)	3	2017-11-16	Turku	Varsinais-Suomi (V)	Suomi	60.488858	22.248102		NEUTRAL	Hatikka.fi observations
vaaleaorakas (fi) — Hydnum repandum	vaaleaorakas (fi)	1	2017-11-14	Helsinki	Uusimaa (U)	Suomi	60.256011	24.917988	Sure	NEUTRAL	The Atlas of Finnish Fungi
vaaleaorakas (fi) — Hydnum repandum	vaaleaorakas (fi)	4	2017-11-13	Turku	Varsinais-Suomi (V)	Suomi	60.479762	22.230129		NEUTRAL	Hatikka.fi observations
vaaleaorakas (fi) — Hydnum repandum	vaaleaorakas (fi)	12	2017-11-04	Orivesi	Etelä-Häme (EH)	Suomi	61.67916	24.485501	Sure	NEUTRAL	The Atlas of Finnish Fungi
vaaleaorakas (fi) — Hydnum repandum	vaaleaorakas (fi)		2017-10-24	Parainen	Varsinais-Suomi (V)	Suomi	60.234534	21.96331	Sure	NEUTRAL	The Atlas of Finnish Fungi
vaaleaorakas (fi) — Hydnum repandum	vaaleaorakas (fi)		2017-10-17	Lohja	Varsinais-Suomi (V)	Suomi	60.227311	23.864425		NEUTRAL	LajiGIS: Species mapping and surveys
vaaleaorakas (fi) — Hydnum repandum	vaaleaorakas (fi)	Muutama	2017-10-15	Porvoo	Uusimaa (U)	Suomi	60.381175	25.721972	Sure	NEUTRAL	The Atlas of Finnish Fungi
vaaleaorakas (fi) — Hydnum repandum	vaaleaorakas (fi)	10	2017-10-12	Nurmijärvi	Uusimaa (U)	Suomi	60.548212	24.776359	Sure	NEUTRAL	The Atlas of Finnish Fungi
vaaleaorakas (fi) — Hydnum repandum	vaaleaorakas (fi)	10+	2017-10-06	Nurmijärvi	Uusimaa (U)	Suomi	60.498636	24.691983	Sure	NEUTRAL	The Atlas of Finnish Fungi
vaaleaorakas (fi) — Hydnum repandum	vaaleaorakas (fi)	3	2017-10-05	Lempäälä	Etelä-Häme (EH)	Suomi	61.331671	23.784799	Sure	NEUTRAL	The Atlas of Finnish Fungi
vaaleaorakas (fi) — Hydnum repandum	vaaleaorakas (fi)		2017-09-30	Helsinki	Uusimaa (U)	Suomi	60.21329	24.97143		COMMUNITY_VERIFIED	iNaturalist Suomi Finland
vaaleaorakas (fi) — Hydnum repandum	vaaleaorakas (fi)		2017-09-23	Kokemäki, Sastamala	Satakunta (St)	Suomi	61.371899	22.599805	Sure	NEUTRAL	The Atlas of Finnish Fungi
vaaleaorakas (fi) — Hydnum repandum	vaaleaorakas (fi)		2017-09-23	Sastamala	Satakunta (St)	Suomi	61.47866	22.52866		COMMUNITY_VERIFIED	iNaturalist Suomi Finland
vaaleaorakas (fi) — Hydnum repandum	vaaleaorakas (fi)	3	2017-09-21	Nurmijärvi	Uusimaa (U)	Suomi	60.547988	24.776867	Sure	NEUTRAL	The Atlas of Finnish Fungi
vaaleaorakas (fi) — Hydnum repandum	vaaleaorakas (fi)	5	2017-09-18	Kitee	Pohjois-Karjala (PK)	Suomi	62.087377	30.152645	Sure	NEUTRAL	The Atlas of Finnish Fungi
vaaleaorakas (fi) — Hydnum repandum	vaaleaorakas (fi)		2017-09-16	Raisio	Varsinais-Suomi (V)	Suomi	60.459051	22.087976	Sure	NEUTRAL	The Atlas of Finnish Fungi
vaaleaorakas (fi) — Hydnum repandum	vaaleaorakas (fi)	8	2017-09-16	Rautalampi	Pohjois-Häme (PH)	Suomi	62.515335	26.755702	Sure	NEUTRAL	The Atlas of Finnish Fungi
vaaleaorakas (fi) — Hydnum repandum	vaaleaorakas (fi)	2	2017-09-15	Hämeenlinna, Pälkäne	Etelä-Häme (EH)	Suomi	61.240238	24.48236	Sure	NEUTRAL	The Atlas of Finnish Fungi
vaaleaorakas (fi) — Hydnum repandum	vaaleaorakas (fi)	Vähäinen	2017-09-12	Ylöjärvi	Etelä-Häme (EH)	Suomi	61.547061	23.545932	Sure	NEUTRAL	The Atlas of Finnish Fungi
vaaleaorakas (fi) — Hydnum repandum	vaaleaorakas (fi)		2017-09-11	Hyvinkää	Uusimaa (U)	Suomi	60.545303	24.647091		NEUTRAL	LajiGIS: Species mapping and surveys
vaaleaorakas (fi) — Hydnum repandum	vaaleaorakas (fi)		2017-09-08	Kitee	Pohjois-Karjala (PK)	Suomi	62.10916	30.27209	Sure	NEUTRAL	The Atlas of Finnish Fungi
vaaleaorakas (fi) — Hydnum repandum	vaaleaorakas (fi)		2017-09-03	Rovaniemi	Perä-Pohjanmaa (PeP)	Suomi	66.498914	25.787025		NEUTRAL	Fungal collection of the Botanical Museum, University of Oulu (OULU)
vaaleaorakas (fi) — Hydnum repandum	vaaleaorakas (fi)		2017-09-02	Rovaniemi	Perä-Pohjanmaa (PeP)	Suomi	66.319904	26.714396	Sure	NEUTRAL	The Atlas of Finnish Fungi
vaaleaorakas (fi) — Hydnum repandum	vaaleaorakas (fi)		2017-09-02	Kokemäki, Sastamala	Satakunta (St)	Suomi	61.371899	22.599805	Sure	NEUTRAL	The Atlas of Finnish Fungi
vaaleaorakas (fi) — Hydnum repandum	vaaleaorakas (fi)	1 kasvupaikka	2017-08-27 [14:00-17:30]	Loppi	Etelä-Häme (EH)	Suomi	60.736774	24.075443	Sure	NEUTRAL	The Atlas of Finnish Fungi
vaaleaorakas (fi) — Hydnum repandum	vaaleaorakas (fi)		2017-08-27	Loppi	Etelä-Häme (EH)	Suomi	60.74156	24.07034		COMMUNITY_VERIFIED	iNaturalist Suomi Finland
vaaleaorakas (fi) — Hydnum repandum	vaaleaorakas (fi)		2017-08-22	Eurajoki	Satakunta (St)	Suomi	61.408727	21.58538		NEUTRAL	LajiGIS: Species mapping and surveys
vaaleaorakas (fi) — Hydnum repandum	vaaleaorakas (fi)		2017-08-20	Inari	Inarin Lappi (InL)	Suomi	68.850741	27.126908	Sure	NEUTRAL	The Atlas of Finnish Fungi
vaaleaorakas (fi) — Hydnum repandum	vaaleaorakas (fi)		2017-08-19	Heinävesi	Pohjois-Savo (PS)	Suomi	62.440667	28.828983	Sure	NEUTRAL	The Atlas of Finnish Fungi
vaaleaorakas (fi) — Hydnum repandum	vaaleaorakas (fi)		2017-08-15	Rovaniemi	Perä-Pohjanmaa (PeP)	Suomi	66.582017	25.665133	Sure	NEUTRAL	The Atlas of Finnish Fungi
vaaleaorakas (fi) — Hydnum repandum	vaaleaorakas (fi)		2017-08-11	Sipoo	Uusimaa (U)	Suomi	60.344719	25.213377	Sure	NEUTRAL	The Atlas of Finnish Fungi
vaaleaorakas (fi) — Hydnum repandum	vaaleaorakas (fi)		2017-08-11 [9:00-10:00]	Rovaniemi	Perä-Pohjanmaa (PeP)	Suomi	66.474596	25.715014	Sure	NEUTRAL	The Atlas of Finnish Fungi
vaaleaorakas (fi) — Hydnum repandum	vaaleaorakas (fi)		2017-08-09	Kauhava	Keski-Pohjanmaa (KP)	Suomi	63.156208	23.006969	Sure	NEUTRAL	The Atlas of Finnish Fungi
vaaleaorakas (fi) — Hydnum repandum	vaaleaorakas (fi)		2017-08-08	Loimaa	Satakunta (St)	Suomi	60.870197	23.090774	Sure	NEUTRAL	The Atlas of Finnish Fungi
vaaleaorakas (fi) — Hydnum repandum	vaaleaorakas (fi)		2017-08-04	Vihti	Varsinais-Suomi (V)	Suomi	60.305429	24.506383	Sure	NEUTRAL	The Atlas of Finnish Fungi
vaaleaorakas (fi) — Hydnum repandum	vaaleaorakas (fi)	useita	2017-08-04	Hankasalmi	Pohjois-Häme (PH)	Suomi	62.314248	26.357971	Sure	NEUTRAL	The Atlas of Finnish Fungi
vaaleaorakas (fi) — Hydnum repandum	vaaleaorakas (fi)		2017-07-27	Vesilahti	Etelä-Häme (EH)	Suomi	61.305648	23.464006	Sure	NEUTRAL	The Atlas of Finnish Fungi
vaaleaorakas (fi) — Hydnum repandum	vaaleaorakas (fi)		2017-07-01 - 2018-11-01	Raasepori	Varsinais-Suomi (V)	Suomi	60.06654	23.821774	Sure	NEUTRAL	Notebook, general observations
vaaleaorakas (fi) — Hydnum repandum	vaaleaorakas (fi)		2016-09-22	Espoo	Uusimaa (U)	Suomi	60.254716	24.606991	Sure	NEUTRAL	Notebook, general observations
vaaleaorakas (fi) — Hydnum repandum	vaaleaorakas (fi)	n3	2016-09-16 [13:43] - 2016-09-17 [17:05]	Somero	Etelä-Häme (EH)	Suomi	60.662719	23.610426		NEUTRAL	Hatikka.fi observations
vaaleaorakas (fi) — Hydnum repandum	vaaleaorakas (fi)	n5	2016-09-14 [16:28-19:14]	Somero	Etelä-Häme (EH)	Suomi	60.663089	23.60766	Sure	NEUTRAL	Hatikka.fi observations
vaaleaorakas (fi) — Hydnum repandum	vaaleaorakas (fi)		2016-09-12	Virolahti	Etelä-Karjala (EK)	Suomi	60.543389	27.49707		NEUTRAL	Fungus observations of Turku university Herbarium
vaaleaorakas (fi) — Hydnum repandum	vaaleaorakas (fi)	muutamia	2016-08-26	Salo	Varsinais-Suomi (V)	Suomi	60.47291	23.08854	Sure	NEUTRAL	The Atlas of Finnish Fungi
vaaleaorakas (fi) — Hydnum repandum	vaaleaorakas (fi)	10	2016-08-21	Kuopio	Pohjois-Savo (PS)	Suomi	62.925388	27.661273	Sure	NEUTRAL	The Atlas of Finnish Fungi
vaaleaorakas (fi) — Hydnum repandum	vaaleaorakas (fi)	useita	2016-08-10	Salo	Varsinais-Suomi (V)	Suomi	60.384968	23.222292	Sure	NEUTRAL	The Atlas of Finnish Fungi
vaaleaorakas (fi) — Hydnum repandum	vaaleaorakas (fi)	n20	2016-08-05 [9:25] - 2016-08-07 [11:43]	Somero	Etelä-Häme (EH)	Suomi	60.662951	23.607894	Sure	NEUTRAL	Hatikka.fi observations
vaaleaorakas (fi) — Hydnum repandum	vaaleaorakas (fi)	3	2016-07-22	Kuopio	Pohjois-Savo (PS)	Suomi	62.905403	27.665006	Sure	NEUTRAL	The Atlas of Finnish Fungi
vaaleaorakas (fi) — Hydnum repandum	vaaleaorakas (fi)	n10	2016-07-17 [16:27] - 2016-07-19 [20:27]	Somero	Etelä-Häme (EH)	Suomi	60.6627	23.611087	Sure	NEUTRAL	Hatikka.fi observations
vaaleaorakas (fi) — Hydnum repandum	vaaleaorakas (fi)	1	2016-07-14	Kuopio	Pohjois-Savo (PS)	Suomi	62.833522	27.70957	Sure	NEUTRAL	The Atlas of Finnish Fungi
vaaleaorakas (fi) — Hydnum repandum	vaaleaorakas (fi)	2	2016-07-08 [19:35-22:42]	Somero	Etelä-Häme (EH)	Suomi	60.662973	23.609081	Sure	EXPERT_VERIFIED	Hatikka.fi observations
vaaleaorakas (fi) — Hydnum repandum	vaaleaorakas (fi)		2016-07-06	Espoo	Uusimaa (U)	Suomi	60.334486	24.697005	Sure	NEUTRAL	The Atlas of Finnish Fungi
vaaleaorakas (fi) — Hydnum repandum	vaaleaorakas (fi)	3	2015-11-18	Turku	Varsinais-Suomi (V)	Suomi	60.491791	22.250332		NEUTRAL	Hatikka.fi observations
vaaleaorakas (fi) — Hydnum repandum	vaaleaorakas (fi)	5	2015-11-14	Turku	Varsinais-Suomi (V)	Suomi	60.483829	22.220391		NEUTRAL	Hatikka.fi observations
vaaleaorakas (fi) — Hydnum repandum	vaaleaorakas (fi)		2015-09-06	Tampere	Etelä-Häme (EH)	Suomi	61.6313	23.97733		COMMUNITY_VERIFIED	iNaturalist Suomi Finland
vaaleaorakas (fi) — Hydnum repandum	vaaleaorakas (fi)	4	2015-08-27	Turku	Varsinais-Suomi (V)	Suomi	60.482053	22.22724		NEUTRAL	Hatikka.fi observations
vaaleaorakas (fi) — Hydnum repandum	vaaleaorakas (fi)		2015-08-17	Paltamo	Kainuu (Kn)	Suomi	64.394643	27.675282	Sure	NEUTRAL	The Atlas of Finnish Fungi
vaaleaorakas (fi) — Hydnum repandum	vaaleaorakas (fi)		2015-08-08	Helsinki	Uusimaa (U)	Suomi	60.239809	25.142557	Sure	NEUTRAL	The Atlas of Finnish Fungi
vaaleaorakas (fi) — Hydnum repandum	vaaleaorakas (fi)		2015-08-08	Helsinki	Uusimaa (U)	Suomi	60.22383	24.97455		NEUTRAL	Aphyllophorales Fennoscandiae orientalis
vaaleaorakas (fi) — Hydnum repandum	vaaleaorakas (fi)	plenty	2015-08-01	Turku	Varsinais-Suomi (V)	Suomi	60.484362	22.226877		NEUTRAL	Hatikka.fi observations
vaaleaorakas (fi) — Hydnum repandum	vaaleaorakas (fi)	n3	2015-07-22 [15:41-18:43]	Somero	Etelä-Häme (EH)	Suomi	60.665935	23.608641	Sure	NEUTRAL	Hatikka.fi observations
vaaleaorakas (fi) — Hydnum repandum	vaaleaorakas (fi)	1	2015-07-19	Turku	Varsinais-Suomi (V)	Suomi	60.485024	22.221769		NEUTRAL	Hatikka.fi observations
vaaleaorakas (fi) — Hydnum repandum	vaaleaorakas (fi)	2	2015-07-17 [13:53-20:12]	Somero	Etelä-Häme (EH)	Suomi	60.626186	23.518893		NEUTRAL	Hatikka.fi observations
vaaleaorakas (fi) — Hydnum repandum	vaaleaorakas (fi)	n10	2015-07-14 [11:20-16:41]	Tammela	Etelä-Häme (EH)	Suomi	60.652834	23.8994	Sure	EXPERT_VERIFIED	Hatikka.fi observations
vaaleaorakas (fi) — Hydnum repandum	vaaleaorakas (fi)	8	2015-07-05	Turku	Varsinais-Suomi (V)	Suomi	60.485461	22.219427		NEUTRAL	Hatikka.fi observations
